tree
version=v4
num_class=1
num_tree_per_iteration=1
label_index=0
max_feature_idx=12
objective=binary sigmoid:1
feature_names=market_rank market_logrank market_inv_rank market_share market_rank_fraction market_field_size odds_log_win odds_win_share odds_favorite_share odds_entropy odds_concentration odds_relative_to_favorite odds_log_rank
feature_infos=[1:18] [0:2.8903717578961645] [0.055555555555555552:1] [0.015853995665515534:0.40816326530612251] [0.055555555555555552:1] [6:18] [0.095310179804324935:6.9076552739818036] [0.00078014041891180815:0.84650491007700301] [0.12819785060390484:0.87912931330524346] [0.53965722126137028:2.6275239866908153] [0.083596587701826056:0.77734917385331703] [-6.5153962178984584:0] [0:2.8903717578961645]
tree_sizes=1717 1781 1767 1781 1775 1771 1772 1776 1767 1762 1776 1765 1778 1776 1776 1777 1782 1781 1766 1766 1776 1769 1770 1776 1775 1781 1791 1782 1781 1793 1793 1781 1797 1784 1778 1791 1777 1784 1782 1781 1794 1783 1781 1795 1788 1796 1794 1785 1779 1791 1791 1804 1786 1795 1791 1785 1790 1810 1796 1788 1781 1795 1787 1797 1791 1798 1785 1809 1792 1801 1782 1801 1790 1792 1799 1805 1794 1799 1799 1794 1794 1788 1802 1792 1805 1786 1794 1807 1805 1797 1785 1798 1784 1809 1809 1808 1796 1799 1800 1792 1792 1808 1805 1792 1803 1805 1806 1804 1810 1795 1810 1798 1814 1804 1792 1816 1799 1797 1817 1808 1797 1808 1806 1809 1802 1804 1819 1796 1792 1806 1803 1812 1807 1812 1804 1801 1803 1794 1805 1812 1806 1802 1800 1811 1806 1800 1807 1808 1799 1800 1803 1812 1815 1801 1805 1798 1810 1800 1799 1802 1813 1811 1807 1806 1796 1802 1819 1808 1784 1798 1788 1792 1792 1805 1794 1799 1793 1806 1800 1795 1795 1791 1802 1794 1801 1798 1813 1792 1796 1795 1791 1802 1810 1804 1785 1784 1797 1792 1799 1812 1811 1802 1805 1813 1794 1796 1808 1810 1816 1809 1797 1814 1796 1807 1809 1800 1809 1813 1808 1795 1815 1804 1819 1803 1799 1803 1808 1804 1811 1802 1805 1788 1811 1809 1795 1803 1796 1786 1807 1809

Tree=0
num_leaves=15
num_cat=0
split_feature=6 6 7 6 6 8 6 6 7 7 6 6 8 7
split_gain=26342.4 4321.36 4118.44 621.172 512.476 482.761 438.882 64.9646 53.4887 43.1708 26.5469 15.74 13.5227 12.3866
threshold=1.6581827230727291 0.97438160901886006 0.055512139592022204 1.3479888099339705 3.4672959664678489 0.40985279163372873 2.0081915103761951 2.3369748506914587 0.037306525805610287 0.01240987691140401 1.1785366391390579 1.8794359129669858 0.25489553971539775 0.06579667573706377
decision_type=2 2 2 2 2 2 2 2 2 2 2 2 2 2
left_child=1 5 4 10 8 -1 11 -8 -2 -6 12 -4 -3 -9
right_child=2 3 6 -5 9 -7 7 13 -10 -11 -12 -13 -14 -15
leaf_value=-2.4350239855453504 -2.5700092192643793 -2.5069084379599094 -2.524900222837565 -2.5063123740630711 -2.5818243114373964 -2.3717703041259828 -2.5435301971328554 -2.5555233520292391 -2.5623138956159175 -2.576507101699002 -2.4837960312488128 -2.5329820353503436 -2.4582269812668072 -2.5497708868646707
leaf_weight=420.17797985672951 1690.9094370603561 47.767319440841675 900.73599833250046 1113.1395564079285 5389.2538914084435 315.18380159139633 1302.8670555353165 725.23135274648666 1745.5869164764881 2693.8218785226345 482.03397497534752 542.61528038978577 409.57792863249779 605.88014307618141
leaf_count=6263 25204 712 13426 16592 80330 4698 19420 10810 26019 40153 7185 8088 6105 9031
internal_value=-2.5516 -2.46692 -2.5668 -2.49006 -2.57597 -2.40486 -2.54092 -2.54825 -2.56616 -2.5801 -2.47181 -2.52772 -2.46173 -2.55291
internal_weight=18384.8 2787.88 15596.9 2052.52 11519.6 735.362 4077.33 2633.98 3436.5 8083.08 939.379 1443.35 457.345 1331.11
internal_count=274036 41555 232481 30594 171706 10961 60775 39261 51223 120483 14002 21514 6817 19841
is_linear=0
shrinkage=1


Tree=1
num_leaves=15
num_cat=0
split_feature=7 7 7 6 6 6 7 7 7 7 6 6 11 3
split_gain=23447.3 3716.56 3394.82 511.381 460.391 415.086 347.842 52.3312 43.9773 42.0026 25.2193 18.2704 8.54472 7.23616
threshold=0.14680196563243927 0.055512139592022204 0.28159744191396641 3.4672959664678489 0.55920745798214477 1.3479888099339705 0.10011620054523108 0.037306525805610287 0.01240987691140401 0.070996906961518544 1.8794359129669858 1.4928409688502451 -1.5526074380019355 0.073616688305191719
decision_type=2 2 2 2 2 2 2 2 2 2 2 2 2 2
left_child=1 3 5 7 -4 -2 9 -1 -5 -3 -8 -7 -12 -11
right_child=2 6 4 8 -6 11 10 -9 -10 13 12 -13 -14 -15
leaf_value=-0.018145966221683612 0.069445219122150195 -0.0024407219549037657 0.16571328226140286 -0.030097947429760952 0.10558365624692931 0.047563648760943524 0.024246945555886548 -0.010490112626573834 -0.024688894890151754 0.0076148278916754386 0.00069221378168800947 0.036123073329629947 0.016524498895028744 0.0030647608017208066
leaf_weight=1664.4566195011139 848.59410846233368 1019.8667443022132 207.96801942586899 5251.4008011668921 777.63662741333246 516.76267055422068 786.35719066858292 1729.6520931646228 2636.9327123388648 725.97416125237942 33.258191153407097 775.32659711688757 810.29137854278088 603.44167816638947
leaf_count=25204 11867 15231 2664 80330 10432 7411 11457 26019 40153 10764 490 11150 11924 8940
internal_value=-1.04574e-05 -0.0153597 0.0746357 -0.0241434 0.120565 0.0527972 0.0095422 -0.0143078 -0.0283401 0.00211986 0.0201236 0.041192 0.0159233 0.00560672
internal_weight=18387.9 15261.6 3126.29 11282.4 985.605 2140.68 3979.19 3394.11 7888.33 2349.28 1629.91 1292.09 843.55 1329.42
internal_count=274036 230512 43524 171706 13096 30428 58806 51223 120483 34935 23871 18561 12414 19704
is_linear=0
shrinkage=0.03


Tree=2
num_leaves=15
num_cat=0
split_feature=6 6 6 6 6 6 6 6 6 6 6 6 3 3
split_gain=20993.8 3540.83 2640.3 485.921 457.851 363.43 221.46 82.5707 43.6746 43.6204 18.0151 14.5657 10.8425 9.35674
threshold=1.6955735229043272 2.7179950858365554 1.1150072000796054 0.71754226264466137 3.4672959664678489 2.0081915103761951 1.3479888099339705 2.4552969699580154 3.0228579809699494 4.1689878061477064 1.4928409688502451 2.2137389487888997 0.074487952779820607 0.0620629284754265
decision_type=2 2 2 2 2 2 2 2 2 2 2 2 2 2
left_child=2 5 3 -1 8 13 -4 11 -3 -6 -8 12 -7 -2
right_child=1 4 6 -5 9 7 10 -9 -10 -11 -12 -13 -14 -15
leaf_value=0.12868171360841815 0.0049530065688585968 -0.010056573164762619 0.060420785827326601 0.084454015268334348 -0.024535362129416885 0.012010926866753526 0.044378352621181762 -0.0043119178000524854 -0.017499727422499976 -0.029968805533476851 0.033673471299857691 0.0033179515350489465 0.0050269269115867758 0.021324261175829723
leaf_weight=461.05308322608471 42.954356372356415 1312.9475580379367 713.59904492646456 811.79516599327326 2607.0956689044833 451.44294020533562 537.97565055638552 1116.3490734323859 1792.4148016646504 5091.434610851109 816.23416154831648 915.10964167118073 414.25625796616077 1301.8518947064877
leaf_count=5320 620 19929 9451 10192 40557 6630 7411 16767 27537 79926 11393 13530 6091 18682
internal_value=-2.04874e-05 -0.0151396 0.0678373 0.101786 -0.0242494 0.00806583 0.0463572 0.00204935 -0.0144162 -0.0281801 0.0383657 0.00603979 0.00881147 0.0208618
internal_weight=18386.5 15045.9 3340.66 1272.85 10803.9 4241.96 2067.81 2897.16 3105.36 7698.53 1354.21 1780.81 865.699 1344.81
internal_count=274036 230269 43767 15512 167949 62320 28255 43018 47466 120483 18804 26251 12721 19302
is_linear=0
shrinkage=0.03


Tree=3
num_leaves=15
num_cat=0
split_feature=6 6 6 6 7 6 7 7 7 8 7 7 11 7
split_gain=19109.5 3029 2462.87 438.578 309.789 287.978 205.438 64.073 35.057 27.1781 23.8835 16.9483 13.3093 8.72223
threshold=1.8794359129669858 1.1785366391390579 2.9882008347154687 0.71754226264466137 0.06579667573706377 1.4928409688502451 0.018178758054825953 0.10011620054523108 0.14680196563243927 0.25489553971539775 0.032532465394676212 0.055512139592022204 -3.4680068003425504 0.086390984872955698
decision_type=2 2 2 2 2 2 2 2 2 2 2 2 2 2
left_child=1 3 4 -1 11 -3 12 13 -7 -5 -8 -2 -4 -6
right_child=2 5 6 9 7 8 10 -9 -10 -11 -12 -13 -14 -15
leaf_value=0.11293884408891221 -0.0094118952905218323 0.047609643562796497 -0.030236418533253626 0.036048657348283344 0.0027502128539351428 0.02200584491730288 -0.020983418911412005 0.014573511616751293 0.032112976021793992 0.076453224813679596 -0.014402331867427766 -0.0036419173878571346 -0.026078260395388908 0.0073321313964991282
leaf_weight=510.81178162992001 1401.3648715317249 1127.6380398795009 4245.7611141130328 55.340433895587921 1039.4624110087752 817.66561681032181 2222.6990984678268 866.80493737757206 822.18752510845661 995.63775074481964 850.11390594393015 718.63360467553139 2107.4925315119326 599.15751251578331
leaf_count=5320 21437 14596 68371 712 15359 11457 35022 12414 11150 11746 13198 10810 33678 8766
internal_value=-2.98052e-05 0.0549678 -0.0170152 0.0882722 0.000916202 0.0357984 -0.0258017 0.00803598 0.0273185 0.0748629 -0.0192415 -0.00749533 -0.0289218 0.00447689
internal_weight=18380.8 4329.28 14051.5 1561.79 4625.42 2767.49 9426.07 2505.42 1639.85 1050.98 3072.81 2120 6353.25 1638.62
internal_count=274036 54981 219055 17778 68786 37203 150269 36539 22607 12458 48220 32247 102049 24125
is_linear=0
shrinkage=0.03


Tree=4
num_leaves=15
num_cat=0
split_feature=6 6 6 6 6 6 7 7 6 7 7 7 6 3
split_gain=17473.9 3007.06 1869.19 381.57 339.972 247.598 133.632 37.1582 33.1732 25.6589 22.0624 16.4486 12.5748 10.5383
threshold=2.0081915103761951 1.1785366391390579 3.1245627302238765 1.5789255615152133 0.55920745798214477 2.5376494037109896 0.018178758054825953 0.30328073515712589 1.3479888099339705 0.14680196563243927 0.086390984872955698 0.055512139592022204 4.7591779066044522 0.074487952779820607
decision_type=2 2 2 2 2 2 2 2 2 2 2 2 2 2
left_child=1 4 5 8 -1 10 12 -6 -3 -5 -2 -7 -4 -12
right_child=2 3 6 9 7 11 -8 -9 -10 -11 13 -13 -14 -15
leaf_value=0.11225906842946734 0.0021008823019613657 0.049030518956724257 -0.026794478726070926 0.018962389141629062 0.06129081517868798 -0.010425192546902764 -0.020198550393379883 0.079112448057742799 0.036747976447538189 0.02795090326477646 0.011331722080928443 -0.0043161107799319009 -0.030698175147196881 0.0046199130304146385
leaf_weight=287.34368169307709 1222.2140963450074 591.98898006230593 3155.8886728063226 1408.6460910066962 602.54599218815565 1942.4501701742411 2469.9514172077179 783.49301214516163 939.25553642213345 486.29329207539558 477.35794140398502 536.08601188659668 3040.1417661756277 427.47885031253099
leaf_count=2664 18080 7185 51768 19545 6884 30094 39563 8230 12127 6434 6887 8089 50281 6205
internal_value=-3.85017e-05 0.0470806 -0.0181766 0.0307555 0.0799353 -0.00271884 -0.0263728 0.0721041 0.0419261 0.0214705 0.0047724 -0.00913776 -0.0287794 0.00828786
internal_weight=18371.1 5099.57 13271.6 3426.18 1673.38 4605.59 8665.98 1386.04 1531.24 1894.94 2127.05 2478.54 6196.03 904.837
internal_count=274036 63069 210967 45291 17778 69355 141612 15114 19312 25979 31172 38183 102049 13092
is_linear=0
shrinkage=0.03


Tree=5
num_leaves=15
num_cat=0
split_feature=6 6 6 6 7 6 7 8 6 7 7 7 6 8
split_gain=16089.1 2512.79 1834.08 332.543 278.564 234.63 134.668 38.8151 27.6092 22.8583 20.5426 15.8035 13.127 12.6214
threshold=2.0081915103761951 1.1785366391390579 3.1245627302238765 1.5789255615152133 0.36099178573550711 2.5376494037109896 0.018178758054825953 0.49251446170600338 1.3479888099339705 0.14680196563243927 0.086390984872955698 0.055512139592022204 4.7591779066044522 0.25489553971539775
decision_type=2 2 2 2 2 2 2 2 2 2 2 2 2 2
left_child=1 4 5 8 13 10 12 -6 -3 -5 -2 -7 -4 -1
right_child=2 3 6 9 7 11 -8 -9 -10 -11 -12 -13 -14 -15
leaf_value=0.031585496698559271 0.002034954698813251 0.045748507465854071 -0.026614873978763765 0.018106565211888085 0.078382153366054669 -0.010206830173563658 -0.019945825415825281 0.11045425823613747 0.034594367265524839 0.026521761053831826 0.0079913151172013499 -0.004205498556354474 -0.030598672864541918 0.062533731254765579
leaf_weight=59.952385604381561 1224.4089191779494 616.11486475914717 3083.0744355805218 1431.3238435089588 531.18266279250383 1925.0735995396972 2427.0529499053955 185.33328846842051 968.26865697652102 497.75031244009733 911.13692470639944 534.10550501197577 2959.7898064479232 1001.9273037388921
leaf_count=712 18080 7185 51768 19545 4936 30094 39563 1581 12127 6434 13092 8089 50281 10549
internal_value=-4.3703e-05 0.0440135 -0.0179192 0.0290991 0.0729891 -0.00264399 -0.0261863 0.0887727 0.0393202 0.0204658 0.00461427 -0.00893681 -0.0286371 0.0612507
internal_weight=18356.5 5291.85 13064.6 3513.46 1778.4 4594.72 8469.92 716.516 1584.38 1929.07 2135.55 2459.18 6042.86 1061.88
internal_count=274036 63069 210967 45291 17778 69355 141612 6517 19312 25979 31172 38183 102049 11261
is_linear=0
shrinkage=0.03


Tree=6
num_leaves=15
num_cat=0
split_feature=6 6 6 6 7 6 7 10 6 6 7 7 11 11
split_gain=14856.3 2128.35 1799.02 291.305 226.253 222.269 135.684 30.2138 23.1926 21.1694 19.1086 15.1771 15.12 11.0836
threshold=2.0081915103761951 1.1785366391390579 3.1245627302238765 1.5789255615152133 0.36099178573550711 2.5376494037109896 0.018178758054825953 0.26520268686840837 1.3479888099339705 1.8794359129669858 0.086390984872955698 0.055512139592022204 -3.4680068003425504 -0.98407565891916737
decision_type=2 2 2 2 2 2 2 2 2 2 2 2 2 2
left_child=1 4 5 8 -1 10 12 -6 -3 -5 -2 -7 -4 -10
right_child=2 3 6 9 7 11 -8 -9 13 -11 -12 -13 -14 -15
leaf_value=0.056686239583903696 0.0019712071397149766 0.0428125613545993 -0.029900803050649311 0.021716230964051318 0.067011576278369137 -0.0099912979939121675 -0.019692909352871359 0.091966794641593477 0.010509096785244879 0.014068536295389102 0.0077030706708214802 -0.004097357686201817 -0.025481186598988743 0.033311307630948944
leaf_weight=1113.5932868272066 1226.5379478335381 639.27416805177927 3927.3506369180977 1368.129454895854 384.90531209111214 1908.1858886294067 2385.3052316494286 378.7809482216835 37.099029392004013 593.93197316676378 917.33899204432964 532.1814705953002 1966.2994176074862 959.10465368628502
leaf_count=11261 18080 7185 68371 17891 3448 30094 39563 3069 455 8088 13092 8089 33678 11672
internal_value=-4.70195e-05 0.0412763 -0.0176626 0.0275735 0.0671089 -0.00257171 -0.025999 0.0809223 0.0369635 0.0195255 0.00446028 -0.00873886 -0.0284947 0.0326306
internal_weight=18338 5474.82 12863.2 3597.54 1877.28 4584.24 8278.96 763.686 1635.48 1962.06 2143.88 2440.37 5893.65 996.204
internal_count=274036 63069 210967 45291 17778 69355 141612 6517 19312 25979 31172 38183 102049 12127
is_linear=0
shrinkage=0.03


Tree=7
num_leaves=15
num_cat=0
split_feature=7 7 7 7 7 7 7 7 8 7 7 11 11 8
split_gain=13742 1896.76 1661.3 299.965 189.035 183.241 135.42 34.1484 30.2835 19.8181 16.7969 15.6607 13.4482 9.94417
threshold=0.10338973583053314 0.24701531374281144 0.034835010130559833 0.1583463465006564 0.063566368367825213 0.36099178573550711 0.018178758054825953 0.20287913452745662 0.5268858976673908 0.1185369858508937 0.055512139592022204 -3.4680068003425504 -0.79191266828868678 0.25489553971539775
decision_type=2 2 2 2 2 2 2 2 2 2 2 2 2 2
left_child=2 3 6 9 10 13 11 -5 -7 -2 -4 -1 -6 -3
right_child=1 5 4 7 12 8 -8 -9 -10 -11 -12 -13 -14 -15
leaf_value=-0.029788911990334056 0.012448627302966718 0.025853993467509523 -0.0098191848081854056 0.029767135593455032 0.0032010494121177241 0.067402821949156463 -0.019459994688641954 0.039940804675614935 0.096331198385224623 0.019549640929917411 -0.003801588768570301 -0.025285470863003902 0.01239381794615182 0.053686568719754496
leaf_weight=3825.4358780346811 643.71797578781843 53.744497984647751 1904.7295317128301 1093.2353233471513 1819.1690478175879 662.96949028968811 2331.7256244681776 789.8935971185565 145.31332217156887 1333.9919025599957 567.67478819191456 1922.8485221229494 143.61429242044687 1079.0995634198189
leaf_count=68371 8754 594 30315 13059 26444 5442 39342 8649 1075 17280 8645 33678 2039 10349
internal_value=-5.08243e-05 0.0380552 -0.0177409 0.0257259 -0.0029725 0.0621923 -0.0258269 0.0343165 0.0742639 0.0173495 -0.00846878 -0.0283522 0.00396257 0.0527212
internal_weight=18317.2 5801.97 12515.2 3860.84 4435.19 1941.13 8080.01 1883.13 808.283 1977.71 2472.4 5748.28 1962.78 1132.84
internal_count=274036 65202 208834 47742 67443 17460 141391 21708 6517 26034 38960 102049 28483 10943
is_linear=0
shrinkage=0.03


Tree=8
num_leaves=15
num_cat=0
split_feature=6 6 6 6 6 10 6 6 6 6 8 6 6 3
split_gain=12748.8 1729.29 1571.28 227.613 199.425 163.421 137.891 35.8254 19.3944 16.7256 13.424 12.1653 9.17707 8.24795
threshold=2.0081915103761951 3.1245627302238765 1.1785366391390579 1.6581827230727291 2.5376494037109896 0.26520268686840837 3.9560394329797357 1.4928409688502451 3.4672959664678489 2.3369748506914587 0.25489553971539775 2.9882008347154687 0.71754226264466137 0.0620629284754265
decision_type=2 2 2 2 2 2 2 2 2 2 2 2 2 2
left_child=2 4 5 7 9 10 8 -4 -3 -2 -1 -6 -7 -5
right_child=1 6 3 13 11 12 -8 -9 -10 -11 -12 -13 -14 -15
leaf_value=0.026550025788205783 0.0061693921813384817 -0.016781540289935389 0.034803376573677179 0.0027781356040714775 -0.007104565548221831 0.078138338171384242 -0.028678416288144066 0.025065244054948987 -0.022524326907582565 0.000694015407090986 0.052522808632412835 -0.012417078069658831 0.043584210523313655 0.016660195345480282
leaf_weight=65.862249851226807 1363.3887385502458 1242.0716241598129 1331.7230174094439 46.242548167705536 1871.0875780433416 416.41720278561115 5038.4505307711661 768.40152563154697 1631.5080202482641 796.39995072036982 1503.3635266274214 533.27628273889422 74.787640824913979 1610.3247611001134
leaf_count=712 19420 21129 14596 620 29526 2990 91928 9181 28555 11752 13394 8657 682 20894
internal_value=-5.31853e-05 -0.0171519 0.0365689 0.0248576 -0.00243296 0.0575876 -0.0256221 0.0314434 -0.0201421 0.00416912 0.0516944 -0.00835254 0.0743247 0.0163011
internal_weight=18293.3 12476.2 5817.12 3756.69 4564.15 2060.43 7912.03 2100.12 2873.58 2159.79 1569.23 2404.36 491.205 1656.57
internal_count=274036 210967 63069 45291 69355 17778 141612 23777 49684 31172 14106 38183 3672 21514
is_linear=0
shrinkage=0.03


Tree=9
num_leaves=15
num_cat=0
split_feature=6 6 6 6 6 6 6 8 6 6 6 6 11 3
split_gain=11840.8 1694.55 1366.89 202.306 188.881 146.526 138.974 36.7736 31.5371 19.3592 15.5987 11.7721 8.1224 7.483
threshold=2.0081915103761951 3.1245627302238765 1.1785366391390579 1.6581827230727291 2.5376494037109896 0.85418893014450192 3.9560394329797357 0.5268858976673908 1.3479888099339705 3.4672959664678489 2.3369748506914587 2.9882008347154687 -1.9206719652450908 0.0620629284754265
decision_type=2 2 2 2 2 2 2 2 2 2 2 2 2 2
left_child=2 4 5 8 10 7 9 -1 -4 -3 -2 -6 -12 -5
right_child=1 6 3 13 11 -7 -8 -9 -10 -11 12 -13 -14 -15
leaf_value=0.057510938250148518 0.0059549646469844297 -0.016525900508568024 0.035791966263986313 0.00271036384856768 -0.0069358989754448467 0.044510207140963771 -0.028544766828426538 0.082218056624355884 0.026499146263476527 -0.0222947098614854 0.0092339656410581981 -0.01218386798063451 -0.0003712024100181568 0.015941554815334172
leaf_weight=888.81825866550207 1370.5364513993263 1223.9553286768496 701.6083602681756 46.350254155695438 1859.6321223340929 1093.4574250653386 4912.1603023856878 162.97493093460798 1451.622405923903 1599.5026874579489 73.855816341936588 527.55391466617584 723.01610442250967 1632.7553687393665
leaf_count=6847 19420 21129 7185 620 29526 9855 91928 1076 16592 28555 1095 8657 10657 20894
internal_value=-5.64838e-05 -0.0168977 0.0345255 0.023639 -0.0023668 0.0536743 -0.0254321 0.0624415 0.0297538 -0.0198945 0.00403103 -0.00816451 0.000673183 0.0156036
internal_weight=18267.8 12290.2 5977.59 3832.34 4554.59 2145.25 7735.62 1051.79 2153.23 2823.46 2167.41 2387.19 796.872 1679.11
internal_count=274036 210967 63069 45291 69355 17778 141612 7923 23777 49684 31172 38183 11752 21514
is_linear=0
shrinkage=0.03


Tree=10
num_leaves=15
num_cat=0
split_feature=7 7 6 6 6 7 7 8 6 6 6 8 6 7
split_gain=11067.3 1474.85 1336.67 250.064 164.747 116.822 115.319 33.9659 20.5627 18.3093 10.9286 8.85614 8.61066 7.70786
threshold=0.10011620054523108 0.032532465394676212 1.3479888099339705 0.85418893014450192 2.5376494037109896 0.01240987691140401 0.14680196563243927 0.49251446170600338 2.9882008347154687 3.4672959664678489 1.8794359129669858 0.25489553971539775 2.3369748506914587 0.055512139592022204
decision_type=2 2 2 2 2 2 2 2 2 2 2 2 2 2
left_child=1 5 3 7 12 -1 10 -2 13 -7 -4 -5 -3 -6
right_child=2 4 6 11 8 9 -8 -9 -10 -11 -12 -13 -14 -15
leaf_value=-0.029014425767645072 0.052718709757972111 0.0047829184161312793 0.01602522662702836 0.031593411334248138 -0.0079910301510902112 -0.016826032420553631 0.024658053124163956 0.072680522326397642 -0.012695356344349045 -0.02269910920179715 0.010857576186706212 0.040959512692204651 0.00065751093429958283 -0.0035345871385244511
leaf_weight=4170.8653531484306 846.10098014771938 1064.03235052526 913.53929208964109 446.85486194491386 1326.1438244469464 945.73018236458302 1646.4247091263533 249.71411290764809 782.5937590636313 2186.6730830743909 937.23735029995441 1404.6093456447124 797.2274991646409 522.36104346066713
leaf_count=80330 6339 15094 11457 4469 21437 16588 18561 1584 13198 40153 12414 12571 11752 8089
internal_value=-5.90902e-05 -0.0173267 0.0315134 0.0463743 -0.00378209 -0.0256334 0.0188447 0.0581876 -0.00859462 -0.0210146 0.0135166 0.0389711 0.00303528 -0.00677029
internal_weight=18240.1 11795.6 6444.48 2947.28 4492.36 7303.27 3497.2 1095.82 2631.1 3132.4 1850.78 1851.46 1861.26 1848.5
internal_count=274036 206641 67395 24963 69570 137071 42432 7923 42724 56741 23871 17040 26846 29526
is_linear=0
shrinkage=0.03


Tree=11
num_leaves=15
num_cat=0
split_feature=6 6 6 6 6 6 6 8 6 6 6 10 4 3
split_gain=10324.4 1369 1238.35 218.785 141.865 118.872 116.03 31.5787 24.6093 20.9702 20.5765 18.9988 6.40333 6.09789
threshold=2.1690373735723498 1.3479888099339705 3.1925297413228297 0.85418893014450192 1.6955735229043272 4.1689878061477064 2.5376494037109896 0.5268858976673908 2.0081915103761951 3.4672959664678489 2.9882008347154687 0.13808176879400566 0.37980769230769235 0.0620629284754265
decision_type=2 2 2 2 2 2 2 2 2 2 2 2 2 2
left_child=1 3 6 7 -3 9 -2 -1 13 -4 -8 -5 -10 -6
right_child=2 4 5 11 8 -7 10 -9 12 -11 -12 -13 -14 -15
leaf_value=0.050211176142669366 0.0021303888321166638 0.023316639267446395 -0.016390985548555753 0.022786801961611629 0.0023598192183368772 -0.028886565962410665 -0.0066087422127986163 0.071351509157279669 0.0053820252033789425 -0.022547263024283743 -0.012599684090920134 0.037858821117865621 0.012867183786959656 0.014207509680013079
leaf_weight=958.45936322212219 1456.1861204952002 1698.3732229322195 947.80012606829405 165.5393308326602 46.912467673420906 4043.7548987902701 1837.7503028474748 178.9465401917696 598.96152897924185 2163.7511429078877 757.99453093484044 1740.0222787261009 127.18920450657606 1489.1089924499393
leaf_count=6847 21112 18804 16868 1585 620 79926 29526 1076 8300 40557 12918 15455 1760 18682
internal_value=-6.17565e-05 0.0284781 -0.0179108 0.0435825 0.0167524 -0.0254033 -0.00463486 0.0544226 0.011703 -0.0207597 -0.00842052 0.0367377 0.00692697 0.013872
internal_weight=18210.8 7003.51 11207.2 3042.97 3960.55 7155.31 4051.93 1137.41 2262.17 3111.55 2595.74 1905.56 726.151 1536.02
internal_count=274036 73129 200907 24963 48166 137351 63556 7923 29362 57425 42444 17040 10060 19302
is_linear=0
shrinkage=0.03


Tree=12
num_leaves=15
num_cat=0
split_feature=7 6 7 6 7 7 7 6 9 6 7 6 3 6
split_gain=9676.13 1302.51 1119.61 193.311 150.257 119.175 96.0644 29.8966 29.386 18.2571 11.3209 9.89363 9.65783 8.09993
threshold=0.086390984872955698 1.3479888099339705 0.032532465394676212 0.85418893014450192 0.14680196563243927 0.01240987691140401 0.055512139592022204 2.0081915103761951 1.7165391499882074 3.4672959664678489 0.06579667573706377 2.9882008347154687 0.074487952779820607 1.1785366391390579
decision_type=2 2 2 2 2 2 2 2 2 2 2 2 2 2
left_child=2 3 5 8 7 -1 11 -3 -2 -7 -8 -4 -9 -5
right_child=1 4 6 13 -6 9 10 12 -10 -11 -12 -13 -14 -15
leaf_value=-0.028772587254171807 0.058383776181796986 0.013263169729676009 -0.0076560428944101033 0.03728685376272909 0.022345842488240363 -0.016322942789042626 -0.0028280449147899366 0.0091688592882553984 0.043649741033922426 -0.022246220959276527 0.0020435949903675984 -0.012219108116025357 0.0029938368689771391 0.029987975056714831
leaf_weight=3960.8626902624965 540.58871048688889 1573.3278164714575 1309.4366381950676 1195.631626740098 1710.5429012030363 918.49980955198407 700.00936421751976 501.215356528759 636.11155173182487 2100.5959880463779 1059.4614653065801 765.38538422808051 446.21600380539894 761.91584019362926
leaf_count=80330 3424 19545 21437 9855 18561 16588 10810 6887 4499 40153 15359 13198 6205 7185
internal_value=-6.39375e-05 0.0264257 -0.0181175 0.0410565 0.0154814 -0.0252607 -0.00506635 0.0107188 0.0510684 -0.0205338 9.78802e-05 -0.00941494 0.00635257 0.0346956
internal_weight=18179.8 7365.55 10814.3 3134.25 4231.3 6979.96 3834.29 2520.76 1176.7 3019.1 1759.47 2074.82 947.431 1957.55
internal_count=274036 76161 197875 24963 51198 137071 60804 32637 7923 56741 26169 34635 13092 17040
is_linear=0
shrinkage=0.03


Tree=13
num_leaves=15
num_cat=0
split_feature=6 6 6 6 7 6 7 8 6 7 7 10 11 3
split_gain=9073.79 1327.85 913.435 183.855 173.55 115.482 54.4446 48.6177 31.8822 31.1362 15.1974 9.62178 7.83152 7.00461
threshold=2.3369748506914587 1.3479888099339705 3.4672959664678489 1.8794359129669858 0.30328073515712589 2.9882008347154687 0.01240987691140401 0.49251446170600338 1.6581827230727291 0.055512139592022204 0.10011620054523108 0.13808176879400566 -1.0189662490042708 0.073616688305191719
decision_type=2 2 2 2 2 2 2 2 2 2 2 2 2 2
left_child=1 4 5 8 11 9 -4 -6 12 -2 13 -1 -3 -5
right_child=2 3 6 10 7 -7 -8 -9 -10 -11 -12 -13 -14 -15
leaf_value=0.020470926180275122 -0.0074787903815815735 0.0092930264116336866 -0.028651211760831144 0.006719890798915132 0.042425422068086652 -0.014334606818753644 -0.02201885714831198 0.060078672863180027 0.014606500310550274 -0.0009406760189823478 0.009615782382109226 0.032271381835082852 0.022293588804382668 0.0018411647582931487
leaf_weight=172.49014312773943 1300.746220048517 73.283980444073677 3859.9029115885496 537.12688025832176 1321.2058402001858 1662.5800448432565 2059.3988506160676 279.76428718864918 1120.0060077980161 1316.3141467496753 963.11120800673962 1447.7093894332647 1494.8423596844077 539.04138467460871
leaf_count=1585 21437 797 80330 7506 9306 29786 40153 1588 13426 19841 12414 12484 15795 7588
internal_value=-6.6198e-05 0.0239383 -0.0187818 0.0137471 0.0387618 -0.00818229 -0.0264052 0.0460393 0.0188887 -0.00421439 0.00688106 0.0312144 0.0217798 0.00433509
internal_weight=18147.5 7948.58 10198.9 4727.41 3221.17 4279.64 5919.3 1600.97 2688.13 2617.06 2039.28 1620.2 1568.13 1076.17
internal_count=274036 82489 191547 57526 24963 71064 120483 10894 30018 41278 27508 14069 16592 15094
is_linear=0
shrinkage=0.03


Tree=14
num_leaves=15
num_cat=0
split_feature=6 7 6 7 6 6 7 8 7 6 7 10 11 4
split_gain=8527.09 1192.38 902.549 169.138 156.233 111.342 55.2708 45.4777 29.6443 24.9101 14.0543 9.27513 6.94567 6.59689
threshold=2.3369748506914587 0.20287913452745662 3.4672959664678489 0.30328073515712589 1.8794359129669858 2.9882008347154687 0.01240987691140401 0.5268858976673908 0.055512139592022204 1.6581827230727291 0.10011620054523108 0.16883184509694052 -1.7899832684258707 0.36038961038961043
decision_type=2 2 2 2 2 2 2 2 2 2 2 2 2 2
left_child=1 4 5 -3 9 8 -4 11 -2 -1 -6 -5 -7 -12
right_child=2 3 6 7 10 12 -8 -9 -10 -11 13 -13 -14 -15
leaf_value=0.020467538209850693 -0.007304574830110191 0.02930522879386557 -0.028529499462192017 0.021048223378165198 0.0041932925506643765 -0.014688244377277927 -0.021790503344258173 0.059827187450918591 -0.00091351354831376594 0.014006012285795177 0.0078524746844637495 0.041343130740406672 -0.0064013664861769931 0.014802424851828734
leaf_weight=1480.9452263116837 1292.3037585653365 1771.3587692007422 3761.6288782283664 69.50382399559021 1080.0644906908274 1509.8038509301841 2019.3174114339054 198.71721023321152 1315.2534402310848 1133.417557477951 803.45926653593779 1378.60525418818 131.88839286565781 167.36411451548338
leaf_count=15446 21437 15215 80330 518 15094 27454 40153 1078 19841 13426 10271 9298 2332 2143
internal_value=-6.75091e-05 0.022838 -0.0185338 0.0362726 0.0129099 -0.00799707 -0.026238 0.0434346 -0.00410458 0.0177621 0.00664038 0.0405948 -0.0140865 0.0092576
internal_weight=18113.6 8083.44 10030.2 3418.19 4665.25 4249.25 5780.95 1646.83 2607.56 2614.36 2050.89 1448.11 1641.69 970.823
internal_count=274036 82489 191547 26109 56380 71064 120483 10894 41278 28872 27508 9816 29786 12414
is_linear=0
shrinkage=0.03


Tree=15
num_leaves=15
num_cat=0
split_feature=7 6 6 6 7 6 7 8 7 7 9 6 7 11
split_gain=8030.56 1179.26 779.889 222.289 109.974 85.6222 56.0885 43.1047 18.0881 15.1743 11.3791 10.3548 7.93206 7.23907
threshold=0.070996906961518544 1.4928409688502451 3.4672959664678489 0.97438160901886006 0.1185369858508937 2.9882008347154687 0.01240987691140401 0.48855503453053578 0.055512139592022204 0.10011620054523108 2.1009462155641714 1.1785366391390579 0.14680196563243927 -1.5526074380019355
decision_type=2 2 2 2 2 2 2 2 2 2 2 2 2 2
left_child=2 3 5 7 9 8 -4 10 -1 -3 -2 -5 -6 -11
right_child=1 4 6 11 12 -7 -8 -9 -10 13 -12 -13 -14 -15
leaf_value=-0.0071333901496254066 0.038699005617003512 0.0035516204954575258 -0.028407365560069665 0.030031283125569179 0.012799319443223578 -0.013841154390589933 -0.021561165378444665 0.052964386347691038 -0.0017287708972570563 -0.0032101986330946553 0.021529940532125452 0.024130018464358544 0.017202014376894299 0.0092476506235350045
leaf_weight=1284.1025595888495 1272.4621838927269 1400.4830355793238 3665.9785482361913 869.01940716803074 1088.6591621935368 1621.4769086316228 1980.3245609998703 325.62335203588009 997.63706257194281 37.17232283949852 100.79096668958664 1560.2979331836104 1053.0877043157816 821.70018749684095
leaf_count=21437 8480 19704 80330 6817 12924 29786 40153 1753 15231 484 728 14596 11150 10463
internal_value=-6.86729e-05 0.0210683 -0.018951 0.0325637 0.0102119 -0.00859277 -0.0260697 0.0410516 -0.00479707 0.00553884 0.0376851 0.0264124 0.0150687 0.00866262
internal_weight=18078.8 8529.3 9549.52 4128.19 4401.1 3903.22 5646.3 1698.88 2281.74 2259.36 1373.25 2429.32 2141.75 858.873
internal_count=274036 87099 186937 32374 54725 66454 120483 10961 36668 30651 9208 21413 24074 10947
is_linear=0
shrinkage=0.03


Tree=16
num_leaves=15
num_cat=0
split_feature=7 7 7 7 7 7 7 10 7 7 7 10 7 11
split_gain=7571.9 1152.81 667.859 206.346 120.913 67.8126 54.7448 41.6182 18.4746 11.9891 11.3256 13.3359 7.65287 6.77727
threshold=0.06579667573706377 0.17804574776847867 0.02438220837967572 0.30328073515712589 0.1185369858508937 0.037306525805610287 0.01240987691140401 0.26520268686840837 0.10011620054523108 0.055512139592022204 0.22062071035209826 0.13690694504087117 0.14680196563243927 -1.5526074380019355
decision_type=2 2 2 2 2 2 2 2 2 2 2 2 2 2
left_child=2 4 6 10 8 -4 -1 -5 -2 -7 -3 -12 -6 -10
right_child=1 3 5 7 12 9 -8 -9 13 -11 11 -13 -14 -15
leaf_value=-0.02828472455542597 0.0029462849046700077 0.021866477019410035 -0.014482131565507528 0.034374045977863914 0.012291726706224766 -0.0074742140167091981 -0.021378447776355187 0.046660779879355289 -0.0031476564482228282 -0.00265457551370199 0.013694602722510234 0.028371299951382559 0.01658937686666152 0.0089069836727005032
leaf_weight=3572.8905612193048 1704.6966514661908 1152.7191830053926 1394.0724650919437 1139.7481327205896 1100.048998862505 1536.1032038778067 1890.0881701074541 591.05394405126572 37.073148272931576 696.15540768951178 102.46221017092466 1257.930936768651 1039.7733234837651 828.00969513505697
leaf_count=80330 24125 10862 26267 7622 12924 26019 39090 3272 484 10810 884 10018 10866 10463
internal_value=-6.93813e-05 0.0194954 -0.0193422 0.0308129 0.00923155 -0.00930634 -0.0259604 0.0389347 0.00480176 -0.00599891 0.0250215 0.0274273 0.014481 0.00834554
internal_weight=18042.8 8953.52 9089.31 4243.91 4709.6 3626.33 5462.98 1730.8 2569.78 2232.26 2513.11 1360.39 2139.82 865.083
internal_count=274036 91520 182516 32658 58862 63096 119420 10894 35072 36829 21764 10902 23790 10947
is_linear=0
shrinkage=0.03


Tree=17
num_leaves=15
num_cat=0
split_feature=7 7 7 7 7 7 7 8 7 7 8 9 7 3
split_gain=7144.88 1046.52 661.007 186.713 111.326 65.5921 55.5264 40.991 17.1647 11.4472 11.1209 8.15822 6.95168 6.75934
threshold=0.06579667573706377 0.17804574776847867 0.02438220837967572 0.30328073515712589 0.1185369858508937 0.037306525805610287 0.01240987691140401 0.5268858976673908 0.10011620054523108 0.055512139592022204 0.19901073751732082 2.1009462155641714 0.14680196563243927 0.05753480616479878
decision_type=2 2 2 2 2 2 2 2 2 2 2 2 2 2
left_child=2 4 6 10 8 -4 -1 11 -2 -7 -3 -5 -6 -11
right_child=1 3 5 7 12 9 -8 -9 -10 13 -12 -13 -14 -15
leaf_value=-0.028161496523808997 0.0028514986844104806 0.012669786989925927 -0.014235042945968007 0.035293723432731176 0.011809393920677076 -0.0072999736843085998 -0.021147651794826871 0.051382136582484465 0.0080422175194026554 0.00023828731513379149 0.024355599274087737 0.020270116988909782 0.015890538323325962 -0.0056118570786914661
leaf_weight=3482.3045296892524 1708.9540616199374 128.33190836012363 1376.2551722563803 1450.4087001234293 1111.0699942782521 1526.0970290377736 1854.105245962739 214.59773442149162 871.09800102561712 366.82181213051081 2430.2306759208441 104.87454448640347 1053.3825333714485 327.74289628863335
leaf_count=80330 24125 1235 26267 9086 12924 26019 39090 1078 10947 5720 20529 730 10866 5090
internal_value=-7.03731e-05 0.018666 -0.0190989 0.0293127 0.00889114 -0.00910513 -0.0257907 0.0369475 0.00464039 -0.00585169 0.0238467 0.034484 0.0138913 -0.00258249
internal_weight=18006.3 9072.95 8933.33 4328.44 4744.5 3596.92 5336.41 1769.88 2580.05 2220.66 2558.56 1555.28 2164.45 694.565
internal_count=274036 91520 182516 32658 58862 63096 119420 10894 35072 36829 21764 9816 23790 10810
is_linear=0
shrinkage=0.03


Tree=18
num_leaves=15
num_cat=0
split_feature=6 6 6 6 6 11 6 10 6 6 11 9 11 6
split_gain=6737.78 1015.47 606.05 165.97 119.677 58.8819 51.4189 38.207 12.3217 9.1365 9.02011 7.23443 7.038 6.5355
threshold=2.5376494037109896 1.4928409688502451 3.4672959664678489 0.97438160901886006 2.0081915103761951 -3.4274191881169513 2.9882008347154687 0.28422506276573184 1.6955735229043272 1.1785366391390579 -0.79191266828868678 2.1009462155641714 -1.7899832684258707 2.3369748506914587
decision_type=2 2 2 2 2 2 2 2 2 2 2 2 2 2
left_child=1 3 6 7 8 -4 -2 11 -3 -5 13 -1 -8 -6
right_child=2 4 5 9 10 -7 12 -9 -10 -11 -12 -13 -14 -15
leaf_value=0.032592058062191134 -0.0055921922560578461 0.014965216756009378 -0.028499563863663431 0.026027064385785132 0.0037320002709001301 -0.021552165991766924 -0.013735770643861177 0.044030531439364584 0.010506657826260986 0.02085316545736441 0.0089666457150486181 0.018658897809171314 -0.0054435712580191324 0.00024662597104518539
leaf_weight=1259.1778659969568 1772.5175317302346 1115.7472337335348 2982.5314713083208 919.84798274934292 1236.652054309845 2281.7244552150369 1437.5946455337107 450.77679434418678 1646.6349616572261 1644.8939731195569 194.87468337267637 105.95734483003616 126.96130885928869 793.34751245379448
leaf_count=7896 29526 11393 70547 6817 16936 49936 27454 2337 19302 14596 2593 728 2332 11643
internal_value=-7.10536e-05 0.0175182 -0.019225 0.0280365 0.00822279 -0.0255581 -0.0091649 0.0351155 0.0123786 0.0228493 0.00301463 0.0317252 -0.013121 0.00238168
internal_weight=17969.2 9367.91 8601.33 4380.65 4987.26 5264.26 3337.07 1815.91 2762.38 2564.74 2224.87 1365.14 1564.56 2030
internal_count=274036 94241 179795 32374 61867 120483 59312 10961 30695 21413 31172 8624 29786 28579
is_linear=0
shrinkage=0.03


Tree=19
num_leaves=15
num_cat=0
split_feature=7 6 6 6 6 7 6 8 7 6 10 4 7 10
split_gain=6372.11 877.4 650.216 151.699 96.9178 59.4733 57.8447 37.622 12.302 8.39513 8.11204 10.3665 7.94794 7.67586
threshold=0.06579667573706377 1.4928409688502451 3.4672959664678489 0.97438160901886006 2.0081915103761951 0.01240987691140401 2.9882008347154687 0.5268858976673908 0.14680196563243927 1.3479888099339705 0.13808176879400566 0.14835164835164838 0.055512139592022204 0.16883184509694052
decision_type=2 2 2 2 2 2 2 2 2 2 2 2 2 2
left_child=2 3 6 7 8 -4 12 13 -3 10 -5 -12 -1 -2
right_child=1 4 5 9 -6 -7 -8 -9 -10 -11 11 -13 -14 -15
leaf_value=-0.006479677245160062 0.016059384356569405 0.010070837979946961 -0.027915961209731058 0.014940557271840182 0.0032792867856512062 -0.020624198032024581 -0.012882491087995513 0.046755455134925003 0.014487709310933655 0.018159046916818029 0.025956830492458633 0.018627852417006093 -0.0024033217138407759 0.03177823107068585
leaf_weight=1253.619730565697 76.548817709088326 1681.5789004415274 3310.3934533447027 191.07511261105537 2050.0366583764553 1833.217955827713 1546.4844466745853 223.77985967695713 1107.9550762027502 798.11564985662699 1165.7470677495003 451.56412411481142 690.63372228294611 1550.6789935827255
leaf_count=21437 526 19545 80330 1585 28451 40153 29786 1079 11150 7411 8887 3530 10810 9356
internal_value=-7.14245e-05 0.0171497 -0.018612 0.0267351 0.00826579 -0.0253847 -0.0085665 0.0334345 0.0118932 0.0218134 0.0232635 0.0241005 -0.00506117 0.0311922
internal_weight=17931.4 9297.08 8634.35 4457.51 4839.57 5143.61 3490.74 1851.01 2789.53 2606.5 1808.39 1617.31 1944.25 1627.23
internal_count=274036 91520 182516 32374 59146 120483 62033 10961 30695 21413 14002 12417 32247 9882
is_linear=0
shrinkage=0.03


Tree=20
num_leaves=15
num_cat=0
split_feature=7 7 7 7 7 7 11 7 7 7 3 9 7 3
split_gain=6021.78 797.062 639.201 133.542 99.0252 59.6753 58.7963 17.9546 15.409 14.2412 10.6866 10.1245 10.1085 8.19262
threshold=0.06579667573706377 0.20287913452745662 0.02438220837967572 0.1185369858508937 0.41314440273845981 0.037306525805610287 -3.4274191881169513 0.26353257994069657 0.1583463465006564 0.086390984872955698 0.073616688305191719 1.7165391499882074 0.055512139592022204 0.0620629284754265
decision_type=2 2 2 2 2 2 2 2 2 2 2 2 2 2
left_child=2 3 6 9 7 -4 -1 -3 -5 -2 13 -6 -7 -11
right_child=1 4 5 8 11 12 -8 -9 -10 10 -12 -13 -14 -15
leaf_value=-0.028273086518850035 0.001493263352795781 0.020838729871783829 -0.013520271921218107 0.011230409754865469 0.040254522585180016 -0.006792070375065724 -0.021140793205879371 0.02658554709906339 0.015964910024814032 0.0060108382183426011 0.0042824016204420492 0.02833657098967127 -0.002337567361864034 0.014656875030498286
leaf_weight=2833.4713488481939 1075.5049794241786 1343.5820090174675 1326.8805792815983 1567.204189106822 524.48815751075745 1497.5603926889598 2143.681902538985 1672.7410364449024 1376.1623691916466 273.44604832679033 1078.3200536295772 307.54926604032516 689.20295064151287 183.10206807404757
leaf_count=70546 15359 10801 26267 17280 2639 26019 48874 10980 13059 3595 13768 1689 10810 2350
internal_value=-7.08985e-05 0.0164556 -0.0183679 0.00914505 0.0269293 -0.00851946 -0.0252739 0.0241415 0.0135137 0.00417 0.00601302 0.0364291 -0.00541363 0.00983433
internal_weight=17892.9 9402.1 8490.8 5553.74 3848.36 3513.64 4977.15 3016.32 2943.37 2610.37 1534.87 832.037 2186.76 456.548
internal_count=274036 91520 182516 65411 26109 63096 119420 21781 30339 35072 19713 4328 36829 5945
is_linear=0
shrinkage=0.03


Tree=21
num_leaves=15
num_cat=0
split_feature=6 6 6 6 6 7 7 8 7 7 3 9 9 9
split_gain=5696.13 776.738 586.203 128.851 94.943 61.2233 46.6533 34.8822 10.1873 8.24052 8.41844 8.08743 7.50639 9.30364
threshold=2.5376494037109896 1.4928409688502451 3.4672959664678489 0.97438160901886006 2.0081915103761951 0.01240987691140401 0.037306525805610287 0.5268858976673908 0.14680196563243927 0.086390984872955698 0.074487952779820607 2.1009462155641714 2.1368898992759218 2.0874899894146641
decision_type=2 2 2 2 2 2 2 2 2 2 2 2 2 2
left_child=1 3 6 7 8 -4 -2 11 12 -6 -11 -1 13 -3
right_child=2 4 5 -5 9 -7 -8 -9 -10 10 -12 -13 -14 -15
leaf_value=0.029085900955572296 -0.013080637191619504 0.0095714427917338255 -0.027667345322049734 0.019930321809900037 0.001092924354839342 -0.020143166097606465 -0.0056546894949034247 0.042881800627880794 0.013335599228366579 0.0073166135569744332 0.0017232762867488995 0.0162209745879121 0.0065356220425016468 0.018350558231804318
leaf_weight=1572.8770047873259 1262.4584547057748 917.81317535042763 3147.6364382654428 2685.207242384553 1256.4807320013642 1764.6698245182633 1996.860697183758 231.55292858183384 1132.7585436329246 523.37479291856289 461.86395354568958 110.60067689418793 651.90150681138039 138.35966977477074
leaf_count=9154 25204 10491 80330 21413 18080 40153 34108 1079 11150 6887 6205 728 7470 1584
internal_value=-7.09468e-05 0.0154848 -0.018498 0.0243998 0.0073678 -0.025034 -0.00857779 0.0304632 0.0109976 0.00272541 0.00475971 0.0283914 0.00934447 0.0109624
internal_weight=17854.4 9682.79 8171.63 4600.24 5082.55 4912.31 3259.32 1915.03 2840.83 2241.72 985.239 1683.48 1708.07 1056.17
internal_count=274036 94241 179795 32374 61867 120483 59312 10961 30695 31172 13092 9882 19545 12075
is_linear=0
shrinkage=0.03


Tree=22
num_leaves=15
num_cat=0
split_feature=6 6 6 7 6 11 7 10 7 11 6 9 9 9
split_gain=5389.34 711.833 579.25 119.018 87.9948 62.6963 45.0484 33.2533 9.30877 7.87104 7.69825 7.63783 6.93306 8.61536
threshold=2.5376494037109896 1.4928409688502451 3.4672959664678489 0.30328073515712589 2.0081915103761951 -3.4274191881169513 0.037306525805610287 0.33678488549221003 0.14680196563243927 -0.79191266828868678 1.1785366391390579 1.9916262844249777 2.1368898992759218 2.0874899894146641
decision_type=2 2 2 2 2 2 2 2 2 2 2 2 2 2
left_child=1 3 6 10 8 -4 -2 11 12 -6 -1 -5 13 -3
right_child=2 4 5 7 9 -7 -8 -9 -10 -11 -12 -13 -14 -15
leaf_value=0.021779048472487468 -0.012842777514672242 0.0092176567800555491 -0.02804423175214776 0.028632708084185301 0.0020502134743283266 -0.020616407209856503 -0.0055137457424386466 0.041899318882733808 0.01280844497869634 0.0081414819258928701 0.017382049217292111 0.020713341797699316 0.0063108764449516831 0.017613780894957517
leaf_weight=989.79035944491625 1247.7677339762449 924.91412147134542 2692.4777089133859 1381.9432159662247 2047.9574673622847 2108.7676187828183 1987.0032212920487 208.71402920782566 1144.4330414012074 198.79831601679325 1743.3604852110147 344.05628624558449 655.34457279741764 140.4181179702282
leaf_count=6884 25204 10491 70547 7781 28579 49936 34108 968 11150 2593 14596 2145 7470 1584
internal_value=-7.07125e-05 0.0148762 -0.0182548 0.0233311 0.00711008 -0.0248562 -0.00838705 0.0291371 0.0105837 0.0026396 0.0190846 0.0272461 0.00900615 0.0105535
internal_weight=17815.7 9779.73 8036.02 4667.86 5111.87 4801.25 3234.77 1934.71 2865.11 2246.76 2733.15 1726 1720.68 1065.33
internal_count=274036 94241 179795 32374 61867 120483 59312 10894 30695 31172 21480 9926 19545 12075
is_linear=0
shrinkage=0.03


Tree=23
num_leaves=15
num_cat=0
split_feature=6 6 6 6 6 11 6 8 6 7 7 3 11 8
split_gain=5101.1 653.732 572.115 110.782 81.6041 63.4783 43.6383 23.123 16.9305 8.51568 7.57828 7.85771 7.07859 6.52867
threshold=2.5376494037109896 1.4928409688502451 3.4672959664678489 0.85418893014450192 2.0081915103761951 -3.4274191881169513 2.9882008347154687 0.53527908367973165 1.1785366391390579 0.14680196563243927 0.086390984872955698 0.073616688305191719 -1.7899832684258707 0.25489553971539775
decision_type=2 2 2 2 2 2 2 2 2 2 2 2 2 2
left_child=1 3 6 7 9 -4 -2 -1 13 -3 -6 -12 -8 -5
right_child=2 4 5 8 10 -7 12 -9 -10 -11 11 -13 -14 -15
leaf_value=0.027050222082501442 -0.0048979567202024517 0.0086824485378099118 -0.027926820108904477 0.010843394937664962 0.00099275903710593569 -0.020385167828618291 -0.01259865697479972 0.040520297966799998 0.016654138918194471 0.012307487177829811 0.0078376511194520604 0.0023140851650651937 -0.0043278694340932108 0.022281013629967053
leaf_weight=1286.606704428792 1730.3549069873989 1732.8867644518614 2623.7854459546506 90.757170498371124 1259.986778087914 2069.4756494611502 1358.9803266599774 200.28667560219765 1765.2844410985708 1155.7195671722293 377.02349126338959 614.64341085404158 121.58622726052999 1389.1815225630999
leaf_count=7018 29526 19545 70547 712 18080 49936 27454 905 14596 11150 4905 8187 2332 9143
internal_value=-6.97404e-05 0.0143005 -0.0180114 0.0223324 0.00686287 -0.0246769 -0.00819924 0.0292512 0.0190424 0.0101889 0.00255679 0.00449959 -0.0119697 0.0216954
internal_weight=17776.6 9872.38 7904.18 4732.12 5140.26 4693.26 3210.92 1486.89 3245.22 2888.61 2251.65 991.667 1480.57 1479.94
internal_count=274036 94241 179795 32374 61867 120483 59312 7923 24451 30695 31172 13092 29786 9855
is_linear=0
shrinkage=0.03


Tree=24
num_leaves=15
num_cat=0
split_feature=6 6 6 6 6 11 6 10 6 6 11 11 3 3
split_gain=4829.13 601.363 564.779 102.788 75.6269 64.2415 42.0561 22.4735 15.5906 8.19177 7.12679 6.8281 5.81532 6.9626
threshold=2.5376494037109896 1.4928409688502451 3.4672959664678489 0.85418893014450192 2.0081915103761951 -3.4274191881169513 2.9882008347154687 0.33678488549221003 1.1785366391390579 1.8794359129669858 -0.79191266828868678 -1.7899832684258707 0.05753480616479878 0.049658635186547062
decision_type=2 2 2 2 2 2 2 2 2 2 2 2 2 2
left_child=1 3 6 7 9 -4 12 -1 -5 -3 -6 -8 13 -2
right_child=2 4 5 8 10 -7 11 -9 -10 -11 -12 -13 -14 -15
leaf_value=0.025835863065785353 -0.0048411065351341275 0.010736307455102484 -0.02780851572658553 0.020771382130361563 0.0019158385929459686 -0.020152974511658081 -0.01236419628850185 0.038650906760880503 0.015966154732588663 0.0066984836415330375 0.0076825669652030157 -0.0042269737184550535 -0.007396278802515182 0.00041626918947597829
leaf_weight=1294.3066961169243 897.01787349209189 2213.5254440903664 2556.9734365344048 1500.0014767274261 2055.3331652581692 2031.2737537585199 1343.7260801047087 212.90655206143856 1786.4261723086238 698.10736649483442 201.03847117722034 121.11899883672595 527.2156802713871 298.72099998965859
leaf_count=6965 15477 22607 70547 9855 28579 49936 27454 958 14596 8088 2593 2332 8944 5105
internal_value=-6.96087e-05 0.0137517 -0.017768 0.021392 0.00662338 -0.024496 -0.00801483 0.0280091 0.0182438 0.00980747 0.00247699 -0.011741 -0.00477283 -0.00353882
internal_weight=17737.7 9961.65 7776.05 4793.64 5168 4588.25 3187.8 1507.21 3286.43 2911.63 2256.37 1464.85 1722.95 1195.74
internal_count=274036 94241 179795 32374 61867 120483 59312 7923 24451 30695 31172 29786 29526 20582
is_linear=0
shrinkage=0.03


Tree=25
num_leaves=15
num_cat=0
split_feature=7 6 7 7 6 11 6 6 9 6 7 8 8 9
split_gain=4586.75 642.088 443.286 99.8125 96.2104 46.9736 41.2307 23.1861 22.0706 12.3121 9.77308 7.1088 7.08329 6.66447
threshold=0.055512139592022204 1.4928409688502451 0.021910014734660515 0.10011620054523108 0.71754226264466137 -3.4680068003425504 3.1245627302238765 1.1785366391390579 1.7165391499882074 1.8794359129669858 0.070996906961518544 0.36221517699566258 0.25489553971539775 1.9703791125324994
decision_type=2 2 2 2 2 2 2 2 2 2 2 2 2 2
left_child=2 4 5 10 8 -1 -4 12 -2 -5 11 -3 -6 -13
right_child=1 3 6 9 7 -7 -8 -9 -10 -11 -12 13 -14 -15
leaf_value=-0.027801154252085385 0.032849129512041199 -0.0028677670273197331 -0.0064547745781187065 0.010329053516950994 0.0098327245209085101 -0.020707532118243145 -0.01365444831523697 0.015315096267698957 0.021989636872963889 0.0061913729358895331 0.0025799841940580461 0.00044843786535619733 0.020968719161870424 0.011950294547190035
leaf_weight=2415.5260514877737 615.82215292751789 705.05781456455588 1664.1558376997709 2232.0786697790027 92.776123180985451 1755.4825088791549 1317.3841220922768 1806.8167918920517 459.72806775569916 1041.477008678019 1436.4799275547266 237.45860163122416 1877.5778978466988 41.418903194367886
leaf_count=68466 2923 10913 30094 22607 712 44462 28684 14596 2397 12414 19704 3678 11746 640
internal_value=-6.99867e-05 0.0125004 -0.0185929 0.00564349 0.0205039 -0.0249005 -0.00968835 0.018102 0.0285737 0.0090469 0.00101308 -0.00127889 0.0205226 0.00267947
internal_weight=17699.2 10546.7 7152.55 5693.97 4852.72 4171.01 2981.54 3777.17 1075.55 3273.56 2420.42 983.935 1970.35 278.878
internal_count=274036 102330 171706 69956 32374 112928 58778 27054 5320 35021 34935 15231 12458 4318
is_linear=0
shrinkage=0.03


Tree=26
num_leaves=15
num_cat=0
split_feature=7 6 7 7 7 11 6 10 6 6 7 4 10 8
split_gain=4350.53 592.36 438.723 92.7508 89.8874 47.6379 39.9168 18.6483 17.3382 11.3518 9.16101 7.39508 6.7651 6.74937
threshold=0.055512139592022204 1.4928409688502451 0.021910014734660515 0.10011620054523108 0.36099178573550711 -3.4680068003425504 3.1245627302238765 0.33678488549221003 1.1785366391390579 1.8794359129669858 0.070996906961518544 0.39444444444444454 0.21921974254136883 0.36221517699566258
decision_type=2 2 2 2 2 2 2 2 2 2 2 2 2 2
left_child=2 4 5 10 8 -1 11 12 -2 -5 13 -4 -6 -3
right_child=1 3 6 9 7 -7 -8 -9 -10 -11 -12 -13 -14 -15
leaf_value=-0.027683373142221031 0.019383404128166259 -0.0027903672068855566 -0.0095799083568953673 0.0099406171687413097 0.016150863064474236 -0.020479859036240795 -0.013414589139712194 0.036150975031490527 0.014698258597598454 0.0059780315734136932 0.0024979305317450297 -0.0049540397649575612 0.025578704762036986 0.0026131860484583914
leaf_weight=2354.0229327119887 1781.9663891494274 703.31920047104359 454.35066644847393 2250.0264482572675 187.79288735985756 1722.4177706800401 1301.2266697250307 215.29009316861629 1826.4861230030656 1046.7391346916556 1439.6011158451438 1200.3515002094209 897.57036024332047 279.39690173789859
leaf_count=68466 11261 10913 8186 22607 1043 44462 28684 945 14596 12414 19704 21908 4529 4318
internal_value=-6.99478e-05 0.0120361 -0.0183527 0.00545184 0.0196667 -0.0247259 -0.00948319 0.0265593 0.0170826 0.00871525 0.000984046 -0.00629887 0.0241899 -0.00123789
internal_weight=17660.6 10628.2 7032.37 5719.08 4909.11 4076.44 2955.93 1300.65 3608.45 3296.77 2422.32 1654.7 1085.36 982.716
internal_count=274036 102330 171706 69956 32374 112928 58778 6517 25857 35021 34935 30094 5572 15231
is_linear=0
shrinkage=0.03


Tree=27
num_leaves=15
num_cat=0
split_feature=7 6 7 7 6 11 7 8 6 7 4 8 8 9
split_gain=4127.39 547.309 433.953 86.2721 84.4789 48.2869 38.6496 28.232 10.4748 8.60771 6.6823 8.36102 6.54327 6.39449
threshold=0.055512139592022204 1.4928409688502451 0.021910014734660515 0.10011620054523108 0.97438160901886006 -3.4680068003425504 0.032532465394676212 0.49251446170600338 1.8794359129669858 0.070996906961518544 0.36038961038961043 0.33010400053889227 0.19901073751732082 2.1009462155641714
decision_type=2 2 2 2 2 2 2 2 2 2 2 2 2 2
left_child=2 4 5 9 7 -1 -4 13 -5 -3 -10 -12 -6 -2
right_child=1 3 6 8 12 -7 -8 -9 10 -11 11 -13 -14 -15
leaf_value=-0.027564539369083558 0.022144045538820673 -0.0012022026592253777 -0.013817116276927765 0.0095698710202151704 0.0077632631588220478 -0.020251134633938784 -0.0065764486036784028 0.03201103483542108 0.0045343783313074853 0.0024186541813592823 0.015257393173331333 0.0017130995109831233 0.015747897234271266 0.012031659438260442
leaf_weight=2294.2154005095363 1592.8329529613256 981.65664037317038 1072.1137596555054 2267.389882273972 141.23666545748711 1690.2737739868462 1859.0455201491714 359.75458282232285 869.44009221345186 1442.628164626658 116.76645285636187 65.632161758840084 2750.0076877325773 119.14845533668995
leaf_count=68466 8645 15231 24143 22607 1198 44462 34635 1588 10271 19704 1365 778 20215 728
internal_value=-6.9904e-05 0.0115934 -0.0181125 0.00526671 0.0188772 -0.0245497 -0.00928169 0.0235843 0.00839808 0.000954097 0.00577307 0.0108843 0.0153999 0.0215509
internal_weight=17622.1 10706.5 6915.65 5743.51 4962.98 3984.49 2931.16 2071.74 3319.23 2424.28 1051.84 182.399 2891.24 1711.98
internal_count=274036 102330 171706 69956 32374 112928 58778 10961 35021 34935 12414 2143 21413 9373
is_linear=0
shrinkage=0.03


Tree=28
num_leaves=15
num_cat=0
split_feature=7 6 7 6 7 11 6 10 6 7 11 10 11 9
split_gain=3916.17 506.148 429.065 97.2403 62.7979 48.9195 37.5727 26.486 11.813 8.09013 7.4646 7.45004 7.31563 6.95873
threshold=0.055512139592022204 1.5789255615152133 0.021910014734660515 0.97438160901886006 0.10011620054523108 -3.4680068003425504 3.1245627302238765 0.34890365439959597 1.3479888099339705 0.070996906961518544 -0.98407565891916737 0.13808176879400566 -1.5526074380019355 2.1009462155641714
decision_type=2 2 2 2 2 2 2 2 2 2 2 2 2 2
left_child=2 3 5 7 9 -1 -4 13 11 -3 -10 -5 -6 -2
right_child=1 4 6 8 12 -7 -8 -9 10 -11 -12 -13 -14 -15
leaf_value=-0.027444591861142949 0.021807490017370968 -0.0011678885928575117 -0.0059872183230133252 0.0093597281864387216 -0.0034943245620266791 -0.020021395927261466 -0.012950001596802339 0.034608601220625639 0.00039890804949553523 0.0023420509251561197 0.012242793561427462 0.016538287034447843 0.0077047479243200255 0.011636958622763116
leaf_weight=2236.0602400228381 1794.1494457572699 980.64083030074835 1636.09524929896 213.03486169874668 45.483961015939713 1659.0265918150544 1270.9095125757158 179.63375109434128 50.683477602899075 1445.563956156373 1361.4536590278149 1816.9949029684067 2774.2050354704261 119.98975649476051
leaf_count=68466 9459 15231 30094 1585 553 44462 28684 774 455 19704 11672 12417 29752 728
internal_value=-6.97182e-05 0.0111706 -0.0178718 0.0174872 0.0044739 -0.0243718 -0.00908212 0.0226482 0.0142632 0.000924919 0.0118264 0.0158591 0.00750656 0.0212654
internal_weight=17583.9 10781.8 6802.09 5535.94 5245.89 3895.09 2907 2093.77 3442.17 2426.2 1412.14 2030.03 2819.69 1914.14
internal_count=274036 102330 171706 37090 65240 112928 58778 10961 26129 34935 12127 14002 30305 10187
is_linear=0
shrinkage=0.03


Tree=29
num_leaves=15
num_cat=0
split_feature=7 6 7 7 7 11 7 10 6 7 11 11 10 4
split_gain=3716.19 468.628 424.026 90.7572 58.4872 49.5344 36.4454 26.4388 11.0029 7.60413 6.89802 6.86249 6.77764 10.4898
threshold=0.055512139592022204 1.5789255615152133 0.021910014734660515 0.30328073515712589 0.10011620054523108 -3.4680068003425504 0.032532465394676212 0.26520268686840837 1.3479888099339705 0.070996906961518544 -0.98407565891916737 -1.5526074380019355 0.13808176879400566 0.13809523809523813
decision_type=2 2 2 2 2 2 2 2 2 2 2 2 2 2
left_child=2 3 5 8 9 -1 -4 -5 12 -3 -10 -6 -2 -14
right_child=1 4 6 7 11 -7 -8 -9 10 -11 -12 -13 13 -15
leaf_value=-0.027323470825498138 0.0090428391578734803 -0.0011345204786523629 -0.013350767843186456 0.018895287660904661 -0.0034229536390629079 -0.019790686584539655 -0.0062542990067319367 0.026916587616651801 0.00038958287782294533 0.0022680216886273954 0.011773590253385325 0.0074290952642212778 0.017609862614654494 0.011963282661855994
leaf_weight=2179.5151908509433 214.38988754153252 979.65488627925515 1046.3791029825807 1390.1010449379683 45.354113720357418 1628.6526506878436 1837.137168571353 713.37891133129597 50.69852153211832 1448.4112878143787 1373.6469998732209 2791.1199246272445 1246.7561016827822 600.86643062531948
leaf_count=68466 1585 15231 24143 7622 553 44462 34635 3272 455 19704 11672 29752 8334 4150
internal_value=-6.95975e-05 0.0107663 -0.0176309 0.0168054 0.00432442 -0.0241922 -0.00888525 0.021787 0.0137194 0.000896657 0.0113767 0.00723848 0.0152438 0.0158847
internal_weight=17546.1 10854.4 6691.68 5589.84 5264.54 3808.17 2883.52 2103.48 3486.36 2428.07 1424.35 2836.47 2062.01 1847.62
internal_count=274036 102330 171706 37090 65240 112928 58778 10894 26196 34935 12127 30305 14069 12484
is_linear=0
shrinkage=0.03


Tree=30
num_leaves=15
num_cat=0
split_feature=11 3 11 11 0 10 8 8 9 11 3 11 11 11
split_gain=3396.44 642.721 201.798 111.521 75.0901 61.175 32.0537 25.1741 21.2082 18.8745 17.6277 14.1047 13.5431 10.4478
threshold=-2.1163955904443141 0.10595963422768236 -3.0094098589568143 -1.2406146307779895 1.5000000000000002 0.26520268686840837 0.36061877803980896 0.32922835780806908 2.1841343131136015 -3.4680068003425504 0.049658635186547062 -1.755710165583044 -1.0189662490042708 -0.58778666490211895
decision_type=2 2 2 2 2 2 2 2 2 2 2 2 2 2
left_child=2 3 9 7 5 8 -4 11 -3 -1 -5 -2 -6 -12
right_child=1 4 6 10 12 -7 -8 -9 -10 -11 13 -13 -14 -15
leaf_value=-0.027201749300007128 -0.0082614059195507475 0.017420022619920161 -0.016111112289320096 -0.0021576357671418919 0.0064321850486750076 0.026402305824490688 -0.0083969277950073223 0.00083137483596934199 0.010354237601380791 -0.020636268077960356 0.004966958592102339 -0.0027968632869624249 0.012412847699421853 0.009198928186746105
leaf_weight=2124.8792801871896 675.51556920260191 2143.2484652772546 1422.8556038327515 238.36202499642968 453.4938032515347 682.05577231943607 823.05655450373888 1123.7930342555046 567.76465194672346 854.02546263858676 1889.9879323132336 1173.787768766284 2562.530486613512 773.07022182643414
leaf_count=68475 13666 12526 35820 3549 4937 3068 16937 16479 4224 24108 22394 19522 20692 7639
internal_value=-6.96114e-05 0.00854768 -0.0202955 0.00137227 0.015106 0.0182023 -0.0133586 -0.00270498 0.0160054 -0.0254323 0.00554266 -0.00484337 0.0115499 0.00624012
internal_weight=17508.4 12283.6 5224.82 5874.52 6409.09 3393.07 2245.91 2973.1 2711.01 2978.9 2901.42 1849.3 3016.02 2663.06
internal_count=274036 128696 145340 83249 45447 19818 52757 49667 16750 92583 33582 33188 25629 30033
is_linear=0
shrinkage=0.03


Tree=31
num_leaves=15
num_cat=0
split_feature=7 6 7 7 7 7 6 8 6 6 3 3 7 4
split_gain=3354.2 471.01 331.577 79.4149 72.2535 39.3041 31.7984 26.3474 11.5601 9.75758 9.15153 8.59776 8.056 6.81052
threshold=0.04877635246685396 1.5789255615152133 0.018178758054825953 0.30328073515712589 0.086390984872955698 0.032532465394676212 4.7591779066044522 0.5268858976673908 1.8794359129669858 1.3479888099339705 0.073616688305191719 0.0620629284754265 0.06579667573706377 0.39444444444444454
decision_type=2 2 2 2 2 2 2 2 2 2 2 2 2 2
left_child=2 3 6 9 12 -4 -1 -5 -6 -2 11 -10 -3 -7
right_child=1 4 5 7 8 13 -8 -9 10 -11 -12 -13 -14 -15
leaf_value=-0.021416936783601355 0.01411350806694012 -0.0025559961001774241 -0.013965894164917284 0.018634256848215579 0.0077537172820092435 -0.010896825359599998 -0.028227905971844113 0.029835926889062198 0.0040338754052109092 0.010516620651594862 0.002821830218469532 0.012262229148296104 0.0010214641291148481 -0.0054568731146721998
leaf_weight=1722.6516664214432 2100.1416112929583 1151.2885879278183 1427.6824118793011 1885.4453311860561 1795.5372703447938 276.59942846000195 1514.9458031710237 256.14264920353889 290.96057468652725 1448.1752633750439 1247.2579109892249 201.95127286761999 1089.5938649773598 1063.6990571245551
leaf_count=51768 14069 19457 35022 9816 17891 5281 50281 1078 3652 12127 15088 2440 15359 20707
internal_value=-7.03125e-05 0.00943997 -0.0182066 0.0155555 0.00339148 -0.0104967 -0.0247194 0.0201722 0.00605366 0.012696 0.00424824 0.00766769 -0.000821287 -0.0066877
internal_weight=17472.1 11466.5 6005.58 5689.9 5776.59 2767.98 3237.6 2141.59 3535.71 3548.32 1740.17 492.912 2240.88 1340.3
internal_count=274036 110977 163059 37090 73887 61010 102049 10894 39071 26196 21180 6092 34816 25988
is_linear=0
shrinkage=0.03


Tree=32
num_leaves=15
num_cat=0
split_feature=7 7 7 7 7 7 7 8 7 7 3 7 8 3
split_gain=3188.59 436.084 328.456 80.7227 61.7882 38.0835 31.3812 25.2331 10.4998 8.69184 9.22356 7.60397 6.86119 11.7104
threshold=0.04877635246685396 0.1583463465006564 0.018178758054825953 0.30328073515712589 0.086390984872955698 0.032532465394676212 0.0067696114439976269 0.5268858976673908 0.20287913452745662 0.1185369858508937 0.073616688305191719 0.063566368367825213 0.20907170956341639 0.05753480616479878
decision_type=2 2 2 2 2 2 2 2 2 2 2 2 2 2
left_child=2 4 6 8 11 -4 -1 -5 -3 10 -6 12 -2 -14
right_child=1 3 5 7 9 -7 -8 -9 -10 -11 -12 -13 13 -15
leaf_value=-0.02810871725964097 -0.0088684539117250567 0.0098637241199916823 -0.013726365280526407 0.017922098365756183 0.0074161577720064566 -0.0065308473359444496 -0.021261031091593406 0.028812672015247034 0.013404063920816469 0.0071423630759280309 0.0024541863745181649 0.00078129417264251452 0.0013671487899150213 -0.0054952774687758357
leaf_weight=1464.8415598124266 126.36548614501953 1544.7334574460983 1409.5569008886814 1901.8942037969828 482.56509998440742 1332.4722576402128 1699.120478194207 257.78900118172169 2263.7457642406225 1709.9612893387675 1129.4085155129433 1231.8777353428304 493.25259741023183 387.76208862289786
leaf_count=49926 2165 13059 35022 9816 5945 25988 52123 1078 15215 17280 13768 17524 8518 6609
internal_value=-7.04739e-05 0.00910962 -0.017969 0.014732 0.00305243 -0.0102843 -0.024549 0.0194118 0.0120124 0.00563958 0.0039943 -0.000797578 -0.00271144 -0.00169465
internal_weight=17435.3 11529.4 5905.99 5968.16 5561.19 2742.03 3163.96 2159.68 3808.48 3321.93 1611.97 2239.26 1007.38 881.015
internal_count=274036 110977 163059 39168 71809 61010 102049 10894 28274 36993 19713 34816 17292 15127
is_linear=0
shrinkage=0.03


Tree=33
num_leaves=15
num_cat=0
split_feature=7 6 7 6 6 7 6 6 9 7 6 4 4 8
split_gain=3031.04 406.034 325.241 70.7382 63.2617 36.9076 32.9811 19.6069 18.5013 9.30013 7.9254 8.8035 6.66721 6.31049
threshold=0.04877635246685396 1.5789255615152133 0.018178758054825953 0.71754226264466137 2.1690373735723498 0.032532465394676212 4.7591779066044522 1.1785366391390579 1.7165391499882074 0.06579667573706377 1.8794359129669858 0.36038961038961043 0.39444444444444454 0.25489553971539775
decision_type=2 2 2 2 2 2 2 2 2 2 2 2 2 2
left_child=2 3 6 8 10 -4 -1 13 -2 -6 -3 -12 -7 -5
right_child=1 4 5 7 9 12 -8 -9 -10 -11 11 -13 -14 -15
leaf_value=-0.020983729713848188 0.024704357665721637 0.0072130407757262085 -0.013488215596465278 0.0061898167211329415 -0.0024270062224390331 -0.010558781148318709 -0.028028806227336792 0.010706020373799204 0.015758201491464112 0.0012425005339097457 0.0029991164490832563 0.0087471868296740366 -0.0051581891181412872 0.015246782611756729
leaf_weight=1655.4523788355291 660.23606856167316 1816.7484856173396 1391.9450586549938 100.53261697292328 1146.5713780000806 272.34456187486649 1436.9331202525645 2490.331001855433 495.17022773623466 1323.3113690689206 1225.4940474331379 294.47827327251434 1052.3940676227212 2037.2250123471022
leaf_count=51768 2923 17891 35022 712 19457 5281 50281 19312 2397 18391 14641 3507 20707 11746
internal_value=-7.08575e-05 0.00879194 -0.0177308 0.0144085 0.00317501 -0.0100733 -0.0243769 0.0126698 0.0211214 -0.000465329 0.00585965 0.00418734 -0.00637425 0.014867
internal_weight=17399.2 11590.1 5809.07 5783.49 5806.6 2716.68 3092.39 4628.09 1155.41 2469.88 3336.72 1519.97 1324.74 2137.76
internal_count=274036 110977 163059 37090 73887 61010 102049 31770 5320 37848 36039 18148 25988 12458
is_linear=0
shrinkage=0.03


Tree=34
num_leaves=15
num_cat=0
split_feature=6 6 7 6 6 6 10 6 6 7 6 9 4 10
split_gain=2888.65 469.646 212.55 77.7693 77.0625 38.5099 23.9593 11.9524 10.0443 9.95845 7.11391 7.09942 6.05379 9.19719
threshold=2.9882008347154687 1.6581827230727291 0.01240987691140401 2.3369748506914587 0.97438160901886006 3.4672959664678489 0.34890365439959597 1.3479888099339705 2.0081915103761951 0.055512139592022204 4.7591779066044522 1.9916262844249777 0.14835164835164838 0.13808176879400566
decision_type=2 2 2 2 2 2 2 2 2 2 2 2 2 2
left_child=1 4 10 8 6 -4 11 12 -3 -5 -2 -1 13 -6
right_child=2 3 5 9 7 -7 -8 -9 -10 -11 -12 -13 -14 -15
leaf_value=0.017809396821002008 -0.022473181667063521 0.0059197329457945699 -0.0095887378619982557 -0.0043578414344607064 0.0071608485282826902 -0.016944609988603105 0.028794408530102473 0.0090894830943954626 0.0026452661517928086 -0.00054285269170918431 -0.027927647823356994 0.012118117190407151 0.0092156733913091593 0.014525032897375929
leaf_weight=1624.4666761308908 892.63673827238381 2059.2785300016403 1330.1959944441915 1163.0700737349689 222.62671576440334 1402.996350813657 186.53914438188076 1979.004714936018 1489.7558321207762 1300.5685366690159 1399.4940239675343 393.42428311705589 531.97542826831341 1387.0974318683147
leaf_count=8031 30049 21514 29786 21437 1583 40153 774 16592 19420 19841 50281 2156 3532 8887
internal_value=-7.0932e-05 0.00773868 -0.0192105 0.00172731 0.0134355 -0.0134365 0.0180003 0.010937 0.00456215 -0.00235936 -0.0259634 0.0167974 0.0125691 0.0135821
internal_weight=17363.1 12337.8 5025.32 6012.67 6325.13 2733.19 2204.43 4120.7 3549.03 2463.64 2292.13 2017.89 2141.7 1609.72
internal_count=274036 123767 150269 82212 41555 69939 10961 30594 40934 41278 80330 10187 14002 10470
is_linear=0
shrinkage=0.03


Tree=35
num_leaves=15
num_cat=0
split_feature=7 7 7 7 7 7 8 7 7 7 10 3 3 3
split_gain=2742.86 470.089 183.381 80.1748 77.1832 27.0411 23.1534 15.0732 12.6652 7.2492 7.23892 6.31304 8.31864 6.1265
threshold=0.037306525805610287 0.14680196563243927 0.01240987691140401 0.06579667573706377 0.30328073515712589 0.02438220837967572 0.53527908367973165 0.10011620054523108 0.20287913452745662 0.0058871222594964329 0.19450083610091426 0.073616688305191719 0.086862864315802618 0.05753480616479878
decision_type=2 2 2 2 2 2 2 2 2 2 2 2 2 2
left_child=2 3 9 13 8 -4 10 11 -3 -1 -6 -5 -13 -2
right_child=1 4 5 7 6 -7 -8 -9 -10 -11 -12 12 -14 -15
leaf_value=-0.028207008647469792 -0.002489224141032162 0.0085213096378176211 -0.016744182390142151 0.0030592032807373625 0.011689586852978322 -0.010128586054308025 0.027056525747939094 0.0052950790662390328 0.011965739895229022 -0.022811078157278786 0.017173198426328338 -0.0027856481632088309 0.003838255244694653 -0.0060680906201614681
leaf_weight=1177.2683311514556 1427.0672306790948 2054.0327309593558 1341.4941228535026 1035.1466137319803 426.49779525399208 1130.1071272902191 220.51174068450928 2212.7821108847857 2318.1591599211097 1059.8251052387059 1561.1816417574883 490.3225417509675 242.86781288683414 630.15624664723873
leaf_count=43464 25836 17415 39090 14148 2345 26267 907 23871 15215 36866 7642 6677 3300 10993
internal_value=-7.05468e-05 0.00722166 -0.0195736 0.00117068 0.0127589 -0.0137986 0.0173629 0.00365129 0.0103822 -0.0258196 0.0160929 0.00156713 -0.000558532 -0.00362147
internal_weight=17327.4 12618.7 4708.69 6038.34 6580.38 2471.6 2208.19 3981.12 4372.19 2237.09 1987.68 1768.34 733.19 2057.22
internal_count=274036 128349 145687 84825 43524 65357 10894 47996 32630 80330 9987 24125 9977 36829
is_linear=0
shrinkage=0.03


Tree=36
num_leaves=15
num_cat=0
split_feature=6 6 6 6 6 6 10 6 6 11 9 6 11 9
split_gain=2624.16 406.932 209.292 68.6714 67.7632 23.802 22.2209 21.8468 10.3521 8.68229 10.8637 7.72392 8.23353 6.41029
threshold=2.9882008347154687 1.6581827230727291 3.9560394329797357 2.3369748506914587 0.97438160901886006 3.4672959664678489 0.34890365439959597 4.7591779066044522 1.3479888099339705 -1.2769777946146632 1.9003209804924526 2.5376494037109896 -1.9206719652450908 2.4246864496311145
decision_type=2 2 2 2 2 2 2 2 2 2 2 2 2 2
left_child=1 4 5 9 6 -2 -1 13 -6 -3 -11 12 -5 -4
right_child=2 3 7 11 8 -7 -8 -9 -10 10 -12 -13 -14 -15
leaf_value=0.015593339320716109 -0.0091964743081787512 0.001363695451320437 -0.021381130387523904 0.0087483622840580071 0.011660632240738263 -0.015630144227340576 0.027022319847087459 -0.027723456604681139 0.008445598594664731 0.0093096698520308691 0.0041767631705035193 -0.0034035253252100053 -0.0008637641506175094 -0.0038279679041937817
leaf_weight=2046.2978043407202 1308.0838912464678 748.80035921931267 1203.3538152594119 74.833129428327084 2174.0395586490631 985.71098009124398 188.28204627335072 1328.1728029008955 2004.60755790025 444.32448878139257 2380.6659136638045 1645.364943228662 733.54158080369234 26.41032812744379
leaf_count=10187 29786 9436 40793 1095 14002 28555 774 50281 16592 4706 26792 29526 10657 854
internal_value=-7.07493e-05 0.007228 -0.0187507 0.00162384 0.012479 -0.0120448 0.0167301 -0.0246589 0.010154 0.00426993 0.00502899 -0.00223262 0.000169217 -0.0210548
internal_weight=17292.5 12440.8 4851.73 6027.53 6413.23 2293.79 2234.58 2557.94 4178.65 3573.79 2824.99 2453.74 808.375 1229.76
internal_count=274036 123767 150269 82212 41555 58341 10961 91928 30594 40934 31498 41278 11752 41647
is_linear=0
shrinkage=0.03


Tree=37
num_leaves=15
num_cat=0
split_feature=6 6 7 6 6 6 6 9 7 6 6 11 9 11
split_gain=2500.6 378.886 210.106 64.4475 64.1548 35.8587 19.5637 16.9409 8.88322 8.39378 8.13836 6.1691 6.0104 5.7048
threshold=2.9882008347154687 1.6581827230727291 0.01240987691140401 2.3369748506914587 0.71754226264466137 3.4672959664678489 1.1785366391390579 1.7165391499882074 0.055512139592022204 2.0081915103761951 4.7591779066044522 -1.7899832684258707 2.4246864496311145 -1.7223412468009467
decision_type=2 2 2 2 2 2 2 2 2 2 2 2 2 2
left_child=1 4 10 9 7 11 -6 -1 -5 -3 12 -4 -2 -10
right_child=2 3 5 8 6 -7 -8 -9 13 -11 -12 -13 -14 -15
leaf_value=0.021715984115908936 -0.022235171298699067 0.0053604040314161857 -0.0096284785412103519 -0.0040690979497114812 0.012772147356832081 -0.01621455957532407 0.0089071714598622249 0.01346641963007277 0.002614232488745843 0.0023818765653606309 -0.027618986990823817 -0.0019399930856678215 -0.0019948465729661348 -0.001713372653498067
leaf_weight=675.02941030263901 822.08358263224363 2085.8226432576776 1185.9571393057704 1151.6589526943862 2203.7441315501928 1338.5864943284541 3068.1075271517038 508.33367238938808 372.38845635205507 1500.0309605076909 1293.7775042019784 111.25125330686569 16.573541909456253 924.78476186841726
leaf_count=2923 29493 21514 27454 21437 12458 40153 23777 2397 5783 19420 50281 2332 556 14058
internal_value=-7.07327e-05 0.00698583 -0.0185186 0.00157449 0.0120293 -0.0127343 0.0105545 0.0183852 -0.00216927 0.00412954 -0.0255294 -0.00899881 -0.0218773 -0.000455335
internal_weight=17258.1 12489.9 4768.23 6034.69 6455.21 2635.79 5271.85 1183.36 2448.83 3585.85 2132.43 1297.21 838.657 1297.17
internal_count=274036 123767 150269 82212 41555 69939 36235 5320 41278 40934 80330 29786 30049 19841
is_linear=0
shrinkage=0.03


Tree=38
num_leaves=15
num_cat=0
split_feature=6 6 7 6 7 6 6 9 6 7 11 9 11 9
split_gain=2382.79 353.018 209.039 60.5004 60.4749 35.0269 15.8449 15.1703 8.4773 8.41719 7.91391 10.0251 5.91168 5.9034
threshold=2.9882008347154687 1.6581827230727291 0.01240987691140401 2.3369748506914587 0.36099178573550711 3.4672959664678489 1.3479888099339705 1.7165391499882074 4.7591779066044522 0.055512139592022204 -1.2769777946146632 1.9003209804924526 -1.7899832684258707 2.4246864496311145
decision_type=2 2 2 2 2 2 2 2 2 2 2 2 2 2
left_child=1 4 8 10 6 12 -1 -6 13 -5 -3 -12 -4 -2
right_child=2 3 5 9 7 -7 -8 -9 -10 -11 11 -13 -14 -15
leaf_value=0.011415443060948743 -0.022035980098639413 0.0012250173326384636 -0.0094256323132829618 -0.0039628936292873517 0.020361530033975343 -0.015973876789322456 0.0078285789364235699 0.013329695724968962 -0.027513298937348895 -0.00044159211889900027 0.0087999409695101623 0.0038983393108378978 -0.0018916580264064769 -0.001965391749732405
leaf_weight=3039.6440867483616 805.02386323921382 751.59328036010265 1175.6168761327863 1147.513203188777 728.54619605839252 1318.5248261019588 2029.6519681215286 697.61249074339867 1260.3479528296739 1296.6539122872055 449.29860915243626 2396.6839603483677 111.05735430121422 16.542541239410639
leaf_count=18446 29493 9436 27454 21437 3171 40153 16592 3346 50281 19841 4706 26792 2332 556
internal_value=-7.12086e-05 0.00675227 -0.0182861 0.00152563 0.0115991 -0.0125038 0.0100067 0.0170964 -0.0253807 -0.0021089 0.0039934 0.00471424 -0.00880464 -0.0216743
internal_weight=17224.3 12537.2 4687.11 6041.74 6495.45 2605.2 5069.3 1426.16 2081.91 2444.17 3597.58 2845.98 1286.67 821.566
internal_count=274036 123767 150269 82212 41555 69939 35038 6517 80330 41278 40934 31498 29786 30049
is_linear=0
shrinkage=0.03


Tree=39
num_leaves=15
num_cat=0
split_feature=6 6 7 6 6 6 6 9 6 7 6 9 8 4
split_gain=2270.54 329.023 207.869 57.1254 56.8202 34.1934 17.3833 15.022 8.81286 7.97251 7.57151 5.79615 5.73616 5.7135
threshold=2.9882008347154687 1.6581827230727291 0.01240987691140401 0.71754226264466137 2.3369748506914587 3.4672959664678489 1.1785366391390579 1.7165391499882074 4.7591779066044522 0.055512139592022204 2.0081915103761951 2.4246864496311145 0.25489553971539775 0.39444444444444454
decision_type=2 2 2 2 2 2 2 2 2 2 2 2 2 2
left_child=1 3 8 7 10 13 12 -1 11 -6 -3 -2 -5 -4
right_child=2 4 5 6 9 -7 -8 -9 -10 -11 -12 -13 -14 -15
leaf_value=0.020269339868782394 -0.021835145754894848 0.0050261751770544908 -0.014672381940444332 0.0042311397660040224 -0.0038591086415176883 -0.015733534128475078 0.0082656188774706714 0.012557020572026484 -0.027406339191455409 -0.00042865902431767647 0.0022069336814579624 -0.0019363689524946126 0.012226851707339765 -0.0077384330387711281
leaf_weight=682.0182483792305 788.44522169418633 2101.9684343934059 131.18828583136201 105.02038621902466 1143.4880578145385 1299.0330380667001 3106.1155173033476 513.52472639083862 1227.8585382029414 1296.1623294912279 1506.9352941736579 16.512050909921527 2127.5482845455408 1145.2530745565891
leaf_count=2923 29493 21514 3011 712 21437 40153 23777 2397 50281 19841 19420 556 11746 26775
internal_value=-7.15409e-05 0.00652762 -0.018053 0.0111872 0.00147872 -0.0122749 0.00980678 0.0171533 -0.0252301 -0.0020503 0.00386298 -0.0214699 0.0118815 -0.00861322
internal_weight=17191.1 12582.8 4608.29 6534.23 6048.55 2575.47 5338.68 1195.54 2032.82 2439.65 3608.9 804.957 2232.57 1276.44
internal_count=274036 123767 150269 41555 82212 69939 36235 5320 80330 41278 40934 30049 12458 29786
is_linear=0
shrinkage=0.03


Tree=40
num_leaves=15
num_cat=0
split_feature=7 7 7 7 6 6 8 7 6 6 3 3 7 3
split_gain=2165.74 330.481 179.76 59.3253 57.2844 24.8733 20.5008 11.0467 9.47436 9.14472 6.47884 7.87026 7.20926 6.15036
threshold=0.037306525805610287 0.14680196563243927 0.01240987691140401 0.06579667573706377 0.97438160901886006 3.4672959664678489 0.5268858976673908 0.10011620054523108 1.3479888099339705 4.7591779066044522 0.05753480616479878 0.049658635186547062 0.055512139592022204 0.073616688305191719
decision_type=2 2 2 2 2 2 2 2 2 2 2 2 2 2
left_child=2 3 9 10 6 -4 -3 13 -6 -1 11 -2 -13 -5
right_child=1 4 5 7 8 -7 -8 -9 -10 -11 -12 12 -14 -15
leaf_value=-0.021263831502450797 -0.0032748125865472975 0.013306644374304854 -0.0089767538619484142 0.0027921964103281545 0.010066421770227848 -0.015493615489825375 0.022660743249757663 0.0044966210514685179 0.0071489955430634362 -0.027298058848500364 -0.0056897550979531416 -0.0013920731847187897 0.0072474454123982882 -0.00076442001976221078
leaf_weight=788.8167017698288 1058.4410126321018 2020.1145163178444 1045.8831053487957 1042.3625557497144 2232.2008288949728 1280.0955059863627 265.92750243842602 2254.5652975812554 2268.0307000502944 1196.2840421907604 621.51336294040084 222.81571580469608 123.67906051501632 737.5774122402072
leaf_count=30049 19621 9882 25204 14148 14002 40153 1079 23871 18561 50281 10993 4222 1993 9977
internal_value=-7.20981e-05 0.00610382 -0.018434 0.00100717 0.0106435 -0.0126396 0.0145354 0.00310716 0.00862473 -0.0250777 -0.00316584 -0.00200101 0.00186451 0.00132432
internal_weight=17158.3 12847.2 4311.08 6060.95 6786.27 2325.98 2286.04 4034.51 4500.23 1985.1 2026.45 1404.94 346.495 1779.94
internal_count=274036 128349 145687 84825 43524 65357 10961 47996 32563 80330 36829 25836 6215 24125
is_linear=0
shrinkage=0.03


Tree=41
num_leaves=15
num_cat=0
split_feature=6 6 7 6 7 8 6 7 10 6 4 10 11 8
split_gain=2065.27 329.879 156.905 74.3529 42.5046 27.1757 17.5646 9.53213 7.6408 7.0635 6.253 5.61423 5.16618 5.09381
threshold=3.1245627302238765 1.8794359129669858 0.01240987691140401 1.1785366391390579 0.063566368367825213 0.43947506386041491 3.4672959664678489 0.0058871222594964329 0.36486195457532639 1.4928409688502451 0.36038961038961043 0.15978463845106011 -1.0957304363097344 0.28377186195950077
decision_type=2 2 2 2 2 2 2 2 2 2 2 2 2 2
left_child=1 3 7 5 10 11 -4 -2 -7 -5 -3 -1 -6 -14
right_child=2 4 6 9 12 8 -8 -9 -10 -11 -12 -13 13 -15
leaf_value=0.0072908464643599534 -0.027632522104688303 -0.0068364189176994255 -0.00930462577145077 0.008300004764090067 0.00095119272486374673 0.015694189260719398 -0.015254205346655454 -0.021610228287025742 0.025181138568740841 0.005791836428960688 -0.0026765128023354882 0.011881075501474252 0.0026162685090229142 0.0079205711407372183
leaf_weight=369.42204999923706 1005.9780923202634 405.34355989098549 853.83081125095487 2051.1795946061611 1747.6578988619149 627.33699296414852 1261.6970256865025 932.72190713323653 146.4344984292984 2457.3359235227108 1658.9094490371644 2322.5988467782736 1101.0351841114461 184.5063694268465
leaf_count=2194 43464 7360 21129 14596 23341 2750 40153 36866 601 22607 31379 12233 13330 2033
internal_value=-7.22454e-05 0.00573201 -0.0187386 0.00953658 -0.000230262 0.0128482 -0.0129354 -0.0249233 0.0179343 0.00695668 -0.00353679 0.0112951 0.00202634 0.00346014
internal_weight=17126 13071.8 4054.23 7974.31 5097.45 3465.79 2115.53 1938.7 773.771 4508.52 2064.25 2692.02 3033.2 1285.54
internal_count=274036 132424 141612 54981 77443 17778 61282 80330 3351 37203 38739 14427 38704 15363
is_linear=0
shrinkage=0.03


Tree=42
num_leaves=15
num_cat=0
split_feature=6 6 6 6 6 8 6 6 10 6 9 3 3 8
split_gain=1970.74 308.164 153.826 69.7084 40.1427 25.8317 17.8614 10.2662 7.40822 6.57438 6.12142 6.06565 6.12497 5.49916
threshold=3.1245627302238765 1.8794359129669858 4.1689878061477064 1.1785366391390579 2.5376494037109896 0.43947506386041491 3.4672959664678489 4.7591779066044522 0.36486195457532639 1.4928409688502451 2.4246864496311145 0.05753480616479878 0.049658635186547062 0.25489553971539775
decision_type=2 2 2 2 2 2 2 2 2 2 2 2 2 2
left_child=1 3 6 5 -3 13 -2 10 -7 -5 -4 12 -6 -1
right_child=2 4 7 9 11 8 -8 -9 -10 -11 -12 -13 -14 -15
leaf_value=0.0035711888519230012 -0.0091074239525451746 0.0019321878028068723 -0.021142993575177096 0.0080085991418010084 -0.0034916767034748825 0.015172288376938885 -0.015112921212642988 -0.027078915536407112 0.024435401002681365 0.0055945890704620369 -0.001078538126258779 -0.0061858482002559419 0.0010693513056959307 0.011177264322277876
leaf_weight=106.58203634619713 846.58503603190184 3075.1136941686273 732.03216381371021 2062.4117872416973 1143.6053665056825 629.92452432215214 1253.5915544684976 1136.1967502571642 146.82797490060329 2468.0175106599927 15.628884153440593 541.43611754104495 335.83434284850955 2600.1823075115681
leaf_count=712 21129 39260 29096 14596 21977 2750 40557 50281 601 22607 549 9998 6208 13715
internal_value=-7.18094e-05 0.00554601 -0.0185094 0.00920827 -0.000223373 0.0124064 -0.0127738 -0.0247521 0.017353 0.00671633 -0.020753 -0.0034935 -0.00245598 0.0108991
internal_weight=17094 13109.9 3984.03 8013.95 5095.99 3483.52 2100.18 1883.86 776.752 4530.43 747.661 2020.88 1479.44 2706.76
internal_count=274036 132424 141612 54981 77443 17778 61686 79926 3351 37203 29645 38183 28185 14427
is_linear=0
shrinkage=0.03


Tree=43
num_leaves=15
num_cat=0
split_feature=6 6 7 6 7 8 7 7 10 6 3 7 3 10
split_gain=1880.4 288.009 155.386 65.3674 37.9088 24.5666 17.0909 10.2572 7.18336 6.12213 5.79089 7.33099 6.17602 5.13479
threshold=3.1245627302238765 1.8794359129669858 0.01240987691140401 1.1785366391390579 0.063566368367825213 0.43947506386041491 0.021910014734660515 0.0058871222594964329 0.36486195457532639 1.4928409688502451 0.05753480616479878 0.053758613082702376 0.047945671803998974 0.15978463845106011
decision_type=2 2 2 2 2 2 2 2 2 2 2 2 2 2
left_child=1 3 7 5 10 13 -4 -2 -7 -5 11 -3 -13 -1
right_child=2 4 6 9 -6 8 -8 -9 -10 -11 -12 12 -14 -15
leaf_value=0.0067349346837589294 -0.027431046907375304 -0.0035175249182263762 -0.015442882308802537 0.0077290520960175474 0.0019045378256833214 0.0146712177366898 -0.0096233216953469074 -0.021197638293350408 0.023719698313307461 0.0054048982739075598 -0.005942851092443714 -0.0029511712842861929 0.0046496972568027643 0.011073216445083824
leaf_weight=372.95820824801922 954.82701729983091 1133.1743052974343 979.54798340424895 2073.2696049064398 3042.8484405912459 632.36960460245609 1086.3029893189669 895.16238369047642 147.16776485741138 2478.3620969504118 556.94925398007035 158.47578843683004 203.26980705559254 2348.0206951797009
leaf_count=2194 43464 22355 32598 14596 38704 2750 28684 36866 601 22607 10272 2708 3404 12233
internal_value=-7.16998e-05 0.00536619 -0.0182794 0.00889287 -0.000217433 0.0119821 -0.0124742 -0.0246096 0.016795 0.00648546 -0.00335522 -0.00234171 0.00133494 0.0105188
internal_weight=17062.7 13146.9 3915.84 8052.15 5094.72 3500.52 2065.85 1849.99 779.537 4551.63 2051.87 1494.92 361.746 2720.98
internal_count=274036 132424 141612 54981 77443 17778 61282 80330 3351 37203 38739 28467 6112 14427
is_linear=0
shrinkage=0.03


Tree=44
num_leaves=15
num_cat=0
split_feature=6 6 7 6 7 10 7 7 6 10 9 10 3 7
split_gain=1794.16 269.267 154.473 61.4016 35.7868 18.9959 16.7162 10.5993 10.2437 9.79626 7.24406 6.1177 5.3372 7.96092
threshold=3.1245627302238765 1.8794359129669858 0.01240987691140401 1.0471650770867933 0.06579667573706377 0.34890365439959597 0.021910014734660515 0.0058871222594964329 1.4468497739944199 0.19450083610091426 1.965470236448692 0.27224449296239461 0.05753480616479878 0.053758613082702376
decision_type=2 2 2 2 2 2 2 2 2 2 2 2 2 2
left_child=1 3 7 5 12 9 -4 -2 -5 10 -1 -10 13 -3
right_child=2 4 6 8 -6 -7 -8 -9 11 -11 -12 -13 -14 -15
leaf_value=0.0017061251557412157 -0.027327498075081225 -0.0034241345664303589 -0.015205317528431805 0.008095056125893136 0.0019652385920769198 0.021451330288745973 -0.0094218069398721172 -0.020990246315523042 0.0057712353616876585 0.012673784210866974 0.0095706921520326959 0.00033900199236680669 -0.0054060471803086974 0.0013460620521829557
leaf_weight=136.77061983942986 930.12200541608036 1129.6221166290343 965.45616645365953 2549.4499126523733 2907.0940472409129 193.674630895257 1076.7187343742698 877.30629423074424 2607.769261777401 1811.8303502053022 586.44656044244766 202.95756995677948 631.77085867524147 424.96116720512509
leaf_count=724 43464 22355 32598 16770 36539 783 28684 36866 23184 8543 3129 1848 11475 7074
internal_value=-7.14715e-05 0.00519296 -0.0180489 0.00859022 -0.000211608 0.0122623 -0.0122469 -0.0244495 0.00669185 0.0114382 0.00814828 0.00538287 -0.00309973 -0.00211975
internal_weight=17032 13182.3 3849.6 8088.9 5093.45 2728.72 2042.17 1807.43 5360.18 2535.05 723.217 2810.73 2186.35 1554.58
internal_count=274036 132424 141612 54981 77443 13179 61282 80330 41802 12396 3853 25032 40904 29429
is_linear=0
shrinkage=0.03


Tree=45
num_leaves=15
num_cat=0
split_feature=7 7 7 7 7 10 7 7 7 7 3 4 3 3
split_gain=1713.48 270.028 132.419 59.5958 37.8804 19.708 11.1574 10.9367 10.4407 7.14323 8.44234 6.76796 6.63057 6.50848
threshold=0.032532465394676212 0.1185369858508937 0.01240987691140401 0.28159744191396641 0.055512139592022204 0.26520268686840837 0.021910014734660515 0.0058871222594964329 0.20287913452745662 0.086390984872955698 0.073616688305191719 0.39444444444444454 0.0620629284754265 0.055912091836689333
decision_type=2 2 2 2 2 2 2 2 2 2 2 2 2 2
left_child=2 4 7 8 11 -5 -4 -1 -3 -6 12 -2 13 -11
right_child=1 3 6 5 9 -7 -8 -9 -10 10 -12 -13 -14 -15
leaf_value=-0.027222567060583961 -0.0073694384477688271 0.0053506646213845608 -0.014968332026499668 0.010063971878951354 -4.9130350979617974e-05 0.015953306895380111 -0.0098065495227937921 -0.020781304285338278 0.0081229707327071105 0.010566525829509035 0.0012505142943188272 -0.0030017830311475382 0.0098950510082389202 0.00035790951378210562
leaf_weight=906.11678872443736 433.98927010595798 3476.0107651501894 951.76604730077088 1931.2767961323261 1765.8471505753696 794.83670057356358 882.16125104390085 859.95768463984132 2062.426078081131 59.039859682321548 1165.3918052613735 1271.681375682354 203.31454245746136 238.06527052074671
leaf_count=43464 8693 30339 32598 9709 26169 3387 24143 36866 13013 718 13768 25942 2350 2877
internal_value=-7.14168e-05 0.00486787 -0.018403 0.00822037 -0.000533619 0.011859 -0.0125851 -0.0242875 0.00640218 0.00128291 0.00268278 -0.00416764 0.00588482 0.00279687
internal_weight=17001.9 13401.9 3600 8264.55 5137.33 2726.11 1833.93 1766.07 5538.44 3431.66 1665.81 1705.67 500.42 297.105
internal_count=274036 136965 137071 56448 80517 13096 56741 80330 43352 45882 19713 34635 5945 3595
is_linear=0
shrinkage=0.03


Tree=46
num_leaves=15
num_cat=0
split_feature=7 6 7 6 7 8 7 7 7 3 3 10 4 4
split_gain=1635.83 253.176 131.66 54.4642 37.5113 22.3217 11.269 10.9203 7.37079 7.52085 7.17752 7.08891 8.64923 6.47046
threshold=0.032532465394676212 1.8794359129669858 0.01240987691140401 1.1785366391390579 0.055512139592022204 0.53527908367973165 0.0058871222594964329 0.021910014734660515 0.086390984872955698 0.073616688305191719 0.0620629284754265 0.21921974254136883 0.16025641025641027 0.39444444444444454
decision_type=2 2 2 2 2 2 2 2 2 2 2 2 2 2
left_child=2 3 6 5 13 11 -1 -4 -6 10 -10 -2 -13 -3
right_child=1 4 7 -5 8 -7 -8 -9 9 -11 -12 12 -14 -15
leaf_value=-0.027116205303712639 0.0087275952698507089 -0.0072021748518045839 -0.014732008959351797 0.0058364417595926565 -4.7670680242801177e-05 0.019860541717879633 -0.020570850916090028 -0.0096037439708179725 0.0025052493027562703 0.0014167197420061593 0.0097233701497027973 0.01274925381211966 0.0051425555785501835 -0.0029206502352106607
leaf_weight=882.79241936653852 1898.5455476343632 431.13836104050279 938.46653398685157 4611.9937467053533 1765.7731360383332 231.30925637483597 843.10263345204294 874.20530534908175 302.92576082795858 1293.2685815617442 213.72070311009884 1234.4517618566751 182.39182375371456 1268.2665642015636
leaf_count=43464 10231 8693 32598 37203 26169 936 36866 24143 3652 15088 2440 5632 979 25942
internal_value=-7.13838e-05 0.00471196 -0.0181741 0.00801869 -0.000410609 0.0108199 -0.0241236 -0.0123579 0.00133372 0.00267074 0.00568126 0.0101025 0.0118342 -0.00406038
internal_weight=16972.4 13433.8 3538.57 8158.69 5275.09 3546.7 1725.9 1812.67 3575.69 1809.92 516.646 3315.39 1416.84 1699.4
internal_count=274036 136965 137071 54981 81984 17778 80330 56741 47349 21180 6092 16842 6611 34635
is_linear=0
shrinkage=0.03


Tree=47
num_leaves=15
num_cat=0
split_feature=6 6 6 6 6 6 9 6 6 5 9 6 9 4
split_gain=1559.11 221.197 148.752 46.8152 37.0292 16.1236 12.7251 12.0198 9.80755 9.04699 11.0077 7.23611 6.55355 6.23939
threshold=3.1245627302238765 1.6581827230727291 4.1689878061477064 2.3369748506914587 0.71754226264466137 3.4672959664678489 1.7165391499882074 4.7591779066044522 1.3479888099339705 11.500000000000002 1.9916262844249777 2.7819152571143779 2.4246864496311145 0.39444444444444454
decision_type=2 2 2 2 2 2 2 2 2 2 2 2 2 2
left_child=1 4 5 -3 6 -2 -1 12 9 -6 -11 -5 -4 -13
right_child=2 3 7 11 8 -7 -8 -9 -10 10 -12 13 -14 -15
leaf_value=0.015986621534880861 -0.0081372856471953782 0.0029638029116889398 -0.020080161660845398 -0.00093621051384213966 0.0056369531874569251 -0.013960066643212882 0.0092521147843302055 -0.026508104810102767 0.0057185753251696768 0.011961455324536012 0.0076681716539376416 -0.0081976630387189751 0.00017325866858223951 -0.0027596478961629638
leaf_weight=698.99294319748878 812.51128545403481 3688.0136012509465 662.83241981454194 1711.9385652765632 885.94165478646755 1172.3800903428346 531.81087419390678 1000.8168978933245 2118.9317229986191 965.06128452718258 1588.1235070675611 242.06519883871078 14.429396189749239 849.43540262803435
leaf_count=2923 21129 40934 29096 27820 4995 40557 2397 50281 16592 5306 9342 4964 549 17151
internal_value=-7.11405e-05 0.00471117 -0.0173582 0.000747774 0.00849093 -0.0116554 0.0132232 -0.0239406 0.00741022 0.00842313 0.00935135 -0.00216774 -0.0196542 -0.00406043
internal_weight=16943.3 13280.3 3662.97 6491.45 6788.86 1984.89 1230.8 1678.08 5558.06 3439.13 2553.18 2803.44 677.262 1091.5
internal_count=274036 132424 141612 90869 41555 61686 5320 79926 36235 19643 14648 49935 29645 22115
is_linear=0
shrinkage=0.03


Tree=48
num_leaves=15
num_cat=0
split_feature=6 6 6 6 6 6 6 9 6 6 4 9 3 3
split_gain=1487.19 207.005 147.566 44.1981 34.9715 15.6987 12.3113 11.9695 9.21018 8.75439 8.06774 6.41154 5.33256 5.45375
threshold=3.1245627302238765 1.6581827230727291 4.1689878061477064 2.5376494037109896 0.71754226264466137 3.4672959664678489 4.7591779066044522 1.7165391499882074 1.1785366391390579 2.1690373735723498 0.36038961038961043 2.4246864496311145 0.05753480616479878 0.049658635186547062
decision_type=2 2 2 2 2 2 2 2 2 2 2 2 2 2
left_child=1 4 5 9 7 -2 11 -1 -6 10 -3 -4 13 -5
right_child=2 3 6 12 8 -7 -8 -9 -10 -11 -12 -13 -14 -15
leaf_value=0.015475228382144639 -0.00795676230523998 0.0026325673018458219 -0.019865159964789651 -0.0030061136160844928 0.0086343259309128798 -0.013726050007074841 -0.026387647616754609 0.0089553212001534498 0.0060601721582744135 0.00050711883796286184 0.0070370422169668276 0.00017069694758525307 -0.0055404907843906431 0.0013088125156260823
leaf_weight=700.89506812393665 806.45057290419936 2550.546402849257 650.25964732654393 1125.2153799943626 2339.7556802779436 1157.0866175387055 975.67285393178463 533.42485044896603 3242.0211928337812 1522.2037348598242 434.791883058846 14.431761316955088 528.71696954593062 333.41932600364089
leaf_count=2923 21129 26860 29096 21977 12458 40557 50281 2397 23777 21112 4714 549 9998 6208
internal_value=-7.09832e-05 0.0045606 -0.0171257 0.00072423 0.00820656 -0.0114348 -0.0237724 0.0127989 0.00715945 0.00236564 0.00330602 -0.019436 -0.00298852 -0.00201651
internal_weight=16914.9 13311 3603.9 6494.89 6816.1 1963.54 1640.36 1234.32 5581.78 4507.54 2985.34 664.691 1987.35 1458.63
internal_count=274036 132424 141612 90869 41555 61686 79926 5320 36235 52686 31574 29645 38183 28185
is_linear=0
shrinkage=0.03


Tree=49
num_leaves=15
num_cat=0
split_feature=7 7 7 7 7 10 7 7 10 7 4 4 10 9
split_gain=1423.53 208.523 128.942 46.5923 30.2908 17.2706 12.3032 10.3459 9.8898 8.11012 6.00048 5.73325 8.22545 5.5282
threshold=0.032532465394676212 0.1185369858508937 0.01240987691140401 0.28159744191396641 0.055512139592022204 0.34890365439959597 0.0058871222594964329 0.021910014734660515 0.19450083610091426 0.20287913452745662 0.39444444444444454 0.13809523809523813 0.15978463845106011 1.965470236448692
decision_type=2 2 2 2 2 2 2 2 2 2 2 2 2 2
left_child=2 4 6 9 10 8 -1 -4 13 -3 -2 12 -11 -5
right_child=1 3 7 5 -6 -7 -8 -9 -10 11 -12 -13 -14 -15
leaf_value=-0.026792285500815329 -0.0068166365962214464 0.0046717772647694436 -0.014044023050909194 0.00095099112861567929 0.0011231117863450234 0.019034659466182376 -0.019923863584359967 -0.0089969474741361365 0.010832437735510479 0.0059860718584726245 -0.0026727540995411013 0.0046601971713697158 0.010843187460117917 0.0076775025576678278
leaf_weight=817.51603948138654 424.68226272985339 3527.4007384777069 901.63707157038152 139.6216784119606 3445.9768192023039 194.13663358986378 794.83595205284655 851.13628449849784 1834.6741606295109 794.63795298337936 1257.8928137272596 683.79997517168522 620.97180320322514 598.10329429805279
leaf_count=43464 8693 30339 32598 725 45882 781 36866 24143 8470 5032 25942 4276 3705 3120
internal_value=-7.08973e-05 0.00427776 -0.0174863 0.0071857 -0.000488421 0.0103797 -0.0236212 -0.0116903 0.00961994 0.00559189 -0.00376966 0.00709373 0.00820805 0.00644876
internal_weight=16887 13521.9 3365.13 8393.35 5128.55 2766.54 1612.35 1752.77 2572.4 5626.81 1682.58 2099.41 1415.61 737.725
internal_count=274036 136965 137071 56448 80517 13096 80330 56741 12315 43352 34635 13013 8737 3845
is_linear=0
shrinkage=0.03


Tree=50
num_leaves=15
num_cat=0
split_feature=7 6 7 6 7 8 7 7 6 10 9 7 3 3
split_gain=1358.69 195.829 127.914 42.4687 29.9463 16.3126 12.6113 10.0983 7.28998 5.93074 6.40599 5.86072 7.02722 6.56913
threshold=0.032532465394676212 1.8794359129669858 0.01240987691140401 1.0471650770867933 0.055512139592022204 0.49251446170600338 0.0058871222594964329 0.021910014734660515 1.4928409688502451 0.19450083610091426 1.965470236448692 0.086390984872955698 0.073616688305191719 0.0620629284754265
decision_type=2 2 2 2 2 2 2 2 2 2 2 2 2 2
left_child=2 3 6 5 -3 9 -1 -4 -5 10 -2 -6 13 -13
right_child=1 4 7 8 11 -7 -8 -9 -10 -11 -12 12 -14 -15
leaf_value=-0.0266798175847149 0.00062056809181021118 -0.0036714253959864327 -0.013811123591696348 0.0064894409122676746 -6.7150105905519156e-05 0.015791654014072828 -0.019707763224986768 -0.0088046394473705134 0.0042303141711221926 0.010044542517304281 0.007812038923787833 0.0022232606162132661 0.0011457962115430896 0.0090744466537095864
leaf_weight=796.7113327216357 139.40700222551823 1676.9754970781505 889.77063125185668 2946.9033383727074 1766.6934847533703 394.87536823749542 779.83757332339883 844.07080383971334 2543.8620949313045 1654.1132673919201 601.71812726557255 305.22340002655983 1302.50895088166 216.91371083259583
leaf_count=43464 724 34635 32598 19195 26169 1599 36866 24143 22607 7727 3129 3652 15088 2440
internal_value=-7.0428e-05 0.00414267 -0.0172553 0.00701524 -0.000379606 0.0100359 -0.0234493 -0.0114703 0.00545717 0.0089946 0.00649846 0.00116639 0.00235155 0.00524341
internal_weight=16859.6 13549.2 3310.39 8280.88 5268.32 2790.11 1576.55 1733.84 5490.77 2395.24 741.125 3591.34 1824.65 522.137
internal_count=274036 136965 137071 54981 81984 13179 80330 56741 41802 11580 3853 47349 21180 6092
is_linear=0
shrinkage=0.03


Tree=51
num_leaves=15
num_cat=0
split_feature=7 6 11 6 6 7 8 6 7 3 3 7 11 8
split_gain=1296.69 183.341 127.12 39.9703 28.3422 16.6777 15.5248 6.80733 5.56517 5.04969 5.00999 6.19947 5.94861 4.61277
threshold=0.032532465394676212 1.8794359129669858 -3.4274191881169513 1.0471650770867933 2.5376494037109896 0.018178758054825953 0.49251446170600338 1.4928409688502451 0.0058871222594964329 0.15190049273145567 0.05753480616479878 0.053758613082702376 -1.6209678116408532 0.19901073751732082
decision_type=2 2 2 2 2 2 2 2 2 2 2 2 2 2
left_child=2 3 8 6 -3 -4 -2 9 -1 -5 11 -6 -13 -11
right_child=1 4 5 7 10 -7 -8 -9 -10 13 -12 12 -14 -15
leaf_value=-0.026594389146593293 0.0086977688293689431 0.0014603479202703127 -0.015402058308928148 0.0081092881470920079 -0.0030889637588964558 -0.0093852274089939857 0.015319012666864008 0.0040912234028367377 -0.020171069946456687 -1.4222279834238603e-05 -0.0054816508825685133 0.0068177724387916971 -0.0012947869102062479 0.0057090291769183619
leaf_weight=774.68352138623595 2403.5392616838217 3113.1803327351809 786.95614271238446 969.02993322908878 1271.0105587467551 1139.6488407868892 395.30284231901169 2551.8226997703314 555.93151583895087 135.88279263675213 539.55119589343667 106.30073634535074 235.99650521576405 1853.7249537408352
leaf_count=43371 11580 39260 31666 6532 26495 34858 1599 22607 27176 1003 10399 1813 4017 11660
internal_value=-6.99746e-05 0.00401219 -0.0170239 0.00678363 -0.00036774 -0.0119429 0.00970962 0.00527516 -0.0241655 0.00627052 -0.00300309 -0.00213131 0.00140503 0.00532097
internal_weight=16832.6 13575.3 3257.22 8309.3 5266.04 1926.6 2798.84 5510.46 1330.62 2958.64 2152.86 1613.31 342.297 1989.61
internal_count=274036 136965 137071 54981 81984 66524 13179 41802 70547 19195 42724 32325 5830 12663
is_linear=0
shrinkage=0.03


Tree=52
num_leaves=15
num_cat=0
split_feature=6 6 11 6 6 6 6 12 10 6 4 6 11 9
split_gain=1231.8 159.83 143.059 35.039 28.2963 19.6459 10.8604 7.3708 7.31052 5.67837 5.77215 5.38026 5.3325 6.3549
threshold=3.1245627302238765 1.6581827230727291 -3.4274191881169513 2.3369748506914587 0.55920745798214477 3.6014124977339228 1.1785366391390579 2.249904835165133 0.36486195457532639 2.7819152571143779 0.39444444444444454 4.8445806323270011 -1.6209678116408532 1.9003209804924526
decision_type=2 2 2 2 2 2 2 2 2 2 2 2 2 2
left_child=1 4 11 12 8 7 -6 -4 -1 -5 -11 -2 -3 -14
right_child=2 3 5 9 6 -7 -8 -9 -10 10 -12 -13 13 -15
leaf_value=0.010859144023215155 -0.019698750266042044 -0.0024972629038759343 -0.0093221706143452251 -0.00081947805661162945 0.0078729426381977507 -0.014107516260722786 0.005297251461841678 -0.0028128802059495259 0.019579371600603777 -0.0076220131489897836 -0.0023543914010238638 -0.026227613890336739 0.0050390152399617484 0.0020527072241770536
leaf_weight=508.49108870327473 493.22918414138258 169.79137399792671 811.59519820660353 1705.7693988718092 2973.7135675102472 1059.84250953421 3291.0091163516045 213.55083266086876 140.45522780716419 236.32537790760398 838.18319002538919 807.13255663774908 845.86023572087288 2711.5825018212199
leaf_count=2102 24349 2214 22946 27820 15114 41813 23777 6306 562 4964 17151 46198 9038 29682
internal_value=-6.99117e-05 0.0040123 -0.0162001 0.000634545 0.00718336 -0.0111962 0.00653576 -0.00802632 0.0131462 -0.00190838 -0.00360193 -0.0240041 0.00253145 0.00278094
internal_weight=16806.5 13421.2 3385.35 6507.51 6913.67 2084.99 6264.72 1025.15 648.946 2780.28 1074.51 1300.36 3727.23 3557.44
internal_count=274036 132424 141612 90869 41555 71065 38891 29252 2664 49935 22115 70547 40934 38720
is_linear=0
shrinkage=0.03


Tree=53
num_leaves=15
num_cat=0
split_feature=7 7 11 7 8 7 7 10 5 7 7 11 9 11
split_gain=1181.33 161.246 125.064 43.9094 19.5805 17.0108 16.0735 9.07259 6.38819 10.5956 6.096 6.0091 5.23147 5.04793
threshold=0.032532465394676212 0.10338973583053314 -3.4274191881169513 0.22062071035209826 0.53527908367973165 0.055512139592022204 0.018178758054825953 0.13690694504087117 11.500000000000002 0.32857703503637076 0.0058871222594964329 -0.79191266828868678 2.2976202650879833 -1.2769777946146632
decision_type=2 2 2 2 2 2 2 2 2 2 2 2 2 2
left_child=2 5 10 13 7 -2 -4 -5 9 -9 -1 -7 -13 -3
right_child=1 3 6 4 -6 11 -8 8 -10 -11 -12 12 -14 -15
leaf_value=-0.026363426773125819 -0.0033947497349011689 -1.4953381057228683e-05 -0.014950670588342197 0.00010375993911977215 0.016543852503993366 7.575605851843627e-05 -0.0089882247780528127 0.0029148453339368726 0.0087460936390186227 0.0088167654379223605 -0.019742959215729501 0.011959153815355896 0.0013941396261677825 0.0042870180494625496
leaf_weight=736.20275926031172 1661.3499606996775 258.60842234641314 765.21638770215213 138.00887788832188 236.60010248422623 2482.1628632284701 1119.8705767635256 576.37272365391254 2771.3627057373524 547.96899430453777 534.76176548562944 57.934443481266499 111.12040719762444 4783.5877958387136
leaf_count=43371 34635 2699 31666 884 965 35085 34858 3228 14283 2436 27176 684 1359 40707
internal_value=-6.9898e-05 0.0037646 -0.0165634 0.00598262 0.00822237 -0.00102911 -0.0115075 0.00767478 0.00794157 0.00586946 -0.0238406 0.000464043 0.0056943 0.00406698
internal_weight=16781.1 13625.1 3156.05 9312.51 4270.31 4312.57 1885.09 4033.71 3895.7 1124.34 1270.96 2651.22 169.055 5042.2
internal_count=274036 136965 137071 65202 21796 71763 66524 20831 19947 5664 70547 37128 2043 43406
is_linear=0
shrinkage=0.03


Tree=54
num_leaves=15
num_cat=0
split_feature=7 6 7 6 7 10 7 7 10 4 4 6 9 6
split_gain=1127.16 151.548 124.023 40.127 17.5449 17.1158 13.5613 9.09717 6.40025 6.53652 5.64847 5.38513 5.37331 4.65589
threshold=0.032532465394676212 2.0081915103761951 0.01240987691140401 1.1785366391390579 0.055512139592022204 0.36486195457532639 0.0058871222594964329 0.021910014734660515 0.21921974254136883 0.16025641025641027 0.39444444444444454 1.5789255615152133 2.4246864496311145 2.9882008347154687
decision_type=2 2 2 2 2 2 2 2 2 2 2 2 2 2
left_child=2 3 6 5 10 8 -1 -4 -2 -10 13 -5 -8 -3
right_child=1 4 7 11 -6 -7 12 -9 9 -11 -12 -13 -14 -15
leaf_value=-0.026214228512167866 0.0065589449692701664 -0.0043808907277699191 -0.012868275659770822 0.0051689865191860635 0.00056892922867875576 0.01806434301808945 -0.019241452357251099 -0.0080405041228662367 0.010061162623585541 0.0036585736011841624 -0.0022409695865041983 0.0032479764296886003 -0.00061572705722843829 -0.01238311854078052
leaf_weight=719.43283954635262 1959.1521629691124 336.72882617637515 844.53921623900533 2766.9383347034454 2835.0338996015489 148.6274042725563 711.10129382275045 817.04105621762574 1351.0425208359957 185.78662538528442 1240.2408190518618 2745.7837432175875 15.241271879523991 79.322604071348906
leaf_count=43464 10231 6781 32598 19312 39261 603 36219 24143 5972 972 25942 25979 647 1912
internal_value=-6.94142e-05 0.00364684 -0.0163317 0.00585778 -0.000865535 0.00830218 -0.0227567 -0.0105875 0.00781175 0.00933 -0.00330394 0.00422358 -0.018871 -0.00628439
internal_weight=16756 13648.7 3107.36 9157.33 4491.33 3644.61 1445.78 1661.58 3495.98 1536.83 1656.29 5512.72 726.343 416.051
internal_count=274036 136965 137071 63069 73896 17778 80330 56741 17175 6944 34635 45291 36866 8693
is_linear=0
shrinkage=0.03


Tree=55
num_leaves=15
num_cat=0
split_feature=7 6 7 6 7 10 7 7 10 4 4 9 6 9
split_gain=1075.27 142.149 122.684 37.7419 16.6065 16.359 13.8281 8.85015 6.03975 6.10673 5.41372 5.24899 5.03327 4.53314
threshold=0.032532465394676212 2.0081915103761951 0.01240987691140401 1.1785366391390579 0.055512139592022204 0.36486195457532639 0.0058871222594964329 0.021910014734660515 0.21921974254136883 0.16025641025641027 0.39444444444444454 2.4246864496311145 1.5789255615152133 1.809077832229
decision_type=2 2 2 2 2 2 2 2 2 2 2 2 2 2
left_child=2 3 6 5 10 8 -1 -4 13 -10 -3 -8 -5 -2
right_child=1 4 7 12 -6 -7 11 -9 9 -11 -12 -13 -14 -15
leaf_value=-0.026093172109964695 0.0011002041472244488 -0.0061454547828836935 -0.012641709075584638 0.0049978208088669604 0.0005516844785199887 0.01757517780944079 -0.019022325716933047 -0.0078620068739618885 0.0097359439821973152 0.00355125878422171 -0.0021789402324235872 -0.00060659960071475201 0.0031432545366131197 0.0067473807734702825
leaf_weight=701.42945284768939 144.46273839473724 413.84104163572192 834.3102313503623 2776.2197473198175 2836.3899608850479 148.5990504771471 698.08487867936492 810.95722244307399 1354.7312829494476 186.1071699410677 1237.7465309053659 15.232345895841716 2752.5406433716416 1820.7959078550339
leaf_count=43464 744 8693 32598 19312 39261 603 36219 24143 5972 972 25942 647 25979 9487
internal_value=-6.94338e-05 0.00353229 -0.0160998 0.00566796 -0.000842113 0.00803537 -0.0225752 -0.0103781 0.00755789 0.00903038 -0.0032192 -0.0186497 0.00408551 0.00634374
internal_weight=16731.4 13671.4 3060.01 9183.46 4487.98 3654.7 1414.75 1645.27 3506.1 1540.84 1651.59 713.317 5528.76 1965.26
internal_count=274036 136965 137071 63069 73896 17778 80330 56741 17175 6944 34635 36866 45291 10231
is_linear=0
shrinkage=0.03


Tree=56
num_leaves=15
num_cat=0
split_feature=6 6 11 6 6 6 10 6 6 3 8 11 8 10
split_gain=1019.94 133.835 124.578 29.5914 21.9185 14.3036 12.7868 6.71392 6.24016 5.57964 6.39946 5.03942 6.15186 4.91091
threshold=3.1925297413228297 1.8794359129669858 -3.4274191881169513 0.97438160901886006 2.5376494037109896 3.7784909597419731 0.36486195457532639 1.3479888099339705 4.8445806323270011 0.15190049273145567 0.28179657685782783 -2.1163955904443141 0.41703437195795318 0.16883184509694052
decision_type=2 2 2 2 2 2 2 2 2 2 2 2 2 2
left_child=1 3 8 6 -3 -4 13 9 -2 10 -5 -6 -13 -1
right_child=2 4 5 7 11 -7 -8 -9 -10 -11 -12 12 -14 -15
leaf_value=0.0012560570578737038 -0.018854472727664811 0.0012502201519266607 -0.0083642680706841107 0.0041358677428836067 -0.0051091006357078259 -0.014065906133777822 0.017145662395086369 0.0037644134464639191 -0.025730374300481786 0.0050609403166024126 0.011634379275014244 -0.0021831807006604878 0.0066846796197334284 0.0082174157129124049
leaf_weight=101.35901644825935 458.60934603773057 3130.2664625048637 1100.4170443285257 192.85407336056232 557.92433854937553 736.06090104952455 143.20832954347134 3624.4762121513486 730.29353607818484 1917.809115037322 283.69173514842987 1498.8839456103742 59.502109967172146 2171.9235991090536
leaf_count=526 24349 39260 35061 1178 12188 31743 575 30018 46198 11160 1664 29220 1036 9860
internal_value=-6.91038e-05 0.0034201 -0.0157876 0.00575678 -0.000342466 -0.0107449 0.0085666 0.00461018 -0.023346 0.00585907 0.00881861 -0.00269045 -0.00178409 0.0079173
internal_weight=16707.3 13681.9 3025.38 8435.32 5246.58 1836.48 2416.49 6018.83 1188.9 2394.35 476.546 2116.31 1558.39 2273.28
internal_count=274036 136685 137351 54981 81704 66804 10961 44020 70547 14002 2842 42444 30256 10386
is_linear=0
shrinkage=0.03


Tree=57
num_leaves=15
num_cat=0
split_feature=7 7 11 7 8 7 7 10 7 4 11 4 10 10
split_gain=978.569 125.355 120.887 34.3856 16.6613 14.7025 13.7296 7.98767 6.97112 6.84071 6.20307 5.74671 5.48013 5.39045
threshold=0.032532465394676212 0.10338973583053314 -3.4274191881169513 0.22062071035209826 0.5268858976673908 0.018178758054825953 0.04877635246685396 0.13690694504087117 0.0058871222594964329 0.14835164835164838 -0.79191266828868678 0.39444444444444454 0.10816527891474269 0.21921974254136883
decision_type=2 2 2 2 2 2 2 2 2 2 2 2 2 2
left_child=2 6 8 -3 7 -4 11 -5 -1 13 12 -2 -8 -9
right_child=1 3 5 4 -6 -7 10 9 -10 -11 -12 -13 -14 -15
leaf_value=-0.025879657474470442 -0.0076684811048537268 0.0035656844910227246 -0.014023408139299833 -0.00033901633171393083 0.014241901794032112 -0.0082121200443447933 -0.0079231480160713331 0.0064049523624230466 -0.018901929330622295 0.0034234608700663806 0.0054597288965941458 -0.0025165561303292783 1.4289745924372213e-05 0.0090688135162155809
leaf_weight=665.49558124877512 240.05180015042424 5097.2486098483205 723.86150856129825 139.38622307777405 281.22803777456284 1083.0096155423671 65.483978383243084 2173.9888359606266 497.19729778543115 480.03331600129604 170.07517325505614 960.9765698350966 2861.9136491529644 1243.832883939147
leaf_count=43371 5281 43406 31666 884 1148 34858 1059 11514 27176 2712 2043 20707 42673 5538
internal_value=-6.84202e-05 0.00331616 -0.0156374 0.0052516 0.00722233 -0.0106365 -0.000926875 0.00668244 -0.0231746 0.00693387 0.000132976 -0.00362817 -0.000202752 0.00740979
internal_weight=16683.8 13714.2 2969.56 9415.72 4318.47 1806.87 4298.5 4037.24 1162.69 3897.86 3097.47 1201.03 2927.4 3417.82
internal_count=274036 136965 137071 65202 21796 66524 71763 20648 70547 19764 45775 25988 43732 17052
is_linear=0
shrinkage=0.03


Tree=58
num_leaves=15
num_cat=0
split_feature=7 11 7 7 6 7 7 7 5 10 10 3 3 7
split_gain=933.245 119.589 118.271 27.6467 21.8781 14.3237 7.72459 7.19591 7.09264 9.43261 6.09113 4.99852 6.81886 5.55846
threshold=0.032532465394676212 -3.4274191881169513 0.14680196563243927 0.06579667573706377 0.55920745798214477 0.018178758054825953 0.22062071035209826 0.0058871222594964329 11.500000000000002 0.13690694504087117 0.36486195457532639 0.05753480616479878 0.049658635186547062 0.055512139592022204
decision_type=2 2 2 2 2 2 2 2 2 2 2 2 2 2
left_child=1 7 3 11 10 -3 -6 -1 -8 -10 -4 12 -2 -14
right_child=2 5 4 -5 6 -7 8 -9 9 -11 -12 -13 13 -15
leaf_value=-0.025753709607370622 -0.0025235001653415991 -0.013793397609907601 0.0090551037203192714 0.001713658809377438 0.0041050936690807758 -0.0080306378248698549 0.0039588366564559212 -0.018683522775916561 -0.00054930615040871245 0.0074501687633898748 0.016851756003248869 -0.0046334993141095796 -0.00062680904152534629 0.006789081628398798
leaf_weight=649.01052077114582 1292.1356459632516 714.25119320861995 512.63891611993313 4176.40466754511 2932.7707864791155 1074.7258789483458 993.4348000138998 488.23097013495862 137.81908769905567 2545.4776327461004 139.89925104379654 626.11314698681235 252.64898175373673 125.2122826166451
leaf_count=43371 26432 31666 2102 47996 21728 34858 5087 27176 874 13171 562 11876 5144 1993
internal_value=-6.84812e-05 -0.0154062 0.00321254 0.000261677 0.00583662 -0.010427 0.00529627 -0.0230011 0.00622588 0.00703853 0.0110678 -0.00237332 -0.00149223 0.00199599
internal_weight=16660.8 2926.22 13734.6 6472.51 7262.04 1788.98 6609.5 1137.24 3676.73 2683.3 652.538 2296.11 1670 377.861
internal_count=274036 137071 136965 93441 43524 66524 40860 70547 19132 14045 2664 45445 33569 7137
is_linear=0
shrinkage=0.03


Tree=59
num_leaves=15
num_cat=0
split_feature=6 6 11 6 6 8 10 5 6 11 10 3 11 6
split_gain=890.935 149.985 72.3465 36.2043 21.482 17.2067 7.55821 7.68683 5.68376 5.26503 5.22474 5.0622 4.50944 4.2754
threshold=3.4672959664678489 2.1690373735723498 -3.4680068003425504 1.3479888099339705 2.9882008347154687 0.53527908367973165 0.21921974254136883 11.500000000000002 4.7591779066044522 -1.6209678116408532 0.13808176879400566 0.033732823398682069 -0.79191266828868678 4.1689878061477064
decision_type=2 2 2 2 2 2 2 2 2 2 2 2 2 2
left_child=1 3 8 5 12 6 7 -1 -2 -5 -9 -6 -3 -4
right_child=2 4 13 9 11 -7 -8 10 -10 -11 -12 -13 -14 -15
leaf_value=0.001832861222346193 -0.017729923797411878 -0.00088431845482244288 -0.010777374039443424 -0.0049543698698252927 -0.0019404498849562991 0.014279271055356067 0.0077976318328666968 0.0016148041722169222 -0.02507696767406874 0.0030774324150796063 0.0063455195715635534 -0.0066869970438415451 0.0068779852549643045 -0.0159678267420581
leaf_weight=531.2342344969511 338.6841807756573 3034.5039476044476 965.16328199207783 61.608350917696953 284.83837613835931 241.25321826338768 1642.3422452509403 245.75360710918903 733.39501520432532 5198.7572898864746 2187.3993902504444 845.06216859817505 54.011335700750351 274.39574021100998
leaf_count=2933 18862 49958 38061 763 7703 996 7668 1562 49613 47403 11804 22083 680 13947
internal_value=-6.80046e-05 0.00272563 -0.017288 0.0047065 -0.00202086 0.00657622 0.00612778 0.00516804 -0.0230326 0.00296955 0.00588053 -0.00553153 -0.000715986 -0.0121035
internal_weight=16638.4 14326.8 2311.64 10108.3 4218.42 4847.98 4606.73 2964.39 1072.08 5260.37 2433.15 1129.9 3088.52 1239.56
internal_count=274036 153553 120483 73129 80424 24963 23967 16299 68475 48166 13366 29786 50638 52008
is_linear=0
shrinkage=0.03


Tree=60
num_leaves=15
num_cat=0
split_feature=6 6 6 6 6 10 6 4 10 9 4 9 8 9
split_gain=851.669 140.805 70.5795 34.0259 20.4045 16.4236 11.1355 8.52185 8.26014 7.47355 7.20692 6.28291 5.93163 5.44043
threshold=3.4672959664678489 2.1690373735723498 4.7591779066044522 1.3479888099339705 2.9882008347154687 0.36486195457532639 3.9560394329797357 0.14835164835164838 0.21921974254136883 2.4246864496311145 0.39444444444444454 1.809077832229 0.29491495152228825 2.1841343131136015
decision_type=2 2 2 2 2 2 2 2 2 2 2 2 2 2
left_child=1 3 6 5 -3 7 -2 8 11 -8 -6 -1 -9 -13
right_child=2 4 -4 -5 10 -7 9 12 -10 -11 -12 13 -14 -15
leaf_value=-0.0012965274047373276 -0.010106111156612389 -0.00069410796362375318 -0.02482167910312125 0.0028738947392716913 -0.012232964869721256 0.015666278017466936 -0.016218403841989252 -0.0012680923156767503 0.0084281683389822795 0.0014104939190777953 -0.0044584168487030859 0.0064605423017432854 0.0046934261151048949 0.0027884796439924414
leaf_weight=112.89156512916088 733.0349029134959 3086.5008307062089 727.37620378658175 5271.9255889058113 113.82060384377837 155.97020111978054 794.00132481753826 215.61673727631569 1403.5832778215408 19.874648215249181 1010.3914040662348 2047.5722330212593 442.67846657335758 481.38803306221962
leaf_count=566 28555 50638 50281 48166 3011 651 40793 1298 6194 854 26775 10875 2501 2878
internal_value=-6.79793e-05 0.00264169 -0.0170613 0.00455599 -0.00196423 0.00636631 -0.013209 0.00600911 0.00652633 -0.0157702 -0.00539626 0.00547403 0.00275605 0.00578213
internal_weight=16616.6 14342.3 2274.29 10131.6 4210.71 4859.7 1546.91 4703.73 4045.44 813.876 1124.21 2641.85 658.295 2528.96
internal_count=274036 153553 120483 73129 80424 24963 70202 24312 20513 41647 29786 14319 3799 13753
is_linear=0
shrinkage=0.03


Tree=61
num_leaves=15
num_cat=0
split_feature=7 7 11 7 7 8 7 7 10 4 10 9 4 4
split_gain=813.022 120.914 86.8578 27.7852 18.0763 13.9765 7.86613 7.12026 6.53326 6.53467 5.19147 7.45464 5.17615 4.96428
threshold=0.02724131283028423 0.10011620054523108 -3.4274191881169513 0.22062071035209826 0.04877635246685396 0.53527908367973165 0.0058871222594964329 0.018178758054825953 0.13690694504087117 0.14835164835164838 0.21921974254136883 1.809077832229 0.39444444444444454 0.62019230769230782
decision_type=2 2 2 2 2 2 2 2 2 2 2 2 2 2
left_child=2 4 6 -3 12 8 -1 -4 -5 10 11 -10 -2 -14
right_child=1 3 7 5 -6 -7 -8 -9 9 -11 -12 -13 13 -15
leaf_value=-0.025370725910101716 -0.0077377325556913243 0.0031002095239532857 -0.013117881577486529 -0.00043663038778360598 1.2593750631367078e-05 0.013357984454578673 -0.018022121997473571 -0.0082782064346381846 -0.0017364767230193133 0.0027434343207948741 0.0081408880892229717 0.0060041481779870079 -0.002037309699443113 -0.0063760451324072947
leaf_weight=603.06362674571574 264.26660507917404 5332.1525359079242 687.3373184800148 139.69284334778786 2910.2484460696578 236.04485185444355 462.79586373828351 674.73488207533956 112.00922201573849 486.55973276495934 1297.9347462654114 2087.7334698587656 991.51819990947843 308.91681780666113
leaf_count=43371 6117 45599 31666 884 43582 965 27176 23838 561 2723 5710 10953 23202 7689
internal_value=-6.75667e-05 0.00268595 -0.0160523 0.00456698 -0.00138976 0.00634402 -0.0224744 -0.0108367 0.0058956 0.00611842 0.0065742 0.00560091 -0.0039734 -0.00312893
internal_weight=16595 14167.1 2427.93 9692.13 4474.95 4359.97 1065.86 1362.07 4123.93 3984.24 3497.68 2199.74 1564.7 1300.44
internal_count=274036 147985 126051 67395 80590 21796 70547 55504 20831 19947 17224 11514 37008 30891
is_linear=0
shrinkage=0.03


Tree=62
num_leaves=15
num_cat=0
split_feature=6 6 11 6 6 8 4 6 6 3 8 6 9 9
split_gain=777.957 124.662 70.8306 24.1538 23.7316 12.2153 6.91402 6.17156 5.47486 4.8229 5.22053 5.46441 4.77029 5.17075
threshold=3.4672959664678489 2.0081915103761951 -3.4680068003425504 1.1785366391390579 2.9882008347154687 0.53527908367973165 0.39444444444444454 4.7591779066044522 2.5376494037109896 0.05753480616479878 0.20907170956341639 2.8875862353714372 2.0874899894146641 2.1317095770198229
decision_type=2 2 2 2 2 2 2 2 2 2 2 2 2 2
left_child=1 3 7 5 8 12 -6 -2 -3 10 11 -10 -1 -14
right_child=2 4 -4 -5 6 -7 -8 -9 9 -11 -12 -13 13 -15
leaf_value=0.0064226419987147747 -0.01707602978095003 0.00069029658269653162 -0.011441216585445443 0.0032757015909612459 -0.01189943415791175 0.01302271197369306 -0.0042376817886233221 -0.024651359162514958 -0.0072914603255166219 -0.004090791928022329 0.00050583321632937056 0.0039448983437486134 -0.00071013813468340519 0.0052177815609926971
leaf_weight=2899.2309119105339 322.20987479388714 2366.2961492426693 1198.1445460943505 5624.1333266124129 111.74105805158615 231.0480460524559 1002.396737229079 682.37612273078412 149.97339543327689 467.13247903436422 894.39139192178845 40.438153836876154 191.11699204146862 393.51781412959099
leaf_count=13726 18862 31172 52008 45291 3011 936 26775 49613 2793 8944 16986 803 991 2125
internal_value=-6.76948e-05 0.00248195 -0.0166068 0.00453051 -0.00132193 0.00640939 -0.00515398 -0.0225086 -0.000216794 -0.00159324 -0.00047663 -0.00479135 0.00591685 0.00331066
internal_weight=16574.1 14371.4 2202.73 9339.05 5032.37 3714.91 1114.14 1004.59 3918.23 1551.94 1084.8 190.412 3483.87 584.635
internal_count=274036 153553 120483 63069 90484 17778 29786 68475 60698 29526 20582 3596 16842 3116
is_linear=0
shrinkage=0.03


Tree=63
num_leaves=15
num_cat=0
split_feature=6 7 11 6 7 10 10 7 10 7 9 10 3 3
split_gain=743.18 118.117 70.2176 24.977 20.4235 14.6349 7.0574 6.82622 4.79088 4.6919 5.23473 3.63158 4.30059 5.27684
threshold=3.4672959664678489 0.10011620054523108 -3.4680068003425504 1.3479888099339705 0.04877635246685396 0.36486195457532639 0.22320469459570383 0.0058871222594964329 0.28067672134826954 0.01240987691140401 2.4246864496311145 0.36486195457532639 0.086862864315802618 0.07701055138646222
decision_type=2 2 2 2 2 2 2 2 2 2 2 2 2 2
left_child=1 4 7 5 -1 6 -3 -2 -5 10 -4 12 13 -6
right_child=2 3 9 8 11 -7 -8 -9 -10 -11 -12 -13 -14 -15
leaf_value=-0.0040772223003410473 -0.025098320116715474 0.004573687142688008 -0.016149819939355381 0.0029820712404534586 0.00021178935637064208 0.014570732542619671 0.0070831739098493182 -0.017696694921845082 -0.00091511780742864165 -0.0098630572150137132 0.0012081922736832385 -0.0067100564974566755 0.003870285420122127 -0.0047696752216963645
leaf_weight=1742.4741547703743 573.73801990784705 3097.4066783338785 249.69965228252113 4546.9220701977611 2417.3535526283085 155.69582916796207 1637.523217484355 409.41733214166015 296.1627783626318 920.97809656150639 14.484670663252471 55.463531494140625 244.1024969369173 192.75038115307689
leaf_count=42576 43322 16810 13520 39720 36677 651 7502 25153 2712 37811 677 857 3317 2731
internal_value=-6.77561e-05 0.00240509 -0.0163778 0.00428228 -0.00152371 0.00579487 0.00546119 -0.0223283 0.00274166 -0.0112242 -0.0151843 1.85426e-05 0.00018369 -0.000181233
internal_weight=16554.2 14385.9 2168.32 9733.71 4652.14 4890.63 4734.93 983.155 4843.08 1185.16 264.184 2909.67 2854.21 2610.1
internal_count=274036 153553 120483 67395 86158 24963 24312 68475 42432 52008 14197 43582 42725 39408
is_linear=0
shrinkage=0.03


Tree=64
num_leaves=15
num_cat=0
split_feature=6 7 11 6 6 10 4 7 9 4 8 7 9 10
split_gain=710.084 110.947 69.5291 23.4804 19.4413 13.9508 7.48199 7.03411 6.8336 6.75769 5.40469 4.63001 5.09088 4.49593
threshold=3.4672959664678489 0.10011620054523108 -3.4680068003425504 1.3479888099339705 2.9882008347154687 0.36486195457532639 0.14835164835164838 0.0041745393042925327 2.1841343131136015 0.39444444444444454 0.29491495152228825 0.01240987691140401 2.4246864496311145 0.28067672134826954
decision_type=2 2 2 2 2 2 2 2 2 2 2 2 2 2
left_child=1 4 7 5 -1 6 8 -2 -3 -6 -8 12 -4 -5
right_child=2 3 11 13 9 -7 10 -9 -10 -11 -12 -13 -14 -15
leaf_value=-0.00038989166366131748 -0.026510342745789089 0.0062206145696041713 -0.015928093686989303 0.0028865669386740254 -0.011630004056353734 0.014180232807436305 -0.0015508646951601754 -0.018899955035233711 0.00233154186733078 -0.0040230963484816171 0.004105292581400459 -0.0096619300793618686 0.0011897008691138654 -0.00088957092133068341
leaf_weight=3540.9592887982726 364.64826000854373 3596.0187029391527 245.84784420300275 4556.7835599929094 110.10590295493603 155.59846740961075 216.89266350865364 597.7126575242728 485.41619379818439 994.7480762116611 446.99365435540676 912.38903744518757 14.501405628398059 295.96199330687523
leaf_count=56372 28215 17635 13520 39720 3011 651 1298 40260 2878 26775 2501 37811 677 2712
internal_value=-6.78517e-05 0.00233113 -0.0161504 0.0041465 -0.00148123 0.00561148 0.00528672 -0.0221462 0.00576831 -0.0049268 0.00226398 -0.0110126 -0.0149618 0.00265423
internal_weight=16534.6 14399.5 2135.1 9753.67 4645.81 4900.92 4745.32 962.361 4081.43 1104.85 663.886 1172.74 260.349 4852.75
internal_count=274036 153553 120483 67395 86158 24963 24312 68475 20513 29786 3799 52008 14197 42432
is_linear=0
shrinkage=0.03


Tree=65
num_leaves=15
num_cat=0
split_feature=7 7 11 7 7 8 7 7 10 5 8 4 4 4
split_gain=676.144 93.9597 82.8848 21.886 14.8449 11.8032 8.72374 6.77105 5.69123 5.26916 7.01841 5.08227 4.79505 4.74642
threshold=0.02724131283028423 0.10011620054523108 -3.4274191881169513 0.22062071035209826 0.04877635246685396 0.5268858976673908 0.0058871222594964329 0.018178758054825953 0.13690694504087117 11.500000000000002 0.34286957099281451 0.19375000000000003 0.39444444444444454 0.62019230769230782
decision_type=2 2 2 2 2 2 2 2 2 2 2 2 2 2
left_child=2 4 6 -3 12 8 -1 -4 -5 10 -10 -12 -2 -14
right_child=1 3 7 5 -6 -7 -8 -9 9 -11 11 -13 13 -15
leaf_value=-0.024833866577526967 -0.0072515574219473083 0.0027193789879862039 -0.01228323227745157 -0.00071714764360818152 2.8445447058135631e-05 0.011487608410476271 -0.01711507070838383 -0.0075251689855851235 0.00080250312021496384 0.0060547968069312418 0.0069001963295855437 0.00032864527864027868 -0.0017228708768121219 -0.005983020918440757
leaf_weight=547.71747404895723 258.95773192867637 5377.4082631543279 656.60530641488731 140.57397302985191 2908.8408675082028 280.26882341504097 431.6785233784467 653.33582919277251 491.24425083398819 2838.5783236324787 510.19326739013195 134.6127362549305 981.35749856010079 304.15694747492671
leaf_count=43371 6117 45599 31666 884 43582 1148 27176 23838 2626 14173 2235 730 23202 7689
internal_value=-6.81289e-05 0.00237143 -0.0151446 0.00401533 -0.00123751 0.00558615 -0.0217412 -0.0100222 0.00514397 0.00535318 0.00354404 0.00556695 -0.00359913 -0.00278822
internal_weight=16515.5 14226.2 2289.34 9772.88 4453.31 4395.47 979.396 1309.94 4115.2 3974.63 1136.05 644.806 1544.47 1285.51
internal_count=274036 147985 126051 67395 80590 21796 70547 55504 20648 19764 5591 2965 37008 30891
is_linear=0
shrinkage=0.03


Tree=66
num_leaves=15
num_cat=0
split_feature=6 6 6 6 6 8 11 4 4 9 3 3 8 11
split_gain=648.182 97.7245 68.4451 23.8006 15.3853 12.59 10.4257 6.70634 6.46853 5.94693 5.13767 5.37848 4.90708 4.55653
threshold=3.4672959664678489 2.1690373735723498 4.7591779066044522 1.3479888099339705 2.9882008347154687 0.53527908367973165 -2.9355019112486889 0.14835164835164838 0.39444444444444454 2.1841343131136015 0.033732823398682069 0.036808124386421101 0.29491495152228825 -1.6209678116408532
decision_type=2 2 2 2 2 2 2 2 2 2 2 2 2 2
left_child=1 3 6 5 -3 7 -2 9 -6 -1 -8 -12 -9 -5
right_child=2 4 -4 13 8 -7 10 12 -10 -11 11 -13 -14 -15
leaf_value=0.0057867716874011772 -0.014086472151016651 -0.00058048051740673592 -0.02393776565255544 -0.0049766046591403056 -0.011307549892914361 0.011857055281440772 -0.010169006827505895 -0.001587133101356254 -0.0038212823273065513 0.0021604199909142203 0.0041592922234569146 -0.0066692664234130278 0.0037937391990816643 0.0024650209086271042
leaf_weight=3526.6826847344637 848.50491261482239 3075.8451444320381 632.3632943443954 61.659542188048363 108.19947672635317 240.38568551838398 421.41918575949967 217.05688881874084 987.64316714182496 486.90593622624874 47.157908786088228 122.25310899317265 448.5982324630022 5272.0076307356358
leaf_count=17293 45516 50638 50281 763 3011 996 17911 1298 26775 2878 1922 4853 2498 47403
internal_value=-6.81154e-05 0.00219046 -0.015697 0.00376391 -0.00167642 0.00526845 -0.011867 0.00489316 -0.00470316 0.00535653 -0.00840961 -0.00356185 0.00204283 0.00236528
internal_weight=16496.7 14425 2071.7 10253.3 4171.69 4919.63 1439.34 4679.24 1095.84 4013.59 590.83 169.411 665.655 5333.67
internal_count=274036 153553 120483 73129 80424 24963 70202 23967 29786 20171 24686 6775 3796 48166
is_linear=0
shrinkage=0.03


Tree=67
num_leaves=15
num_cat=0
split_feature=7 7 11 11 11 8 10 7 11 3 8 4 11 9
split_gain=616.465 94.5253 66.2055 23.4523 13.7695 13.5368 8.48349 7.86024 5.599 5.35927 8.06016 4.96375 6.47358 4.89592
threshold=0.02438220837967572 0.086390984872955698 -3.4680068003425504 -0.25671984684781396 -2.1163955904443141 0.43947506386041491 0.26868935724717152 0.0041745393042925327 -1.6209678116408532 0.032940281711368258 0.36061877803980896 0.36038961038961043 -2.3113065391434691 1.7486080662999435
decision_type=2 2 2 2 2 2 2 2 2 2 2 2 2 2
left_child=2 4 7 8 9 -5 -6 -1 -3 -2 -11 12 -12 -7
right_child=1 3 -4 5 6 13 -8 -9 -10 10 11 -13 -14 -15
leaf_value=-0.026199229952827315 0.001253399562803901 -0.0049386883180479327 -0.010415255036817858 0.0043584873728568221 -0.0011736641751156527 0.0099968208860529411 0.005957949766108063 -0.018230896179999824 0.0023042122804084087 -0.0095291097270570786 -0.013485075977460615 -0.0018306182184278891 -0.00096497344551529224 0.0036899881536006222
leaf_weight=338.84795222897083 110.76720557361841 84.250075444579124 1108.1942763794214 4440.4177503064275 2791.5884084403515 593.72338062524796 143.81195389851928 565.37140263430774 5229.3217160031199 299.33072634041309 73.115251176059246 465.88398683257401 68.583472371101379 165.01360650360584
leaf_count=28215 3336 1061 50945 24828 49911 2413 2099 40260 47167 8530 1743 11514 1322 692
internal_value=-6.80256e-05 0.00210124 -0.0155615 0.00358694 -0.00184842 0.00501873 -0.000795756 -0.0215958 0.00217579 -0.00482905 -0.00558025 -0.00345209 -0.00809768 0.00872331
internal_weight=16478.2 14465.8 2012.41 10512.7 3953.08 5199.15 2935.4 904.219 5313.57 1017.68 906.913 607.583 141.699 758.737
internal_count=274036 154616 119420 76161 78455 27933 52010 68475 48228 26445 23109 14579 3065 3105
is_linear=0
shrinkage=0.03


Tree=68
num_leaves=15
num_cat=0
split_feature=6 6 6 6 6 6 6 4 10 10 5 10 3 6
split_gain=591.015 86.4517 67.5395 17.8013 16.9167 10.1926 9.63437 6.18102 5.75736 5.75474 5.78902 4.76458 4.52263 4.18914
threshold=3.4672959664678489 2.0081915103761951 4.7591779066044522 2.9882008347154687 0.55920745798214477 3.9560394329797357 1.4468497739944199 0.39444444444444454 0.27224449296239461 0.16561593725648596 11.500000000000002 0.36486195457532639 0.021282272222805883 2.5376494037109896
decision_type=2 2 2 2 2 2 2 2 2 2 2 2 2 2
left_child=1 4 5 13 11 -2 9 -5 -8 -6 -11 -1 -7 -3
right_child=2 3 -4 7 6 12 8 -9 -10 10 -12 -13 -14 -15
leaf_value=0.0066878366730842203 -0.0084301760504217112 0.00061016546264386362 -0.02362938506247364 -0.010996713309645601 0.0026841177845431299 -0.0058994604778433626 0.0025628507838236507 -0.0036368260854263593 -0.0018226898739465522 0.0031628970261942542 0.005827036856282419 0.013375219900106419 -0.014890195812127364 -0.0013902879037409274
leaf_weight=516.63590353727341 678.93002617172897 2371.3311629742384 604.39029587991536 106.4107090421021 1539.6195879429579 83.872672198340297 3513.406566850841 981.2329484410584 281.22680448740721 1178.8119823336601 2280.3176996558905 138.06542959809303 644.33604186587036 1542.0640331059694
leaf_count=2102 28555 31172 50281 3011 9335 4743 30571 26775 2549 6228 11722 562 36904 29526
internal_value=-6.82487e-05 0.00205766 -0.0152412 -0.00112977 0.00374394 -0.0114271 0.00338614 -0.00449669 0.00223193 0.00425302 0.00493672 0.00836608 -0.0139946 -0.000180407
internal_weight=16460.7 14449.1 2011.53 5001.04 9448.08 1407.14 8793.38 1087.64 3794.63 4998.75 3459.13 654.701 728.209 3913.4
internal_count=274036 153553 120483 90484 63069 70202 60405 29786 33120 27285 17950 2664 41647 60698
is_linear=0
shrinkage=0.03


Tree=69
num_leaves=15
num_cat=0
split_feature=7 7 7 11 7 8 7 12 3 10 9 3 9 9
split_gain=562.644 93.2762 54.2951 22.9112 14.689 12.2383 7.6676 6.63314 6.14728 5.64415 4.57196 4.51478 6.97582 6.48954
threshold=0.021910014734660515 0.079740200000714509 0.0067696114439976269 -0.25671984684781396 0.037306525805610287 0.43947506386041491 0.01240987691140401 2.249904835165133 0.021282272222805883 0.14316070147916102 1.7486080662999435 0.10595963422768236 2.1317095770198229 2.1785552222788298
decision_type=2 2 2 2 2 2 2 2 2 2 2 2 2 2
left_child=2 4 -1 11 7 -5 8 -2 -4 -9 -7 -3 -13 -14
right_child=1 3 6 5 -6 10 -8 9 -10 -11 -12 12 13 -15
leaf_value=-0.023413615712388161 -0.0062131149703861591 0.0012115330400077678 -0.0054268926686978089 0.0040927816376444921 -0.00098372824314015396 0.0094679804632940723 -0.009590299888510968 -0.0035287180906692292 -0.016528269026225714 0.0063992220202609166 0.0034056209185095755 0.0036071043920325699 -0.0065498246286912181 0.0017495101913833733
leaf_weight=585.93939025700092 880.20563096366823 3231.033101759851 71.347663505002856 4458.057918600738 2701.5114636346698 593.88606096804142 716.17697616107762 135.97150062024593 413.07540041301399 63.256920572370291 165.35285261273384 2058.9688178151846 107.87057063728571 260.19475804269314
leaf_count=49926 26395 33927 4210 24828 47829 2413 32598 4242 26194 2122 692 15667 839 2154
internal_value=-6.77995e-05 0.00187512 -0.0158899 0.00328518 -0.00217766 0.00471808 -0.0119745 -0.00511129 -0.0151053 -0.000149151 0.00823923 0.00195492 0.00293104 -0.000844046
internal_weight=16442.8 14656.3 1786.54 10875.4 3780.95 5217.3 1200.6 1079.43 484.423 199.228 759.239 5658.07 2427.03 368.065
internal_count=274036 161108 112928 80520 80588 27933 63002 32759 30404 6364 3105 52587 18660 2993
is_linear=0
shrinkage=0.03


Tree=70
num_leaves=15
num_cat=0
split_feature=6 6 6 6 6 10 6 9 4 4 9 8 4 4
split_gain=539.123 76.3757 66.1653 18.942 12.6292 11.4169 9.72176 7.06996 6.03486 5.89167 5.76099 4.83218 4.39058 6.90786
threshold=3.4672959664678489 2.1690373735723498 4.7591779066044522 1.3479888099339705 2.9882008347154687 0.36486195457532639 3.9560394329797357 2.4246864496311145 0.39444444444444454 0.14835164835164838 1.9310064059374048 0.29491495152228825 0.36038961038961043 0.31009615384615391
decision_type=2 2 2 2 2 2 2 2 2 2 2 2 2 2
left_child=1 3 6 5 -3 9 -2 -8 -6 10 -1 -11 13 -5
right_child=2 4 -4 12 8 -7 7 -9 -10 11 -12 -13 -14 -15
leaf_value=0.0059988376402743482 -0.0080759093461918625 -0.00051015123420609639 -0.023304673365611928 0.0020995822564132296 -0.010722732284155798 0.012405722054428969 -0.014039864578013811 0.0028036701279369838 -0.0034204619605916952 -0.001872379450186425 0.003688343704385191 0.0034404086436948872 0.0046420291182043306 -0.0021554475404002983
leaf_weight=1934.792993620038 668.44295337237418 3069.2958118654788 577.31575276236981 4480.4521891921759 104.87269242666662 154.72316780686378 691.03530071303248 18.456101143732667 973.81030572205782 218.35835699737072 2193.0929777622223 451.89929680526257 529.28214867413044 359.84453342854977
leaf_count=8761 28555 50638 50281 39169 3011 651 40793 854 26775 1298 11752 2501 5276 3721
internal_value=-6.75267e-05 0.00193517 -0.014791 0.0033154 -0.00149917 0.00465303 -0.0110115 -0.0135527 -0.00426774 0.00436515 0.0047891 0.0017065 0.00207206 0.00177757
internal_weight=16425.7 14470.4 1955.25 10322.4 4147.98 4952.87 1377.93 709.491 1078.68 4798.14 4127.89 670.258 5369.58 4840.3
internal_count=274036 153553 120483 73129 80424 24963 70202 41647 29786 24312 20513 3799 48166 42890
is_linear=0
shrinkage=0.03


Tree=71
num_leaves=15
num_cat=0
split_feature=7 7 7 11 7 8 7 12 3 10 3 4 5 8
split_gain=513.749 82.6868 53.3488 20.4334 13.2372 11.0847 7.4925 6.37204 6.07857 5.38211 4.09643 4.58114 6.39309 4.99487
threshold=0.021910014734660515 0.079740200000714509 0.0067696114439976269 -0.25671984684781396 0.037306525805610287 0.43947506386041491 0.01240987691140401 2.249904835165133 0.021282272222805883 0.14316070147916102 0.10595963422768236 0.34313725490196084 14.500000000000002 0.462102683714325
decision_type=2 2 2 2 2 2 2 2 2 2 2 2 2 2
left_child=2 4 -1 10 7 -5 8 -2 -4 -9 11 12 -3 -14
right_child=1 3 6 5 -6 -7 -8 9 -10 -11 -12 -13 13 -15
leaf_value=-0.023081768715354559 -0.0059512222581850332 -0.0019696678137156266 -0.005077948723581467 0.0038435136047319731 -0.00093180980719027797 0.0077864135173063131 -0.0091888436973778225 -0.0033306489374332472 -0.01610867896555308 0.0063731384369351734 0.002758670994408964 0.0032867295395685599 0.0011036993276247393 0.0091065208647639253
leaf_weight=559.81535759475082 871.28203296288848 664.3082519620657 70.186731033958495 4474.4220951721072 2697.2500797212124 759.63142073154449 702.95904962159693 134.93217942304909 401.00003550667316 63.309069467708468 2435.685169249773 678.9012208878994 1836.4587973952293 58.463192716240883
leaf_count=49926 26395 6701 4210 24828 47829 3105 32598 4242 26194 2122 18660 7559 18977 690
internal_value=-6.68746e-05 0.00176318 -0.015437 0.0030855 -0.00206307 0.00443637 -0.0115469 -0.00486367 -0.0146729 -1.39238e-06 0.00183091 0.00112356 0.000533921 0.00142019
internal_weight=16408.6 14674.6 1733.96 10907.9 3766.77 5234.05 1174.15 1069.52 471.187 198.241 5673.82 3238.13 2559.23 1894.92
internal_count=274036 161108 112928 80520 80588 27933 63002 32759 30404 6364 52587 33927 26368 19667
is_linear=0
shrinkage=0.03


Tree=72
num_leaves=15
num_cat=0
split_feature=6 7 6 6 7 8 7 10 9 9 4 4 3 9
split_gain=491.453 68.0214 64.6914 14.7096 13.3606 10.8202 9.86243 6.01989 5.99076 5.85715 5.04124 4.67436 4.22181 5.14347
threshold=3.4672959664678489 0.10011620054523108 4.7591779066044522 1.3479888099339705 0.04877635246685396 0.5972509909368876 0.01240987691140401 0.22320469459570383 1.7586049780652953 2.4246864496311145 0.13809523809523813 0.36038961038961043 0.32619615719896494 1.9916262844249777
decision_type=2 2 2 2 2 2 2 2 2 2 2 2 2 2
left_child=1 4 6 5 11 7 9 10 -8 -2 12 -1 13 -3
right_child=2 3 -4 -5 -6 -7 8 -9 -10 -11 -12 -13 -14 -15
leaf_value=-0.0087072049087162928 -0.014851594159846089 0.006516533730709026 -0.022971527119764284 0.0020486169603838988 4.7968135470970195e-05 0.013990096645239385 -0.014150316170073491 0.0055918905654750899 -0.0071370802249602888 0.0031561134326808884 0.00037641805696125819 -0.0027996184553737203 0.00081473294506949399 0.0033478945238428278
leaf_weight=120.8622612375766 448.27464951016009 673.89527590572834 551.78112327866256 4920.0133782848716 2906.8951397575438 90.796570092439651 143.52460586279631 1721.6413159221411 746.54086426272988 11.903204567730425 446.93782885372639 1574.6667790394276 370.67947010695934 1663.9056094139814
leaf_count=2938 29493 3295 50281 42432 43582 376 6751 7777 33402 556 2606 39638 1893 9016
internal_value=-6.62899e-05 0.00182044 -0.0143418 0.00322122 -0.00118969 0.00437286 -0.0106016 0.00415147 -0.00848375 -0.0143009 0.00334281 -0.00329339 0.00382754 0.00429701
internal_weight=16392.3 14490.3 1902.02 9887.87 4602.42 4967.86 1350.24 4877.06 890.065 460.178 3155.42 1695.53 2708.48 2337.8
internal_count=274036 153553 120483 67395 86158 24963 70202 24587 40153 30049 16810 42576 14204 12311
is_linear=0
shrinkage=0.03


Tree=73
num_leaves=15
num_cat=0
split_feature=7 7 6 6 7 8 7 3 9 5 9 8 7 3
split_gain=469.112 73.5635 53.7637 20.6175 9.74256 9.46077 6.6215 6.19073 5.92859 8.49323 5.69202 3.48962 6.92995 6.721
threshold=0.021910014734660515 0.070996906961518544 4.7591779066044522 1.4928409688502451 0.037306525805610287 0.5972509909368876 0.01240987691140401 0.032940281711368258 1.9863936706090892 12.500000000000002 2.4246864496311145 0.37459245623522769 0.059336613533021415 0.059590362223856476
decision_type=2 2 2 2 2 2 2 2 2 2 2 2 2 2
left_child=2 4 6 5 7 8 10 -2 9 -3 -1 -6 13 -13
right_child=1 3 -4 -5 11 -7 -8 -9 -10 -11 -12 12 -14 -15
leaf_value=-0.014625804926850965 -0.00097769602410308271 0.0032160317288661708 -0.022801228212591871 0.0014364845181436031 -0.0018702554848830848 0.012858615429747273 -0.0088232631845491169 -0.0060774550135557761 0.0026992638332327228 0.0062690529615503183 0.0031099990626599124 0.0020039425197320268 0.0052710201683033447 -0.0054827828025929759
leaf_weight=441.86850475147367 305.88394876383245 1834.8824692815542 539.52315385080874 5368.3951619267464 1615.9886642247438 94.189862802624702 691.32107705250382 754.86786376871169 2543.8736748993397 1573.6674868315458 11.939179081469772 224.68215264752507 192.07031491398811 183.06668804958463
leaf_count=29493 9715 9427 50281 54725 29953 402 32598 23044 14828 7717 556 4615 2956 3726
internal_value=-6.57833e-05 0.00165884 -0.0149879 0.00279554 -0.0022959 0.00399561 -0.0110594 -0.004641 0.00382339 0.00464685 -0.0140746 -0.0011496 0.000790191 -0.00143264
internal_weight=16376.2 14691.6 1684.65 11415 3276.56 6046.61 1145.13 1060.75 5952.42 3408.55 453.808 2215.81 599.819 407.749
internal_count=274036 161108 112928 87099 74009 32374 62647 32759 31972 17144 30049 41250 11297 8341
is_linear=0
shrinkage=0.03


Tree=74
num_leaves=15
num_cat=0
split_feature=6 6 6 11 6 11 11 9 3 3 3 9 6 3
split_gain=447.766 63.0743 60.3427 12.9247 12.4139 9.15557 6.83419 6.84394 5.45532 5.30965 4.75052 4.53815 13.4392 4.3222
threshold=3.4672959664678489 4.7591779066044522 2.0081915103761951 -2.1163955904443141 0.55920745798214477 -2.9355019112486889 -0.25671984684781396 2.1368898992759218 0.033732823398682069 0.036808124386421101 0.036808124386421101 2.0874899894146641 1.8794359129669858 0.10343821412571083
decision_type=2 2 2 2 2 2 2 2 2 2 2 2 2 2
left_child=2 5 4 -4 -1 -2 7 11 -7 -10 -5 13 -13 -6
right_child=1 -3 3 10 6 8 -8 -9 9 -11 -12 12 -14 -15
leaf_value=0.0070669749125452921 -0.01237767285560711 -0.022628827392770667 -0.0040432576071527723 -0.0038685928159691821 0.00047864959052017545 -0.0087785024538577765 0.0036092842117562301 -0.00014343494826186954 0.0055939267729051244 -0.0052734109135625954 8.4044606447432457e-05 0.0024507280337150118 0.016594546974140673 0.0029950952850065996
leaf_weight=654.99752809107304 769.80724664218724 527.61943700537086 969.74964793585241 280.31751285493374 896.83722993731499 394.65712911635637 4601.3064242079854 1072.2684764936566 44.756670121103525 114.97094773128629 3723.9606665037572 262.39809203147888 66.462662510573864 1980.6936760097742
leaf_count=2664 45516 50281 25502 6964 8106 17911 25265 9614 1922 4853 58018 2114 663 14643
internal_value=-6.49842e-05 -0.0138955 0.00171276 -0.00096408 0.00310848 -0.0102012 0.00280507 0.00193063 -0.00693256 -0.0020095 -0.000206063 0.00262166 0.00590839 0.00221735
internal_weight=16360.8 1851.81 14509 4974.03 9534.96 1324.19 8879.97 4278.66 554.385 159.728 4004.28 3206.39 328.861 2877.53
internal_count=274036 120483 153553 90484 63069 70202 60405 35140 24686 6775 64982 25526 2777 22749
is_linear=0
shrinkage=0.03


Tree=75
num_leaves=15
num_cat=0
split_feature=7 7 6 11 7 10 11 11 9 9 10 8 7 10
split_gain=427.824 78.9436 38.6106 18.3647 13.7488 9.45119 4.82993 6.80664 4.21546 3.57528 3.56589 4.00397 3.27121 3.25029
threshold=0.018178758054825953 0.070996906961518544 4.7591779066044522 -0.25671984684781396 0.032532465394676212 0.33678488549221003 -1.6209678116408532 -1.7223412468009467 2.4246864496311145 1.9068767073909976 0.16561593725648596 0.29341796459229158 0.01240987691140401 0.27224449296239461
decision_type=2 2 2 2 2 2 2 2 2 2 2 2 2 2
left_child=2 4 8 6 13 10 7 -3 12 -8 11 -5 -1 -2
right_child=1 3 -4 5 -6 -7 9 -9 -10 -11 -12 -13 -14 -15
leaf_value=-0.014210112742452957 -0.0047316277981153294 0.0017411030090991649 -0.022454339120980344 0.0029371576165397786 -0.0013284310256404023 0.0097296897605736038 0.0027304253388009841 -0.0077559449061635997 0.00045840214452889466 0.0011609817099977029 0.0042838323605284287 -0.0026599545871196428 -0.0094078151125922549 -0.010246420190379572
leaf_weight=430.51236479263753 859.90782627463341 145.77770004421473 516.05982804764062 1863.7036113142967 2538.358929052949 231.66708965599537 1970.0272196531296 105.48136327415705 23.877715405076742 3957.8944242969155 3058.0844157934189 111.19486822187901 420.94823689386249 112.06806338578463
leaf_count=29493 30901 1958 50281 12039 49866 946 16584 1382 1128 39242 14389 559 21147 4121
internal_value=-6.40388e-05 0.00142233 -0.0158838 0.00262896 -0.00250577 0.00392961 0.00151399 -0.00245819 -0.011697 0.00168813 0.00363451 0.00260434 -0.0120399 -0.00551354
internal_weight=16345.6 14954.2 1391.4 11443.8 3510.33 5264.65 6179.18 251.259 875.338 5927.92 5032.98 1974.9 851.461 971.976
internal_count=274036 171987 102049 87099 84888 27933 59166 3340 51768 55826 26987 12598 50640 35022
is_linear=0
shrinkage=0.03


Tree=76
num_leaves=15
num_cat=0
split_feature=7 7 7 6 7 10 10 5 7 9 9 8 10 3
split_gain=409.015 74.3201 38.3558 17.147 13.0916 9.13102 5.36489 4.37299 3.97649 4.55446 3.23103 4.65214 3.21591 5.02241
threshold=0.018178758054825953 0.070996906961518544 0.0058871222594964329 1.4928409688502451 0.032532465394676212 0.36486195457532639 0.16561593725648596 12.500000000000002 0.01240987691140401 2.4246864496311145 1.9863936706090892 0.28628881444853987 0.27598887841710457 0.10595963422768236
decision_type=2 2 2 2 2 2 2 2 2 2 2 2 2 2
left_child=2 4 -1 5 -2 6 -3 -8 9 -4 -9 -12 13 -5
right_child=1 3 8 12 -6 -7 7 10 -10 -11 11 -13 -14 -15
leaf_value=-0.023171575268133546 -0.0053821182290190398 0.0020039593931962213 -0.014423553288319657 0.00092708358124310984 -0.0012903483274701452 0.010434802138263128 0.002860580378871538 0.0056809338441051495 -0.0091217625794000213 0.0017218228782049372 0.0068694699358360072 0.0017440840391479025 -0.0012416638212919022 0.0030631276198768709
leaf_weight=427.45994187239558 967.077313574031 1744.5398223847151 500.74565900303423 3624.0010142028332 2535.3655330762267 161.50101271271706 1806.5519959926605 1562.953553840518 429.19463605061173 13.104832236655055 213.00689144432545 584.42203186452389 400.39860238134861 1360.5691985338926
leaf_count=43464 35022 10602 36219 39116 49866 707 9251 7635 21719 647 1188 2991 4284 11325
internal_value=-6.3958e-05 0.00137889 -0.0156584 0.00254737 -0.00243828 0.00363905 0.00342745 0.00401409 -0.0119434 -0.0139746 0.00487331 0.00321472 0.00130953 0.00151757
internal_weight=16330.9 14960.4 1370.51 11457.9 3502.44 6072.98 5911.47 4166.93 943.045 513.85 2360.38 797.429 5384.97 4984.57
internal_count=274036 171987 102049 87099 84888 32374 31667 21065 58585 36866 11814 4179 54725 50441
is_linear=0
shrinkage=0.03


Tree=77
num_leaves=15
num_cat=0
split_feature=7 7 7 11 7 8 3 3 3 7 9 11 7 9
split_gain=391.016 70.0765 38.0657 17.8457 10.946 8.66909 5.39142 5.60794 4.39428 4.36824 4.28204 4.2088 7.51285 6.45341
threshold=0.018178758054825953 0.06579667573706377 0.0058871222594964329 -0.25671984684781396 0.032532465394676212 0.43947506386041491 0.05753480616479878 0.049658635186547062 0.14411193125933389 0.055512139592022204 1.7486080662999435 -1.7223412468009467 0.061297778017475525 1.9703791125324994
decision_type=2 2 2 2 2 2 2 2 2 2 2 2 2 2
left_child=2 4 -1 -3 -2 8 7 -6 -5 -9 -7 12 13 -8
right_child=1 3 -4 5 6 10 11 9 -10 -11 -12 -13 -14 -15
leaf_value=-0.023006783295649379 -0.0052496588618893489 0.0013483214483476556 -0.011728331486009276 0.0066973752809222041 -0.0014701216918400681 0.0078375734220597574 -0.0053454937348280983 0.00024078435565586261 0.0029149592208108054 0.0068980642828299441 0.002163222077129082 -0.0081113043721246485 0.0056923171205262814 0.0055174120499980363
leaf_weight=417.85908805020154 962.18797386810184 6498.3593335859478 932.3560857558623 292.84927827119827 1248.6519571244717 593.58626379072666 347.95028328150511 245.70407161489129 4225.1714611947536 124.8437097594142 166.75426378846169 140.91766373440623 74.615767519921064 44.524689588695765
leaf_count=43464 35022 63587 58585 2133 26432 2413 7332 5144 22695 1993 692 2462 1194 888
internal_value=-6.30247e-05 0.00133771 -0.0154332 0.00240566 -0.00259846 0.00369987 -0.00142565 -0.000508076 0.00318148 0.00266484 0.00665903 -0.00379818 -0.00228506 -0.0039554
internal_weight=16316.3 14966.1 1350.22 11776.7 3189.4 5278.36 2227.21 1619.2 4518.02 370.548 760.341 608.008 467.091 392.475
internal_count=274036 171987 102049 91520 80467 27933 45445 33569 24828 7137 3105 11876 9414 8220
is_linear=0
shrinkage=0.03


Tree=78
num_leaves=15
num_cat=0
split_feature=7 7 7 11 7 10 11 11 9 7 10 11 5 9
split_gain=373.625 65.9573 37.7776 15.4759 11.7932 8.36264 4.41563 6.50944 4.15153 4.37963 3.57934 3.31634 6.78208 4.78221
threshold=0.018178758054825953 0.070996906961518544 0.0058871222594964329 -0.25671984684781396 0.032532465394676212 0.33678488549221003 -1.6209678116408532 -1.7223412468009467 2.1570552039793141 0.016234966639383036 0.15394255268913873 -0.20294084399669046 15.500000000000002 1.9810261925759773
decision_type=2 2 2 2 2 2 2 2 2 2 2 2 2 2
left_child=2 4 -1 6 -2 11 7 -3 9 -4 -10 12 13 -5
right_child=1 3 8 5 -6 -7 -8 -9 10 -11 -12 -13 -14 -15
leaf_value=-0.022839912775037483 -0.0051198391040310053 0.0016711989067020238 -0.013973482325175403 0.0065867448512822073 -0.0012213146523186072 0.0090473946297459137 0.0015382581329077053 -0.0076258623189819292 -0.00863864334133802 -0.005497085881649366 0.0023251792652255326 0.0031002051874542652 0.011360930027377003 -0.0027467734478421311
leaf_weight=408.53566282056272 957.44127603806555 146.07787360996008 558.08672566805035 87.379558607935905 2529.8862805739045 230.87142662703991 5948.2548332288861 104.93085405230522 249.71888735052198 90.442983750253916 23.598950246348977 4760.4786965847015 123.36431746184826 83.34442476183176
leaf_count=43464 35022 1958 37756 497 49866 946 55826 1382 14819 4546 1464 25033 862 595
internal_value=-6.20079e-05 0.00129755 -0.0152062 0.00239426 -0.00230899 0.00358567 0.00137227 -0.00242617 -0.0115117 -0.0129424 -0.00762028 0.00331017 0.00639353 0.00217645
internal_weight=16302.4 14972 1330.38 11484.7 3487.33 5285.44 6199.26 251.009 921.848 648.53 273.318 5054.57 294.088 170.724
internal_count=274036 171987 102049 87099 84888 27933 59166 3340 58585 42302 16283 26987 1954 1092
is_linear=0
shrinkage=0.03


Tree=79
num_leaves=15
num_cat=0
split_feature=11 6 6 6 6 10 8 3 4 11 8 11 9 5
split_gain=357.048 61.3808 37.837 17.1651 8.96881 8.69216 5.27965 4.96906 4.86346 4.55549 5.7576 4.48689 5.19599 5.00894
threshold=-2.8618833197882751 2.5376494037109896 4.7591779066044522 1.5789255615152133 3.1245627302238765 0.36486195457532639 0.37459245623522769 0.021282272222805883 0.36038961038961043 -2.3113065391434691 0.43751634515403098 -0.94659608136948381 1.9916262844249777 12.500000000000002
decision_type=2 2 2 2 2 2 2 2 2 2 2 2 2 2
left_child=2 3 7 5 8 11 -6 -1 9 -3 -11 -2 13 -13
right_child=1 4 -4 -5 6 -7 -8 -9 -10 10 -12 12 -14 -15
leaf_value=-0.0021491479832724432 -0.0037692321633910463 -0.011529293343939397 -0.021753542797778275 0.00093326518915892416 -0.0055430439099407808 0.0097728917026196262 0.00024530572809838098 -0.011453979487121719 -0.00053844731768113547 -0.0046234465632061326 0.0050766454513106732 0.002801022652790623 0.0021601308116670102 0.0050949169928838252
leaf_weight=63.594056303612888 74.115504920482635 52.381870295852423 474.01971172168851 5255.450901273638 946.80646474752575 165.67351564764977 164.89487004466355 779.96347362454981 1525.6872713603079 245.90726038813591 56.541239339858294 1907.8834032267332 2900.6091102063656 1675.7922085076571
leaf_count=4122 555 1218 50281 57151 35764 744 5212 46284 31024 4808 1082 10005 17428 8358
internal_value=-6.14531e-05 0.00126181 -0.0149427 0.00222161 -0.00257273 0.00322424 -0.00469264 -0.0108023 -0.00129228 -0.0043803 -0.00265587 0.00303689 0.0031232 0.00389046
internal_weight=16289.3 14971.7 1317.58 11979.5 2992.22 6724.07 1111.7 843.558 1880.52 354.83 302.448 6558.4 6484.28 3583.68
internal_count=274036 173349 100687 94241 79108 37090 40976 50406 38132 7108 5890 36346 35791 18363
is_linear=0
shrinkage=0.03


Tree=80
num_leaves=15
num_cat=0
split_feature=7 7 7 6 7 10 3 3 11 9 5 7 9 7
split_gain=341.918 58.4412 37.0908 15.1614 9.24953 8.25854 5.04005 5.27888 4.2437 4.88102 4.69698 4.12069 4.4023 4.08319
threshold=0.018178758054825953 0.06579667573706377 0.0058871222594964329 1.5789255615152133 0.032532465394676212 0.36486195457532639 0.05753480616479878 0.049658635186547062 -0.94659608136948381 1.9916262844249777 12.500000000000002 0.01240987691140401 2.4246864496311145 0.055512139592022204
decision_type=2 2 2 2 2 2 2 2 2 2 2 2 2 2
left_child=2 4 -1 5 -2 8 7 -6 -3 10 -10 12 -4 -9
right_child=1 3 11 -5 6 -7 -8 13 9 -11 -12 -13 -14 -15
leaf_value=-0.022506961914460916 -0.004848622305062133 -0.003683167526216528 -0.013624861407688831 0.00095117821601146014 -0.0013634592793877955 0.0095088748053236052 -0.0036150174433777589 0.00029503559382004557 0.0027144998340361314 0.0020931310345098518 0.0049341795741513709 -0.0082788898679961743 0.0020740698282126842 0.006729430318360788
leaf_weight=391.04158093221486 947.65354185737669 73.925368539988995 476.82719022687525 5082.9281606413424 1244.4284343197942 165.58312733471394 604.18638210557401 245.28294443711638 1910.079156562686 2904.0785397440195 1678.9121823459864 412.88516431394964 12.807940488681195 125.41286084800959
leaf_count=43464 35022 555 36219 54430 26432 744 11876 5144 10005 17428 8358 21719 647 1993
internal_value=-6.09917e-05 0.00122227 -0.0147678 0.00219199 -0.0023889 0.00312458 -0.00131309 -0.000426647 0.0029423 0.00302604 0.00376907 -0.0111015 -0.0131648 0.00264896
internal_weight=16276 14982.5 1293.56 11815.5 3166.96 6732.58 2219.31 1615.12 6567 6493.07 3588.99 902.52 489.635 370.696
internal_count=274036 171987 102049 91520 80467 37090 45445 33569 36346 35791 18363 58585 36866 7137
is_linear=0
shrinkage=0.03


Tree=81
num_leaves=15
num_cat=0
split_feature=11 6 6 11 6 8 8 3 3 8 11 4 3 5
split_gain=326.238 54.5996 36.9739 12.1696 11.2533 7.46892 4.99981 4.89317 4.1944 4.09196 4.35426 3.41271 5.21562 6.28175
threshold=-2.8618833197882751 2.3369748506914587 4.7591779066044522 -0.25671984684781396 3.1245627302238765 0.43947506386041491 0.37459245623522769 0.021282272222805883 0.14411193125933389 0.18486769293965513 -0.14310084364067319 0.34313725490196084 0.10595963422768236 14.500000000000002
decision_type=2 2 2 2 2 2 2 2 2 2 2 2 2 2
left_child=2 3 7 11 -3 8 -6 -1 9 -5 -11 12 13 -2
right_child=1 4 -4 5 6 -7 -8 -9 -10 10 -12 -13 -14 -15
leaf_value=-0.0018428797457565552 -0.0023694872301231237 -0.00086192237385915294 -0.021387295007251811 0.00025215697558416035 -0.0052852956998238297 0.0060280759923067861 0.00035059468445453089 -0.011052672495806782 0.0025466205993621011 0.011010277781285969 0.001727553928061886 0.0030357497398227342 0.002013031314975604 0.00093708846479694701
leaf_weight=62.766576872207224 682.9624088704586 2689.1830631047487 454.51406041998416 78.684795588254929 937.43922834191471 760.22732250392437 164.31044485978782 764.03411277011037 4247.7161922827363 144.42939611524343 72.566780641674995 855.46467006951571 2368.153033092618 1980.5096459686756
leaf_count=4122 6885 49884 50281 671 35764 3105 5212 46284 22695 998 464 9272 17830 20569
internal_value=-6.03436e-05 0.0011878 -0.0144991 0.00224126 -0.00191855 0.0032826 -0.00445136 -0.0103988 0.00280489 0.006213 0.0082184 0.00129717 0.00099344 8.07013e-05
internal_weight=16263 14981.6 1281.31 11190.7 3790.93 5303.62 1101.75 826.801 4543.4 295.681 216.996 5887.09 5031.63 2663.47
internal_count=274036 173349 100687 82489 90860 27933 40976 50406 24828 2133 1462 54556 45284 27454
is_linear=0
shrinkage=0.03


Tree=82
num_leaves=15
num_cat=0
split_feature=7 7 7 6 8 7 4 3 3 9 8 9 9 7
split_gain=312.706 51.7525 36.3467 13.4785 8.33864 8.21845 5.34025 4.80483 4.96765 4.55751 4.27501 4.51155 4.03924 4.33402
threshold=0.018178758054825953 0.06579667573706377 0.0058871222594964329 1.3479888099339705 0.5972509909368876 0.032532465394676212 0.14835164835164838 0.05753480616479878 0.049658635186547062 2.1841343131136015 0.29491495152228825 1.6696024277412966 2.1570552039793141 0.016234966639383036
decision_type=2 2 2 2 2 2 2 2 2 2 2 2 2 2
left_child=2 5 -1 4 6 -2 9 8 -7 -3 -8 -12 13 -4
right_child=1 3 12 -5 -6 7 10 -9 -10 -11 11 -13 -14 -15
leaf_value=-0.022166554385119358 -0.0045884289850357122 0.0038068546423577583 -0.013165242599110758 0.0011874679164594884 0.011705900143134417 -0.0012897420191731489 -0.0027188563801867137 -0.0034960432582981289 0.0026016043263942497 0.00073284095131447079 -0.00060782563197216209 0.0051200604760859988 -0.0068852154867473977 -0.0047957946562726698
leaf_weight=374.54043805226684 938.43977987021208 3742.1853805184364 531.99894497357309 6810.2539290338755 89.404798075556755 1241.5239433459938 222.25763389468193 601.74750845879316 371.17916936427355 499.94890509545803 248.76038861274719 225.83892872929573 264.54118992108852 87.647523336112499
leaf_count=43464 35022 17840 37756 66557 376 26432 1298 11876 7137 2878 1305 1266 16283 4546
internal_value=-5.93238e-05 0.00115204 -0.0143305 0.0020614 0.00323796 -0.00225604 0.00304969 -0.00124339 -0.00037839 0.00344843 0.000600851 0.00219116 -0.0106967 -0.0121227
internal_weight=16250.3 14991.5 1258.73 11838.6 5028.4 3152.89 4938.99 2214.45 1612.7 4242.13 696.857 474.599 884.188 619.646
internal_count=274036 171987 102049 91520 24963 80467 24587 45445 33569 20718 3869 2571 58585 42302
is_linear=0
shrinkage=0.03


Tree=83
num_leaves=15
num_cat=0
split_feature=7 7 7 6 7 8 4 10 3 7 8 3 10 10
split_gain=298.718 48.7863 35.9334 11.7308 8.8201 7.97375 5.01031 4.38738 4.41438 4.07614 4.03799 3.78731 3.55078 3.78849
threshold=0.018178758054825953 0.070996906961518544 0.0058871222594964329 1.3479888099339705 0.032532465394676212 0.5972509909368876 0.14835164835164838 0.21921974254136883 0.32619615719896494 0.01240987691140401 0.29491495152228825 0.17924119394828045 0.13808176879400566 0.13279817713044006
decision_type=2 2 2 2 2 2 2 2 2 2 2 2 2 2
left_child=2 4 -1 5 -2 6 7 8 12 -4 -8 -12 13 -3
right_child=1 3 9 -5 -6 -7 10 -9 -10 -11 11 -13 -14 -15
leaf_value=-0.021989701630991478 -0.0044722486600612139 0.0025659633250755343 -0.01255687248895062 0.0012075073459642646 -0.0010689684677422867 0.011426177659137006 -0.0026462661298233894 0.0046607076625156353 -0.00044605617721161833 -0.0077061489610419764 0.0036391396851950773 -0.0023026099499772615 0.0034710942233185274 -0.0044974458304461312
leaf_weight=366.46921381168067 934.38606555387378 156.9304224550724 472.82858269009739 6510.4557984247804 2517.8571377787739 89.215792119503021 221.92045858502388 1490.386794641614 365.90893831849098 402.4494128767401 356.22582156956196 118.91491238772869 2135.5368314534426 98.478210657835007
leaf_count=43464 35022 967 36866 62136 49866 376 1298 6399 1851 21719 1955 616 10908 593
internal_value=-5.8858e-05 0.00111745 -0.0141086 0.00205275 -0.00200547 0.00313918 0.00295554 0.00334138 0.00260678 -0.0104939 0.000583706 0.00212712 0.00307385 -0.00025589
internal_weight=16238 14996.2 1241.75 11544 3452.24 5033.52 4944.3 4247.24 2756.85 875.278 697.061 475.141 2390.95 255.409
internal_count=274036 171987 102049 87099 84888 24963 24587 20718 14319 58585 3869 2571 12468 1560
is_linear=0
shrinkage=0.03


Tree=84
num_leaves=15
num_cat=0
split_feature=7 7 7 11 7 10 3 3 11 7 9 9 7 3
split_gain=285.269 45.9586 35.513 12.2139 7.38567 6.66069 4.55697 4.68149 4.16512 7.01512 6.20776 4.04315 3.83433 3.6527
threshold=0.018178758054825953 0.06579667573706377 0.0058871222594964329 -0.25671984684781396 0.032532465394676212 0.33678488549221003 0.05753480616479878 0.049658635186547062 -1.7223412468009467 0.061297778017475525 1.9703791125324994 1.8612575538598153 0.055512139592022204 0.14411193125933389
decision_type=2 2 2 2 2 2 2 2 2 2 2 2 2 2
left_child=2 4 -1 -3 -2 13 7 -6 9 10 -8 -4 -9 -5
right_child=1 3 11 5 6 -7 8 12 -10 -11 -12 -13 -14 -15
leaf_value=-0.021810892542582099 -0.0043585458873382542 0.0010661560954561241 -0.014042264387536928 0.0059522269342817159 -0.0012224566733831362 0.0078895052208558785 -0.0049077136257438822 0.0002712074068363524 -0.0076886130300207918 0.0058115628759496801 0.0057497681974214608 -0.0086407098255383598 0.0064932901034760798 0.0025459800093670976
leaf_weight=358.63129862770438 930.45080594718456 6540.7372205778956 230.46447726897895 297.20779778808355 1238.895321611315 229.27802512049675 342.35838459245861 245.46625088527799 138.42466067150235 74.351305067539215 44.173030875623226 636.09490222483873 126.21763344481587 4792.7715834677219
leaf_count=43464 35022 63587 16671 2133 26432 946 7332 5144 2462 1194 888 41914 1993 24854
internal_value=-5.82793e-05 0.00108393 -0.0138866 0.00193815 -0.00213605 0.00300436 -0.00117721 -0.000335404 -0.00337605 -0.00187927 -0.00352048 -0.0102918 0.00255404 0.00276178
internal_weight=16225.5 15000.3 1225.19 11860 3140.34 5319.26 2209.89 1610.58 599.307 460.883 386.531 866.559 371.684 5089.98
internal_count=274036 171987 102049 91520 80467 27933 45445 33569 11876 9414 8220 58585 7137 26987
is_linear=0
shrinkage=0.03


Tree=85
num_leaves=15
num_cat=0
split_feature=11 7 7 6 8 6 5 11 8 9 1 10 5 6
split_gain=272.893 46.776 31.5652 14.1433 6.91983 6.01205 10.5095 5.94609 4.61362 6.29784 4.92354 3.94348 3.94014 3.56582
threshold=-2.9355019112486889 0.055512139592022204 0.0041745393042925327 1.5789255615152133 0.5972509909368876 3.6014124977339228 14.500000000000002 -3.4274191881169513 0.22615388202153433 1.925001347811172 2.249904835165133 0.16561593725648596 12.500000000000002 2.6497083809956692
decision_type=2 2 2 2 2 2 2 2 2 2 2 2 2 2
left_child=2 5 -1 4 11 -2 8 -4 -7 -10 -11 -3 -13 -5
right_child=1 3 7 13 -6 6 -8 -9 9 10 -12 12 -14 -15
leaf_value=-0.024142030425479428 -0.0020562951195208065 0.0014765920384154454 -0.013943043124232415 0.00058923383973592575 0.010215174578599906 -0.0070260281365888844 -0.0094365683670876842 -0.0083694915921005211 -0.0052750509191694227 0.01719703997052326 0.00067804824735180039 0.002043002142218519 0.0038466014821275049 0.0074470361370641714
leaf_weight=226.47776825353503 2213.6091562751681 2102.0646235048771 449.99016381520778 5695.5637954436243 95.145940706133842 26.100296699441969 248.80323162209243 453.02552753128111 25.57064238935709 23.44504383020103 30.340869401581585 2007.4432175308466 2562.5775655210018 54.211822260171175
leaf_count=28215 57286 13094 42332 64311 422 1374 12585 26059 1218 1116 1521 10492 13082 929
internal_value=-5.76117e-05 0.00101294 -0.0141812 0.00176973 0.00269793 -0.00266486 -0.00622948 -0.0113293 0.00156986 0.00506453 0.0100585 0.00256806 0.00306362 0.000673102
internal_weight=16214.4 15084.9 1129.49 12517 6767.23 2567.87 354.26 903.016 105.457 79.3566 53.7859 6672.09 4570.02 5749.78
internal_count=274036 177430 96606 102330 37090 75100 17814 68391 5229 3855 2637 36668 23574 65240
is_linear=0
shrinkage=0.03


Tree=86
num_leaves=15
num_cat=0
split_feature=11 7 7 7 10 11 11 5 11 10 11 11 7 3
split_gain=260.744 44.0842 31.3371 15.1153 7.42185 5.81436 5.20544 4.69112 6.40811 3.81622 3.72542 3.55847 6.59633 3.76633
threshold=-2.9355019112486889 0.04877635246685396 0.0041745393042925327 0.14680196563243927 0.36486195457532639 -3.4274191881169513 -1.0189662490042708 16.500000000000004 -2.3437465851328017 0.36486195457532639 -2.2161467702179132 -1.9206719652450908 0.061297778017475525 0.075950246365727836
decision_type=2 2 2 2 2 2 2 2 2 2 2 2 2 2
left_child=2 7 -1 9 6 -4 -5 -2 -9 11 -10 12 -3 -14
right_child=1 3 5 4 -6 -7 -8 8 10 -11 -12 -13 13 -15
leaf_value=-0.023999171445700379 -0.002462470405143758 0.00058014125195439675 -0.013720764784455159 -0.0037035040282779649 0.0084316525274474047 -0.0081910877079741182 0.0024482297464916191 -0.012681098319221762 0.0059906363874906903 -0.0053328954640221634 -0.0046806230596047205 0.0003431026339991504 0.0020492997301574563 0.015310392887509688
leaf_weight=221.16095754783601 1894.1150382021442 194.59754958003759 443.8977548321709 113.18156766891479 172.57140704244375 449.38829673826694 7301.6439120620489 88.31782337743789 23.507198510691524 86.896998293697834 126.49308986589313 5008.8937969245017 37.502217493951321 41.048957332968712
leaf_count=28215 58629 3771 42332 900 808 26059 41816 3757 791 1190 3276 61334 565 593
internal_value=-5.69477e-05 0.000982824 -0.0139608 0.0016411 0.0025018 -0.0111201 0.00234704 -0.00300029 -0.00687585 0.000421183 -0.00261571 0.000530679 0.00377347 0.010323
internal_weight=16203.2 15088.8 1114.45 12956.3 7587.4 893.286 7414.83 2132.43 238.318 5368.94 150 5282.04 273.149 78.5512
internal_count=274036 177430 96606 110977 43524 68391 42716 66453 7824 67453 4067 66263 4929 1158
is_linear=0
shrinkage=0.03


Tree=87
num_leaves=15
num_cat=0
split_feature=11 7 7 11 7 8 10 5 8 11 9 8 11 11
split_gain=249.085 41.7 31.0935 9.58184 8.65214 7.50731 7.90955 6.22455 6.07118 5.68166 4.02128 5.20294 3.91413 6.14515
threshold=-2.9355019112486889 0.070996906961518544 0.0041745393042925327 -0.25671984684781396 0.032532465394676212 0.37459245623522769 0.25904979220531388 12.500000000000002 0.49251446170600338 -3.4274191881169513 2.1678930878040941 0.23449248023271535 -1.6209678116408532 -1.7223412468009467
decision_type=2 2 2 2 2 2 2 2 2 2 2 2 2 2
left_child=2 4 -1 12 5 7 -7 -2 -5 -4 -9 -12 13 -3
right_child=1 3 9 8 -6 6 -8 10 -10 -11 11 -13 -14 -15
leaf_value=-0.023854393945664749 0.00074170778881894547 0.0014296672912113739 -0.013499302471748737 0.0024556640653131501 -0.0009533351315565426 0.0064934296901757093 -0.0063617114190473263 -0.0088287423228854169 0.006328953862509294 -0.0080151980379972333 -0.0065177991659800868 0.00058925730735949055 0.0011755182173894549 -0.0076036130618196019
leaf_weight=215.99739586003125 126.08399478346109 147.12153807282448 437.98117091320455 4947.8766944408417 2507.6713685952127 98.405508577823639 55.106763388961554 330.83579435013235 386.87759816646576 445.85579282324761 252.6940144225955 138.26503054052591 5997.1796265244484 104.8378349468112
leaf_count=28215 5081 1958 42332 26352 49821 3433 1848 13427 1581 26059 11056 5665 55826 1382
internal_value=-5.66474e-05 0.000953203 -0.0137411 0.00182075 -0.00190623 -0.00424317 0.00172327 -0.0053346 0.00275351 -0.0109127 -0.00638951 -0.00407544 0.00101977 -0.00254503
internal_weight=16192.8 15093 1099.83 11583.9 3509.06 1001.39 153.512 847.879 5334.75 883.837 721.795 390.959 6249.14 251.959
internal_count=274036 177430 96606 87099 90331 40510 5281 35229 27933 68391 30148 16721 59166 3340
is_linear=0
shrinkage=0.03


Tree=88
num_leaves=15
num_cat=0
split_feature=7 7 7 6 7 10 11 9 11 8 9 9 8 6
split_gain=237.917 36.7797 33.9103 9.19145 7.35316 6.17426 4.79034 4.01067 3.79952 4.90863 5.24945 5.33873 4.41052 3.62509
threshold=0.018178758054825953 0.086390984872955698 0.0058871222594964329 2.9882008347154687 0.41314440273845981 0.34890365439959597 -1.6209678116408532 1.8612575538598153 -1.7899832684258707 0.37459245623522769 1.7165391499882074 1.6271661634722758 0.49251446170600338 4.1689878061477064
decision_type=2 2 2 2 2 2 2 2 2 2 2 2 2 2
left_child=2 3 -1 -2 6 8 -3 -4 9 -5 11 12 -11 -9
right_child=1 4 7 5 -6 -7 -8 13 -10 10 -12 -13 -14 -15
leaf_value=-0.02110717388783339 -0.000399593494266747 -0.0049585426947597678 -0.013263854082073659 -0.0044635973652022388 0.0042643127845242209 -0.013176439568273924 0.0016943598088753088 -0.0050340110504288431 0.0025613406278497948 -0.0045642165004377679 0.0022663933555114907 -0.010690645973672818 0.0087301256056153444 -0.010128306020312533
leaf_weight=330.59698068443686 2806.4995939545333 84.315030068159103 219.60450586117804 939.16897019185126 1050.8345312029123 41.537606129422784 9644.5838760361075 291.98776972852647 95.285621903836727 40.064745904877782 235.24798713251948 56.712069950997829 23.152487941086292 322.79858503118157
leaf_count=43464 47606 1061 16671 32234 4328 1513 70772 16073 2340 1381 7965 1972 815 25841
internal_value=-5.68204e-05 0.000961437 -0.0130281 -0.00140305 0.00189161 -0.00334625 0.00162916 -0.00951089 -0.00291485 -0.00334271 -0.000318062 -0.00507599 0.00104515 -0.00788634
internal_weight=16182.4 15017.4 1164.99 4237.67 10779.7 1431.17 9728.9 834.391 1389.63 1294.35 355.177 119.929 63.2172 614.786
internal_count=274036 171987 102049 95826 76161 48220 71833 58585 46707 44367 12133 4168 2196 41914
is_linear=0
shrinkage=0.03


Tree=89
num_leaves=15
num_cat=0
split_feature=7 7 7 7 7 7 10 9 3 7 10 9 9 9
split_gain=227.106 34.6324 33.4854 8.58055 6.93383 6.60156 5.95031 4.32522 3.76839 4.87801 3.55923 3.71694 6.93229 3.48154
threshold=0.018178758054825953 0.086390984872955698 0.0041745393042925327 0.037306525805610287 0.41314440273845981 0.01240987691140401 0.34890365439959597 2.4246864496311145 0.055912091836689333 0.14680196563243927 0.28422506276573184 1.8005263131333182 1.7165391499882074 1.9003209804924526
decision_type=2 2 2 2 2 2 2 2 2 2 2 2 2 2
left_child=2 3 -1 6 8 7 -2 -4 -3 13 11 12 -6 -10
right_child=1 4 5 -5 10 -7 -8 -9 9 -11 -12 -13 -14 -15
leaf_value=-0.023575555092450108 -0.0029848502559753571 0.0081815178512055498 -0.012689682095233176 -0.00049245063945792668 0.0041210470320763044 -0.0066516756281586381 -0.013603751667373683 0.0022834650957463498 0.0021557138538441929 0.0019868090065675061 0.0058753214356747326 0.004967858800037063 -0.0047140583476110304 -7.685386436480894e-05
leaf_weight=206.64107295451686 1196.7906056419015 62.960135586559772 546.10370849817991 2999.5178997181356 155.9916001111269 384.47254290152341 36.132326602935791 13.574540147092192 854.90666279196739 6557.5282013788819 523.23584388196468 236.84136553108692 135.08014164865017 2263.1742619499564
leaf_count=28215 42251 720 51280 52188 639 21719 1387 835 8820 39196 2134 994 561 23097
internal_value=-5.7301e-05 0.000931683 -0.0128131 -0.00136485 0.00183318 -0.0101258 -0.00345583 -0.0122764 0.00157854 0.00152297 0.00413694 0.00229924 -9.22045e-06 0.000542655
internal_weight=16173 15022.2 1150.79 4232.44 10789.7 944.151 1232.92 559.678 9738.57 9675.61 1051.15 527.913 291.072 3118.08
internal_count=274036 171987 102049 95826 76161 73834 43638 52115 71833 71113 4328 2194 1200 31917
is_linear=0
shrinkage=0.03


Tree=90
num_leaves=15
num_cat=0
split_feature=11 7 7 6 8 11 5 11 11 8 11 10 8 6
split_gain=217.262 35.3732 30.4251 12.092 6.07979 5.30114 4.54909 6.18233 3.61453 3.61709 3.6112 3.60112 2.89051 2.79181
threshold=-2.9355019112486889 0.04877635246685396 0.0041745393042925327 1.5789255615152133 0.5972509909368876 -3.4274191881169513 16.500000000000004 -2.3437465851328017 -2.2161467702179132 0.20907170956341639 -4.3195713098835729 0.15394255268913873 0.39403512385873468 3.8846512804974966
decision_type=2 2 2 2 2 2 2 2 2 2 2 2 2 2
left_child=2 6 -1 4 11 10 -2 -8 -9 -10 12 -3 -4 -12
right_child=1 3 5 -5 -6 -7 7 8 9 -11 13 -13 -14 -15
leaf_value=-0.023425286467762908 -0.0021904897927512604 0.0008826575932780646 0.006209318075777237 0.00049429967101012574 0.0093825698230391111 -0.0074971008702565539 -0.01231545296602426 0.0060626816577553288 0.0020599531505922702 -0.0077496734646951334 0.0014664578596000574 0.0025750662949446681 -0.0068105490552777155 -0.014215189635457946
leaf_weight=201.89577965531498 1876.7119092345238 1469.0327751040459 8.1465579904615861 6193.2409665435553 94.606110766530037 435.72946730349213 86.350223950110376 23.432976666837931 44.109738379716873 81.19728091172874 7.7596663096919647 5235.1202277094126 40.192304219119251 365.1808015150018
leaf_count=28215 58629 9321 1076 73887 422 26059 3757 791 1239 2037 489 27347 4960 35807
internal_value=-5.68313e-05 0.000869364 -0.0130953 0.00145509 0.0023273 -0.0103007 -0.00271895 -0.00655324 -0.00238627 -0.0044455 -0.012843 0.00220702 -0.00366545 -0.0138448
internal_weight=16162.7 15103.8 1058.9 12992 6798.76 857.009 2111.8 235.09 148.74 125.307 421.279 6704.15 48.3389 372.94
internal_count=274036 177430 96606 110977 37090 68391 66453 7824 4067 3276 42332 36668 6036 36296
is_linear=0
shrinkage=0.03


Tree=91
num_leaves=15
num_cat=0
split_feature=11 7 7 11 10 11 6 5 8 9 3 7 8 9
split_gain=207.432 33.4126 30.1225 10.0667 5.21333 5.16744 4.92894 10.0519 4.50959 6.16649 4.83952 3.77496 3.69834 5.69129
threshold=-2.9355019112486889 0.055512139592022204 0.0041745393042925327 -0.25671984684781396 0.33678488549221003 -3.4274191881169513 3.6014124977339228 14.500000000000002 0.22615388202153433 1.925001347811172 0.029110936637147599 0.016234966639383036 0.18486769293965513 2.1678930878040941
decision_type=2 2 2 2 2 2 2 2 2 2 2 2 2 2
left_child=2 6 -1 -3 -5 -4 12 8 -8 -10 -11 -12 -2 -14
right_child=1 3 5 4 -6 -7 7 -9 9 10 11 -13 13 -15
leaf_value=-0.023273136730828439 -0.0069689244565438518 0.00074343564375353288 -0.012626027993519908 0.0022495963605051092 0.0067930856264515182 -0.0073315219790000838 -0.0066084745515973464 -0.0087666776040150312 -0.0049478819956825784 -0.0034569474201102111 -0.0017529129472289866 0.017479483847707988 -0.00243388957667007 0.0009901627960274351
leaf_weight=197.28711500298232 101.41877354867756 7220.283848438412 416.02673964528367 5123.9634617343545 227.61657282710075 432.59006150066853 25.402103748172522 240.93875174596906 25.067312955856323 11.85400305315852 8.1980014778673631 33.190889177843928 1482.1269561909139 607.17669017054141
leaf_count=28215 2580 74397 42332 26987 946 26059 1374 12585 1218 612 444 1581 38979 15727
internal_value=-5.66425e-05 0.000843027 -0.0128798 0.00147675 0.00246129 -0.0101013 -0.00228956 -0.00556129 0.00205211 0.00547214 0.0103872 0.0142171 -0.00174052 -0.00143885
internal_weight=16153.1 15107.2 1045.9 12571.9 5351.58 848.617 2535.37 344.651 103.712 78.3102 53.2429 41.3889 2190.72 2089.3
internal_count=274036 177430 96606 102330 27933 68391 75100 17814 5229 3855 2637 2025 57286 54706
is_linear=0
shrinkage=0.03


Tree=92
num_leaves=15
num_cat=0
split_feature=7 7 7 6 7 7 10 9 4 8 8 9 9 12
split_gain=197.678 32.332 29.4 7.53105 6.17184 6.0409 5.83586 4.17066 3.782 4.72964 4.56587 5.40561 3.96909 3.55363
threshold=0.018178758054825953 0.0041745393042925327 0.086390984872955698 2.9882008347154687 0.01240987691140401 0.41314440273845981 0.34890365439959597 2.4246864496311145 0.39444444444444454 0.462102683714325 0.37459245623522769 1.7165391499882074 1.6271661634722758 2.1383330595080281
decision_type=2 2 2 2 2 2 2 2 2 2 2 2 2 2
left_child=1 -1 3 -2 7 -4 8 -3 9 -5 -10 12 -12 -6
right_child=2 4 5 6 13 -7 -8 -9 10 -11 11 -13 -14 -15
leaf_value=-0.02311912492429408 -0.00036413219174514719 -0.012082158242758321 0.0014417321689617756 -0.010998706326256016 -0.011566191711481487 0.0038289995106960007 -0.012705508100166544 0.0025059927348971838 -0.003120900118099307 0.0032869698380502926 0.001220044344274099 0.0037936145681954233 -0.0096410902989425944 -0.0043139786267965318
leaf_weight=192.81111113028601 2803.4395487084985 527.76295207254589 9762.442740060389 75.569915546104312 77.209047832526267 1051.2348755300045 40.144349841400981 13.385163673665373 978.55332971923053 19.555873647332191 55.35261332243681 201.92689379490912 44.802349463105202 299.78046992514282
leaf_count=28215 47606 51280 71833 2376 4647 4328 1513 835 33160 639 1949 6970 1613 17072
internal_value=-5.65929e-05 -0.0121813 0.000850677 -0.0012701 -0.00954959 0.00167879 -0.00304127 -0.0116635 -0.00262528 -0.00801418 -0.00213684 0.00104771 -0.00426145 -0.00618502
internal_weight=16144 1110.95 15033 4219.34 918.138 10813.7 1415.91 541.148 1375.76 95.1258 1280.64 302.082 100.155 376.99
internal_count=274036 102049 171987 95826 73834 76161 48220 52115 46707 3015 43692 10532 3562 21719
is_linear=0
shrinkage=0.03


Tree=93
num_leaves=15
num_cat=0
split_feature=11 7 7 3 11 10 10 10 6 3 12 4 4 10
split_gain=189.201 29.9247 29.4428 10.5203 4.93218 4.76559 4.66074 4.10089 3.70322 8.94326 5.17808 4.66037 4.19056 5.16499
threshold=-2.9355019112486889 0.04877635246685396 0.0041745393042925327 0.10595963422768236 -3.4274191881169513 0.16372903928307656 0.36486195457532639 0.33678488549221003 3.6014124977339228 0.033732823398682069 2.1383330595080281 0.88562091503267981 0.36038961038961043 0.24414981615364431
decision_type=2 2 2 2 2 2 2 2 2 2 2 2 2 2
left_child=2 8 -1 6 -4 -5 7 -3 12 11 -11 -10 -2 -14
right_child=1 3 4 5 -6 -7 -8 -9 9 10 -12 -13 13 -15
leaf_value=-0.022963267613983214 -0.0072187187915474195 0.00029971985260921646 -0.012209001708499118 0.00088067168267096433 -0.0070085934946242925 0.0025199259078696017 -0.009009559549690755 0.0088471706067302994 -0.0089452847760030617 -0.002649646699724395 0.011139723169966878 0.0038496697916422765 -0.0021662705491347512 0.002696638499059861
leaf_weight=188.46387900179252 111.54483518749475 5238.9787653237581 406.26663227425888 2291.8493942022324 426.57588551845402 5416.9333315938711 32.993987090885639 36.03920141980052 245.91842504963279 48.575192761607468 26.866571639664471 20.109338504262269 1430.1150837708265 214.45074211806059
leaf_count=28215 2840 64244 42332 14948 26059 30689 545 551 13033 2380 1293 1108 39944 5855
internal_value=-5.71435e-05 0.000792324 -0.012458 0.00132856 -0.00971651 0.00203523 0.00029943 0.000383037 -0.00252116 -0.00533257 0.00329417 -0.00782425 -0.00193396 -0.00151351
internal_weight=16135.7 15114.4 1021.31 13016.8 832.843 7708.78 5308.01 5275.02 2097.58 341.47 75.4418 266.028 1756.11 1644.57
internal_count=274036 177430 96606 110977 68391 45637 65340 64795 66453 17814 3673 14141 48639 45799
is_linear=0
shrinkage=0.03


Tree=94
num_leaves=15
num_cat=0
split_feature=11 11 11 11 8 8 4 11 8 5 8 11 5 9
split_gain=180.559 28.4779 22.6087 8.60587 7.94624 5.50169 6.32495 5.16023 4.75098 4.38856 4.33804 5.75256 4.04688 5.18471
threshold=-2.9355019112486889 -1.203109991342201 -3.6736990204985651 -2.1163955904443141 0.34286957099281451 0.36061877803980896 0.36038961038961043 -2.3113065391434691 0.5972509909368876 10.500000000000002 0.43357559953448505 -1.9206719652450908 12.500000000000002 2.1678930878040941
decision_type=2 2 2 2 2 2 2 2 2 2 2 2 2 2
left_child=2 3 -1 5 -3 12 7 -7 -6 -8 -5 -12 -2 -14
right_child=1 4 -4 10 8 6 9 -9 -10 -11 11 -13 13 -15
leaf_value=-0.017236874367254438 -6.3129097077330669e-05 0.0010826557261170992 -0.0078681086573425922 -0.00088624099547009584 0.0026519922957910142 -0.011625028299392642 -0.0042056465185331873 -0.00022967427568105608 0.0092560423954546975 0.0023310380606989516 0.0074024538112757157 0.00040100123748630065 -0.0080799269748772547 -0.0025583748029468904
leaf_weight=451.08640330843627 136.32153323106468 7347.1016926541924 558.29095832910389 2580.9846875928342 3084.5898648127913 63.644030462950468 108.20158844068646 66.727356683462858 89.274251684546471 358.12335281260312 118.82031131535769 510.40487749874592 363.47528846468776 290.07601134292781
leaf_count=58473 5273 56814 38133 47031 16952 1636 2705 1324 386 9941 1821 5692 14305 13550
internal_value=-5.68441e-05 0.000768334 -0.0122461 -0.00119886 0.00162832 -0.00316038 -0.000950451 -0.00641811 0.00288042 0.00073053 -0.000340871 0.0018647 -0.00478101 -0.0057416
internal_weight=16127.1 15117.7 1009.38 4596.78 10521 1386.57 596.696 130.371 3173.86 466.325 3210.21 629.225 789.873 653.551
internal_count=274036 177430 96606 103278 74152 48734 15606 2960 17338 12646 54544 7513 33128 27855
is_linear=0
shrinkage=0.03


Tree=95
num_leaves=15
num_cat=0
split_feature=7 7 7 11 10 6 4 4 8 12 0 7 10 11
split_gain=173.042 37.794 18.2907 9.61299 6.51765 5.72701 4.64408 4.04304 3.83978 3.46082 4.25621 4.16144 5.93616 3.69057
threshold=0.01240987691140401 0.04877635246685396 0.0041745393042925327 -0.45473615711494725 0.22320469459570383 3.4672959664678489 0.39444444444444454 0.60555555555555574 0.3758719070743306 2.1383330595080281 9.5000000000000018 0.02114318502212691 0.13386357335583973 -2.8994644204400064
decision_type=2 2 2 2 2 2 2 2 2 2 2 2 2 2
left_child=2 5 -1 -3 8 6 -2 -7 -5 13 -11 -12 -13 -9
right_child=1 3 -4 4 -6 7 -8 9 -10 10 11 12 -14 -15
leaf_value=-0.022685363347416988 -0.0054798617633551516 0.00043841959617977195 -0.011030945328387099 0.0016858459537771838 0.0037111397634332077 -0.0081246723591968922 -0.0010911604776477548 -0.01229807753503419 -0.0024608740243385447 0.0042967112014493077 -0.0048358379190670204 -0.0058426101293764781 0.0089008631831283876 -0.00029937234607759714
leaf_weight=181.13533966708928 245.98634340427816 6555.4993083663285 523.20801685331389 4659.3043875545263 1620.4562189131975 241.40013653691858 1366.6096141710877 54.482279450632632 197.17031145095825 66.010398653335869 300.10669447015971 30.049279861152172 41.296267036348581 35.68440337665379
leaf_count=28215 6380 75088 52115 28076 6951 12321 36196 3143 862 3359 16591 1311 1794 1634
internal_value=-5.61991e-05 0.000614403 -0.0144386 0.00124991 0.00206833 -0.00284918 -0.00180495 -0.00496242 0.00151043 -0.00333104 -0.00207276 -0.00332751 0.00275498 -0.00826946
internal_weight=16118.4 15414.1 704.343 13032.4 6476.93 2381.63 1612.6 769.029 4856.47 527.629 437.463 371.452 71.3455 90.1667
internal_count=274036 193706 80330 110977 35889 82729 42576 40153 28938 27832 23055 19696 3105 4777
is_linear=0
shrinkage=0.03


Tree=96
num_leaves=15
num_cat=0
split_feature=7 11 7 3 8 9 8 11 11 11 4 8 8 9
split_gain=165.477 35.7939 18.1769 12.0368 4.73603 3.96532 3.75825 5.20907 6.01096 4.80834 5.34742 6.19276 4.28562 4.36784
threshold=0.01240987691140401 -2.1163955904443141 0.0041745393042925327 0.10595963422768236 0.5972509909368876 2.4246864496311145 0.43357559953448505 -1.3101149182386425 -1.9206719652450908 -0.8324463741746323 0.37980769230769235 0.23968436736427981 0.19310294634574562 2.0535334656610993
decision_type=2 2 2 2 2 2 2 2 2 2 2 2 2 2
left_child=2 -2 -1 6 -5 -4 9 8 -8 12 -11 -12 -3 -14
right_child=1 3 5 4 -6 -7 7 -9 -10 10 11 -13 13 -15
leaf_value=-0.022524524696092955 -0.003531056375151127 -0.0046174751107143147 -0.011249863985857114 0.0017785714097714451 0.0073539424730950488 0.0028147906331685781 0.0070253736336571993 0.012100451743149495 -0.0010792119905197837 0.00063561604430564019 0.0099193837437088518 -0.0016211688353675912 -0.0015567893761265956 0.00050766101243483318
leaf_weight=177.12381957564503 1671.225164107047 219.80539319477975 504.46402967954054 7587.7538424022496 126.41473617404699 13.126314991153775 106.44269821792841 34.012707509100437 246.12501278892159 1566.1432641595602 107.93698427453637 57.769698970019817 1679.9310882166028 2011.7342493403703
leaf_count=28215 65010 4877 51280 44679 768 835 1645 297 3073 14095 1132 495 23922 33713
internal_value=-5.6274e-05 0.000595245 -0.0142201 0.00110029 0.00188403 -0.0108239 9.54473e-05 0.00289966 0.00155446 -0.000103825 0.00120588 0.00609544 -0.000686103 -0.000434287
internal_weight=16110 15415.3 694.714 13744.1 7714.17 517.59 6029.9 386.58 352.568 5643.32 1731.85 165.707 3911.47 3691.67
internal_count=274036 193706 80330 128696 45447 52115 83249 5015 4718 78234 15722 1627 62512 57635
is_linear=0
shrinkage=0.03


Tree=97
num_leaves=15
num_cat=0
split_feature=7 6 7 7 10 8 11 11 5 8 3 4 11 3
split_gain=158.225 33.9145 18.0574 10.5656 7.15198 5.98007 4.2349 3.9789 3.89433 3.70632 6.42968 4.58997 3.42729 7.1889
threshold=0.01240987691140401 2.9882008347154687 0.0041745393042925327 0.14680196563243927 0.34890365439959597 0.5972509909368876 -1.7899832684258707 -1.0189662490042708 16.500000000000004 0.4850205704729757 0.043400140780415902 0.39444444444444454 -2.8618833197882751 0.027618271405719211
decision_type=2 2 2 2 2 2 2 2 2 2 2 2 2 2
left_child=2 3 -1 -2 6 7 8 -5 9 11 -11 -3 13 -13
right_child=1 4 -4 5 -6 -7 -8 -9 -10 10 -12 12 -14 -15
leaf_value=-0.022361926015623861 0.00014109484979854347 -0.010762296337118466 -0.010617579288335175 -0.0033390105928228437 -0.013261455185980701 0.00868335987378413 0.0029192780697289192 0.001807131080607247 -0.0074450248275185283 -0.0049197611854057393 0.0092010066983294787 0.0033288329729760807 -0.0018669293464194489 -0.0081299967873764631
leaf_weight=173.22752622887492 5995.7787708453834 53.88140601105988 512.09940095664933 124.44778048247099 49.013202695176005 98.570002488791943 94.177940839901567 7432.2248636335135 170.26511789951473 41.231345225125551 47.326065916568041 54.341328349895775 1049.1507531423122 205.95523019041866
leaf_count=28215 80243 1741 52115 976 2253 459 2340 42089 7095 2041 1680 3189 38120 11480
internal_value=-5.49198e-05 0.000578077 -0.0140015 0.00108494 -0.00331747 0.00182245 -0.00292106 0.00171593 -0.00328378 -0.00272464 0.00286621 -0.00311505 -0.00268205 -0.00568674
internal_weight=16101.7 15416.4 685.327 13651 1765.34 7655.24 1716.33 7556.67 1622.15 1451.89 88.5574 1363.33 1309.45 260.297
internal_count=274036 193706 80330 123767 69939 43524 67686 43065 65346 58251 3721 54530 52789 14669
is_linear=0
shrinkage=0.03


Tree=98
num_leaves=15
num_cat=0
split_feature=7 11 7 3 3 11 8 4 10 9 10 9 11 10
split_gain=151.26 32.0986 17.9237 10.7161 4.94906 4.95377 4.60252 4.79577 4.35619 4.15349 7.36734 4.44648 4.40243 5.783
threshold=0.01240987691140401 -2.1163955904443141 0.0041745393042925327 0.10343821412571083 0.10124800457290374 -0.58778666490211895 0.462102683714325 0.31009615384615391 0.16287231580964504 2.2118685301763787 0.14901204498257284 2.2543053365384744 -0.40546510810816433 0.12260418901207577
decision_type=2 2 2 2 2 2 2 2 2 2 2 2 2 2
left_child=2 -2 -1 4 5 6 -3 -8 -5 10 -7 -11 -13 -14
right_child=1 3 -4 8 -6 9 7 -9 -10 11 -12 12 13 -15
leaf_value=-0.022197593164383436 -0.0033608076564238987 -0.00030006826124679808 -0.010414353212427603 0.00065110814816273009 -0.0042185640916728171 0.0095994636249257231 0.0080193967958678263 -0.0015970893535651855 0.0022076100320807118 -0.0056422389291537183 0.0011815719303374047 0.0052333796147682144 -0.0051950310736083296 0.0060688579838543014
leaf_weight=169.44310921709985 1661.1138805774972 4697.3335891049355 506.80358227388933 2296.6227792054415 218.24240332096815 144.68257979303598 107.62953425943851 68.431401409208775 5598.2722258009017 75.970702022314072 238.02923937141895 154.29612819105387 110.64901986718178 46.540234304964542
leaf_count=28215 65010 70868 52115 15052 1986 1234 1365 941 31896 651 1793 1526 1008 376
internal_value=-5.50638e-05 0.000559938 -0.0137844 0.00103651 6.42318e-05 0.000240596 -0.000115345 0.00444972 0.00175692 0.00245206 0.00460595 0.000232177 0.00185834 -0.00162189
internal_weight=16094.1 15417.8 676.247 13756.7 5861.8 5643.56 4873.39 176.061 7894.9 770.168 382.712 387.456 311.485 157.189
internal_count=274036 193706 80330 128696 81748 79762 73174 2306 46948 6588 3027 3561 2910 1384
is_linear=0
shrinkage=0.03


Tree=99
num_leaves=15
num_cat=0
split_feature=7 6 7 11 10 10 11 9 11 10 5 3 7 3
split_gain=144.602 30.5262 17.7806 9.34221 6.9775 5.8824 3.9342 3.85431 3.84031 4.61749 3.76425 3.15513 3.30007 3.58962
threshold=0.01240987691140401 2.9882008347154687 0.0041745393042925327 -0.45473615711494725 0.34890365439959597 0.22320469459570383 -1.7899832684258707 2.4246864496311145 -4.3195713098835729 0.22097931566515078 16.500000000000004 0.15881580932638908 0.36099178573550711 0.17924119394828045
decision_type=2 2 2 2 2 2 2 2 2 2 2 2 2 2
left_child=2 3 -1 -2 6 -5 10 8 9 -4 -3 -7 13 -13
right_child=1 4 7 5 -6 11 -8 -9 -10 -11 -12 12 -14 -15
leaf_value=-0.022031554149808806 0.00027493916212898887 -0.0025769630728809884 0.010528679101159493 0.0013173531376767091 -0.013038971495412706 0.008439567663506448 0.0028455293401478594 0.0030927724334205496 -0.011458980235763059 -0.0060628648829062623 -0.0072309450203755831 0.004299310162473262 0.0036342321396769994 -0.0026517749409431437
leaf_weight=165.76729702064767 7168.0661837756634 1444.4351923996583 6.4329508766531935 4872.4228832498193 48.245690702460706 94.592301547527313 94.403816614300013 12.897526574786751 445.04570928774774 37.285029253922403 168.64154434017837 91.113509804010391 1271.1191023588181 165.77916470170021
leaf_count=28215 87878 58251 932 28938 2253 465 2340 835 45244 5104 7095 451 5265 770
internal_value=-5.41753e-05 0.000543417 -0.0135682 0.00102274 -0.00316376 0.0018455 -0.00277362 -0.0102131 -0.0106458 -0.00155551 -0.00312566 0.00340485 0.00301416 -8.52203e-05
internal_weight=16086.2 15418.8 667.429 13663.1 1755.73 6495.03 1707.48 501.661 488.764 43.718 1613.08 1622.6 1528.01 256.893
internal_count=274036 193706 80330 123767 69939 35889 67686 52115 51280 6036 65346 6951 6486 1221
is_linear=0
shrinkage=0.03


Tree=100
num_leaves=15
num_cat=0
split_feature=7 7 7 11 11 5 10 5 4 7 11 5 10 9
split_gain=138.145 28.905 17.6409 7.41609 4.81627 6.28217 4.27052 4.18258 6.39891 7.35326 3.77416 6.24517 4.73271 4.16914
threshold=0.01240987691140401 0.04877635246685396 0.0041745393042925327 -0.25671984684781396 -2.8618833197882751 15.500000000000002 0.36486195457532639 12.500000000000002 0.62019230769230782 0.02114318502212691 -0.20294084399669046 15.500000000000002 0.18186161130609124 2.1901161392935395
decision_type=2 2 2 2 2 2 2 2 2 2 2 2 2 2
left_child=2 4 -1 -3 5 -2 10 8 -6 -10 11 12 -5 -13
right_child=1 3 -4 6 7 -7 -8 -9 9 -11 -12 13 -14 -15
leaf_value=-0.02186384368355529 -0.0086190181956405515 0.0004789498661673902 -0.010010296790705742 -0.0029683670554566054 0.0052228428432601962 -0.00079133819069401065 0.0069849616496026317 -0.0025907337965954771 0.0090462536391061176 -0.0043215522422632192 0.0015739478075234266 0.014467899955071629 0.0062389437685133435 0.0031768847141091803
leaf_weight=162.19689692836255 224.34305127989501 7682.3463178351521 496.57846419187263 101.8763922303915 159.33079980313778 155.53546810429543 133.18014793097973 1574.4668104182929 29.847085503861308 211.31932538002729 4946.1463310271502 62.357028044760227 73.725936397910118 65.032136231660843
leaf_count=28215 12403 83044 52115 702 3966 8753 567 49910 1485 6212 25410 369 392 493
internal_value=-5.35947e-05 0.00052692 -0.0133505 0.0010788 -0.00252236 -0.0055659 0.00193127 -0.0018994 0.000813843 -0.0022343 0.00178351 0.00496891 0.00108406 0.00964572
internal_weight=16078.3 15419.5 658.775 13064.7 2354.84 379.879 5382.32 1974.96 400.497 241.166 5249.14 302.991 175.602 127.389
internal_count=274036 193706 80330 110977 82729 21156 27933 61573 11663 7697 27366 1956 1094 862
is_linear=0
shrinkage=0.03


Tree=101
num_leaves=15
num_cat=0
split_feature=7 11 7 3 9 9 11 10 9 3 10 10 10 9
split_gain=132.035 27.4879 17.4798 9.16703 4.16506 3.73028 3.79538 4.45707 3.46981 3.29778 3.1774 7.95218 5.52865 7.58514
threshold=0.01240987691140401 -2.1163955904443141 0.0041745393042925327 0.10595963422768236 2.0874899894146641 2.4246864496311145 -4.3195713098835729 0.22097931566515078 1.4693127104713464 0.036808124386421101 0.20840153801199365 0.21921974254136883 0.24414981615364431 1.7271110081475349
decision_type=2 2 2 2 2 2 2 2 2 2 2 2 2 2
left_child=2 8 -1 9 -5 6 7 -4 -2 -3 -10 -12 -13 -14
right_child=1 3 5 4 -6 -7 -8 -9 10 -11 11 12 13 -15
leaf_value=-0.021694494295494259 -0.008356997646448084 -0.0030160882779220956 0.010522394814738279 0.0020749097595725704 0.00053419583847168022 0.0031982400150062369 -0.011065145387999513 -0.0057865388156530494 -0.0039541762897755918 0.00023184944191970193 0.0064196171111177286 -0.006526028155734229 -0.0035729601093267408 0.0044105279771255706
leaf_weight=158.72883445350453 95.674295474775136 280.79017257317901 6.4362400211393824 5510.9418436288834 2229.0671019181609 12.811660666484384 435.78513279790059 36.699299613479525 850.83614793140441 5751.7238270975649 91.313419687561691 188.83736084867269 260.82758432254195 160.2469022963196
leaf_count=28215 3118 7594 932 31157 14290 835 45244 5104 37239 75655 3457 6808 8909 5479
internal_value=-5.22854e-05 0.000511852 -0.0131362 0.000950822 0.00163309 -0.00981318 -0.0102478 -0.001266 -0.00313274 7.35645e-05 -0.00273379 -0.00120122 -0.00246889 -0.000487508
internal_weight=16070.7 15420.3 650.461 13772.5 7740.01 491.732 478.921 43.1355 1647.74 6032.51 1552.06 701.225 609.912 421.074
internal_count=274036 193706 80330 128696 45447 52115 51280 6036 65010 83249 61892 24653 21196 14388
is_linear=0
shrinkage=0.03


Tree=102
num_leaves=15
num_cat=0
split_feature=11 11 7 7 8 8 7 11 9 8 9 4 11 9
split_gain=126.408 27.2988 15.8686 8.32477 5.45109 4.47169 3.89962 4.11771 3.85285 4.81156 7.5055 5.98625 5.08632 4.73457
threshold=-3.3112801037930706 -2.1163955904443141 0.0041745393042925327 0.14680196563243927 0.5972509909368876 0.23309785937532329 0.016234966639383036 -4.3195713098835729 2.1678930878040941 0.36061877803980896 1.7271110081475349 0.74166666666666681 -2.7901758260511134 1.6560164723978006
decision_type=2 2 2 2 2 2 2 2 2 2 2 2 2 2
left_child=2 5 -1 -3 -5 -2 7 -4 9 11 12 -7 -11 -14
right_child=1 3 6 4 -6 8 -8 -9 -10 10 -12 -13 13 -15
leaf_value=-0.021523545119806482 -0.007070407269450245 9.3808712841702299e-05 -0.0011947612333135398 0.0014772234451175905 0.0081350169374682126 -0.0066264352350709843 0.0019493818817293035 -0.011415811923444126 0.0015154115033201539 -0.010152146653139413 0.0013359818535108043 0.00082723142186689298 0.00080965290941570171 -0.0081974183420397244
leaf_weight=155.36010086070746 212.66728970222175 6098.7491408474743 42.994022230152041 7581.4594661742449 98.181587465107441 448.02958656940609 19.426747173070908 388.57643314218149 181.61941498611122 91.800510296598077 402.30329287424684 118.75444154720753 162.818334473297 60.95800106972456
leaf_count=28215 12496 85172 6036 43065 459 19114 1181 41070 8599 3992 13050 6363 3696 1528
internal_value=-5.19273e-05 0.000480933 -0.0133194 0.000921885 0.00157803 -0.00311388 -0.00989133 -0.0104719 -0.00247425 -0.00304927 -0.00137189 -0.00508366 -0.00472793 -0.00200476
internal_weight=16063.7 15457.3 606.357 13778.4 7679.64 1678.95 450.997 431.57 1466.28 1284.66 717.88 566.784 315.577 223.776
internal_count=274036 197534 76502 128696 43524 68838 48287 47106 56342 47743 22266 25477 9216 5224
is_linear=0
shrinkage=0.03


Tree=103
num_leaves=15
num_cat=0
split_feature=11 11 7 3 3 11 8 4 8 8 9 10 9 5
split_gain=120.828 25.833 15.7203 8.21266 4.75873 4.40139 4.30046 4.52641 4.27206 3.9449 3.86044 6.94816 4.22853 5.3503
threshold=-3.3112801037930706 -2.1163955904443141 0.0041745393042925327 0.10343821412571083 0.10124800457290374 -0.58778666490211895 0.462102683714325 0.25833333333333336 0.23309785937532329 0.5972509909368876 2.2118685301763787 0.14901204498257284 2.2543053365384744 15.500000000000002
decision_type=2 2 2 2 2 2 2 2 2 2 2 2 2 2
left_child=2 8 -1 4 5 6 -3 -8 -2 -5 11 -7 -12 -14
right_child=1 3 -4 9 -6 10 7 -9 -10 -11 12 -13 13 -15
leaf_value=-0.02135103235345636 -0.006916801630855977 -0.00029933604212671562 -0.0096967026513536045 0.0014299765317187375 -0.0041604449099236808 0.009189232593988168 0.0086540484820453404 -0.00049804902774452031 -0.0024117266530426806 0.0065020810902875932 -0.0055755063358222919 0.0010474594056722813 -0.0049323788077805372 0.0038163078358022799
leaf_weight=152.08777932683006 211.22368982899934 4696.8921818044037 446.66125155054033 7792.6215463504195 217.85880560055375 145.96814577281475 86.033399656414986 90.806770078837872 1463.1189292110503 126.89039120078087 75.797263793647289 238.75910150259733 69.174223512411118 243.2183063775301
leaf_count=28215 12496 70868 48287 46170 1986 1234 1057 1249 56342 778 651 1793 654 2256
internal_value=-5.19497e-05 0.000465907 -0.0131065 0.000894173 4.27608e-05 0.000215522 -0.000120438 0.004283 -0.00303643 0.00152338 0.00229592 0.00436542 0.000158785 0.00174183
internal_weight=16057.1 15458.4 598.749 13784 5864.51 5646.65 4873.73 176.84 1674.34 7919.51 772.917 384.727 388.19 312.393
internal_count=274036 197534 76502 128696 81748 79762 73174 2306 68838 46948 6588 3027 3561 2910
is_linear=0
shrinkage=0.03


Tree=104
num_leaves=15
num_cat=0
split_feature=11 6 6 11 10 11 8 9 8 11 4 4 8 8
split_gain=115.48 24.5129 14.2324 7.22553 5.24377 4.10905 3.88205 4.93012 7.50864 5.29114 5.06724 4.35293 3.84291 3.67565
threshold=-3.3112801037930706 2.9882008347154687 5.2345784900822947 -0.45473615711494725 0.22320469459570383 -1.7899832684258707 0.23309785937532329 1.6936169399515857 0.37730799345311855 -2.7901758260511134 0.79285714285714304 0.36931818181818188 0.24805965151960249 0.3758719070743306
decision_type=2 2 2 2 2 2 2 2 2 2 2 2 2 2
left_child=2 3 -1 -2 13 6 -3 9 10 -8 12 -10 -9 -5
right_child=1 5 -4 4 -6 -7 7 8 11 -11 -12 -13 -14 -15
leaf_value=-0.009562772293638418 0.00022463203402475564 -0.0060606890903074405 -0.020705660594326408 0.0012791710171235987 0.003075465832645609 0.0028977310596557432 -0.011812766190529641 0.0011888813677527249 -0.0090279447763175948 -0.00079847046889785632 0.0028218179913734346 0.0039139054406443366 -0.0045469253658062536 -0.002762956969361274
leaf_weight=437.93565814616159 7176.1577419824898 333.4393987422809 153.41063545411453 4691.8097135573626 1624.5410594791174 94.243438083678484 82.256087549962103 116.38553065154701 11.633710063993929 69.712468471378088 109.96532620117068 234.24110219348222 716.91813959088176 197.79568429291248
leaf_count=47607 87878 16588 28895 28076 6951 2340 3681 4779 384 2108 6154 8779 28954 862
internal_value=-5.12656e-05 0.000452031 -0.0128942 0.000882183 0.00160438 -0.00285673 -0.00320344 -0.00243386 -0.00173076 -0.00728583 -0.00294192 0.00281767 -0.00373896 0.00110771
internal_weight=16050.4 15459.1 591.346 13690.3 6514.15 1768.8 1674.55 1341.11 1189.14 151.969 943.269 245.875 833.304 4889.61
internal_count=274036 197534 76502 123767 35889 73767 71427 54839 49050 5789 39887 9163 33733 28938
is_linear=0
shrinkage=0.03


Tree=105
num_leaves=15
num_cat=0
split_feature=7 11 7 3 3 11 8 4 10 11 10 6 3 8
split_gain=110.755 21.8703 16.6193 7.34984 4.52948 4.04739 4.0581 4.30468 3.77506 3.33464 4.26049 3.37898 6.9395 3.10152
threshold=0.01240987691140401 -2.1163955904443141 0.0041745393042925327 0.10343821412571083 0.10124800457290374 -0.58778666490211895 0.462102683714325 0.31009615384615391 0.16287231580964504 -4.3195713098835729 0.22097931566515078 4.7591779066044522 0.021282272222805883 0.5972509909368876
decision_type=2 2 2 2 2 2 2 2 2 2 2 2 2 2
left_child=2 -2 -1 4 5 6 -3 -8 -5 10 -4 12 -11 -10
right_child=1 3 9 8 -6 -7 7 -9 13 11 -12 -13 -14 -15
leaf_value=-0.021005485243388768 -0.0028169862951459975 -0.00029072052404899729 0.010659252853066337 0.00041267326521568406 -0.0040685447733238168 0.0021983363438046258 0.0075047593805640661 -0.0015784917251635707 0.0017377220513260638 0.0020674571964872795 -0.0053241843272160781 -0.014497096943708187 -0.0094480301950820751 0.0062711831452994049
leaf_weight=145.89055546140298 1629.5203261580318 4695.6522152461112 6.3648248524405053 2307.4284537658095 217.27119962871075 774.66354919224977 109.05739923939109 68.386009521782398 5494.2758927792311 50.795625136233866 35.747670657467097 114.98508363822475 266.88905580621213 126.88946349173784
leaf_count=28215 65010 70868 932 15052 1986 6588 1365 941 31118 4123 5104 16445 25511 778
internal_value=-5.12891e-05 0.000454075 -0.0123235 0.000843144 3.756e-05 0.000205882 -0.000116628 0.00415393 0.00143786 -0.0090941 -0.00074339 -0.00985475 -0.00759658 0.00185648
internal_weight=16043.8 15423.1 620.673 13793.6 5865.03 5647.76 4873.1 177.443 7928.59 474.782 42.1125 432.67 317.685 5621.17
internal_count=274036 193706 80330 128696 81748 79762 73174 2306 46948 52115 6036 46079 29634 31896
is_linear=0
shrinkage=0.03


Tree=106
num_leaves=15
num_cat=0
split_feature=7 7 7 11 11 5 5 11 11 11 3 8 8 9
split_gain=105.852 20.7399 16.4076 5.58763 4.10448 5.98485 4.06869 5.81532 3.81715 3.76802 3.67718 4.31555 3.5302 3.50095
threshold=0.01240987691140401 0.04877635246685396 0.0041745393042925327 -0.25671984684781396 -2.8618833197882751 15.500000000000002 16.500000000000004 -2.3437465851328017 -2.2161467702179132 -2.5439810093638866 0.14411193125933389 0.43947506386041491 0.20907170956341639 2.4246864496311145
decision_type=2 2 2 2 2 2 2 2 2 2 2 2 2 2
left_child=2 4 -1 -3 5 -2 9 -8 -9 -6 -5 -12 -10 -4
right_child=1 3 13 10 6 -7 7 8 12 -11 11 -13 -14 -15
leaf_value=-0.020828559246669823 -0.0080271696373193802 0.0003844356928269342 -0.0093535793792290205 0.0047816538756867456 0.0015373237085573633 -0.00035714426226276066 -0.011668754844981758 0.0071309256195772963 0.0026059899931579664 -0.0018111389023175615 0.0010696983303831696 0.0035112821588150077 -0.007078541703120899 0.0035051772964552288
leaf_weight=142.88889137562364 218.22562458366156 7698.4183288179338 458.11293268669397 304.1841252297163 374.7824839297682 153.12583422940224 68.878283232450485 22.380730248987675 43.180478643625975 1366.6349966339767 4336.6462350636721 758.48482973873615 78.665068974718451 12.563793188426642
leaf_count=28215 12403 83044 51280 2133 15731 8753 3092 791 1239 38683 22695 3105 2037 835
internal_value=-5.06945e-05 0.000440683 -0.0121185 0.000904648 -0.00216111 -0.00500111 -0.00158754 -0.00536416 -0.00153766 -0.00108352 0.00164325 0.0014424 -0.00373702 -0.00891268
internal_weight=16037.2 15423.6 613.566 13097.7 2325.87 371.351 1954.52 213.105 144.226 1741.42 5399.32 5095.13 121.846 470.677
internal_count=274036 193706 80330 110977 82729 21156 61573 7159 4067 54414 27933 25800 3276 52115
is_linear=0
shrinkage=0.03


Tree=107
num_leaves=15
num_cat=0
split_feature=11 11 7 11 4 4 9 9 8 8 9 8 9 8
split_gain=101.144 20.8823 14.9986 6.33623 4.66098 5.3651 5.21713 4.83301 6.83729 4.60084 4.21254 3.88308 3.74091 4.35964
threshold=-3.3112801037930706 -2.1163955904443141 0.0041745393042925327 -0.67294447324242579 0.37980769230769235 0.2817460317460318 1.4693127104713464 2.2061130252631136 0.30660343897995629 0.33010400053889227 1.9863936706090892 0.23309785937532329 2.1678930878040941 0.36061877803980896
decision_type=2 2 2 2 2 2 2 2 2 2 2 2 2 2
left_child=2 11 -1 9 5 6 -5 8 -7 -3 -11 -2 13 -13
right_child=1 3 -4 4 -6 7 -8 -9 -10 10 -12 12 -14 -15
leaf_value=-0.020650242731744987 -0.0064832364385896237 -0.00062480991995297473 -0.008964432401708522 0.0057187684227745133 0.0074972824419657427 0.0026823202829500039 0.0012942723197196771 -0.0077639870706247352 -0.007323074337041038 0.00045809719615502725 0.0036228686210572937 -0.0046837929490218073 0.0017727169606159914 -0.0011361332882792829
leaf_weight=139.9728663591668 207.23443185724318 3555.3688559569418 431.02602999284863 234.96027171611786 95.461573399603367 203.55042146146297 7082.3325329273939 88.186026088893414 70.528765708208084 2019.0811870582402 452.58809610456228 558.13259906042367 180.09824543166906 712.30310003552586
leaf_count=28215 12496 55226 48287 995 820 1615 41056 936 411 21924 5713 25477 8599 22266
internal_value=-5.02943e-05 0.000413031 -0.0122843 0.00079592 0.00136101 0.00127026 0.00144775 -0.00222985 -0.000138755 6.53778e-05 0.00105596 -0.00275334 -0.00215955 -0.00273117
internal_weight=16030.8 15459.8 570.999 13802.1 7775.02 7679.56 7317.29 362.265 274.079 6027.04 2471.67 1657.77 1450.53 1270.44
internal_count=274036 197534 76502 128696 45833 45013 42051 2962 2026 82863 27637 68838 56342 47743
is_linear=0
shrinkage=0.03


Tree=108
num_leaves=15
num_cat=0
split_feature=11 11 7 3 11 8 10 9 8 11 11 10 4 9
split_gain=96.849 22.2925 11.9428 6.29447 4.2465 3.67598 4.32518 3.63476 3.16201 5.08662 5.68773 4.64766 3.74328 5.17649
threshold=-3.4274191881169513 -2.1163955904443141 0.0041745393042925327 0.10595963422768236 -4.2686068519998246 0.23309785937532329 0.12676667049855733 2.0874899894146641 0.43357559953448505 -1.3101149182386425 -1.9206719652450908 0.21003332469204467 0.63961038961038974 1.9003209804924526
decision_type=2 2 2 2 2 2 2 2 2 2 2 2 2 2
left_child=2 5 -1 8 -4 -2 -7 -5 11 10 -10 12 13 -3
right_child=1 3 4 7 -6 6 -8 -9 9 -11 -12 -13 -14 -15
leaf_value=-0.020470577813965603 -0.0063884061987931019 0.0041819881519573315 -0.00092329302423838988 0.0017475407132481115 -0.010662871192750936 0.0097935205093760708 -0.0024508390058452056 0.00031296473423144121 0.0065870759336094141 0.011648994790090125 -0.0012556901546341471 -0.0025662538790432129 -0.0038930871694411737 8.0118649064976836e-05
leaf_weight=137.13998399488628 216.41524879261851 279.80269763618708 49.638595637399703 5531.9388034790754 300.31606527464464 11.939763732254503 1502.4997603641823 2238.5780372470617 107.7166505381465 34.432139620184898 247.41946870833635 615.67480545118451 181.65824757143855 4569.3344295602292
leaf_count=28215 13453 3332 7250 31157 35082 611 60729 14290 1645 297 3073 8072 4591 62239
internal_value=-4.99024e-05 0.000368807 -0.013018 0.000771948 -0.00937611 -0.00282594 -0.0022592 0.00133566 4.47417e-05 0.00260688 0.00129365 -0.000138467 0.000165394 0.000328969
internal_weight=16024.5 15537.4 487.095 13806.6 349.955 1730.85 1514.44 7770.52 6036.04 389.568 355.136 5646.47 5030.8 4849.14
internal_count=274036 203489 70547 128696 42332 74793 61340 45447 83249 5015 4718 78234 70162 65571
is_linear=0
shrinkage=0.03


Tree=109
num_leaves=15
num_cat=0
split_feature=7 6 7 10 4 9 7 9 11 10 3 4 8 6
split_gain=92.6488 17.5701 15.6734 6.53506 5.60518 4.67156 4.21093 3.3558 3.61972 4.06617 3.34864 3.13766 4.46523 3.76133
threshold=0.01240987691140401 2.9882008347154687 0.0041745393042925327 0.34890365439959597 0.14835164835164838 1.4693127104713464 0.12738657106068649 2.4246864496311145 -4.3195713098835729 0.22097931566515078 0.17924119394828045 0.39444444444444454 0.462102683714325 3.4672959664678489
decision_type=2 2 2 2 2 2 2 2 2 2 2 2 2 2
left_child=2 4 -1 11 5 -2 -7 8 9 -4 -6 12 -3 -13
right_child=1 3 7 -5 10 6 -8 -9 -10 -11 -12 13 -14 -15
leaf_value=-0.020289619921968316 0.0057200563706286383 -0.010123569003203518 0.010762655382457754 -0.012191303789010196 0.0003374123270603547 -0.0047741284761134237 0.0013973736135808631 0.003651215071204526 -0.0096780653737670603 -0.004893766212676706 -0.0035526226714569873 -0.00038535811911307436 0.003690391115420839 -0.003323468113782859
leaf_weight=134.38778733508661 209.41414758190513 72.008186770603061 6.3111771172843865 45.456133186817169 7655.940134331584 86.986148349940777 5570.3043194413185 12.447575923986731 405.87395022297278 34.892370778135955 189.52821676805615 869.51440099067986 19.178057944402099 706.09691428299993
leaf_count=28215 935 2423 932 2253 90702 873 30177 835 45244 5104 1080 26164 661 38438
internal_value=-4.89483e-05 0.000403774 -0.0115268 -0.00244848 0.000762224 0.00146242 0.00129011 -0.00840382 -0.00884709 -0.000263271 0.000236838 -0.00207641 -0.00710735 -0.00172097
internal_weight=16018.3 15424.4 593.913 1712.25 13712.2 5866.7 5657.29 459.525 447.077 41.2035 7845.47 1666.8 91.1862 1575.61
internal_count=274036 193706 80330 69939 123767 31985 31050 52115 51280 6036 91782 67686 3084 64602
is_linear=0
shrinkage=0.03


Tree=110
num_leaves=15
num_cat=0
split_feature=11 11 7 3 3 11 11 10 10 11 5 7 4 11
split_gain=88.7673 19.8702 11.6481 5.67303 4.36699 4.01226 3.53411 3.37777 3.29185 3.85602 2.94215 2.88206 3.31186 5.27776
threshold=-3.4274191881169513 -2.1163955904443141 0.0041745393042925327 0.10343821412571083 0.10124800457290374 -4.2686068519998246 -0.58778666490211895 0.16287231580964504 0.24654055576928524 -1.2769777946146632 8.5000000000000018 0.018178758054825953 0.36038961038961043 -2.3113065391434691
decision_type=2 2 2 2 2 2 2 2 2 2 2 2 2 2
left_child=2 11 -1 4 6 -4 8 -5 -3 10 -10 -2 13 -13
right_child=1 3 5 7 -6 -7 -8 -9 9 -11 -12 12 -14 -15
leaf_value=-0.020107415938087094 -0.0046801374029719822 -0.00034335713285673394 -0.00082001915344442195 0.00028107124763825043 -0.0040157111069533706 -0.010291366623543385 0.002042475260642794 0.0016441035639463233 -0.0051403553669040515 0.0106150060055526 0.0024387047994123144 -0.0112404991862118 -0.0013078114529709894 -6.2324423031510085e-05
leaf_weight=131.71391139365733 463.39886822924018 4505.0238394942135 49.413156267721206 2313.412340849638 216.92200655862689 294.53207417530939 777.42010423541069 5634.5518935024738 39.762103579938412 32.211976006627083 295.86962423473597 66.949943996965885 1120.2734112814069 71.220216885209084
leaf_count=28215 31656 68325 7250 15052 1986 35082 6588 31896 542 278 4029 1889 39748 1500
internal_value=-4.88364e-05 0.000347584 -0.0126124 0.000727096 1.9204e-05 -0.00902179 0.000184332 0.00124864 -0.000117475 0.00255399 0.00135933 -0.0026774 -0.00189349 -0.00604904
internal_weight=16012.7 15537 475.659 13815.2 5867.21 343.945 5650.29 7947.96 4872.87 367.844 335.632 1721.84 1258.44 138.17
internal_count=274036 203489 70547 128696 81748 42332 79762 46948 73174 4849 4571 74793 43137 3389
is_linear=0
shrinkage=0.03


Tree=111
num_leaves=15
num_cat=0
split_feature=11 6 6 11 4 6 3 8 3 8 6 11 8 11
split_gain=84.8784 18.9092 10.2576 5.10499 3.86458 4.69255 3.58535 3.77315 3.5281 4.99331 4.27046 3.5835 3.42111 4.12838
threshold=-3.4274191881169513 2.9882008347154687 5.2345784900822947 -0.25671984684781396 0.39444444444444454 3.4672959664678489 0.14411193125933389 0.43947506386041491 0.032241985761766477 0.35795470260283774 4.6742296130452035 -3.8018545381560966 0.18486769293965513 -0.14310084364067319
decision_type=2 2 2 2 2 2 2 2 2 2 2 2 2 2
left_child=2 3 8 -2 -3 -6 12 -8 9 10 -1 -11 -5 -14
right_child=1 4 -4 6 5 -7 7 -9 -10 11 -12 -13 13 -15
leaf_value=-0.0011959030467266708 0.0002504606052709295 -0.0079299797695414308 -0.01940893641640843 -0.000694520181135059 -0.00061216751324883335 -0.0037479888299345541 0.00088939681008616805 0.0031709714503514244 -0.014086367936431126 0.0022415384319458822 -0.013013649499508765 -0.0078004909180971515 0.0089722098510869996 0.00039484205504709238
leaf_weight=40.836643268354237 8309.1638013273478 98.97375915478915 133.36138856969774 80.840362854301929 886.06046696938574 831.53735969681293 4347.3956486135721 758.12923784554005 87.058006165083498 77.475222067441791 96.81710832612589 34.510619214735925 150.12099584192038 74.815041124820709
leaf_count=4376 95834 3421 28895 671 26775 49526 22695 3105 9430 10184 14219 3443 998 464
internal_value=-4.86505e-05 0.000336838 -0.0124068 0.000718341 -0.00252691 -0.00214961 0.0014341 0.00123649 -0.00892378 -0.00642702 -0.00996978 -0.00140898 0.00452153 0.00632236
internal_weight=16007.1 15537 470.059 13720.5 1816.57 1717.6 5411.3 5105.52 336.698 249.64 137.654 111.986 305.776 224.936
internal_count=274036 203489 70547 123767 79722 76301 27933 25800 41652 32222 18595 13627 2133 1462
is_linear=0
shrinkage=0.03


Tree=112
num_leaves=15
num_cat=0
split_feature=11 7 7 11 10 11 4 4 3 4 7 11 10 10
split_gain=81.3738 17.9161 11.3486 5.95725 4.66338 3.78372 3.27448 6.84493 5.06646 2.66531 6.60192 4.80526 2.93452 7.46583
threshold=-3.4274191881169513 0.032532465394676212 0.0041745393042925327 -1.203109991342201 0.36486195457532639 -4.2686068519998246 0.35504201680672276 0.30384615384615393 0.073616688305191719 0.63961038961038974 0.042678452167369506 -1.7223412468009467 0.13808176879400566 0.13163665217152129
decision_type=2 2 2 2 2 2 2 2 2 2 2 2 2 2
left_child=2 -2 -1 6 -5 -4 7 8 -3 12 -11 -12 13 -8
right_child=1 3 5 4 -6 -7 9 -9 -10 10 11 -13 -14 -15
leaf_value=-0.019744455203187003 -0.002999353255668503 0.005810490697418483 -0.00072685276142910656 0.00091387859878809628 0.0059330730409321878 -0.0099284768093728035 0.00015284462078143316 -0.0042946268060482708 -0.00080335463674576456 -0.0078176791091100675 0.0090614963315212762 -0.0032314294342575488 9.8082934284475658e-05 0.009275110644430028
leaf_weight=126.65876986645162 1318.1015282673761 103.87289956025779 49.211105617228895 10459.205000191927 154.90101577341557 289.08114308957011 255.58003108389676 500.27355297841132 831.89138926006854 98.214311607182026 39.34083890914917 48.550148665904999 1623.5517430081964 103.38542324304581
leaf_count=28215 66524 1643 7250 73456 696 35082 5304 8377 10317 2490 785 852 30978 2067
internal_value=-4.87881e-05 0.000326731 -0.0122152 0.0006379 0.000995398 -0.00867762 -0.000414532 -0.00151791 1.0892e-05 0.000321524 -0.00297367 0.00278986 0.000650862 0.00304679
internal_weight=16001.8 15536.9 464.951 14218.8 10614.1 338.292 3604.66 1436.04 935.764 2168.62 186.105 87.891 1982.52 358.965
internal_count=274036 203489 70547 136965 74152 42332 62813 20337 11960 42476 4127 1637 38349 7371
is_linear=0
shrinkage=0.03


Tree=113
num_leaves=15
num_cat=0
split_feature=7 7 7 4 9 7 3 4 6 10 9 8 4 3
split_gain=77.8659 14.5797 13.9529 4.0095 4.18217 3.91997 3.39922 3.17121 3.857 5.32667 5.30651 6.23235 5.87906 5.2323
threshold=0.01240987691140401 0.0041745393042925327 0.04877635246685396 0.14835164835164838 1.4693127104713464 0.12738657106068649 0.17924119394828045 0.36038961038961043 3.4672959664678489 0.24414981615364431 1.7586049780652953 0.3758719070743306 0.58578431372549034 0.033732823398682069
decision_type=2 2 2 2 2 2 2 2 2 2 2 2 2 2
left_child=1 -1 7 4 -4 -6 -5 -2 9 -9 -10 12 -12 -13
right_child=2 -3 3 6 5 -7 -8 8 10 -11 11 13 -14 -15
leaf_value=-0.019558869122987387 -0.0064570163760083819 -0.0077866152991881319 0.0053497479967013224 0.00037390891199581166 -0.0046986334181351591 0.0012595638560852261 -0.0035503328310978375 -0.0013817789731114948 -0.0090435943481164613 0.0035452743615036766 -0.009017979059484444 -0.0014945252064800954 -0.0015614363637794526 0.011169611632762411
leaf_weight=124.20438904315233 110.44741673953831 446.65661952178925 209.00689438357949 7063.6100374311209 86.760155133903027 5580.0938306823373 189.46800604090095 1246.0822257138789 106.89452619478106 219.47231337800622 113.26742197945714 57.57553403545171 403.96048664115369 39.071379576809704
leaf_count=28215 3051 52115 935 77912 873 30177 1080 33430 6658 6208 5921 3420 21994 2047
internal_value=-4.79668e-05 -0.0107831 0.000359401 0.000737104 0.00131859 0.00115618 0.000264283 -0.00179042 -0.00151229 -0.000615491 -0.00328604 -0.00209168 -0.00340248 0.00443801
internal_weight=15996.6 570.861 15425.7 13128.9 5875.86 5666.85 7253.08 2296.77 2186.32 1465.55 720.769 613.875 517.228 96.6469
internal_count=274036 80330 193706 110977 31985 31050 78992 82729 79678 39638 40040 33382 27915 5467
is_linear=0
shrinkage=0.03


Tree=114
num_leaves=15
num_cat=0
split_feature=11 11 7 3 11 9 4 3 11 9 9 10 9 9
split_gain=74.5293 16.0666 11.0196 4.74475 3.67665 3.27398 2.79847 4.60223 3.92141 3.86293 3.83581 3.39215 3.23387 4.33024
threshold=-3.4274191881169513 -2.1163955904443141 0.0041745393042925327 0.10595963422768236 -4.2686068519998246 2.0874899894146641 0.080128205128205135 0.14411193125933389 -1.0189662490042708 1.7165391499882074 1.6696024277412966 0.24414981615364431 2.0535334656610993 2.0685014115702494
decision_type=2 2 2 2 2 2 2 2 2 2 2 2 2 2
left_child=2 -2 -1 -3 -4 6 9 -8 10 -5 -9 -11 -10 -14
right_child=1 3 4 5 -6 -7 7 8 12 11 -12 -13 13 -15
leaf_value=-0.019372256245137789 -0.0024256708581851358 1.6042367134518658e-05 -0.0005353619548162516 0.0059540252724708228 -0.0095882954437055135 0.00016775321741409414 0.0032263292522717317 -0.0063107009158469849 0.0011715229568487668 0.0025940187179347299 0.0005745801135198825 -0.0012866955815319771 -0.0076639380920684973 0.0012591866849524483
leaf_weight=121.81955336779356 1706.7341411411762 6039.887332405895 48.799680294003338 245.272465929389 284.1409092512913 2244.7579051628709 723.10475376620889 125.1719069108367 2768.0013212487102 1125.5333299934864 146.81400462239981 236.88989368081093 75.167493104934692 99.28721284866333
leaf_count=28215 74793 83249 7250 1011 35082 14290 5915 1084 14595 5163 1315 972 475 627
internal_value=-4.78525e-05 0.000307811 -0.0118207 0.000647411 -0.00834168 0.00113596 0.00152639 0.00108866 0.000595029 0.0025785 -0.00275835 0.0019126 0.000917417 -0.00288792
internal_weight=15991.4 15536.6 454.76 13829.9 332.941 7790 5545.24 3937.55 3214.44 1607.7 271.986 1362.42 2942.46 174.455
internal_count=274036 203489 70547 128696 42332 45447 31157 24011 18096 7146 2399 6135 15697 1102
is_linear=0
shrinkage=0.03


Tree=115
num_leaves=15
num_cat=0
split_feature=11 7 7 11 10 11 6 9 10 4 11 4 4 3
split_gain=71.2694 15.9697 10.129 5.06818 4.23158 3.73255 3.29898 3.22368 5.44389 5.26654 3.80133 3.10026 6.46412 4.78944
threshold=-3.4680068003425504 0.032532465394676212 0.0041745393042925327 -1.203109991342201 0.36486195457532639 -4.2686068519998246 4.3950660578969041 1.7165391499882074 0.20840153801199365 0.51470588235294124 -2.6146622475305423 0.35504201680672276 0.30384615384615393 0.073616688305191719
decision_type=2 2 2 2 2 2 2 2 2 2 2 2 2 2
left_child=2 6 -1 11 -5 -4 7 10 9 -9 -2 12 13 -3
right_child=1 3 5 4 -6 -7 -8 8 -10 -11 -12 -13 -14 -15
leaf_value=-0.01918467215508067 -0.0082453508939703633 0.0056483551779635604 -0.0005232913825208409 0.00083682221358415002 0.0056233146861296348 -0.0096974774350974749 -0.0086548858242524764 -0.0081675293650293208 0.0023000018388678323 -0.001848542383438667 0.0053403448383514338 0.00032945497655455708 -0.0041673239617264265 -0.00077139777418037828
leaf_weight=119.50223939260468 119.15810761786997 104.34163825958967 48.773921517655253 10471.750425625592 154.47183775901794 259.5828244490549 69.593766652047634 128.60524153895676 217.87123276200145 783.84166709519923 11.035612072795628 2168.0362326167524 498.09082708321512 831.15684335492551
leaf_count=28215 5874 1643 7250 73456 696 33010 6276 5205 10263 40583 395 42476 8377 10317
internal_value=-4.74287e-05 0.000290094 -0.0119147 0.000584918 0.000914231 -0.00833795 -0.00283493 -0.0024156 -0.00184577 -0.00285687 -0.00666104 -0.000386449 -0.00146132 2.24729e-05
internal_weight=15985.8 15558 427.859 14227.8 10626.2 308.357 1330.11 1260.51 1130.32 912.447 130.194 3601.63 1433.59 935.498
internal_count=274036 205561 68475 136965 74152 40260 68596 62320 56051 45788 6269 62813 20337 11960
is_linear=0
shrinkage=0.03


Tree=116
num_leaves=15
num_cat=0
split_feature=11 7 7 11 4 4 10 11 11 12 9 8 4 8
split_gain=68.133 15.1161 9.99351 4.76757 4.68097 7.97768 4.31298 3.58417 3.51341 3.14567 2.99619 6.204 4.07446 2.92481
threshold=-3.4680068003425504 0.032532465394676212 0.0041745393042925327 -0.67294447324242579 0.34313725490196084 0.2817460317460318 0.28422506276573184 -4.2686068519998246 -0.71314984786679469 1.2424533248940004 2.2061130252631136 0.30660343897995629 0.31009615384615391 0.22047695614180265
decision_type=2 2 2 2 2 2 2 2 2 2 2 2 2 2
left_child=2 -2 -1 8 5 6 9 -4 -3 -5 11 12 -7 -11
right_child=1 3 7 4 -6 10 -8 -9 -10 13 -12 -13 -14 -15
leaf_value=-0.018996180489253726 -0.002763518699284834 0.00010246306539427102 -0.00051149076464871693 0.00080334132608784103 0.0057968621806404035 0.0049926665790497255 0.0035648279150279362 -0.0095090806901099254 -0.0035321707529434505 0.0063433149852838442 -0.0086391772356431279 -0.0090433971489252071 -0.0039044820481993901 -0.0015749785474076406
leaf_weight=117.25042375875637 1326.741574681364 6193.6767234019935 48.748756511136889 6545.5136401429772 169.3124416321516 95.91242191940546 594.6933987736702 257.11892437096685 233.95874828845263 155.05840454995632 70.040454149246216 58.834097623825073 65.503171779215336 48.906509049236774
leaf_count=28215 68596 89078 7250 37637 1443 739 2486 33010 2054 1498 737 336 527 430
internal_value=-4.72772e-05 0.000281009 -0.0117148 0.00056745 0.00106504 0.000948943 0.0011444 -0.00816601 -3.77493e-05 0.00092371 -0.00380938 -0.00182056 0.00135717 0.00446685
internal_weight=15981.3 15558.2 423.118 14231.4 7803.77 7634.46 7344.17 305.868 6427.64 6749.48 290.29 220.25 161.416 203.965
internal_count=274036 205561 68475 136965 45833 44390 42051 40260 91132 39565 2339 1602 1266 1928
is_linear=0
shrinkage=0.03


Tree=117
num_leaves=15
num_cat=0
split_feature=7 7 11 8 3 11 5 8 8 8 9 11 10 3
split_gain=65.2552 13.4681 11.3097 4.43487 4.80093 4.40041 5.8368 3.4175 3.33649 5.26397 3.0878 3.00337 3.90606 2.85087
threshold=0.01240987691140401 0.0041745393042925327 -1.203109991342201 0.34286957099281451 0.32619615719896494 -2.8618833197882751 15.500000000000002 0.5268858976673908 0.29174904617558722 0.26271571672200988 2.4246864496311145 -4.3195713098835729 0.22097931566515078 0.30380098546291129
decision_type=2 2 2 2 2 2 2 2 2 2 2 2 2 2
left_child=1 -1 5 4 13 6 -2 -8 9 -6 11 12 -3 -4
right_child=2 10 3 -5 8 -7 7 -9 -10 -11 -12 -13 -14 -15
leaf_value=-0.01880684078029193 -0.0070811753788455516 0.010812684648700008 0.00045093518327705566 0.0017956417503547327 -0.0043838676928310057 -0.00062341118465859119 0.002298641225722839 -0.0090758229713506847 -0.0054335230416086748 0.0049047469967051479 0.0041156025372832 -0.0084437382098183026 -0.0045668110255162086 0.0025784725103870517
leaf_weight=115.06220126664266 209.02683721948415 6.2853132551535955 6446.5821891836822 3200.6587377041578 99.235665440559387 4435.0933805899695 135.06017102394253 13.292253248393534 188.66554382443428 90.738688111305237 12.084020342212169 382.36039519542828 34.261535154189914 607.97912584245205
leaf_count=28215 12403 932 51747 17338 568 98398 7985 768 879 452 835 45244 5104 3168
internal_value=-4.70004e-05 -0.0100603 0.000319468 0.000864456 0.000460688 -0.000888711 -0.00402336 0.000539686 -0.00276596 8.69741e-05 -0.00719693 -0.00765008 9.33133e-05 0.000639373
internal_weight=15976.4 550.053 15426.3 10633.9 7433.2 4792.47 357.379 148.352 378.64 189.974 434.991 422.907 40.5468 7054.56
internal_count=274036 80330 193706 74152 56814 119554 21156 8753 1899 1020 52115 51280 6036 54915
is_linear=0
shrinkage=0.03


Tree=118
num_leaves=15
num_cat=0
split_feature=11 11 7 3 8 3 3 7 8 9 9 8 5 9
split_gain=62.3694 13.6347 9.68265 3.98974 5.47581 3.92994 4.24351 3.6324 3.44529 6.76861 4.54276 3.91387 3.75729 3.58646
threshold=-3.4680068003425504 -2.1163955904443141 0.0041745393042925327 0.032241985761766477 0.33115956764440213 0.10343821412571083 0.10124800457290374 0.0074454096478330711 0.36061877803980896 1.7271110081475349 2.1570552039793141 0.23449248023271535 11.500000000000002 1.6560164723978006
decision_type=2 2 2 2 2 2 2 2 2 2 2 2 2 2
left_child=2 8 -1 4 7 6 -3 -4 10 13 12 -12 -2 -10
right_child=1 5 3 -5 -6 -7 -8 -9 9 -11 11 -13 -14 -15
leaf_value=-0.018616710525188852 0.00019321472879159626 0.00015119936892419802 -0.012391288740310298 -0.01351368707154901 -0.00069450757201936506 0.0010109103556904455 -0.0039905665226513884 0.00052381914610637984 -0.0016971199595857155 0.0017966151874378093 -0.0037042486413086709 0.0021973834171490863 -0.0060730338857331164 -0.0085569284540838834
leaf_weight=112.93570613395423 102.64901869138703 5654.1938317436725 81.203308362513781 74.763621939811856 122.18735830672085 7970.952728997916 216.73739862814546 23.128952286206186 236.31159043498337 420.85245704837143 187.79572583734989 187.76349771115929 491.97603822639212 88.152409811504185
leaf_count=28215 4925 79762 12883 8858 15864 46948 1986 2655 7395 14763 12157 9522 25061 3042
internal_value=-4.6576e-05 0.000264415 -0.0113279 -0.00784242 -0.00524756 0.000577727 -1.14825e-05 -0.00982224 -0.0022467 -0.000691968 -0.00341236 -0.000782613 -0.00501317 -0.00385659
internal_weight=15971.6 15557.4 414.219 301.283 226.52 13841.9 5870.93 104.332 1715.5 745.316 970.184 375.559 594.625 324.464
internal_count=274036 205561 68475 40260 31402 128696 81748 15538 76865 25200 51665 21679 29986 10437
is_linear=0
shrinkage=0.03


Tree=119
num_leaves=15
num_cat=0
split_feature=11 11 11 8 12 8 11 4 8 3 8 9 8 10
split_gain=59.7528 12.886 7.00831 5.11801 7.15562 3.88188 4.51542 6.38916 4.88469 4.33532 3.886 4.13765 3.57883 4.34473
threshold=-3.4680068003425504 -2.1163955904443141 -4.6651954996555949 0.33115956764440213 2.249904835165133 0.33010400053889227 -0.8324463741746323 0.37980769230769235 0.23968436736427981 0.32619615719896494 0.3154142874010652 2.0338468345065026 0.19310294634574562 0.13913114089408754
decision_type=2 2 2 2 2 2 2 2 2 2 2 2 2 2
left_child=2 -2 -1 -4 -5 6 12 9 -9 10 -8 -12 -3 -14
right_child=1 5 3 4 -6 -7 7 8 -10 -11 11 -13 13 -15
leaf_value=-0.019298333942282361 -0.0021880471759591351 -0.0043528893446485349 -0.012587601504653958 -0.012165899410431238 -0.00035261885218408531 0.0012267866002451876 0.0004282359677531226 0.0095173554676476185 -0.00040534095298920433 -0.0027287208302642155 0.004994614401545693 -0.00088897692741600335 0.0015184730074383976 -0.0011874240593297998
leaf_weight=73.839138614013791 1712.0386873674579 217.58998049609363 150.4935193057172 58.110765581484884 127.66429488360882 5001.7122935950756 4913.4904259592295 110.82168191298842 67.37479443103075 342.00932945311069 335.13571974635124 149.46755740046501 713.12574988231063 1995.0118427369744
leaf_count=18132 76865 4877 26450 6658 17235 39055 34420 1137 552 1734 1881 850 13017 31173
internal_value=-4.70664e-05 0.000255903 -0.0111439 -0.00860575 -0.00468068 0.000560141 0.000181682 0.000657823 0.00602547 0.000475919 0.000685956 0.00320772 -0.000779921 -0.000470449
internal_weight=15967.9 15557.8 410.108 336.269 185.775 13845.7 8844.03 5918.3 178.196 5740.1 5398.09 484.603 2925.73 2708.14
internal_count=274036 205561 68475 50343 23893 128696 89641 40574 1689 38885 37151 2731 49067 44190
is_linear=0
shrinkage=0.03


Tree=120
num_leaves=15
num_cat=0
split_feature=6 7 9 8 4 3 7 4 9 7 8 3 6 4
split_gain=58.324 17.3106 4.9445 6.85722 6.6338 5.87103 4.9067 4.50567 3.63677 3.56705 3.20933 6.52039 6.56989 3.51687
threshold=4.7591779066044522 0.02724131283028423 1.7271110081475349 0.37730799345311855 0.57738095238095244 0.030120064231871236 0.020331361185642664 0.14835164835164838 1.4693127104713464 0.12738657106068649 0.23354826738118997 0.022919370086098647 3.707455086929333 0.88562091503267981
decision_type=2 2 2 2 2 2 2 2 2 2 2 2 2 2
left_child=1 2 5 4 -4 -1 -5 8 -3 -10 -6 13 -13 -12
right_child=-2 7 3 6 10 -7 -8 -9 9 -11 11 12 -14 -15
leaf_value=0.0071616667535373719 -0.014130573594221141 0.00486971319228632 -0.0086857948220967311 -0.0011663177836986976 -0.0049547361467517006 -0.0098065358882090826 0.0087065271925269513 3.3006969142093483e-05 -0.0046296713270868395 0.0010556284042025012 0.011000795233922406 0.0031676932661481639 -0.0047121824820122301 -0.0037332569054486717
leaf_weight=9.9504584129899722 245.32993071293458 208.43475790321827 166.99367630109191 104.2043571351096 224.42189773265272 141.95435894839466 61.259677646681666 8670.7925868686289 86.551719758659601 5594.0952750146389 43.848060572519898 132.19185209274292 262.7887524459511 11.125519916415213
leaf_count=1101 50281 936 8431 8711 13904 10390 2538 115999 873 30177 3755 5750 20125 1065
internal_value=-4.6835e-05 0.000186241 -0.00331887 -0.00248083 -0.00357313 -0.0081513 0.00290876 0.000468321 0.00110754 0.000957041 -0.00214565 -0.000629934 -0.00205554 0.00785785
internal_weight=15963.9 15718.6 1158.74 1006.83 841.37 151.905 165.464 14559.9 5889.08 5680.65 674.376 449.954 394.981 54.9736
internal_count=274036 223755 75770 64279 53030 11491 11249 147985 31986 31050 44599 30695 25875 4820
is_linear=0
shrinkage=0.03


Tree=121
num_leaves=15
num_cat=0
split_feature=6 7 11 9 8 3 7 9 8 10 10 11 5 12
split_gain=55.815 16.3458 4.80741 4.72759 6.51881 5.69101 4.6328 4.26249 5.30485 4.41613 4.58363 5.52839 4.23253 5.22998
threshold=4.7591779066044522 0.02724131283028423 -2.7542341378487536 1.7271110081475349 0.37730799345311855 0.030120064231871236 0.020331361185642664 2.1570552039793141 0.28255164837512453 0.16979703937445659 0.15484867465966048 -2.7187029352165912 10.500000000000002 2.1383330595080281
decision_type=2 2 2 2 2 2 2 2 2 2 2 2 2 2
left_child=1 3 -3 5 7 -1 -6 9 -9 10 11 -5 -11 -14
right_child=-2 2 -4 4 6 -7 -8 8 -10 12 -12 -13 13 -15
leaf_value=0.0070558354987849117 -0.013915971567235175 -0.0080515985045400227 0.00048865506557257737 -0.0095454030433652325 -0.0011368753950211886 -0.0096239197831464295 0.0084396109381035343 -0.0024660753716895865 0.0070299033163461252 0.0063136289565961434 -0.01210185814868236 0.0057399054018646926 -0.0095207368171040755 -0.0010046123716186857
leaf_weight=10.020637568086384 241.92316712182947 44.60735596716404 14517.603706482798 24.141160088591278 104.08617236372083 140.61368775181472 61.767748303711414 316.21398204844445 48.238878099247813 26.708327535539865 115.53825099486858 32.238215405493975 87.64258975815028 187.82769984006882
leaf_count=1101 50281 1552 146433 2011 8711 10390 2538 19031 2919 1656 7389 1552 4412 14060
internal_value=-4.59829e-05 0.000180572 0.000454236 -0.00323126 -0.00241281 -0.00797584 0.0028338 -0.00348209 -0.000980979 -0.00531571 -0.00899985 -0.00143564 -0.00289321 -0.00406581
internal_weight=15959.2 15717.2 14562.2 1155.04 1004.4 150.634 165.854 838.549 364.453 474.096 171.918 56.3794 302.179 275.47
internal_count=274036 223755 147985 75770 64279 11491 11249 53030 21950 31080 10952 3563 20128 18472
is_linear=0
shrinkage=0.03


Tree=122
num_leaves=15
num_cat=0
split_feature=6 7 11 9 8 3 7 9 8 3 8 11 11 11
split_gain=53.4014 15.4563 4.61379 4.51291 6.20393 5.51543 4.37491 4.09162 5.16708 4.37187 4.52171 5.16326 3.94296 6.41403
threshold=4.7591779066044522 0.02724131283028423 -2.7542341378487536 1.7271110081475349 0.37730799345311855 0.030120064231871236 0.020331361185642664 2.1570552039793141 0.23449248023271535 0.022919370086098647 0.24805965151960249 -2.4106495796758152 -2.5791816380419927 -2.7187029352165912
decision_type=2 2 2 2 2 2 2 2 2 2 2 2 2 2
left_child=1 3 -3 5 7 -1 -6 -5 -9 -10 -11 -12 13 -4
right_child=-2 2 12 4 6 -7 -8 8 9 10 11 -13 -14 -15
leaf_value=0.0069514250824287789 -0.013702048005657145 -0.0079161759980831952 0.018367461339470093 -0.0051990209740345895 -0.0011081526557267939 -0.0094433643890985564 0.0081821803959672944 -0.0038435997772541066 0.010282643956021706 0.0079921900427203131 -0.0069835621517808184 0.0077777857301410749 0.0004319983130334709 0.0013241683522666578
leaf_weight=10.090254928916691 238.61390052898787 44.271084213629365 13.856941826641558 471.89468411263078 103.97109582554549 139.30988624785095 62.264039216563106 213.22092002630234 37.490909200161695 27.973233056254685 70.507915829308331 14.837187744677065 14435.724292585626 72.494193525984883
leaf_count=1101 50281 1552 440 31080 8711 10390 2538 12875 3019 1534 3968 554 143803 2190
internal_value=-4.56156e-05 0.000174569 0.000440246 -0.00314848 -0.00234978 -0.00780286 0.00276078 -0.00339684 -0.000947357 0.00312475 -0.000168583 -0.00363827 0.000473862 0.00637275
internal_weight=15956.5 15717.9 14566.3 1151.56 1002.16 149.4 166.235 835.925 364.03 150.809 113.318 85.3451 14522.1 86.3511
internal_count=274036 223755 147985 75770 64279 11491 11249 53030 21950 9075 6056 4522 146433 2630
is_linear=0
shrinkage=0.03


Tree=123
num_leaves=15
num_cat=0
split_feature=6 7 9 8 11 4 7 8 11 8 3 8 6 11
split_gain=51.0936 14.5694 4.62885 6.78602 5.02749 4.29611 4.06206 3.89728 3.82286 3.87188 4.37661 3.8151 3.51223 3.45559
threshold=4.7591779066044522 0.032532465394676212 1.7052298814355191 0.37730799345311855 -3.1962452022713399 0.67708333333333337 0.018895518052587035 0.23449248023271535 -1.203109991342201 0.34286957099281451 0.32619615719896494 0.37333039268161888 3.5010415791527305 -2.5791816380419927
decision_type=2 2 2 2 2 2 2 2 2 2 2 2 2 2
left_child=1 2 13 5 -5 6 -4 12 -3 10 -10 -9 -7 -1
right_child=-2 8 3 4 -6 7 -8 11 9 -11 -12 -13 -14 -15
leaf_value=-0.0081814120930062961 -0.013488884601915045 -0.00038011797880920455 -0.0092820683038080023 -0.0028100852073911853 0.0057711049801285373 0.0032258967065632487 -0.0031818457723073942 0.0017687844689027016 0.00054270772501897272 0.0016183655273456403 -0.0027094619621841 -0.010026894389180311 -0.0060308039529496345 0.005645540180618332
leaf_weight=161.13704137457535 235.39928842615336 3600.8019369356334 129.81649981439114 88.627027700655162 143.56439045444131 36.366369169205427 403.48117719963193 320.67087524197996 7067.6684448942542 3206.3825463429093 378.30855838954449 11.741531309671698 161.97970742546022 7.5345777645707122
leaf_count=11356 50281 62813 9200 8155 5799 1277 16244 22501 54915 17338 1899 899 11089 270
internal_value=-4.39748e-05 0.000170049 -0.00266346 -0.00200411 0.00252392 -0.00301353 -0.00488008 -0.00105547 0.000463767 0.000749158 0.000372359 0.0009372 -0.00422613 -0.00715315
internal_weight=15953.5 15718.1 1464.92 1296.25 232.191 1064.06 533.298 530.758 14253.2 10652.4 7445.98 332.412 198.346 168.672
internal_count=274036 223755 86790 75164 13954 61210 25444 35766 136965 74152 56814 23400 12366 11626
is_linear=0
shrinkage=0.03


Tree=124
num_leaves=15
num_cat=0
split_feature=6 7 9 10 10 11 7 11 11 5 10 9 11 10
split_gain=48.8671 13.8004 4.40392 4.33304 5.88191 3.71572 3.59112 5.36046 3.49969 5.89389 4.38526 4.01047 3.35634 3.54793
threshold=4.7591779066044522 0.032532465394676212 1.7052298814355191 0.24414981615364431 0.27224449296239461 -0.25671984684781396 0.0041745393042925327 -4.3195713098835729 -0.20294084399669046 15.500000000000002 0.18186161130609124 2.1901161392935395 -2.6146622475305423 0.28942880160359347
decision_type=2 2 2 2 2 2 2 2 2 2 2 2 2 2
left_child=1 2 12 -4 -5 -3 -2 -8 9 10 -7 -11 13 -1
right_child=6 5 3 4 -6 8 7 -9 -10 11 -12 -13 -14 -15
leaf_value=-0.013365468273253189 -0.017671153198303199 6.9317393944211915e-05 -0.0024749433621381349 0.0078817447131992128 -0.0055101069120387204 -0.0034235412310746919 0.001464281269476109 -0.011539652965302984 0.00087213044673651512 0.01324116636830372 0.0053738011893949547 0.0024981736022688093 0.0050098877300660408 -0.0037616819642444501
leaf_weight=57.094785931520164 103.3053523672279 8824.5168713387102 1190.3455312801525 71.692824647761881 31.977035067044199 103.07921825349331 34.376017362810671 94.595195594709367 5123.4051666408777 63.736363679170609 74.854796603322029 66.188115701079369 9.6041730586439353 100.74575733859092
leaf_count=4012 28215 109032 68749 4378 2037 702 5621 16445 25977 369 392 493 344 7270
internal_value=-4.38052e-05 0.000164227 -0.00259705 -0.00195469 0.00357666 0.000449736 -0.0132766 -0.00828214 0.00106593 0.00410086 0.000407459 0.00859333 -0.00699234 -0.00809405
internal_weight=15949.5 15717.2 1461.46 1294.02 103.67 14255.8 232.277 128.971 5431.26 307.858 177.934 129.924 167.445 157.841
internal_count=274036 223755 86790 75164 6415 136965 50281 22066 27933 1956 1094 862 11626 11282
is_linear=0
shrinkage=0.03


Tree=125
num_leaves=15
num_cat=0
split_feature=11 11 11 8 12 11 11 8 11 4 8 3 8 9
split_gain=46.3009 9.38607 7.08358 4.82097 7.0829 3.49907 3.72508 3.42522 3.92874 6.0956 4.58476 3.90441 3.63882 3.89869
threshold=-3.4680068003425504 -2.1163955904443141 -4.6651954996555949 0.33115956764440213 2.249904835165133 -4.5415488064608445 -3.8018545381560966 0.33010400053889227 -0.8324463741746323 0.37980769230769235 0.23968436736427981 0.32619615719896494 0.3154142874010652 2.0338468345065026
decision_type=2 2 2 2 2 2 2 2 2 2 2 2 2 2
left_child=2 -2 -1 5 -5 -4 -7 8 -3 11 -11 12 -10 -14
right_child=1 7 3 4 -6 6 -8 -9 9 10 -12 -13 13 -15
leaf_value=-0.018458477029526854 -0.0018815362743280918 -0.00077766190820456051 0.003772386639403017 -0.011418586150845032 0.00045339033724387786 -0.016916148456355119 -0.0053516944936352331 0.0011004205151530064 0.00033544226880044369 0.0091547316879394998 -0.00043464400646833014 -0.0026572069286908075 0.0047513876683098373 -0.00094828045936743474
leaf_weight=67.505564140854403 1693.9800660605542 2925.4032286480069 6.2988479039631775 55.252800326794386 123.93661089707166 71.346576274838299 63.529689933406189 5009.3933835215867 4922.3964622355998 111.77195001393557 67.431573696434498 341.61408472061157 336.37916624546051 149.61879107356071
leaf_count=18132 76865 49067 1745 6658 17235 15786 8919 39055 34420 1137 552 1734 1881 850
internal_value=-4.31751e-05 0.00021663 -0.0100844 -0.00757315 -0.00380657 -0.0115292 -0.0125498 0.000474752 0.000119525 0.000563032 0.00579153 0.000385437 0.000584439 0.00302084
internal_weight=15945.9 15558 387.87 320.365 179.189 141.175 134.876 13864 8854.62 5929.21 179.204 5750.01 5408.39 485.998
internal_count=274036 205561 68475 50343 23893 26450 24705 128696 89641 40574 1689 38885 37151 2731
is_linear=0
shrinkage=0.03


Tree=126
num_leaves=15
num_cat=0
split_feature=7 7 7 11 9 4 9 7 3 10 10 4 7 11
split_gain=44.696 10.9717 5.87369 5.29033 4.5376 3.46555 3.39576 3.33635 3.19421 2.9009 4.9556 3.19531 3.54018 3.22594
threshold=0.0077983361164995187 0.032532465394676212 0.0041745393042925327 -4.3195713098835729 1.6936169399515857 0.14835164835164838 1.4693127104713464 0.13190940246168517 0.17924119394828045 0.24414981615364431 0.25904979220531388 0.73030303030303034 0.018895518052587035 -2.248891616930504
decision_type=2 2 2 2 2 2 2 2 2 2 2 2 2 2
left_child=2 4 -1 -4 -2 6 -3 -8 -7 11 -11 12 -6 -14
right_child=1 5 3 -5 9 8 7 -9 -10 10 -12 -13 13 -15
leaf_value=-0.017305554922555443 -0.0070841104620632612 0.0046169326807337322 0.0021065917991585697 -0.0097387174552157358 -0.0063454120733692707 0.00012439841973047283 -0.0039485565792294341 0.00094400674424583353 -0.0036689897047430383 0.0091555192822850556 -0.0024982514403996156 8.6216233797033168e-05 -0.00021830301403474679 -0.0050615189088416401
leaf_weight=99.955767414066941 147.65031577926129 208.20355780608952 37.102631533052772 144.87528936006129 221.72537969984114 8173.0691927522421 113.77786142006516 5575.695253379643 189.77698338031769 43.262650131247938 64.252452837303281 382.27955198893324 368.28435112722218 172.53932302817702
leaf_count=28215 10025 936 5936 22322 16019 103899 1115 29935 1080 2516 3924 26300 15535 6279
internal_value=-4.30663e-05 0.000175392 -0.0115736 -0.00734712 -0.00234459 0.000424989 0.00098089 0.00083604 3.19006e-05 -0.00170857 0.00273788 -0.00215616 -0.00326028 -0.00185833
internal_weight=15942.5 15660.5 281.934 181.978 1399.99 14260.5 5897.68 5689.47 8362.85 1252.34 107.515 1144.83 762.549 540.824
internal_count=274036 217563 56473 28258 80598 136965 31986 31050 104979 70573 6440 64133 37833 21814
is_linear=0
shrinkage=0.03


Tree=127
num_leaves=15
num_cat=0
split_feature=6 6 9 12 8 3 11 8 7 11 11 11 11 3
split_gain=43.3751 12.0041 5.28291 7.78185 4.49296 4.31073 4.13787 3.54914 3.46647 4.96406 3.37005 3.24048 2.96674 4.2416
threshold=4.7591779066044522 3.4672959664678489 1.7586049780652953 2.249904835165133 0.37730799345311855 0.033732823398682069 -1.203109991342201 0.5972509909368876 0.0041745393042925327 -4.3195713098835729 -2.7901758260511134 -3.8018545381560966 -3.3895860005876952 0.032241985761766477
decision_type=2 2 2 2 2 2 2 2 2 2 2 2 2 2
left_child=1 6 3 10 -4 11 -1 -8 -2 -10 -3 -6 -13 -14
right_child=8 2 4 -5 5 -7 7 -9 9 -11 -12 12 13 -15
leaf_value=-0.0004475233268939916 -0.01711147251052391 -0.01190316492509768 -0.0029682262794278906 0.0058730220373799692 0.0070569950050746282 0.0095223372285766061 0.00062095457992351855 0.0062624609884401258 0.0014863589716426846 -0.011046265352098489 0.0040147544969765742 -0.0096801965796697882 0.0070261384537260085 -0.0078299536275557007
leaf_weight=4069.7951833158731 98.252844069851562 118.18850075779483 708.93214931106195 20.795426214113832 18.06565760076046 39.796249305829406 10576.846533544362 86.542521119117737 34.341718186624348 91.793495271820575 6.0528959762305012 27.379789253696799 27.519884248264134 14.381284797564147
leaf_count=79401 28215 9679 48582 2307 2127 2166 73766 386 5621 16445 296 2737 1542 766
internal_value=-4.29467e-05 0.000149981 -0.00303764 -0.00806449 -0.00203885 0.00290964 0.000365124 0.000675473 -0.0127168 -0.00783879 -0.0107787 -0.00105723 -0.0040525 0.00120729
internal_weight=15938.7 15714.3 981.112 145.037 836.075 127.143 14733.2 10663.4 224.388 126.135 124.241 87.3466 69.281 41.9012
internal_count=274036 223755 70202 12282 57920 9338 153553 74152 50281 22066 9975 7172 5045 2308
is_linear=0
shrinkage=0.03


Tree=128
num_leaves=15
num_cat=0
split_feature=7 7 11 10 0 10 11 9 9 11 5 8 9 4
split_gain=41.1417 11.0446 6.71239 3.4276 3.00606 7.12216 5.23186 3.84164 3.4216 2.62086 5.15605 3.2221 2.56258 2.96925
threshold=0.01240987691140401 0.0041745393042925327 -1.203109991342201 0.36486195457532639 9.5000000000000018 0.18186161130609124 -3.3895860005876952 2.4246864496311145 1.925001347811172 -2.8618833197882751 15.500000000000002 0.5268858976673908 1.8005263131333182 0.86190476190476206
decision_type=2 2 2 2 2 2 2 2 2 2 2 2 2 2
left_child=1 -1 9 -4 6 7 -3 -6 12 10 -2 -12 13 -7
right_child=2 4 3 -5 5 8 -8 -9 -10 -11 11 -13 -14 -15
leaf_value=-0.016917171329497088 -0.0061122891392657074 -0.015155795031795927 0.00058634693044139782 0.0049030608486064185 -0.0087474880122369297 -0.0030068608924676042 0.0035767001095131229 0.0047338149692833032 0.0060684677539519375 -0.0004949444312672438 0.0027643315947771144 -0.0084485691891294096 -0.006702554173016846 0.009374956901961955
leaf_weight=96.597352660726756 200.3146421732381 46.928067294880748 10513.305404283106 153.54988472163677 197.02573624858633 31.411308975890279 10.806926023215054 11.613141096197067 51.200457894708961 4416.5473687713966 132.98174155596644 12.508880508132277 46.352874810807407 13.878810434602199
leaf_count=28215 12403 6398 73456 696 24180 4301 1027 835 6853 98398 7985 768 6429 2092
internal_value=-4.22766e-05 -0.00833538 0.000237427 0.000655284 -0.00578307 -0.00438496 -0.0116349 -0.00772992 0.000771015 -0.00069762 -0.00315795 0.00110075 -0.00262592 0.0021759
internal_weight=15935 505.815 15429.2 10666.9 409.217 351.482 57.735 208.639 142.843 4762.35 345.805 145.491 91.643 45.2901
internal_count=274036 80330 193706 74152 52115 44690 7425 25015 19675 119554 21156 8753 12822 6393
is_linear=0
shrinkage=0.03


Tree=129
num_leaves=15
num_cat=0
split_feature=7 7 3 7 9 7 11 10 5 11 8 10 11 11
split_gain=39.6191 12.2098 4.12241 6.92163 6.9222 6.36469 5.36235 5.1291 5.37292 6.60841 4.18374 4.14861 4.09082 3.99918
threshold=0.0058871222594964329 0.02724131283028423 0.031576604791400252 0.02114318502212691 2.275344184745427 0.016234966639383036 -2.4768739598471012 0.23125450906777334 15.500000000000002 -2.8994644204400064 0.27305979975297617 0.13591509317125558 -2.7542341378487536 -2.5791816380419927
decision_type=2 2 2 2 2 2 2 2 2 2 2 2 2 2
left_child=-1 2 3 10 -5 -4 7 8 9 -7 -2 -8 -3 -14
right_child=1 12 5 4 -6 6 11 -9 -10 -11 -12 -13 13 -15
leaf_value=-0.013624544352491681 -0.0050871255218283952 -0.007565210006391359 -0.0097463730929945556 0.011123436654766497 -0.002806814749241542 -0.0068365121256459783 0.0038277167164847631 -0.0047310391252646513 -0.0033099118284320448 0.0097897878354446452 0.00016831836032116273 -0.010622292502883848 0.0063285531579219678 0.0003499459842078322
leaf_weight=175.96643398166634 266.93165644258261 43.411893472075462 146.84230507770553 59.755176901817322 47.638076413422823 15.715750481002031 13.95307178609073 125.46529407612979 67.638109538704157 89.010160258039832 262.17389249941334 79.407839542254806 86.467320624738932 14451.220214340836
leaf_count=43464 20717 1552 13976 2523 2009 914 601 6527 3359 4164 24436 3361 2630 143803
internal_value=-4.20303e-05 0.00012248 -0.0028003 -0.00112333 0.00535749 -0.00469991 -0.00251564 -0.000414996 0.00285393 0.00675083 -0.00255018 -0.00823178 0.000360551 0.000391992
internal_weight=15931.6 15755.6 1174.53 636.499 107.393 538.033 391.19 297.829 172.364 104.726 529.106 93.3609 14581.1 14537.7
internal_count=274036 230572 82587 49685 4532 32902 18926 14964 8437 5078 45153 3962 147985 146433
is_linear=0
shrinkage=0.03


Tree=130
num_leaves=15
num_cat=0
split_feature=6 6 9 12 8 3 3 7 8 3 6 8 8 5
split_gain=38.4668 10.1767 4.80235 7.34609 4.23471 4.19546 3.45334 3.37465 3.882 2.76253 4.84495 4.09872 4.32411 5.72544
threshold=4.7591779066044522 3.4672959664678489 1.7586049780652953 2.249904835165133 0.37730799345311855 0.033732823398682069 0.10595963422768236 0.0041745393042925327 0.356750429361477 0.021282272222805883 4.4349746333048614 0.33010400053889227 0.30159417353151896 14.500000000000002
decision_type=2 2 2 2 2 2 2 2 2 2 2 2 2 2
left_child=1 6 3 -3 9 -6 -1 -2 -9 -4 11 12 13 -11
right_child=7 2 4 -5 5 -7 -8 8 -10 10 -12 -13 -14 -15
leaf_value=-0.00015482723664911232 -0.016564394052640055 -0.010347954022018485 0.0029044366238994671 0.0058110033099108942 -0.00099492525215966513 0.0094467644347844045 0.00076473021936679408 -0.011091050599905356 -0.0004279018840930954 0.0027695446079460751 -0.0099821652811578048 -0.0076108431147564395 0.0043814770333260788 -0.004788020756040832
leaf_weight=6901.7099591251463 93.711068339878693 121.3057103944011 59.025275905616581 20.856543092988431 87.130677060689777 39.896652365103364 7837.8209175374359 74.774809279013425 48.610869754571468 120.3264401005581 72.421478386037052 91.435220243409276 90.948544263839722 269.68454710859805
leaf_count=107885 28215 9975 4739 2307 7172 2166 45668 13934 8132 7295 8122 5986 5799 16641
internal_value=-4.17809e-05 0.000137177 -0.00281057 -0.00764893 -0.00186176 0.00293594 0.000334432 -0.0121658 -0.00739178 -0.00277083 -0.00334455 -0.00227127 -0.00105668 -0.00244014
internal_weight=15929.7 15712.6 973.031 142.162 830.869 127.027 14739.5 217.097 123.386 703.842 644.816 572.395 480.96 390.011
internal_count=274036 223755 70202 12282 57920 9338 153553 50281 22066 48582 43843 35721 29735 23936
is_linear=0
shrinkage=0.03


Tree=131
num_leaves=15
num_cat=0
split_feature=6 6 4 4 7 8 7 10 12 8 6 3 3 4
split_gain=36.9098 9.62406 3.40035 3.35318 3.31894 3.74909 3.11016 3.25235 3.05086 4.93455 4.11499 4.85607 4.20388 3.61968
threshold=4.7591779066044522 3.4672959664678489 0.62019230769230782 0.14835164835164838 0.0041745393042925327 0.356750429361477 0.12738657106068649 0.18305986860734719 2.1383330595080281 0.23449248023271535 3.9560394329797357 0.029110936637147599 0.022919370086098647 0.93095238095238109
decision_type=2 2 2 2 2 2 2 2 2 2 2 2 2 2
left_child=1 3 -3 6 -2 -6 -1 -8 -4 -10 11 -11 13 -12
right_child=4 2 8 -5 5 -7 7 -9 9 10 12 -13 -14 -15
leaf_value=-0.0042416462882668669 -0.016369830970841364 -0.0056160465362548075 -0.0065763731460444699 -4.5687164527533163e-05 -0.01091460418294431 -0.00041822916833614271 0.00024640045889306393 0.0016653161830562152 -0.0046844714947301301 -0.0019880351225844009 0.0085538203014954694 0.0077886366899446559 -0.0032980793091550433 -0.0056106193978245813
leaf_weight=90.46342871338129 92.181680972455069 256.21330825984478 81.936504383105785 8836.7335850261152 73.959066927433014 48.590325768105686 2870.3943995982409 2943.831549346447 189.91532301763073 63.996623641811311 43.746528192888945 110.25718631409109 213.71173873124644 10.692152762319891
leaf_count=926 28215 16116 5984 121567 13934 8132 17101 13959 12922 3490 4151 5825 20633 1081
internal_value=-4.16184e-05 0.000132806 -0.00273775 0.000324374 -0.0119796 -0.00725229 0.000876906 0.000967256 -0.00161099 -0.000830095 0.000923873 0.00432506 -0.00139838 0.00516079
internal_weight=15926.6 15711.9 970.469 14741.4 214.731 122.549 5904.69 5814.23 714.256 632.32 442.404 174.254 268.15 54.4387
internal_count=274036 223755 70202 153553 50281 22066 31986 31060 54086 48102 35180 9315 25865 5232
is_linear=0
shrinkage=0.03


Tree=132
num_leaves=15
num_cat=0
split_feature=7 11 9 3 7 3 10 9 9 8 11 11 5 3
split_gain=35.0847 10.4535 5.86979 7.90446 6.904 4.61298 3.34848 3.17479 5.05479 4.24842 2.98286 2.74569 3.66652 2.55765
threshold=0.0058871222594964329 -2.7542341378487536 1.7586049780652953 0.030380098546291135 0.020331361185642664 0.024191545538525212 0.43194275929263715 2.1570552039793141 2.0917769211997883 0.30323591770867536 -1.203109991342201 -2.510821082402797 16.500000000000004 0.021282272222805883
decision_type=2 2 2 2 2 2 2 2 2 2 2 2 2 2
left_child=-1 2 3 -2 7 -3 10 8 13 -9 11 12 -7 -4
right_child=1 5 4 -5 -6 6 -8 9 -10 -11 -12 -13 -14 -15
leaf_value=-0.013046383332380826 0.0073147120519908432 -0.0082452619774127586 0.0076900978538782258 -0.0094684359208303467 0.0063495426773025358 0.0032685691642548162 0.0061023818677805189 -0.0014489584111369439 -0.011176619172767964 0.010755370615309527 0.00055275006071043003 -0.00060655659675961596 -0.006730426811743022 -0.0030318036067526343
leaf_weight=169.54380512610078 17.833140638191253 41.820784876123071 7.2387755792587987 179.07652946561575 70.160998145118356 288.73657008260489 74.631398282945156 126.22212766390294 63.40838097827509 16.473070733249187 10632.740857582539 3915.552586411126 22.951326577924192 296.59148743515834
leaf_count=43464 2076 2387 916 13214 2950 11918 638 11093 5671 1277 73960 77290 1065 26117
internal_value=-4.16115e-05 0.000110628 -0.0032485 -0.00753829 -0.00163906 0.000287981 0.000320126 -0.00288822 -0.00431669 0.000848977 0.000284961 -0.000388179 0.00225706 -0.00242658
internal_weight=15923 15753.4 777.005 196.91 580.095 14976.4 14934.6 509.934 367.239 142.695 14860 4227.24 311.688 303.83
internal_count=274036 230572 63314 15290 48024 167258 164871 45074 32704 12370 164233 90273 12983 27033
is_linear=0
shrinkage=0.03


Tree=133
num_leaves=15
num_cat=0
split_feature=6 11 7 11 10 9 10 10 9 10 9 10 9 11
split_gain=33.9511 8.8488 3.31897 4.73425 3.02316 3.01054 3.2912 6.22971 5.39215 4.74956 5.48225 6.39937 4.68418 6.81753
threshold=4.7591779066044522 -2.1163955904443141 0.0041745393042925327 -4.3195713098835729 0.43194275929263715 1.4693127104713464 0.24414981615364431 0.22713497488886461 1.7271110081475349 0.20840153801199365 2.1570552039793141 0.16979703937445659 1.6560164723978006 -2.7542341378487536
decision_type=2 2 2 2 2 2 2 2 2 2 2 2 2 2
left_child=1 5 -2 -4 -3 -1 7 9 12 10 11 -7 13 -8
right_child=2 4 3 -5 -6 6 8 -9 -10 -11 -12 -13 -14 -15
leaf_value=-0.0066533863578073817 -0.016018649487745961 0.00035104766752697543 0.0020507894360064574 -0.010167940402677166 0.0064113477499580136 -0.0082369217701876961 -0.0054239161745660716 -0.0081109325175718963 0.0046160156675942796 0.002896342985355771 0.00055256936784223306 -0.0017695628595577034 -0.0069105518172567649 0.0056376703036564012
leaf_weight=95.746294058859348 89.526555315125734 13820.657741937786 33.482457817532122 87.140605010092258 59.542030468583107 200.00841177720577 72.605904540978372 131.48150855256245 173.92719992576167 173.70659701852128 372.46513895690441 415.14795131329447 91.520516708493233 102.89013256318867
leaf_count=4144 28215 128337 5621 16445 359 12132 5508 6059 7410 8432 22270 22361 4273 2470
internal_value=-4.07687e-05 0.00012489 -0.0116079 -0.00692458 0.000383938 -0.00182761 -0.00150632 -0.00226304 0.000713759 -0.00150598 -0.00231202 -0.00401834 -0.00193839 0.000994554
internal_weight=15919.8 15709.7 210.15 120.623 13880.2 1829.5 1733.75 1292.81 440.944 1161.33 987.622 615.156 267.017 175.496
internal_count=274036 223755 50281 22066 128696 95059 90915 71254 19661 65195 56763 34493 12251 7978
is_linear=0
shrinkage=0.03


Tree=134
num_leaves=15
num_cat=0
split_feature=6 11 7 11 8 7 3 8 5 3 8 8 8 10
split_gain=32.5434 8.38414 3.267 4.5601 3.01274 3.34895 4.25285 4.22711 3.92689 3.85051 3.5398 4.97887 3.26132 3.57284
threshold=4.7591779066044522 -2.1163955904443141 0.0041745393042925327 -4.3195713098835729 0.33010400053889227 0.070996906961518544 0.04406032201926819 0.19310294634574562 16.500000000000004 0.32619615719896494 0.29174904617558722 0.26271571672200988 0.30660343897995629 0.18774223999511555
decision_type=2 2 2 2 2 2 2 2 2 2 2 2 2 2
left_child=1 -1 -2 -4 5 6 7 -3 -9 -7 11 -11 13 -8
right_child=2 4 3 -5 -6 9 12 8 -10 10 -12 -13 -14 -15
leaf_value=-0.0017816003379477507 -0.015824338802992253 -0.0036723166774832445 0.0020054488678031565 -0.0099943307730228203 0.00095897723852109303 0.00047092551860819666 -0.0025162745503089787 0.0023969910014495373 -0.0040377472808642342 -0.0042854319782340555 -0.0059111664494654343 0.0047472600211642306 -0.0068774563836325872 0.0044136270130826294
leaf_weight=1826.6205732952803 88.112802002113312 170.21672310121357 33.550362579058856 86.268574918154627 5015.7295554056764 6914.0731478109956 609.57665921933949 556.26881732977927 86.3929603099823 99.014049679040909 151.99367435276508 90.96802394092083 127.72012045234442 61.24403009749949
leaf_count=95059 28215 4180 5621 16445 39055 54309 10970 12794 2056 568 714 452 2367 1231
internal_value=-4.07713e-05 0.000120627 -0.0114225 -0.006785 0.000372557 3.97993e-05 -0.00119089 0.000337915 0.00145961 0.000315004 -0.00272475 7.05345e-05 -0.00272469 -0.0018009
internal_weight=15917.8 15709.8 207.932 119.819 13883.2 8867.47 1611.42 812.879 642.662 7256.05 341.976 189.982 798.541 670.821
internal_count=274036 223755 50281 22066 128696 89641 33598 19030 14850 56043 1734 1020 14568 12201
is_linear=0
shrinkage=0.03


Tree=135
num_leaves=15
num_cat=0
split_feature=6 6 9 12 8 3 4 4 3 6 8 8 9 6
split_gain=31.1919 7.93207 4.22815 6.87255 3.9028 3.98936 2.99891 2.92663 3.08539 2.88662 3.45278 2.89535 2.88576 2.83882
threshold=4.7591779066044522 3.4672959664678489 1.7586049780652953 2.249904835165133 0.37730799345311855 0.02624916865529792 0.57738095238095244 0.14835164835164838 0.17924119394828045 5.5347719124473356 0.36061877803980896 0.39403512385873468 1.4693127104713464 1.8325494627242667
decision_type=2 2 2 2 2 2 2 2 2 2 2 2 2 2
left_child=1 7 3 -3 6 -6 -4 12 -9 10 -2 -12 -1 -14
right_child=9 2 4 -5 5 -7 -8 8 -10 -11 11 -13 13 -15
leaf_value=0.0041612664082325704 -0.010887719254579053 -0.0097845425584489089 -0.0067196745979057129 0.0058220059580860687 -0.0058711039238328192 0.0054587601177608896 -0.0015475696578506214 3.0091809538339416e-05 -0.0036952839557935898 -0.017285052254314221 0.0069272426956093714 -0.0048889286536161281 0.00076088849511790266 -0.004307456400527751
leaf_weight=207.56715231947601 95.723480450455099 117.65682142553851 111.24559035804123 20.845530344173312 23.228907825425267 103.5982460686937 585.67540579289198 8648.0919153913856 189.81771170720458 53.037386888405308 12.567538278875871 44.446319007547572 5615.0341475754976 86.521802373230457
leaf_count=936 21433 9975 6579 2307 2376 6962 42003 120487 1080 17301 2569 8978 30173 877
internal_value=-4.07379e-05 0.000116524 -0.00250116 -0.00709627 -0.00161546 0.00298218 -0.00249735 0.000289697 -5.60461e-05 -0.0112387 -0.00778114 -0.00138393 0.000805636 0.000672875
internal_weight=15915.1 15709.3 962.251 138.502 823.748 126.827 696.921 14747 8837.91 205.775 152.737 57.0139 5909.12 5701.56
internal_count=274036 223755 70202 12282 57920 9338 48582 153553 121567 50281 32980 11547 31986 31050
is_linear=0
shrinkage=0.03


Tree=136
num_leaves=15
num_cat=0
split_feature=7 11 3 11 8 3 3 11 8 3 8 8 3 9
split_gain=29.947 8.69082 5.86501 5.911 4.28947 5.54768 4.35003 3.5395 3.00312 3.88834 3.08674 4.72416 2.56477 3.77394
threshold=0.0058871222594964329 -2.8618833197882751 0.032241985761766477 -3.6736990204985651 0.44142568856029968 0.029110936637147599 0.021282272222805883 -1.203109991342201 0.34286957099281451 0.32619615719896494 0.29174904617558722 0.26271571672200988 0.054366026199827479 1.6105421080976301
decision_type=2 2 2 2 2 2 2 2 2 2 2 2 2 2
left_child=-1 2 4 -4 6 -6 -2 -3 9 -9 11 -11 13 -5
right_child=1 7 3 12 5 -7 -8 8 -10 10 -12 -13 -14 -15
leaf_value=-0.012312524372121223 0.0048335643570624354 -0.00046881692772446609 -0.016205441504976249 0.0052207520937388964 -0.0026069392719765558 0.015370671308738794 -0.0034900833125451262 0.00036877574879883214 0.0013038819882363506 -0.0042007035798752434 -0.0052666591204664145 0.0045967054263252325 -0.011263174143042586 -0.0043863142531141344
leaf_weight=161.98297872743569 55.944589340128005 4418.0514932489023 34.455839795060456 32.236851144116372 23.075937303248793 16.597891619894654 283.32505578314885 7091.6776487976313 3214.841424420476 98.823827013373375 188.18910098075867 91.187249526381493 25.795144495554268 175.93326467927545
leaf_count=43464 5708 99197 4733 2221 2533 1554 27087 54915 17338 568 879 452 1476 11911
internal_value=-4.07552e-05 9.70492e-05 -0.00326657 -0.0065338 -0.000791598 0.00706772 -0.001971 0.000244325 0.000539448 0.000208502 -0.00269623 4.86381e-05 -0.00421892 -0.00264767
internal_weight=15912.1 15750.1 647.365 268.421 378.943 39.6738 339.27 15102.8 10684.7 7469.88 378.2 190.011 233.965 208.17
internal_count=274036 230572 57223 20341 36882 4087 32795 173349 74152 56814 1899 1020 15608 14132
is_linear=0
shrinkage=0.03


Tree=137
num_leaves=15
num_cat=0
split_feature=7 7 12 11 10 4 4 4 7 4 9 9 4 10
split_gain=28.6482 8.30541 4.72425 3.32757 2.9487 2.62739 6.50311 4.58996 2.31268 2.28714 2.76124 5.54587 4.28069 2.90656
threshold=0.0058871222594964329 0.018178758054825953 2.1383330595080281 -1.203109991342201 0.36486195457532639 0.35504201680672276 0.30384615384615393 0.26969696969696971 0.11064625738982067 0.22649572649572652 1.8950302924650388 1.7373324713914402 0.18465909090909094 0.18897778053552591
decision_type=2 2 2 2 2 2 2 2 2 2 2 2 2 2
left_child=-1 2 -2 5 -5 6 7 9 -9 10 11 -3 -13 -12
right_child=1 3 -4 4 -6 -7 -8 8 -10 -11 13 12 -14 -15
leaf_value=-0.012111076158603407 -0.0093588538800794489 -0.0014559604022345426 -0.002084629719009347 0.00045941882398518305 0.0044688278045501 5.5615952691295836e-05 -0.0041948990303837218 0.0055341974401498569 -0.0023994166277933027 -0.0028099599298955823 0.0036255343439417676 -0.00096015244418207332 0.010485605961383766 -0.0052066322246717214
leaf_weight=160.01652970444411 82.356429717503488 159.46959223598242 557.86005485244095 10534.430143330246 152.97428332269192 2980.7037843642756 503.48371296003461 150.95316256675869 32.167226739227772 343.18708546180278 34.73965211212635 40.438124198466539 73.911337617784739 102.4131606221199
leaf_count=43464 7518 1744 51067 73456 696 77066 8736 2301 296 4757 452 403 873 1207
internal_value=-4.03985e-05 9.36514e-05 -0.00321321 0.000236823 0.00052299 -0.000454321 -0.001499 -7.5635e-06 0.00406442 -0.00105628 0.000455535 0.00216412 0.00679601 -0.00283264
internal_weight=15909.1 15749.1 640.216 15108.9 10687.4 4421.47 1440.76 937.279 183.12 754.159 410.972 273.819 114.349 137.153
internal_count=274036 230572 58585 171987 74152 97835 20769 12033 2597 9436 4679 3020 1276 1659
is_linear=0
shrinkage=0.03


Tree=138
num_leaves=15
num_cat=0
split_feature=6 6 4 7 8 7 4 4 8 8 7 12 8 4
split_gain=27.4518 6.95387 4.37722 3.31918 3.5667 2.89476 3.95795 2.80298 2.53975 2.46383 2.85194 2.68153 3.91589 3.06938
threshold=4.7591779066044522 2.9882008347154687 0.39444444444444454 0.0041745393042925327 0.356750429361477 0.018178758054825953 0.67708333333333337 0.86190476190476206 0.63714962435624423 0.19310294634574562 0.030340511369926781 2.249904835165133 0.29174904617558722 0.62019230769230782
decision_type=2 2 2 2 2 2 2 2 2 2 2 2 2 2
left_child=1 8 -3 -2 -5 6 -4 -6 -1 10 -7 13 -13 -11
right_child=3 2 5 4 7 9 -8 -9 -10 11 -12 12 -14 -15
leaf_value=0.00030831424059416429 -0.015155450777012251 -0.0073700777283394747 -0.0065112236308548779 -0.009816967166599834 -0.0052249291470093228 -0.0093213765438838886 -0.001231907041032484 0.0062389741317674151 0.0053868589232556356 0.00029888206885907853 0.00092763347785093154 5.3771285152676032e-05 0.0081707260243165016 -0.0036284475385746358
leaf_weight=13717.662288401276 83.523496140958741 96.401660467498004 174.88855363614857 69.19436052441597 24.7813467127271 41.468383476138115 420.5725154732354 22.145364820491523 74.269046653062105 695.72630800865591 38.711144929751754 154.51655890978873 66.977926383726299 225.288998240605
leaf_count=123093 28215 3512 14545 13934 4269 1758 37106 3863 674 24106 1018 6448 2920 8575
internal_value=-3.96982e-05 0.000105828 -0.00158124 -0.0106959 -0.00612136 -0.00121651 -0.00290435 0.000385847 0.000341485 -0.000369283 -0.00500674 1.68306e-05 0.00287083 -0.000704532
internal_weight=15906.1 15706.5 1914.55 199.645 116.121 1818.15 595.461 46.9267 13791.9 1222.69 80.1795 1142.51 221.494 921.015
internal_count=274036 223755 99988 50281 22066 96476 51651 8132 123767 44825 2776 42049 9368 32681
is_linear=0
shrinkage=0.03


Tree=139
num_leaves=15
num_cat=0
split_feature=7 11 3 11 10 3 11 8 3 10 3 12 10 6
split_gain=26.3433 7.52079 5.62427 5.8496 4.27229 7.00837 3.04205 2.78649 3.67249 3.15785 2.72903 2.66899 3.81703 3.0191
threshold=0.0058871222594964329 -2.8618833197882751 0.032241985761766477 -3.6736990204985651 0.19737023816377317 0.029110936637147599 -1.203109991342201 0.34286957099281451 0.32619615719896494 0.20046101029984034 0.33627821447247958 1.8688348091416842 0.28422506276573184 3.7412339808651516
decision_type=2 2 2 2 2 2 2 2 2 2 2 2 2 2
left_child=-1 2 4 -4 5 -2 -3 8 -8 10 -10 -5 -13 -14
right_child=1 6 3 11 -6 -7 7 -9 9 -11 -12 12 13 -15
leaf_value=-0.011735293695574311 -0.00026336205969252247 -0.00043746636466263702 -0.015959446134106527 -0.010045586638613843 0.0036929710173117607 -0.012079626833603427 0.0003344985090153034 0.0012335754975058833 -0.003821413803526276 -0.0063998025403303174 0.0020342827082317663 -0.0042802573479150457 -0.0017090731090022879 0.01152908518324349
leaf_weight=156.45873102662154 211.56032625027001 4413.8326437165961 33.616331566590816 37.95595971448347 122.62171083455905 42.685041408054531 7096.8110202550888 3216.9507588595152 117.17916603386402 118.46089704334736 142.27027307450771 153.56519375927746 25.782024369575083 14.491299565881489
leaf_count=43464 20787 99197 4733 2111 12354 3741 54915 17338 614 553 732 10864 1356 1277
internal_value=-3.96028e-05 8.76541e-05 -0.00305397 -0.00627314 -0.000633501 -0.00280963 0.000224131 0.000497488 0.000178857 -0.00264514 -0.000674729 -0.00398375 -0.00216049 0.00489039
internal_weight=15904.2 15747.8 642.278 265.411 376.867 254.245 15105.5 10691.7 7474.72 377.91 259.449 231.794 193.839 40.2733
internal_count=274036 230572 57223 20341 36882 24528 173349 74152 56814 1899 1346 15608 13497 2633
is_linear=0
shrinkage=0.03


Tree=140
num_leaves=15
num_cat=0
split_feature=6 7 8 10 11 4 8 9 8 10 10 3 3 9
split_gain=25.2631 6.65203 4.89443 6.1109 4.5146 3.62768 3.56055 3.51386 3.69178 5.25263 4.65848 4.90032 6.79086 4.62801
threshold=4.3950660578969041 0.0041745393042925327 0.33115956764440213 0.21921974254136883 -1.5526074380019355 0.90454545454545465 0.5972509909368876 1.4693127104713464 0.37459245623522769 0.22097931566515078 0.21921974254136883 0.0620629284754265 0.058914293729835886 1.9371150399690593
decision_type=2 2 2 2 2 2 2 2 2 2 2 2 2 2
left_child=4 -2 -3 -4 7 -5 -6 -1 9 -9 11 12 13 -10
right_child=1 2 3 5 6 -7 -8 8 10 -11 -12 -13 -14 -15
leaf_value=-0.0050924244673884152 -0.014811845260052744 -0.0082185306634822552 0.0085676785777252084 -0.0077163553271356721 0.00036318309343399513 0.0045811684333544904 0.0056578409253844409 -0.0010019357024008309 0.010675890723573091 -0.0077803317203266548 -0.00015593898569715638 -0.0042201120714690189 0.017154267424503111 -0.00036703266915178026
leaf_weight=150.25049535091966 81.320230439072475 158.17250708770007 33.0419453647919 61.147565594408661 12055.616464849561 18.726165874395519 100.49601017683744 1961.4054432571866 34.742370507214218 94.212421276140958 982.51873889565468 35.203307885676622 28.864085983484983 106.00646601384506
leaf_count=4264 28215 23001 4890 8984 93874 2977 502 70315 1138 3237 28063 514 482 3580
internal_value=-3.98238e-05 -0.00781521 -0.00504981 -0.000167833 0.000143759 -0.00456477 0.000413874 -0.000821487 -0.000601073 -0.00136671 0.000724982 0.0046731 0.00671181 0.00312446
internal_weight=15901.7 352.408 271.088 112.916 15549.3 79.8737 12156.1 3393.2 3242.95 2055.62 1187.33 204.816 169.613 140.749
internal_count=274036 68067 39852 16851 205969 11961 94376 111593 107329 73552 33777 5714 5200 4718
is_linear=0
shrinkage=0.03


Tree=141
num_leaves=15
num_cat=0
split_feature=7 6 3 4 10 6 3 8 8 6 6 3 10 4
split_gain=24.2518 6.90428 3.16266 2.93192 4.47865 3.10424 4.7519 3.91294 4.15268 2.59157 3.1952 3.4142 2.48217 2.38961
threshold=0.0058871222594964329 3.4672959664678489 0.037802968217359158 0.62019230769230782 0.24654055576928524 4.0951772018816319 0.021282272222805883 0.22047695614180265 0.24805965151960249 3.920982255679319 3.6362686359073835 0.0489356033026579 0.18186161130609124 0.14835164835164838
decision_type=2 2 2 2 2 2 2 2 2 2 2 2 2 2
left_child=-1 13 3 -3 5 7 -7 -5 -9 10 -4 -12 -11 -2
right_child=1 2 9 4 -6 6 -8 8 -10 12 11 -13 -14 -15
leaf_value=-0.011371617367031652 0.00071198271124708337 -0.0047967766614939135 -0.0068737335353514306 -0.0045327381799492973 0.0066938445980997919 0.0033115416606426906 -0.0056211106449746938 0.0087302427688043145 0.00018456134223316639 0.0033984031237305466 0.0056892777494718513 -0.0070061887634016865 -0.012563086397720528 -6.6397361632117272e-05
leaf_weight=153.14960801624693 5914.438220622018 171.92011657217517 63.730091282166541 81.019764050841331 54.831794377882034 59.144299044273794 212.4945228737779 56.211936442181468 184.30432248767465 3.8179317926987997 45.700789533555508 13.438140158541499 46.143975696526468 8838.6024413425475
leaf_count=43464 31986 11291 3291 4643 5878 5952 23130 3135 10442 321 2824 945 5167 121567
internal_value=-3.87565e-05 8.2189e-05 -0.00232044 -0.00148416 -0.000516658 -0.00133184 -0.00360468 0.000663373 0.00257706 -0.00585247 -0.00286554 0.00197063 -0.0108403 0.000246058
internal_weight=15898.9 15745.8 992.758 819.927 648.007 593.175 271.639 321.536 240.516 172.831 122.869 59.1389 49.9619 14753
internal_count=274036 230572 77019 64471 53180 47302 29082 18220 13577 12548 7060 3769 5488 153553
is_linear=0
shrinkage=0.03


Tree=142
num_leaves=15
num_cat=0
split_feature=6 11 11 11 9 10 8 3 8 3 7 7 9 8
split_gain=23.2226 5.77579 3.34985 6.21509 2.75553 9.01731 5.72915 4.33793 3.70595 3.8379 6.09496 4.04942 4.65767 4.7933
threshold=4.7591779066044522 -2.1163955904443141 -4.6651954996555949 -4.3195713098835729 2.1570552039793141 0.16979703937445659 0.28255164837512453 0.033732823398682069 0.28255164837512453 0.031576604791400252 0.016234966639383036 0.020331361185642664 2.0281850018255283 0.32922835780806908
decision_type=2 2 2 2 2 2 2 2 2 2 2 2 2 2
left_child=1 4 -2 -4 5 -1 -6 -8 -7 11 -11 12 -10 -14
right_child=2 -3 3 -5 6 8 7 -9 9 10 -12 -13 13 -15
leaf_value=-0.0078213521575672615 -0.016026857775852926 0.00030132383570734121 0.0021915207963678581 -0.01035230720244739 -0.0012117270556182742 0.0054766351736030292 0.010167623189373972 -0.0047359415876747097 0.0034624737194448793 -0.0086081233805526923 -0.0013426708001824329 0.011153008233524914 0.0039112482477492308 -0.01223436297766458
leaf_weight=196.16180225647986 53.349380325525999 13895.27710971795 46.30833228235133 92.723217569524422 292.05193285271525 58.446088348980993 64.545263217762113 12.953024759888647 113.82877701614052 104.01697690086439 897.79524145275354 23.18545063585043 17.529861135873944 28.258109223563224
leaf_count=12132 18132 128696 11571 20578 18413 3648 3455 402 11151 10689 30351 953 1505 2360
internal_value=-3.83308e-05 9.32851e-05 -0.0100118 -0.00636769 -0.00149423 -0.00208323 0.000791416 0.00731259 -0.00109527 -0.00148394 -0.00221289 0.00237584 0.000252342 -0.0066132
internal_weight=15896.4 15704 192.381 139.032 1808.77 1439.22 369.55 77.4983 1243.06 1184.61 1001.81 182.802 159.617 45.788
internal_count=274036 223755 50281 32149 95059 72789 22270 3857 60657 57009 41040 15969 15016 3865
is_linear=0
shrinkage=0.03


Tree=143
num_leaves=15
num_cat=0
split_feature=7 7 12 11 9 5 12 9 8 3 10 3 10 10
split_gain=22.3729 6.27405 4.33362 2.64349 2.91594 3.67947 3.62282 2.90321 3.44385 3.50173 4.39164 2.77066 2.71182 3.07666
threshold=0.0058871222594964329 0.018178758054825953 2.1383330595080281 -0.45473615711494725 1.9916262844249777 12.500000000000002 0.89587973461402759 1.9544544195385984 0.34500353505361098 0.33627821447247958 0.29514862277192327 0.16773627551006801 0.18064536651278498 0.16561593725648596
decision_type=2 2 2 2 2 2 2 2 2 2 2 2 2 2
left_child=-1 2 -2 11 5 6 7 8 -5 10 -10 -3 13 -6
right_child=1 3 -4 4 12 -7 -8 -9 9 -11 -12 -13 -14 -15
leaf_value=-0.011023954725210134 -0.0087795627490441144 -5.2026809206045222e-05 -0.0017457974990809813 -0.0020632861629659048 -0.00010852949476586965 0.0023956594192336951 0.0052184908021415503 0.0045695072770786938 0.00075794447412764012 0.0026626774303172051 -0.0059620921853141481 -0.0031951755349120064 -0.0027042446915158075 0.0024344693171051593
leaf_weight=150.10407292679884 79.78035449469462 8283.3626197408885 551.15123977977782 626.1003256291151 2652.2071179077029 1471.0751938670874 112.00345538556576 98.854517698287964 304.08503897488117 438.50432394444942 106.388134136796 245.35688645765185 280.41699263453484 495.36437712609768
leaf_count=43464 7518 134455 51067 3212 17307 6649 731 533 1346 1831 449 1643 1290 2541
internal_value=-3.79694e-05 7.71601e-05 -0.00281843 0.000200713 0.000651539 0.00130707 0.000344463 -4.83703e-05 -0.000400728 0.000839903 -0.00113257 -0.000147901 4.47623e-05 0.000301336
internal_weight=15894.8 15744.7 630.932 15113.7 6585 3157.01 1685.94 1573.93 1475.08 848.977 410.473 8528.72 3427.99 3147.57
internal_count=274036 230572 58585 171987 35889 14751 8102 7371 6838 3626 1795 136098 21138 19848
is_linear=0
shrinkage=0.03


Tree=144
num_leaves=15
num_cat=0
split_feature=7 11 12 11 8 12 4 8 12 10 4 6 10 11
split_gain=21.3848 5.96528 4.14511 4.35284 4.19771 3.03007 3.55376 2.87986 2.73779 3.51192 4.57045 2.96733 2.93098 2.49051
threshold=0.0058871222594964329 -2.8618833197882751 2.249904835165133 -3.6736990204985651 0.44142568856029968 2.602003343538398 0.88562091503267981 0.23309785937532329 1.8688348091416842 0.28422506276573184 0.48529411764705888 3.7412339808651516 0.1931549309088578 -0.25671984684781396
decision_type=2 2 2 2 2 2 2 2 2 2 2 2 2 2
left_child=-1 2 3 -2 5 -4 7 -7 -5 10 -10 -11 -12 -3
right_child=1 13 4 8 -6 6 -8 -9 9 11 12 -13 -14 -15
leaf_value=-0.010832086301354358 -0.014452462857254782 -9.3942489369722794e-05 -0.003212981691872902 -0.0097576354378728462 0.0070033239565596072 -0.0020363067289258805 -0.0033220851893563377 0.012904977765592591 0.0075298737866148985 -0.0016480057719982918 0.002220636092109071 0.011500751969448848 -0.0077625646399387674 0.00070731500129697124
leaf_weight=148.47064277529716 28.985286593437195 9658.2407682007179 277.01245534094051 37.242493125144392 40.574873556848615 11.676456701941786 29.627941749524325 21.890410248190165 14.346573241986333 25.698387749493122 26.564363637473434 14.511309274006633 106.76352013740689 5450.2086907997727
leaf_count=43464 4240 145416 26942 2111 4217 1117 3227 2275 807 1358 2133 1283 7513 27933
internal_value=-3.73685e-05 7.46471e-05 -0.0027398 -0.00559265 -0.000696169 -0.00187141 0.00349756 0.00868387 -0.0036204 -0.00177239 -0.00388458 0.00493267 -0.00575008 0.000195517
internal_weight=15891.8 15743.3 634.894 254.112 380.782 340.207 63.1948 33.5669 225.127 187.884 147.674 40.2097 133.328 15108.4
internal_count=274036 230572 57223 19445 37778 33561 6619 3392 15205 13094 10453 2641 9646 173349
is_linear=0
shrinkage=0.03


Tree=145
num_leaves=15
num_cat=0
split_feature=6 11 8 4 11 11 11 8 11 10 10 8 4 4
split_gain=20.4763 6.06239 7.2503 4.60271 3.67274 3.60899 2.88851 2.60145 2.55281 2.48743 3.0189 2.56998 2.27792 6.17452
threshold=4.3950660578969041 -4.6651954996555949 0.33115956764440213 0.70294117647058829 -4.5415488064608445 -3.4680068003425504 -1.203109991342201 0.5972509909368876 -3.8018545381560966 0.21921974254136883 0.18305986860734719 0.44142568856029968 0.35504201680672276 0.30384615384615393
decision_type=2 2 2 2 2 2 2 2 2 2 2 2 2 2
left_child=5 -2 4 -4 -3 -1 12 -8 -6 10 -5 -11 13 -7
right_child=1 2 3 9 8 6 7 -9 -10 11 -12 -13 -14 -15
leaf_value=-0.0065613058734736362 -0.015607198497178327 0.0061557060464132009 -0.0078077083130863312 -0.0041763535883254802 -0.014227688090577097 5.7758747276502286e-06 0.00038523086351507398 0.00523728015407435 -0.0055821841681286434 -0.0049900052774489089 0.012541841877869718 0.005478480353417468 -2.3726279700116973e-05 -0.0040795352605363985
leaf_weight=57.295568125788122 51.381369898328558 4.9023765523452303 23.963216816540807 4.7118693003430989 56.855838319286704 936.91124694701284 10615.534265149385 85.510346606373787 118.85396205703728 29.156456622760743 26.481340717757121 25.43132262956351 3350.7870003725402 501.49149188678712
leaf_count=6684 18132 1745 3419 798 15786 12032 73766 386 15073 4934 4489 3691 104366 8735
internal_value=-3.66144e-05 -0.007143 -0.00495208 0.00108122 -0.00841986 0.00012632 0.000157379 0.00043128 -0.0092787 0.00435687 0.00948037 1.66876e-05 -0.000454063 -0.00144595
internal_weight=15889.3 341.738 290.356 109.744 180.612 15547.5 15490.2 10701 175.71 85.781 31.1932 54.5878 4789.19 1438.4
internal_count=274036 68067 49935 17331 32604 205969 199285 74152 30859 13912 5287 8625 125133 20767
is_linear=0
shrinkage=0.03


Tree=146
num_leaves=15
num_cat=0
split_feature=7 7 12 6 8 10 10 11 3 6 9 3 7 5
split_gain=19.6098 5.51652 4.12498 2.35919 4.58429 2.36314 2.89235 2.2582 3.02166 3.29356 2.39417 5.97136 4.42857 4.07008
threshold=0.0058871222594964329 0.018178758054825953 2.1383330595080281 5.5347719124473356 0.31612821231152272 0.22525760322425215 0.20046101029984034 -0.50310357767208003 0.075950246365727836 1.7316163862908043 1.9916262844249777 0.15190049273145567 0.26353257994069657 12.500000000000002
decision_type=2 2 2 2 2 2 2 2 2 2 2 2 2 2
left_child=3 2 -2 4 -1 6 -6 -3 -9 10 11 -10 -13 -14
right_child=1 7 -4 -5 5 -7 -8 8 9 -11 -12 12 13 -15
leaf_value=-0.011879248461268855 -0.0085055241433348392 -0.00014863268764921876 -0.0016110309722039975 -0.015802373620071454 -0.0034421804580167695 -0.0043832020890372846 0.011674021705925203 0.0047165222924001327 0.0046038322613967666 -0.0033703843433591086 2.9562141834277226e-05 -0.0019681765655575954 1.9579997954047236e-05 0.0024774378713079675
leaf_weight=45.973551768343896 78.607409739866853 8261.0427862564102 548.524229911156 46.017724918434396 10.928621008526536 31.676414428045973 10.879703965969382 141.08022301644087 386.9735601246357 178.52015490084887 3275.2808701023459 457.97822165489197 1254.754638299346 1158.8520349562168
leaf_count=13009 7518 134143 51067 17301 2789 7717 2648 1300 2237 1603 19591 2601 5539 4973
internal_value=-3.65037e-05 6.97981e-05 -0.00265372 -0.0104705 -0.00625593 0.00012086 0.00578318 0.000185321 0.000587311 0.0004902 0.000603159 0.00117692 0.000693589 0.00120769
internal_weight=15887.1 15741.6 627.132 145.476 99.4583 53.4847 21.8083 15114.5 6853.44 6712.36 6533.84 3258.56 2871.58 2413.61
internal_count=274036 230572 58585 43464 26163 13154 5437 171987 37844 36544 34941 15350 13113 10512
is_linear=0
shrinkage=0.03


Tree=147
num_leaves=15
num_cat=0
split_feature=6 7 8 10 4 11 9 9 4 11 10 4 4 11
split_gain=18.8753 5.88844 4.59169 5.58352 3.58849 3.37273 3.09355 4.23479 2.74005 2.59956 2.48264 2.47368 2.17648 5.86789
threshold=4.3950660578969041 0.0041745393042925327 0.33115956764440213 0.21921974254136883 0.90454545454545465 -3.4680068003425504 1.8806478349140558 2.0127692406526707 0.87083333333333346 -1.203109991342201 0.36486195457532639 0.71008403361344552 0.35504201680672276 -2.3113065391434691
decision_type=2 2 2 2 2 2 2 2 2 2 2 2 2 2
left_child=5 8 -3 6 -5 -1 -4 11 -2 12 -11 -8 13 -7
right_child=1 2 3 4 -6 9 7 -9 -10 10 -12 -13 -14 -15
leaf_value=-0.0063712875535193248 -0.00058463117988056699 -0.0074578017565795724 -0.0049289177166019597 -0.0071920215091467211 0.0050228957708418958 -0.0096802012849518011 -0.0016041803117971981 -0.001291552520995746 -0.015918312878388081 0.00035102021945911929 0.0040361276113848295 0.020648532878457561 -1.0481990832996984e-05 -0.00095037911873825068
leaf_weight=56.727064347360283 13.519386061001567 152.42918978561647 4.112899064552038 59.424729899503291 18.304683541413397 58.348040286451578 2.9367256616242257 13.113339802715926 61.34702175646089 10551.504153214395 152.32687374949455 12.785133221652357 3349.3785231113434 1378.1147675830871
leaf_count=6684 5055 23001 658 8984 2977 1731 402 1909 23160 73456 696 1921 104366 19036
internal_value=-3.62309e-05 -0.00689624 -0.0043228 0.000369632 -0.0039683 0.000119407 0.00864336 0.0116034 -0.0137091 0.000149318 0.000409038 0.0177381 -0.000431024 -0.00140135
internal_weight=15884.4 337.973 263.107 110.678 77.7294 15546.4 32.9481 28.8352 74.8664 15489.7 10703.8 15.7219 4785.84 1436.46
internal_count=274036 68067 39852 16851 11961 205969 4890 4232 28215 199285 74152 2323 125133 20767
is_linear=0
shrinkage=0.03


Tree=148
num_leaves=15
num_cat=0
split_feature=7 7 3 4 8 8 11 4 8 9 4 10 8 4
split_gain=18.1622 5.22562 3.84798 2.48309 3.57249 3.4794 5.20625 2.9043 2.88707 2.8328 5.57637 4.75626 4.82755 4.39814
threshold=0.0056085051542415455 0.021910014734660515 0.045178308518216963 0.67708333333333337 0.43947506386041491 0.23449248023271535 -2.7187029352165912 0.48529411764705888 0.53527908367973165 2.1570552039793141 0.92582417582417598 0.17513072144447564 0.3154142874010652 0.80625000000000013
decision_type=2 2 2 2 2 2 2 2 2 2 2 2 2 2
left_child=-1 2 3 4 7 -5 9 -2 -6 11 13 -7 -13 -11
right_child=1 -3 -4 5 8 6 -8 -9 -10 10 -12 12 -14 -15
leaf_value=-0.010482981315576886 0.0048552060999965726 0.00019253545478055761 -0.0097953536385458045 -0.0040179193302329955 0.006674733470053297 -0.0075869847390517267 0.01054956323914011 -0.0062722406332779649 -0.0058903529749262584 -0.0002114176915158475 -0.0082656517687355185 0.0092387841272960642 -0.001429685243209989 0.014541282264804849
leaf_weight=133.37198187969625 12.360692727379499 14915.229010182433 42.082591563463211 151.09683686261997 35.314178757369518 68.261220567394048 31.873040251433849 213.39852874632925 10.98680135142058 30.857932287268341 11.069508688058702 33.630326931364834 164.72102370858192 27.860538647510111
leaf_count=41304 783 161108 3714 12157 2994 6917 1652 15286 1173 2268 1275 3448 17491 2466
internal_value=-3.59221e-05 6.24423e-05 -0.00222775 -0.00165064 -0.00389105 -0.000400778 0.00118244 -0.00539846 0.00298139 -0.000117503 0.00469489 -0.00156016 0.00090152 0.00832291
internal_weight=15882.1 15748.7 833.513 791.431 272.06 519.37 368.274 225.759 46.301 336.401 69.788 266.613 198.351 58.7185
internal_count=274036 232732 71624 67910 20236 47674 35517 16069 4167 33865 6009 27856 20939 4734
is_linear=0
shrinkage=0.03


Tree=149
num_leaves=15
num_cat=0
split_feature=6 6 4 11 8 10 8 3 11 8 9 4 9 10
split_gain=17.3494 4.3737 4.28132 3.45972 6.53375 2.70072 2.36777 2.21723 2.192 2.81824 2.32342 4.42114 2.11654 3.2455
threshold=4.7591779066044522 2.9882008347154687 0.39444444444444454 -4.8020008729355483 0.36061877803980896 0.43194275929263715 0.49251446170600338 0.025316748788575941 -1.7899832684258707 0.21366806211709052 1.5018818343491704 0.77350427350427364 2.230512928841653 0.12812706899025372
decision_type=2 2 2 2 2 2 2 2 2 2 2 2 2 2
left_child=1 5 6 -2 -5 -1 -3 -6 9 12 11 -11 -4 -14
right_child=3 2 8 4 7 -7 -8 -9 -10 10 -12 -13 13 -15
leaf_value=0.00022722331674774202 -0.016117530038827939 -0.0089915688887055121 -0.010054946372407803 -0.0096184179688295589 0.0075278192516372751 0.0054209511853398661 0.0017559507921524325 -0.0030291478923343915 0.0032904114159028803 -0.010366059177944554 -0.00048157460899943098 0.0053907909839185737 -0.0043495589239330983 0.0061124302169752618
leaf_weight=13729.089319244027 36.652014090912417 77.250510931946337 35.045346173457801 99.211408277507871 24.06934325187467 75.741196386516094 17.611088722012937 21.576268039178103 91.300480337813497 38.662731064483523 1485.1863881875761 11.978623765986411 117.78211931418628 19.538104053586721
leaf_count=123086 14068 2758 2087 26934 5030 681 754 4249 2289 2471 80730 1166 6632 1101
internal_value=-3.51168e-05 7.56971e-05 -0.00127025 -0.00889386 -0.00572525 0.000261572 -0.00702897 0.00302268 -0.00091108 -0.00116233 -0.000730762 -0.00625878 -0.00464138 -0.00240567
internal_weight=15880.7 15699.2 1894.36 181.509 144.857 13804.8 94.8616 45.6456 1799.49 1708.19 1535.83 50.6414 172.366 137.32
internal_count=274036 223755 99988 50281 36213 123767 3512 9279 96476 94187 84367 3637 9820 7733
is_linear=0
shrinkage=0.03


Tree=150
num_leaves=15
num_cat=0
split_feature=7 7 12 4 11 7 5 6 9 7 9 9 8 9
split_gain=16.9617 6.25188 3.75901 2.75237 2.61284 3.99445 3.37765 4.15789 4.35436 3.62828 3.34134 3.85352 3.32816 3.00318
threshold=0.0041745393042925327 0.018178758054825953 2.1383330595080281 0.87083333333333346 -4.3195713098835729 0.0077983361164995187 12.500000000000002 3.8490826385811467 2.1570552039793141 0.016234966639383036 2.0281850018255283 1.9068767073909976 0.30159417353151896 1.9486480188908109
decision_type=2 2 2 2 2 2 2 2 2 2 2 2 2 2
left_child=3 2 -2 -1 -4 -6 9 -8 10 13 11 -9 -13 -7
right_child=1 -3 4 -5 5 6 7 8 -10 -11 -12 12 -14 -15
leaf_value=-0.00028904192794185955 -0.0083397079625078009 0.00016638225970984317 0.0051235116488304944 -0.015476748302937831 -0.0068061738316285989 0.0053142103400608317 -0.009524395996662707 -0.0049701538240353839 0.0029836011101625382 0.014654063241534027 -0.0073403311160181485 -0.0045738155268028107 0.0080846742368075441 -0.0068136199932900864
leaf_weight=13.237163127865641 79.299869046313688 15116.787652010098 31.814163035247475 59.050573959713802 122.38560149515979 28.06918755127117 41.14753054920584 57.390944522339851 152.22073604119942 9.0782539332285506 89.443183813244104 15.452364933211355 46.782474637962878 17.059273827355355
leaf_count=5055 7924 171987 5548 23160 21745 2921 2590 6007 11630 539 7858 1364 4271 1437
internal_value=-3.50452e-05 3.77456e-05 -0.00272349 -0.0132232 -0.00181199 -0.0023128 -0.000930367 -0.00192145 -0.000710394 0.00524925 -0.00341963 3.07186e-06 0.0046638 0.000173612
internal_weight=15879.2 15806.9 690.144 72.2877 610.844 579.03 456.644 402.437 361.29 54.2067 209.069 119.626 62.2348 45.1285
internal_count=274036 245821 73834 28215 65910 60362 38617 33720 31130 4897 19500 11642 5635 4358
is_linear=0
shrinkage=0.03


Tree=151
num_leaves=15
num_cat=0
split_feature=6 6 4 11 11 10 8 10 4 8 4 9 10 4
split_gain=15.9809 4.02109 4.12342 3.44073 6.06835 2.56662 2.28462 2.07213 2.78956 2.37678 4.91011 3.39333 4.3736 5.51822
threshold=4.7591779066044522 2.9882008347154687 0.39444444444444454 -4.6651954996555949 -4.3195713098835729 0.43194275929263715 0.49251446170600338 0.34890365439959597 0.77350427350427364 0.36061877803980896 0.65686274509803932 2.1423111339028202 0.16979703937445659 0.67708333333333337
decision_type=2 2 2 2 2 2 2 2 2 2 2 2 2 2
left_child=1 5 6 -2 -5 -1 -3 9 -9 11 -11 12 -4 -14
right_child=3 2 7 4 -6 -7 -8 8 -10 10 -12 -13 13 -15
leaf_value=0.00021537472182491636 -0.014761706699443801 -0.0088302689163635758 -0.0060604968018729078 0.003270734116826214 -0.0091811299577087835 0.0052761900619392689 0.0017266393024828299 -0.0097862602782695356 0.0045543285874351065 0.0033747546526171385 -0.0028903994952094855 0.00018118091858596483 -0.0035230112804646328 0.003389863150365051
leaf_weight=13732.399036414921 47.737275355029851 76.605516182258725 228.36560406768695 44.331760873319581 86.737528265221044 75.823291335254908 17.639581789262593 31.565042760688812 6.6361518744379273 297.36742748040706 162.20809887954965 657.2004552311264 261.34233867377043 152.27046782523394
leaf_count=123086 18132 2758 12098 11571 20578 681 754 2278 706 13694 12773 31816 12146 10965
internal_value=-3.48246e-05 7.08038e-05 -0.00122096 -0.0085968 -0.00506614 0.00024886 -0.00688859 -0.000869148 -0.00671337 -0.000686509 0.00114199 -0.00133898 -0.00286379 -0.000948486
internal_weight=15878.2 15699.4 1891.2 178.807 131.069 13808.2 94.2451 1796.96 38.2012 1758.75 459.576 1299.18 641.978 413.613
internal_count=274036 223755 99988 50281 32149 123767 3512 96476 2984 93492 26467 67025 35209 23111
is_linear=0
shrinkage=0.03


Tree=152
num_leaves=15
num_cat=0
split_feature=7 6 3 4 9 6 11 3 11 9 11 3 6 11
split_gain=15.8908 5.78681 4.29661 2.71281 2.55845 2.16377 2.10564 3.87395 2.60709 4.19845 2.54063 2.62159 2.93773 2.51495
threshold=0.0041745393042925327 3.9560394329797357 0.033732823398682069 0.87083333333333346 2.4246864496311145 5.0156227806031533 -0.25671984684781396 0.14411193125933389 -0.30673026742247539 2.0234977358836992 -0.35667494393873228 0.16773627551006801 1.2382692000587421 -0.14310084364067319
decision_type=2 2 2 2 2 2 2 2 2 2 2 2 2 2
left_child=3 6 4 -1 -3 -4 8 13 10 -10 11 12 -2 -8
right_child=1 2 5 -5 -6 -7 7 -9 9 -11 -12 -13 -14 -15
leaf_value=-0.00016850923609950134 0.0045983821538994841 -0.00222453446749532 -0.0098921751663229793 -0.01518504776047643 0.0067961924831389893 0.003908538835001741 0.0057270796969713812 0.00041345694209480563 0.0014604523769260007 -0.0056943229940887808 0.0027779758544253497 -0.0028372308709996366 -8.7360443619052263e-05 0.00017152296653106199
leaf_weight=13.123655425384639 107.07545512914658 437.16403023316525 77.851480933837593 57.607269471278414 15.775739085394887 3.5645060928072771 196.47128712385893 5144.8245101571083 114.67100456357002 169.34476297348738 266.02231572568417 293.34866647794843 8866.2679429417476 113.72310703992844
leaf_count=5055 552 52719 9088 23160 1133 773 1372 25800 653 1244 1841 1914 147971 761
internal_value=-3.47607e-05 3.50716e-05 -0.00299012 -0.0129158 -0.00170256 -0.00877389 0.000143753 0.000615456 -0.000118905 -0.00287724 -3.23329e-05 -0.000117368 -2.38667e-05 0.00379217
internal_weight=15876.8 15806.1 534.356 70.7309 452.94 81.416 15271.7 5455.02 9816.73 284.016 9532.71 9266.69 8973.34 310.194
internal_count=274036 245821 63713 28215 53852 9861 182108 27933 154175 1897 152278 150437 148523 2133
is_linear=0
shrinkage=0.03


Tree=153
num_leaves=15
num_cat=0
split_feature=7 11 3 4 8 10 3 7 10 9 4 4 3 8
split_gain=15.3045 5.47898 4.09205 2.94395 4.10317 4.43958 3.63773 4.05371 2.72171 4.73063 3.43897 2.64382 2.57536 2.74494
threshold=0.0041745393042925327 -2.8618833197882751 0.045178308518216963 0.51470588235294124 0.36221517699566258 0.27224449296239461 0.031576604791400252 0.020331361185642664 0.28942880160359347 1.5291899590487417 0.77350427350427364 0.87083333333333346 0.024191545538525212 0.24068541547754876
decision_type=2 2 2 2 2 2 2 2 2 2 2 2 2 2
left_child=11 2 3 4 -2 -6 7 -5 -4 10 -10 -1 13 -3
right_child=1 12 8 6 5 -7 -8 -9 9 -11 -12 -13 -14 -15
leaf_value=-0.00016616348427097105 -0.0072411579237283436 -0.0083976013077188497 -0.014810505631408332 -0.0013708041926311276 0.01436495954500781 -0.0019580125962249603 -0.0059509463107395594 0.01206091112410458 -0.011699782352628408 0.0083985533704871232 0.0044739901942779806 -0.015004856626377868 0.00018059612546469854 0.0047521102757996413
leaf_weight=13.121455611893905 8.5731799856293929 43.642042166553438 23.831168759148568 408.15219231159426 21.894387347158045 19.910948877222836 159.46228234190494 6.2875527096912256 25.212321088183671 10.606919521000234 7.5441222968511275 56.743378299754113 15061.749226422049 8.1686111781746131
leaf_count=5055 684 2690 2028 48958 1250 1359 14882 275 1670 565 801 23160 170220 439
internal_value=-3.40454e-05 3.41462e-05 -0.00254822 -0.00167469 0.00444998 0.00812653 -0.00231198 -0.000752868 -0.00887725 -0.0026481 -0.00773955 -0.0127399 0.000154704 -0.00572293
internal_weight=15874.9 15805 691.475 624.281 50.3785 41.8053 573.902 414.44 67.1945 43.3634 32.7564 69.8648 15113.6 51.8107
internal_count=274036 245821 72472 67408 3293 2609 64115 49233 5064 3036 2471 28215 173349 3129
is_linear=0
shrinkage=0.03


Tree=154
num_leaves=15
num_cat=0
split_feature=7 7 12 10 10 9 9 4 9 5 7 3 3 9
split_gain=14.7388 5.26766 2.92362 6.20559 4.14704 3.24221 3.02654 2.57606 2.51177 3.57214 2.17003 4.07473 2.65484 3.8453
threshold=0.0041745393042925327 0.01240987691140401 2.249904835165133 0.18186161130609124 0.19450083610091426 2.4246864496311145 1.925001347811172 0.87083333333333346 1.8005263131333182 15.500000000000002 0.086390984872955698 0.055912091836689333 0.10124800457290374 1.4693127104713464
decision_type=2 2 2 2 2 2 2 2 2 2 2 2 2 2
left_child=7 2 4 5 -2 -4 8 -1 9 -5 12 -12 13 -3
right_child=1 10 3 6 -6 -7 -8 -9 -10 -11 11 -13 -14 -15
leaf_value=-0.00016385023075132899 0.0040371998338149364 -0.0063703047256571353 -0.0065365894346480647 0.0089360863779577894 -0.012742070881569523 0.0055269304646501857 0.0076036106193499396 -0.014825252714132119 -0.0052225029254477301 -0.0047889789488499025 0.0070980452835698255 0.00029481324736967531 0.0054320014407382503 -0.00039508663366375456
leaf_weight=13.119286778382955 9.6018953160382789 84.297562052961439 177.40895554656163 25.695448442129418 40.158244945341721 11.030374853871761 48.524842026643455 55.902403814485297 42.744475241517648 16.981707581318915 64.849102325737476 10957.044517241418 53.304190956987441 4273.1175004867837
leaf_count=5055 1136 3050 24180 3878 6295 835 6852 23160 6426 2513 720 75441 806 113689
internal_value=-3.36951e-05 3.28943e-05 -0.00342349 -0.00213964 -0.00931912 -0.005475 0.00263145 -0.0125652 -0.0009069 0.0036496 0.000119486 0.000344434 -0.000441895 -0.000532139
internal_weight=15873.8 15804.8 372.146 322.386 49.7601 188.439 133.946 69.0217 85.4216 42.6772 15432.6 11021.9 4410.72 4357.42
internal_count=274036 245821 52115 44684 7431 25015 19669 28215 12817 6391 193706 76161 117545 116739
is_linear=0
shrinkage=0.03


Tree=155
num_leaves=15
num_cat=0
split_feature=7 7 11 5 3 6 4 9 11 8 3 10 9 8
split_gain=14.1943 4.98521 3.20977 3.05043 3.0389 4.05434 2.50954 2.35425 2.12393 2.36163 3.41988 2.95062 4.63297 2.34626
threshold=0.0041745393042925327 0.01240987691140401 -4.2686068519998246 15.500000000000002 0.021282272222805883 4.8445806323270011 0.87083333333333346 1.4297488781424199 -1.203109991342201 0.34286957099281451 0.32619615719896494 0.20046101029984034 1.8806478349140558 0.26581951289455541
decision_type=2 2 2 2 2 2 2 2 2 2 2 2 2 2
left_child=6 2 3 7 5 -4 -1 -2 -3 10 -10 12 -12 -14
right_child=1 8 4 -5 -6 -7 -8 -9 9 -11 11 -13 13 -15
leaf_value=-0.00016156966285431546 -0.0035405773825683351 -0.00041338725652657399 0.0052640242978411076 -0.0039416028794877333 -0.0057665750912202591 -0.0073233148957225578 -0.014646284588671503 0.012032999237661393 0.00020695665356093861 0.0010267443779094056 0.004475872492240858 -0.0063024598791757286 -0.00011396836848391122 -0.0068193512733990729
leaf_weight=13.117148796794934 4.2449419102631536 4718.9521667617373 50.870842092204839 18.261057869996876 258.45345081947744 20.599616951541975 55.083679312840104 18.467764985980466 7114.5142188034952 3221.4215643778443 85.895825415849686 118.28393855690956 93.930781401693821 79.97757688164711
leaf_count=5055 727 119554 5068 3220 34900 4897 23160 3303 54915 17338 427 553 534 385
internal_value=-3.30696e-05 3.19636e-05 -0.00333605 0.00363523 -0.00432226 0.000995005 -0.0123918 0.00887179 0.000116067 0.000349515 5.68731e-05 -0.00266739 -0.000758734 -0.00349429
internal_weight=15872.1 15803.9 370.898 40.9738 329.924 71.4705 68.2008 22.7127 15433 10714 7492.6 378.088 259.804 173.908
internal_count=274036 245821 52115 7250 44865 9965 28215 4030 193706 74152 56814 1899 1346 919
is_linear=0
shrinkage=0.03


Tree=156
num_leaves=15
num_cat=0
split_feature=6 11 8 11 4 11 10 10 9 11 10 9 10 8
split_gain=13.2715 3.36761 5.8127 3.185 2.84578 4.90296 2.93964 5.90472 5.87133 5.37057 5.31327 4.91169 5.3149 5.28461
threshold=4.7591779066044522 -4.8020008729355483 0.36061877803980896 -2.1163955904443141 0.36038961038961043 -2.3113065391434691 0.24414981615364431 0.22713497488886461 1.7271110081475349 -2.7901758260511134 0.20840153801199365 2.1570552039793141 0.16979703937445659 0.28255164837512453
decision_type=2 2 2 2 2 2 2 2 2 2 2 2 2 2
left_child=3 -2 -3 4 5 -1 7 10 9 -8 11 12 -6 -13
right_child=1 2 -4 -5 6 -7 8 -9 -10 -11 -12 13 -14 -15
leaf_value=-0.010269062453108989 -0.015200665380839114 -0.0087229464278420488 0.0032396736326178034 0.00021552413453339073 -0.0072221615652085071 0.00055835917618776124 -0.0052802553655018816 -0.0074818210713187656 0.0061281172640088484 0.002700280514145211 0.0039886961434643384 -0.00088471892659008791 -0.0012320917180019234 0.0073205355804754303
leaf_weight=63.345966479741037 33.483806028030813 94.452994613908231 45.251876921625808 13910.639231879264 190.828583618626 69.62751174531877 130.57788390107453 117.50132321054116 137.52397785754874 144.86628147214651 164.41502137994394 288.69986700918525 401.36008312180638 77.474490213673562
leaf_count=1931 14068 26934 9279 128696 12129 1500 10886 5770 6543 3595 8243 18412 22204 3846
internal_value=-3.28488e-05 -0.00795235 -0.00490971 6.20384e-05 -0.00112511 -0.00511772 -0.00076085 -0.00148729 0.00139655 -0.00116031 -0.000769584 -0.00163479 -0.00329308 0.00107109
internal_weight=15870 173.189 139.705 15696.9 1786.22 132.973 1653.25 1240.28 412.968 275.444 1122.78 958.363 592.189 366.174
internal_count=274036 50281 36213 223755 95059 3431 91628 70604 21024 14481 64834 56591 34333 22258
is_linear=0
shrinkage=0.03


Tree=157
num_leaves=15
num_cat=0
split_feature=7 7 11 5 12 11 10 6 9 4 11 9 11 11
split_gain=13.1989 4.52872 3.0137 2.93252 2.78434 5.80565 3.42653 4.48731 2.98856 2.47256 2.28596 2.10106 1.97485 3.46889
threshold=0.0041745393042925327 0.01240987691140401 -4.2686068519998246 15.500000000000002 2.249904835165133 -3.3895860005876952 0.18186161130609124 4.7591779066044522 2.4246864496311145 0.87083333333333346 -4.6651954996555949 1.83868509578373 -0.25671984684781396 -0.20294084399669046
decision_type=2 2 2 2 2 2 2 2 2 2 2 2 2 2
left_child=9 2 3 10 5 -4 8 -8 -6 -1 -2 -5 -3 -14
right_child=1 12 4 11 6 -7 7 -9 -10 -11 -12 -13 13 -15
leaf_value=-2.7773396511859235e-05 -0.0038868055619984535 -0.00014179009927319962 -0.015018604629001753 -0.0088469568397630659 -0.0060959340255218562 0.0049263033532331042 0.004842047537270423 -0.0076489314449509557 0.0054280382838896232 -0.014331432657113988 0.011565093783861573 0.0042084703501623424 0.0035700452473420787 0.00037603901816341586
leaf_weight=12.992272241506724 3.3623470752500024 9975.2309029465541 32.63281099894084 10.436762908007951 173.91473545785993 9.827019331045447 79.13170001283288 21.096137362066656 11.100650310516356 53.687966166296974 19.557557587977499 7.7629937541205427 310.84594302624464 5147.3515877872705
leaf_count=5055 688 165773 5203 1802 23944 1028 9508 4347 835 23160 3342 1418 1956 25977
internal_value=-3.28273e-05 2.93192e-05 -0.00318967 0.00354688 -0.00415321 -0.0103215 -0.00276524 0.00155946 -0.00504929 -0.0120614 0.00865747 -0.00389282 0.000109268 0.000567224
internal_weight=15868.9 15802.3 368.823 41.1197 327.703 42.4598 285.243 100.228 185.015 66.6802 22.9199 18.1998 15433.4 5458.2
internal_count=274036 245821 52115 7250 44865 6231 38634 13855 24779 28215 4030 3220 193706 27933
is_linear=0
shrinkage=0.03


Tree=158
num_leaves=15
num_cat=0
split_feature=7 11 3 10 3 10 4 8 8 3 7 3 8 4
split_gain=12.7092 4.30887 3.9816 2.81111 4.61077 3.38617 2.69568 3.98913 4.26937 3.55911 3.82347 2.4188 2.65706 2.40756
threshold=0.0041745393042925327 -2.8618833197882751 0.045178308518216963 0.28942880160359347 0.054366026199827479 0.33678488549221003 0.51470588235294124 0.36221517699566258 0.5268858976673908 0.031576604791400252 0.020331361185642664 0.024191545538525212 0.24068541547754876 0.87083333333333346
decision_type=2 2 2 2 2 2 2 2 2 2 2 2 2 2
left_child=13 2 6 -4 5 -5 7 -2 -9 10 -8 12 -3 -1
right_child=1 11 3 4 -6 -7 9 8 -10 -11 -12 -13 -14 -15
leaf_value=-2.7387249344954769e-05 -0.0071461457774674086 -0.0082341111951190239 -0.014584612499977221 0.012281925238673301 -0.0095266123044025468 -0.0039294148350516407 -0.0011122145290330336 0.01183409888825533 -0.0053374044502856261 -0.0056554804297628252 0.011905218504357924 0.00015965135482272965 0.0046909436665609162 -0.014154466567527831
leaf_weight=12.991913211764766 8.4782322966493648 43.221275478601456 23.288782671559602 10.411242610309275 21.057337933219969 11.249965210910885 404.42568627442233 33.992084231693298 7.948880575131624 157.39818787295371 6.3638367131352416 15065.391314939596 8.208028467372058 52.927535587456077
leaf_count=5055 684 2690 2028 742 1413 881 48958 2008 601 14882 275 170220 439 23160
internal_value=-3.24754e-05 2.82275e-05 -0.00227356 -0.00855453 -0.00233118 0.00569954 -0.0014167 0.00442547 0.00803094 -0.00203561 -0.000498251 0.000134622 -0.00557785 -0.0118914
internal_weight=15867.4 15801.4 684.614 66.0073 42.7185 21.6612 618.607 50.4192 41.941 568.188 410.79 15116.8 51.4293 65.9194
internal_count=274036 245821 72472 5064 3036 1623 67408 3293 2609 64115 49233 173349 3129 28215
is_linear=0
shrinkage=0.03


Tree=159
num_leaves=15
num_cat=0
split_feature=7 7 11 3 6 5 9 9 11 11 10 6 9 5
split_gain=12.237 4.15517 2.87838 2.89902 3.83309 2.83205 2.23201 2.06061 1.8631 3.61737 2.69069 2.47504 3.18343 3.11319
threshold=0.0041745393042925327 0.01240987691140401 -4.2686068519998246 0.021282272222805883 4.8445806323270011 15.500000000000002 1.4297488781424199 1.83868509578373 -0.67294447324242579 -0.71314984786679469 0.15687830075648471 1.4468497739944199 1.4693127104713464 10.500000000000002
decision_type=2 2 2 2 2 2 2 2 2 2 2 2 2 2
left_child=-1 2 5 4 -4 6 -2 -7 9 11 -11 -3 13 -13
right_child=1 8 3 -5 -6 7 -8 -9 -10 10 -12 12 -14 -15
leaf_value=-0.011722791736086785 -0.0035138796930063022 0.0035620270506530882 0.005269014911502317 -0.0054376560065919803 -0.0070303595131677296 -0.0087585897859732906 0.011563652245505209 0.0041723807936496875 0.00042624605627517351 -0.00017334869214949674 -0.0064780003552889669 -0.0060258169399382243 -7.9517596603025166e-05 0.0013834604138396787
leaf_weight=65.178575552301481 4.2257448318414417 146.51076285541058 50.860731618944556 254.85799493943341 20.150613808073103 10.332759374286981 18.842421832960099 7.7867965116165569 7866.5603684484959 107.72949197143316 127.8033148124814 142.86904881009832 6974.4240716132335 68.324791249353439
leaf_count=28215 727 895 5068 34900 4897 1802 3303 1418 45833 1077 977 2734 140494 1696
internal_value=-3.23517e-05 2.69422e-05 -0.00306372 -0.00401179 0.00116147 0.00350577 0.0085054 -0.00382868 0.000103348 -0.000232484 -0.00377737 -0.00011113 -0.000193288 -0.003696
internal_weight=15866.5 15801.3 367.057 325.869 71.0113 41.1877 23.0682 18.1196 15434.2 7567.66 235.533 7332.13 7185.62 211.194
internal_count=274036 245821 52115 44865 9965 7250 4030 3220 193706 147873 2054 145819 144924 4430
is_linear=0
shrinkage=0.03


Tree=160
num_leaves=15
num_cat=0
split_feature=11 7 11 7 3 8 3 9 10 10 7 3 7 8
split_gain=11.8386 4.60004 3.80936 3.06609 3.81303 1.81394 1.79026 3.27895 3.90542 6.32351 5.93214 5.32967 3.6395 3.87571
threshold=-4.6651954996555949 0.01240987691140401 -4.3195713098835729 0.0056085051542415455 0.021282272222805883 0.25608342065234407 0.10595963422768236 1.4693127104713464 0.24414981615364431 0.22713497488886461 0.13190940246168517 0.10124800457290374 0.052062870122883138 0.41703437195795318
decision_type=2 2 2 2 2 2 2 2 2 2 2 2 2 2
left_child=-1 2 5 -4 -5 -2 7 -3 9 -9 11 -10 -11 -14
right_child=1 6 3 4 -6 -7 -8 8 10 12 -12 -13 13 -15
leaf_value=-0.013544803303215879 -0.0051876604641317636 -0.0052393029372536856 -0.010748238888907097 0.003415890184723506 -0.0044882900578541067 0.0060501872361711792 0.00041638344743900971 -0.00017362331170587213 0.0017394883824019796 -0.0080508817367277719 0.011665744442311393 -0.008186157730979169 -0.0043257589459018411 0.0037475486238970801
leaf_weight=43.138367954874411 4.3329090466722837 100.79039640771225 42.422967394348234 58.066149968886748 240.18597259721719 42.240832729963586 7870.5807179994881 6314.4067173078656 737.81310104671866 126.535803636536 36.552759386599064 37.267816677689552 143.2061260715127 67.253814302384853
leaf_count=18132 1856 3289 12719 6473 31020 10130 45670 117699 19043 4637 294 444 1738 892
internal_value=-3.20618e-05 1.75755e-05 -0.00314963 -0.00425377 -0.00285956 0.00399562 0.000100021 -0.000229343 -0.000151309 -0.000392195 0.00179407 0.00111588 -0.00430573 -0.0016682
internal_weight=15864.8 15821.7 387.249 340.675 298.252 46.5737 15434.4 7563.83 7463.04 6651.4 811.634 775.081 336.996 210.46
internal_count=274036 255904 62198 50212 37493 11986 193706 148036 144747 124966 19781 19487 7267 2630
is_linear=0
shrinkage=0.03


Tree=161
num_leaves=15
num_cat=0
split_feature=11 7 11 7 12 8 4 11 8 10 8 10 4 0
split_gain=11.4333 4.37375 3.6128 2.9903 2.85298 1.76009 2.24755 1.71678 2.96246 2.68424 3.75024 5.43003 5.39206 5.26286
threshold=-4.6651954996555949 0.01240987691140401 -4.3195713098835729 0.0056085051542415455 2.602003343538398 0.25608342065234407 0.71825396825396837 -1.5526074380019355 0.5972509909368876 0.36486195457532639 0.37459245623522769 0.22320469459570383 0.39444444444444454 4.5000000000000009
decision_type=2 2 2 2 2 2 2 2 2 2 2 2 2 2
left_child=-1 2 5 -4 -5 -2 -7 9 -9 10 12 13 -3 -12
right_child=1 7 3 4 -6 6 -8 8 -10 -11 11 -13 -14 -15
leaf_value=-0.013378191759450164 -0.0051588252376838827 -0.0045883524426590236 -0.010594378685284603 -0.0042960143078601444 0.0023321506764671283 -0.0046843704216345513 0.0082620555152077956 0.00021440938368126719 0.005056351314668325 -0.0047444741159283037 -0.0046496565774967269 -6.7043955912494954e-05 -0.00042228585881297711 0.0065993049022528456
leaf_weight=42.560937880072743 4.3105941903777412 323.51326905936003 41.97260310407728 231.36883904482238 66.019805813208222 5.1079643070697776 37.386595211457461 12082.355706810951 99.848382063210011 114.72366480249912 33.819616351276636 942.39039546158165 1629.3875356148928 208.44507206790149
leaf_count=18132 1856 6895 12719 29960 7533 908 9222 93874 502 3080 493 24917 58149 5796
internal_value=-3.20745e-05 1.64676e-05 -0.00307612 -0.0041569 -0.00278324 0.00386712 0.00588974 9.67547e-05 0.000260265 -0.000514094 -0.000337573 0.000986451 -0.00114214 0.00484943
internal_weight=15863.2 15820.7 386.166 339.361 297.389 46.8052 42.4946 15434.5 12182.2 3252.28 3137.56 1184.66 1952.9 242.265
internal_count=274036 255904 62198 50212 37493 11986 10130 193706 94376 99330 96250 31206 65044 6289
is_linear=0
shrinkage=0.03


Tree=162
num_leaves=15
num_cat=0
split_feature=7 11 3 10 3 10 4 8 10 3 7 4 3 8
split_gain=11.0996 3.56208 3.93871 2.84048 4.45422 3.24297 2.43173 3.82858 4.1064 3.52494 3.62078 2.42064 2.29093 2.58402
threshold=0.0041745393042925327 -2.8618833197882751 0.045178308518216963 0.28942880160359347 0.054366026199827479 0.33678488549221003 0.51470588235294124 0.36221517699566258 0.27224449296239461 0.031576604791400252 0.020331361185642664 0.87083333333333346 0.024191545538525212 0.24068541547754876
decision_type=2 2 2 2 2 2 2 2 2 2 2 2 2 2
left_child=11 2 6 -4 5 -5 7 -2 -9 10 -8 -1 13 -3
right_child=1 12 3 4 -6 -7 9 8 -10 -11 -12 -13 -14 -15
leaf_value=0.00033211835192128601 -0.0070563606433918496 -0.0080935131317180116 -0.014421306731869534 0.012078509988152594 -0.0093011182852665263 -0.0038163449762382866 -0.00090515157657821788 0.013741934095974266 -0.0019124039856601267 -0.0054401372803099578 0.011737248262399179 -0.013611846079290326 0.00014454963061216473 0.0046416493808077147
leaf_weight=12.661764009390025 8.3892753650434297 42.864598639309406 22.906480873003602 10.530717955902221 20.68448725156486 11.140432344749568 401.48437982937321 22.404341646935791 19.853381973225623 155.92600479326211 6.4467595778405657 50.696562153520063 15067.468362249434 8.2399294823408109
leaf_count=5055 684 2690 2028 742 1413 881 48958 1250 1359 14882 275 23160 170220 439
internal_value=-3.20039e-05 2.38374e-05 -0.00207661 -0.00834708 -0.00214963 0.00568873 -0.00122764 0.00430044 0.00781299 -0.00182276 -0.000296161 -0.0112951 0.000120243 -0.00545282
internal_weight=15861.7 15798.3 679.766 65.2621 42.3556 21.6712 614.504 50.647 42.2577 563.857 407.931 63.3583 15118.6 51.1045
internal_count=274036 245821 72472 5064 3036 1623 67408 3293 2609 64115 49233 28215 173349 3129
is_linear=0
shrinkage=0.03


Tree=163
num_leaves=15
num_cat=0
split_feature=11 7 11 7 3 1 8 4 3 11 9 7 7 4
split_gain=10.7589 3.98704 3.47345 2.9134 3.47151 1.76307 1.69978 2.19748 1.63802 3.83892 2.76545 6.12513 6.08059 1.79323
threshold=-4.6651954996555949 0.01240987691140401 -4.3195713098835729 0.0056085051542415455 0.021282272222805883 2.740319461670996 0.25608342065234407 0.71825396825396837 0.033732823398682069 -3.3895860005876952 2.0127692406526707 0.0071010441150216657 0.0067696114439976269 0.62019230769230782
decision_type=2 2 2 2 2 2 2 2 2 2 2 2 2 2
left_child=-1 2 6 -4 5 -5 -2 -8 10 -10 11 -6 -12 -13
right_child=1 -3 3 4 8 -7 7 -9 9 -11 12 13 -14 -15
leaf_value=-0.013089556636381066 -0.0050619447515618246 9.1475533993829096e-05 -0.010392975307802343 0.0055494748957051771 -0.01012686299321002 -0.0042025566562683622 -0.0046433036907668245 0.0081612367733494562 -0.013189264050515041 0.0041281162662592623 0.0086849720634916954 -0.0034208247765022425 -0.0081164029518772576 0.0067236492953044536
leaf_weight=41.586670756572857 4.2359891328960648 15434.946932704654 41.393216443248093 47.874067113967612 18.047236108221114 10.439740425907074 5.0758747924119225 37.523493911605328 27.520298663992435 7.7892449758946887 10.550153538351877 9.7475531972013396 100.25176900997758 63.800813452806324
leaf_count=18132 1856 193706 12719 5360 3184 1113 908 9222 4526 830 2168 1331 11225 7756
internal_value=-3.16947e-05 1.50002e-05 -0.00294496 -0.00401188 -0.00266139 0.00330096 0.00385001 0.00582365 -0.00423318 -0.00927726 -0.00277381 0.0010367 -0.00567183 0.00502744
internal_weight=15860.8 15819.2 384.249 337.414 296.021 58.3138 46.8354 42.5994 237.707 35.3095 202.398 91.5956 110.802 73.5484
internal_count=274036 255904 62198 50212 37493 6473 11986 10130 31020 5356 25664 12271 13393 9087
is_linear=0
shrinkage=0.03


Tree=164
num_leaves=15
num_cat=0
split_feature=11 7 11 7 12 11 9 3 7 4 8 4 11 3
split_gain=10.3902 3.83573 3.30256 3.32028 3.26215 5.40464 3.69063 2.72137 2.27044 2.01616 1.8047 1.75984 1.70617 2.0113
threshold=-4.6651954996555949 0.01240987691140401 -4.3724395080059386 0.0046158498685396959 2.249904835165133 -3.3895860005876952 1.9810261925759773 0.027086528283571127 0.0071010441150216657 0.73030303030303034 0.25608342065234407 0.82843137254901966 -4.2686068519998246 0.022528323710676351
decision_type=2 2 2 2 2 2 2 2 2 2 2 2 2 2
left_child=-1 2 9 -4 5 -5 8 11 12 -2 -11 -8 -6 -14
right_child=1 -3 3 4 6 -7 7 -9 -10 10 -12 -13 13 -15
leaf_value=-0.012925764634384714 -0.0052835321162735052 8.8728613810244434e-05 -0.012628184999505252 -0.013823343048482 0.0047509750861771749 0.0052048704092071216 -0.0046524737358764109 -0.010527277895185386 0.0061867718208505713 -0.0039174864140418255 0.0089260708590203266 0.0010933424292585293 0.0048137185503733292 -0.0092021974524414286
leaf_weight=41.048506994033232 4.3889672125224015 15435.856794370804 21.154630098026246 32.839718020986766 6.5465654283762005 9.6337614855729026 76.51523612299934 26.246161487651989 60.844664847478271 3.3942046277225009 30.357249725144356 91.304168029688299 2.2230536355637041 18.035716832149774
leaf_count=18132 831 193706 7649 5509 1102 1028 9588 3243 7382 1493 7688 12679 408 3598
internal_value=-3.18783e-05 1.37921e-05 -0.00289232 -0.00383774 -0.00273104 -0.0092754 -0.00132534 -0.00355752 0.00341458 0.00433494 0.00682652 -0.00169318 -0.00284 -0.00627062
internal_weight=15860.4 15819.3 383.484 345.344 324.189 42.4735 281.716 194.066 87.65 38.1404 33.7515 167.819 26.8053 20.2588
internal_count=274036 255904 62198 52186 44537 6537 38000 25510 12490 10012 9181 22267 5108 4006
is_linear=0
shrinkage=0.03


Tree=165
num_leaves=15
num_cat=0
split_feature=7 11 4 11 10 10 10 9 11 3 4 9 9 9
split_gain=10.0793 3.18744 2.60536 4.6946 3.02592 6.81323 6.296 5.2149 4.70484 4.64249 4.54476 4.31443 3.99567 3.9836
threshold=0.0041745393042925327 -2.1163955904443141 0.36038961038961043 -2.3113065391434691 0.24414981615364431 0.22713497488886461 0.20840153801199365 1.7271110081475349 -2.7901758260511134 0.043021378193473951 0.77350427350427364 2.1570552039793141 1.8320841984596787 1.6560164723978006
decision_type=2 2 2 2 2 2 2 2 2 2 2 2 2 2
left_child=-1 2 3 -2 5 6 11 8 10 -9 -6 -4 -8 -10
right_child=1 -3 4 -5 7 -7 12 9 13 -11 -12 -13 -14 -15
leaf_value=-0.010882586985712211 -0.010053205259022409 0.00017748919089616801 -0.003211192279436584 0.00056353140114901736 -0.0076797028803139867 -0.0078483273498077422 -0.002821042349831071 0.0010081766427579469 0.0053184798356758758 0.011435358136874477 0.0029945755156908864 0.00077210962263151079 0.0067325482802389177 -0.0048635447341977929
leaf_weight=61.67877196893096 62.586353341117501 13918.361080605537 624.99457875522785 69.614872528240085 103.74080048198812 122.49611853738315 44.497432559262961 91.464358905563131 110.48389921151102 55.604225422255695 41.894144860794768 388.31582873733714 129.77006069128402 34.546506544575095
leaf_count=28215 1931 128696 43034 1500 8813 7120 2893 6590 2675 1456 5371 27675 7147 920
internal_value=-3.21365e-05 2.05076e-05 -0.00113389 -0.00497488 -0.000803501 -0.00152145 -0.000779089 0.00132442 -0.00103089 0.00564403 -0.00461618 -0.00169573 0.00426289 0.00266457
internal_weight=15860 15798.4 1880.01 132.201 1747.81 1310.07 1187.58 437.734 290.665 147.069 145.635 1013.31 174.267 145.03
internal_count=274036 245821 117125 3431 113694 87869 80749 25825 17779 8046 14184 70709 10040 3595
is_linear=0
shrinkage=0.03


Tree=166
num_leaves=15
num_cat=0
split_feature=11 7 11 7 3 0 4 3 7 7 10 9 11 10
split_gain=9.77792 3.56301 3.20917 2.76814 3.19042 1.69996 1.60678 2.98323 2.63198 2.51775 2.43787 3.729 2.04119 1.84617
threshold=-4.6651954996555949 0.01240987691140401 -4.3195713098835729 0.0056085051542415455 0.021282272222805883 15.500000000000002 0.14835164835164838 0.17924119394828045 0.28159744191396641 0.12738657106068649 0.18305986860734719 1.9544544195385984 -0.67294447324242579 0.24414981615364431
decision_type=2 2 2 2 2 2 2 2 2 2 2 2 2 2
left_child=-1 2 -2 -4 5 -5 9 8 13 -3 11 -11 -13 -8
right_child=1 6 3 4 -6 -7 7 -9 -10 10 -12 12 -14 -15
leaf_value=-0.012642723015357158 0.0037156688011065822 -0.004134817049242641 -0.010093124055600991 0.0053813282319694969 -0.0040385849354778267 -0.0041768651058844766 -0.00030978918158296479 -0.0037396494684974707 0.0048127513872713319 -0.0054958352303584113 0.0011563279805892584 -0.0043892485800299348 0.00028743950152773255 0.00086798380179943621
leaf_weight=40.141714626923203 47.078576484229416 90.132690288126469 40.551866600522771 48.167604845482856 235.84525714116171 10.41510121594183 7834.9190856739879 189.73677515983582 82.979554802179337 94.612190440297127 2953.6034287363291 71.670506477355957 2720.3147581070662 1398.7622448722832
leaf_count=18132 11986 926 12719 5360 31020 1113 133150 1080 388 491 13959 588 16022 27102
internal_value=-3.17417e-05 1.22065e-05 -0.00279384 -0.00382874 -0.00251849 0.00317697 8.43008e-05 -0.000157413 -7.85654e-05 0.00047119 0.000552686 -6.77528e-05 0.000144575 -0.000130256
internal_weight=15858.9 15818.8 382.058 334.98 294.428 58.5827 15436.7 9506.4 9316.66 5930.33 5840.2 2886.6 2791.99 9233.68
internal_count=274036 255904 62198 50212 37493 6473 193706 161720 160640 31986 31060 17101 16610 160252
is_linear=0
shrinkage=0.03


Tree=167
num_leaves=15
num_cat=0
split_feature=7 6 4 4 8 9 8 6 8 4 8 3 7 6
split_gain=9.41135 2.90497 3.82332 2.44005 2.34741 2.18704 3.17641 3.52359 4.27731 3.42351 3.97842 4.30995 3.24958 3.84745
threshold=0.0041745393042925327 2.9882008347154687 0.39444444444444454 0.87083333333333346 0.49251446170600338 1.4297488781424199 0.36061877803980896 4.4349746333048614 0.33010400053889227 0.54195804195804198 0.30323591770867536 0.035305310819132442 0.032532465394676212 3.088764545090386
decision_type=2 2 2 2 2 2 2 2 2 2 2 2 2 2
left_child=3 -2 4 -1 -3 -4 7 8 9 12 11 -11 -7 -14
right_child=1 2 5 -5 -6 6 -8 -9 -10 10 -12 -13 13 -15
leaf_value=0.00076536569330262327 0.00017281414397696824 -0.0085449564423009296 -0.0072432000248021508 -0.0129800129417427 0.0020613289426758578 -0.0063014535650207397 0.001434131846116138 -0.0054433919955755739 -0.0054511627649090327 -0.0012130521500292321 0.0055634547843802411 0.0046505585414550066 -0.0038986065409914944 0.0050381189658041167
leaf_weight=12.274004739476366 13822.812836941332 75.47948049614206 30.431608204962686 48.275586791569367 17.312200005166233 119.14056005515158 504.446796546923 149.82595634297468 137.21996780252084 545.76902013551444 122.6475672274828 126.23497689608485 80.783196646720171 64.228439643979073
leaf_count=5055 123767 2759 2782 23160 755 5243 34250 24897 7011 28895 6689 5002 1954 1817
internal_value=-3.17466e-05 1.87565e-05 -0.00105345 -0.0105949 -0.00655465 -0.000732313 -0.000567844 -0.00132575 -0.000748903 -7.18602e-05 0.000916907 -3.40908e-05 -0.00293581 0.000160871
internal_weight=15856.9 15796.3 1973.52 60.5496 92.7917 1880.73 1850.3 1345.85 1196.02 1058.8 794.652 672.004 264.152 145.012
internal_count=274036 245821 122054 28215 3514 118540 115758 81508 56611 49600 40586 33897 9014 3771
is_linear=0
shrinkage=0.03


Tree=168
num_leaves=15
num_cat=0
split_feature=11 7 8 12 11 9 11 10 11 11 9 5 9 10
split_gain=9.20352 3.20468 3.10059 4.6638 4.0439 3.59141 2.10491 1.77304 2.99565 2.9232 2.01578 2.62716 2.96537 1.92777
threshold=-4.6651954996555949 0.01240987691140401 0.25551264004907398 2.249904835165133 -3.3895860005876952 2.4246864496311145 -4.2686068519998246 0.19737023816377317 -3.1575204647268635 -4.3724395080059386 1.9486480188908109 15.500000000000002 1.809077832229 0.21003332469204467
decision_type=2 2 2 2 2 2 2 2 2 2 2 2 2 2
left_child=-1 2 5 4 6 -2 -4 8 9 -5 11 12 -9 -14
right_child=1 -3 3 7 -6 -7 -8 10 -10 -11 -12 -13 13 -15
leaf_value=-0.012364083549097829 -0.0081237201214613541 7.8797911657291458e-05 0.0016156735825601089 0.0073814004635455351 0.0052602588058935796 0.005106921671854751 -0.014071229700114379 0.010093644381505111 0.0098186487614692584 -0.0044855220586988275 0.010285026659280118 -0.003855288927900808 0.0051349462732944136 -0.006765670032277786
leaf_weight=39.277076065540314 105.89800426014699 15436.620211459696 5.8446392507757983 8.2549276675563288 7.0638024592772117 11.338550049578769 29.859523642342538 26.012685601366684 4.5536546083167186 104.01606699847616 16.925921351648867 38.613784915069118 7.1581491320394006 14.563371972879393
leaf_count=18132 17886 193706 1128 3210 757 982 5116 3961 459 16752 2461 6002 1240 2244
internal_value=-3.17222e-05 1.05878e-05 -0.00265736 -0.000728045 -0.00833488 -0.00640997 -0.011785 0.00118754 -0.00129115 -0.00284586 0.00379961 0.00119426 0.00522414 -0.00234835
internal_weight=15856 15816.7 380.103 262.867 42.768 117.237 35.7042 220.099 116.825 112.271 103.274 86.348 47.7342 21.7215
internal_count=274036 255904 62198 43330 7001 18868 6244 36329 20421 19962 15908 13447 7445 3484
is_linear=0
shrinkage=0.03


Tree=169
num_leaves=15
num_cat=0
split_feature=11 11 3 8 9 4 9 9 4 8 10 9 10 8
split_gain=8.89003 3.01263 3.74859 3.07812 4.23839 5.84603 3.36336 2.99465 4.55358 3.60026 2.86911 2.76144 2.68843 3.83348
threshold=-4.6651954996555949 -2.8618833197882751 0.054366026199827479 0.26418006602578298 2.1570552039793141 0.88562091503267981 2.1259972414438724 1.8612575538598153 0.90454545454545465 0.37730799345311855 0.13046559175362643 1.8005263131333182 0.20356743358037263 0.32922835780806908
decision_type=2 2 2 2 2 2 2 2 2 2 2 2 2 2
left_child=-1 2 3 10 6 -6 7 8 9 -5 -2 -10 13 -9
right_child=1 -3 -4 4 5 -7 -8 12 11 -11 -12 -13 -14 -15
leaf_value=-0.012205341533728306 0.0010849389776930946 0.00010023552506258833 -0.010850903913290813 -0.011398863268842067 0.012551747145570179 -0.0066931937489148347 -0.010521376259300625 0.0028906026101564682 0.010998345482674957 -0.002044042365657665 -0.0076962006952474371 -0.0043337979699523297 0.005454134975866067 -0.0060936435490077144
leaf_weight=38.796679243678227 43.460709271486849 15122.573146768846 25.060086500830948 35.99619584553875 31.928857167018577 9.3627500145230425 17.056594974827021 93.6068627666682 17.82716977852397 171.24659953499213 94.201094286749139 5.9844898311421266 92.201764028985053 55.718585309572518
leaf_count=18132 6455 173349 1830 4374 2801 1797 2139 13122 2776 15992 15259 1010 8746 6254
internal_value=-3.0654e-05 1.07464e-05 -0.00190107 -0.00133487 -0.000248199 0.00756728 -0.00111263 -0.000459809 -0.00281195 -0.00432857 -0.00508973 0.0069593 0.00182319 -0.000711969
internal_weight=15855 15816.2 693.652 668.592 530.93 41.2916 489.638 472.582 231.054 207.243 137.662 23.8117 241.527 149.325
internal_count=274036 255904 82555 80725 59011 4598 54413 52274 24152 20366 21714 3786 28122 19376
is_linear=0
shrinkage=0.03


Tree=170
num_leaves=15
num_cat=0
split_feature=11 6 10 9 4 10 9 11 9 10 11 4 4 9
split_gain=8.60624 3.19256 3.78568 3.8701 3.1076 2.66563 2.34981 2.21624 1.92994 1.8697 2.30689 1.74396 3.46751 3.4362
threshold=-4.8020008729355483 4.3950660578969041 0.19878995334764968 1.83868509578373 0.90454545454545465 0.22525760322425215 1.868316234883389 -3.4680068003425504 1.791334307541256 0.43194275929263715 -1.5526074380019355 0.88562091503267981 0.83974358974358987 2.1468523193807534
decision_type=2 2 2 2 2 2 2 2 2 2 2 2 2 2
left_child=-1 7 11 4 8 -5 -7 -2 -4 -9 -11 12 13 -3
right_child=1 2 3 5 -6 6 -8 9 -10 10 -12 -13 -14 -15
leaf_value=-0.013394623112778023 -0.005312196469935586 -0.010115668728468958 -0.0087995720759730181 0.011050427197078796 0.0050645253221623778 0.0063390282014786975 -0.0080964593427925967 6.1772455386745651e-05 0.0026722459425808903 -0.0014601713815390934 0.007725822594395533 -0.0088792901111758825 0.0043891796900057739 0.002179225274715767
leaf_weight=28.252727968152612 53.706474186386913 41.918722595088184 39.824898466467857 27.254984157392755 18.272355902474374 3.9660854174289843 8.2051926285494101 15413.051609358285 9.73489460069686 33.920720625668764 47.247540101408958 72.451751097803935 31.908331180689856 24.888082636520267
leaf_count=14068 6684 7508 6859 4925 3556 675 1324 198315 1746 741 229 18070 5892 3444
internal_value=-3.08666e-05 5.65065e-06 -0.00309453 0.00123879 -0.00299195 0.00733621 -0.00248988 6.40964e-05 -0.00644887 8.78516e-05 0.00425796 -0.00569095 -0.00248829 -0.00597561
internal_weight=15854.6 15826.4 278.425 107.258 67.8321 39.4263 12.1713 15547.9 49.5598 15494.2 81.1683 171.167 98.7151 66.8068
internal_count=274036 259968 53999 19085 12161 6924 1999 205969 8605 199285 970 34914 16844 10952
is_linear=0
shrinkage=0.03


Tree=171
num_leaves=15
num_cat=0
split_feature=11 6 8 4 0 11 10 7 10 10 5 9 3 6
split_gain=8.34661 3.02673 5.98393 4.40327 2.29443 2.12186 1.78696 2.50155 1.75262 1.97281 4.3838 2.33921 1.60139 1.62552
threshold=-4.8020008729355483 4.3950660578969041 0.33115956764440213 0.70294117647058829 8.5000000000000018 -3.4680068003425504 0.43194275929263715 0.13656856474610526 0.18305986860734719 0.22525760322425215 15.500000000000002 1.8536659611573338 0.028598990283830898 5.0156227806031533
decision_type=2 2 2 2 2 2 2 2 2 2 2 2 2 2
left_child=-1 5 12 -4 -5 -2 -7 -8 -6 -10 11 -11 13 -3
right_child=1 2 3 4 8 6 7 -9 9 10 -12 -13 -14 -15
leaf_value=-0.013248553913697989 -0.0052091573481312138 -0.001762804210091709 -0.0069698789441628274 -0.0053681001891676241 -0.0038798302387570999 5.9918681409966868e-05 -0.0017651145286444736 0.007756952090908451 0.012029210591086768 0.01016867301378313 -0.006893269386747081 -0.0046924012146471617 -0.012534675967570484 -0.0084907392474568855
leaf_weight=27.878364020958543 53.42673284560442 99.925389514770359 22.576466298196465 5.6673432264942667 4.4921799944713703 15413.668068467174 33.455076490528882 47.595772080123425 32.670514999888837 28.920483622467149 16.025411695707589 2.7590579993557176 22.542254542931914 42.019815631210804
leaf_count=14068 6684 14045 3574 1093 862 198315 737 233 5968 4910 2894 447 4186 16020
internal_value=-3.04353e-05 5.37289e-06 -0.00301755 0.00214172 0.00508155 6.2201e-05 8.53974e-05 0.00416471 0.00648084 0.00757902 0.00238281 0.00778243 -0.00644787 -0.00437561
internal_weight=15853.6 15825.7 277.599 113.111 90.535 15548.1 15494.7 81.0508 84.8676 80.3755 47.705 31.6795 164.487 141.945
internal_count=274036 259968 53999 19748 16174 205969 199285 970 15081 14219 8251 5357 34251 30065
is_linear=0
shrinkage=0.03


Tree=172
num_leaves=15
num_cat=0
split_feature=11 7 8 12 11 9 9 10 11 9 4 11 4 9
split_gain=8.09434 2.90808 2.96153 4.07469 3.81163 3.48824 2.35411 1.9732 3.07247 2.23066 3.84644 4.69406 2.43646 2.04134
threshold=-4.8020008729355483 0.01240987691140401 0.25551264004907398 2.249904835165133 -3.3895860005876952 2.4246864496311145 1.5291899590487417 0.19737023816377317 -3.1575204647268635 2.1570552039793141 0.88562091503267981 -3.3895860005876952 0.97222222222222232 1.9486480188908109
decision_type=2 2 2 2 2 2 2 2 2 2 2 2 2 2
left_child=-1 2 5 4 6 -2 -4 8 9 12 11 -11 -5 -9
right_child=1 -3 3 7 -6 -7 -8 13 -10 10 -12 -13 -14 -15
leaf_value=-0.013103507621908199 -0.0079271101378610015 6.9921199027410841e-05 0.00064995221857824077 -0.0070622756272961627 0.0052534801465362975 0.0050895392986640498 -0.014484109275438663 0.0012156380180266086 0.0097314833732879517 0.016386328627577038 -0.0064809394063554586 -0.0045669798057990912 0.0042959918973786929 0.010197391878067822
leaf_weight=27.512942620320246 104.85486145643517 15438.693608272355 10.391396521357818 75.875028758193366 7.0679552322253576 11.351116558304055 25.314917372306809 92.025711044669151 4.5958717120811334 9.5255370318191144 10.427048237062989 7.3143670083954957 10.325534977833739 17.737108222907409
leaf_count=14068 18331 193706 1916 13822 757 986 4563 15382 459 1384 2342 669 2975 2676
internal_value=-3.07016e-05 4.41247e-06 -0.00251525 -0.000681573 -0.00781471 -0.00621913 -0.0111904 0.00105768 -0.00155645 -0.00309653 0.00319832 0.00942133 -0.00526663 0.00371856
internal_weight=15853 15825.5 386.806 270.6 42.7743 116.206 35.7063 227.826 118.063 113.468 27.267 16.8399 86.2006 109.763
internal_count=274036 259968 66262 46945 7236 19317 6479 39709 21651 21192 4395 2053 16797 18058
is_linear=0
shrinkage=0.03


Tree=173
num_leaves=15
num_cat=0
split_feature=11 11 4 11 8 9 8 4 4 5 7 3 10 11
split_gain=7.86445 2.65131 2.55747 4.48502 3.62667 4.27307 5.38136 6.20265 5.47555 4.05583 3.21091 3.14373 4.33156 2.65226
threshold=-4.6651954996555949 -2.1163955904443141 0.36038961038961043 -2.3113065391434691 0.36061877803980896 2.1570552039793141 0.28255164837512453 0.70294117647058829 0.88562091503267981 10.500000000000002 0.0048435661306536325 0.052485557478752241 0.21921974254136883 -3.0094098589568143
decision_type=2 2 2 2 2 2 2 2 2 2 2 2 2 2
left_child=-1 2 3 -2 5 11 10 -8 -9 -6 -7 -4 -13 -11
right_child=1 -3 4 -5 9 6 7 8 -10 13 -12 12 -14 -15
leaf_value=-0.011655619149030077 -0.0098533978589135391 0.00015205244523324943 -0.0038213992420250836 0.00054537579855198014 -0.003474427608448267 -0.011147642537843375 -0.00040378265363831203 0.019304169605396933 -0.0040914202522286608 -0.00058021907044738814 -0.00032927244432156188 0.01227370132390262 -0.0049350709212926556 0.0034882901389272367
leaf_weight=37.195690309046768 61.893075955100358 13923.35745193623 608.35198293766007 69.658555367961526 139.93182995985262 12.002679369645191 48.419867363292724 24.286065151449296 5.7838676949031642 224.93478228710592 301.2133264138829 13.082561194663869 13.242455303668974 368.82798423618078
leaf_count=18132 1931 128696 49736 1500 6892 4949 1879 1748 1047 23616 21862 477 579 10992
internal_value=-2.98278e-05 8.53379e-06 -0.00104072 -0.00485486 -0.00071703 -0.00185731 0.000596512 0.00692847 0.0149401 0.00088339 -0.00123436 -0.00335055 0.0049679 0.0019707
internal_weight=15852.2 15815 1891.63 131.552 1760.08 1026.38 391.706 78.4898 30.0699 733.695 313.216 634.677 26.325 593.763
internal_count=274036 255904 127208 3431 123777 82277 31485 4674 2795 41500 26811 50792 1056 34608
is_linear=0
shrinkage=0.03


Tree=174
num_leaves=15
num_cat=0
split_feature=11 6 8 4 0 11 10 7 10 8 8 5 10 6
split_gain=7.63926 2.65675 5.54601 4.19984 2.19296 1.98912 1.73449 2.35332 1.68055 1.87491 1.88351 2.17016 1.91553 1.39864
threshold=-4.8020008729355483 4.3950660578969041 0.33115956764440213 0.70294117647058829 8.5000000000000018 -3.4680068003425504 0.43194275929263715 0.13656856474610526 0.18305986860734719 0.37333039268161888 0.39096017660132915 15.500000000000002 0.22097931566515078 4.2801320875317508
decision_type=2 2 2 2 2 2 2 2 2 2 2 2 2 2
left_child=-1 5 -3 -4 -5 13 -7 -8 -6 -10 -11 -12 -13 -2
right_child=1 2 3 4 8 6 7 -9 9 10 11 12 -14 -15
leaf_value=-0.012830952269521788 -0.007636569406164086 -0.0061725306739584818 -0.0068285511948954127 -0.0052737452935998743 -0.0038235933583727309 5.4858532434670445e-05 -0.0016745664629719621 0.0075841950086692894 0.013532896506267581 -0.0045686980806550611 0.0090993904212539542 0.0062119332142736095 -0.0058227557320838178 0.0012841321347678851
leaf_weight=26.842776301200502 35.548520190641284 162.44037918618415 22.350975676905364 5.5894699848722658 4.4507921703625462 15414.790985027328 33.317002519033849 47.520607493817806 18.003585060592741 9.697447454556821 32.399534014752135 4.8526944366749403 15.891690828837453 17.479836503509432
leaf_count=14068 4230 34251 3574 1093 862 198315 737 233 3645 1741 5262 760 2811 2454
internal_value=-2.93825e-05 4.46326e-06 -0.00283721 0.00210975 0.00496386 5.75318e-05 7.99268e-05 0.00410338 0.00632313 0.00739272 0.0033648 0.00549947 -0.0015821 -0.00506126
internal_weight=15851.2 15824.3 275.677 113.236 90.8852 15548.7 15495.6 80.8376 85.2957 80.845 62.8414 53.1439 20.7444 53.0284
internal_count=274036 259968 53999 19748 16174 205969 199285 970 15081 14219 10574 8833 3571 6684
is_linear=0
shrinkage=0.03


Tree=175
num_leaves=15
num_cat=0
split_feature=6 7 6 4 9 11 11 4 4 11 3 9 9 11
split_gain=7.42158 2.49735 2.77721 4.49245 1.94769 2.64924 3.90448 2.26129 5.09231 5.02915 4.9058 2.68629 3.62959 5.94375
threshold=5.5347719124473356 0.04877635246685396 2.8183938029159621 0.54195804195804198 2.4246864496311145 -0.86940428163143579 -0.45473615711494725 0.34313725490196084 0.30384615384615393 -0.45473615711494725 0.05753480616479878 1.642850023690644 2.1785552222788298 -0.75170188463339971
decision_type=2 2 2 2 2 2 2 2 2 2 2 2 2 2
left_child=1 2 3 -1 7 -6 -7 8 10 -9 -3 -10 -13 -14
right_child=-2 4 -4 -5 5 6 -8 9 11 -11 -12 12 13 -15
leaf_value=-0.0089055560898183526 -0.011833801100011039 0.0075528365289190868 -0.00064141041641645213 0.0047463139081016098 -0.0071908338946958042 0.0042923743654274997 -0.0035132902016025754 0.00086587627298480383 0.0029221098156693164 0.0090680359821206421 0.00019609258591222694 -0.0038120378983635189 0.0032091051023491212 -0.0062817070034279394
leaf_weight=68.22036799043417 32.787167081492953 67.266523875296116 2497.2116084608715 18.680675413459539 58.444914784282446 78.872301269322634 135.02838994562626 1894.449823088944 76.709089871495962 55.059089750051498 10020.751267466694 591.32321516796947 186.13354804739356 69.327608965337276
leaf_count=1484 17301 923 143883 391 975 900 1081 26876 779 401 68109 7616 2586 731
internal_value=-2.90001e-05 6.65785e-06 -0.000843605 -0.00570421 0.000173458 -0.00227005 -0.000542411 0.000227367 6.00078e-05 0.001165 0.000256288 -0.00205394 -0.00254773 0.000427926
internal_weight=15850.3 15817.5 2584.11 86.901 13233.4 272.346 213.901 12961 11011.5 1949.51 10088 923.493 846.784 255.461
internal_count=274036 256735 145758 1875 110977 2956 1981 108021 80744 27277 69032 11712 10933 3317
is_linear=0
shrinkage=0.03


Tree=176
num_leaves=15
num_cat=0
split_feature=11 6 10 9 4 10 9 11 9 4 4 9 10 10
split_gain=7.24205 2.46319 3.2099 3.54177 2.87623 2.40069 2.30749 1.89953 1.8759 1.72084 3.31504 3.28812 2.25104 2.20938
threshold=-4.8020008729355483 4.3950660578969041 0.19878995334764968 1.83868509578373 0.90454545454545465 0.22525760322425215 1.868316234883389 -3.4680068003425504 1.791334307541256 0.88562091503267981 0.83974358974358987 2.1468523193807534 0.14107026549974302 0.14212097620998407
decision_type=2 2 2 2 2 2 2 2 2 2 2 2 2 2
left_child=-1 7 9 4 8 -5 -7 -2 -4 10 11 -3 -13 -12
right_child=1 2 3 5 -6 6 -8 -9 -10 -11 13 12 -14 -15
leaf_value=-0.012582307626848806 -0.0049571382298523236 -0.0096676070219283775 -0.0085640897713002897 0.010485508626848454 0.0048524270672385302 0.0063271418019407253 -0.0079779759569803266 7.7144381330995811e-05 0.0027111002292559499 -0.0083500357489394023 -0.0035549682194119781 -0.0039414283367544076 0.0084616032226717611 0.008627393293436994
leaf_weight=26.249360608169809 52.751537754200399 40.687388030113652 39.232109720120206 27.838434456614777 18.47223364841193 3.9722068961709729 8.0826321847271156 15495.507916180417 9.7057540729874727 70.343494324828498 10.983800392132254 14.780893436167391 9.8980232982430589 20.624819563003257
leaf_count=14068 6684 7508 6859 4925 3556 675 1324 199285 1746 18070 1632 1994 1450 4260
internal_value=-2.84292e-05 4.29401e-06 -0.00273697 0.00122664 -0.00285217 0.00701488 -0.00236974 5.5303e-05 -0.00621649 -0.00517068 -0.00205482 -0.00553797 0.00235132 0.0046124
internal_weight=15849.1 15822.9 274.622 107.303 67.4101 39.8933 12.0548 15548.3 48.9379 167.318 96.9749 65.3663 24.6789 31.6086
internal_count=274036 259968 53999 19085 12161 6924 1999 205969 8605 34914 16844 10952 3444 5892
is_linear=0
shrinkage=0.03


Tree=177
num_leaves=15
num_cat=0
split_feature=11 11 11 4 11 8 11 4 8 9 9 9 6 11
split_gain=7.02541 2.3756 2.56892 2.45561 4.32005 3.8327 4.43471 4.90652 4.01295 5.67691 4.85926 5.28827 3.36638 3.27085
threshold=-4.8020008729355483 -2.1163955904443141 -2.0843333985671015 0.36038961038961043 -2.3113065391434691 0.36061877803980896 -3.8925623830426956 0.67708333333333337 0.27434112213093659 2.1570552039793141 2.0281850018255283 1.8753086706891862 3.7784909597419731 -2.8994644204400064
decision_type=2 2 2 2 2 2 2 2 2 2 2 2 2 2
left_child=-1 3 -3 4 -2 6 -5 -8 -9 10 11 13 -13 -10
right_child=1 2 -4 5 -6 -7 7 8 9 -11 -12 12 -14 -15
leaf_value=-0.01244222032168164 -0.009670000938326628 0.0049894602860331375 0.00010566018142000783 -0.0090838307473589969 0.00055308828492888623 0.00096288207701835228 -0.0033937451844551101 -0.0013690360265599813 -0.0090569202369176881 0.012414111231429594 -0.0052790127691550092 -0.00018562688050529231 0.014072619622828896 0.003910099644616344
leaf_weight=25.922410236787982 61.271387564949691 82.629520471207798 13843.473127024248 56.451523900963366 69.638400094583631 739.47160822956357 482.27442884491757 294.69091056077741 19.090161191299558 38.950480784988031 55.577096346765757 20.664305178448558 35.094772077165544 23.352579456754029
leaf_count=14068 1931 2040 126656 20009 1500 43523 23712 25767 2082 2612 4819 841 3525 951
internal_value=-2.81118e-05 3.99133e-06 0.000139975 -0.000987793 -0.00473397 -0.000672498 -0.0018479 -0.00129469 0.000821517 0.00402796 0.000989327 0.00476631 0.00986933 -0.00276431
internal_weight=15848.6 15822.6 13926.1 1896.53 130.91 1765.62 1026.15 969.695 487.42 192.729 153.779 98.2018 55.7591 42.4427
internal_count=274036 259968 128696 131272 3431 127841 84318 64309 40597 14830 12218 7399 4366 3033
is_linear=0
shrinkage=0.03


Tree=178
num_leaves=15
num_cat=0
split_feature=11 11 3 3 11 5 4 3 9 11 11 4 4 6
split_gain=6.81571 2.29532 3.48628 3.39163 3.23043 3.68519 3.13004 4.31196 6.00235 3.94111 3.09194 3.38662 2.72365 3.52788
threshold=-4.8020008729355483 -2.7542341378487536 0.024191545538525212 0.054366026199827479 -2.510821082402797 16.500000000000004 0.36038961038961043 0.042366020629594159 1.9916262844249777 -2.7187029352165912 -2.4106495796758152 0.74166666666666681 0.69615384615384623 3.2248559203275584
decision_type=2 2 2 2 2 2 2 2 2 2 2 2 2 2
left_child=-1 3 -3 -2 5 6 -4 8 -8 -9 -6 12 -12 -14
right_child=1 2 4 -5 10 -7 7 9 -10 -11 11 -13 13 -15
leaf_value=-0.012303236113114799 -0.0010165274082411396 -0.0074561140031198575 -0.0058875087771206158 -0.0089895589498488037 -0.0039664120147631125 -0.0061735136723555578 -0.0051853705964127585 0.019953491007438436 0.0054925319168421857 0.0051781772860733958 0.0001070653705935251 -0.004937306760696222 0.00013076513927275855 0.01245007146274749
leaf_weight=25.60308942978736 778.77414328209125 39.922009504400194 14.22447053901851 36.726163608487695 155.47199385147542 22.112806488759816 60.230315436609089 12.386195585131643 115.63507048226893 87.23732584528625 14324.341098397039 104.25964305270463 48.834628466516733 22.029756462201476
leaf_count=14068 90414 2387 442 2296 5704 1065 2311 435 6036 2806 140917 3253 1019 883
internal_value=-2.76882e-05 3.8099e-06 8.86869e-05 -0.00153147 0.000116257 0.00306615 0.00404056 0.00483073 0.00171545 0.00938597 5.04183e-05 9.75438e-05 0.000139111 0.00546642
internal_weight=15847.8 15822.2 15006.7 815.5 14966.8 311.826 289.713 275.489 175.865 99.6235 14654.9 14499.5 14395.2 70.8644
internal_count=274036 259968 167258 92710 164871 13095 12030 11588 8347 3241 151776 146072 142819 1902
is_linear=0
shrinkage=0.03


Tree=179
num_leaves=15
num_cat=0
split_feature=11 6 8 4 0 11 3 10 11 10 8 8 5 10
split_gain=6.61264 2.20322 5.09657 4.01141 2.11858 1.80965 1.77052 1.68754 1.92744 1.61143 1.83419 1.85061 2.05433 1.83472
threshold=-4.8020008729355483 4.3950660578969041 0.33115956764440213 0.70294117647058829 8.5000000000000018 -3.4680068003425504 0.028598990283830898 0.43194275929263715 -1.5526074380019355 0.18305986860734719 0.37333039268161888 0.39096017660132915 15.500000000000002 0.22097931566515078
decision_type=2 2 2 2 2 2 2 2 2 2 2 2 2 2
left_child=-1 5 6 -4 -5 -2 -3 -7 -9 -6 -11 -12 -13 -14
right_child=1 2 3 4 9 7 -8 8 -10 10 11 12 13 -15
leaf_value=-0.012165365851800169 -0.0048508366450719324 -0.0037590409150437929 -0.0066615299117980418 -0.0051924260899065813 -0.0037449391011274897 4.8368027567037644e-05 -0.012109336640398602 -0.0012424370472609773 0.0072114200596373216 0.01331283570995292 -0.0045588233773211587 0.0088904523860332957 0.0060750128391548457 -0.0056977047182132749
leaf_weight=25.2911888534436 52.470735965296626 138.30154543404933 22.088038649177179 5.5228319206507868 4.3931620927760369 15415.527212974615 21.667724948376417 33.586351623758674 47.017100751399994 18.16956102871336 9.6879483363591117 32.651460215449333 4.9270968423225012 15.735279471380634
leaf_count=14068 6684 30065 3574 1093 862 198315 4186 741 229 3645 1741 5262 760 2811
internal_value=-2.72452e-05 3.66187e-06 -0.00259567 0.0021249 0.00489619 5.17824e-05 -0.00583124 7.30579e-05 0.00404657 0.00622473 0.00726425 0.0032952 0.00541003 -0.00151597
internal_weight=15847 15821.7 273.145 113.175 91.0873 15548.6 159.969 15496.1 80.6035 85.5645 81.1713 63.0018 53.3138 20.6624
internal_count=274036 259968 53999 19748 16174 205969 34251 199285 970 15081 14219 10574 8833 3571
is_linear=0
shrinkage=0.03


Tree=180
num_leaves=15
num_cat=0
split_feature=6 11 10 4 4 11 11 10 4 9 8 9 10 10
split_gain=6.4203 2.07817 2.67151 2.70665 3.49293 4.31678 4.91497 4.02117 6.60154 10.0736 3.98057 7.65892 4.45943 6.74619
threshold=5.5347719124473356 -1.5526074380019355 0.22097931566515078 0.5590277777777779 0.34313725490196084 -1.203109991342201 -1.0556572610219046 0.19878995334764968 0.30384615384615393 2.1621903311161921 0.33115956764440213 2.0535334656610993 0.13690694504087117 0.14801146047691185
decision_type=2 2 2 2 2 2 2 2 2 2 2 2 2 2
left_child=1 -1 3 4 5 7 10 8 9 -3 11 -7 -13 -14
right_child=-2 2 -4 -5 -6 6 -8 -9 -10 -11 -12 12 13 -15
leaf_value=-0.00062418562769160852 -0.01119699409644 0.0071304720268761711 0.00098431171856583149 -0.0039392454194441323 0.0015134926050749671 -0.0070351134181168267 -0.00021218973374125745 -0.0076255183150243247 -0.0053616803251441223 -0.0070873812532866488 0.0077760297153676161 -0.0035201405775708442 0.01562797698958189 0.0016842568118885847
leaf_weight=3620.2843214644818 31.178166321362369 123.59266597405076 2905.7959786094725 143.77009878493845 1194.8378042988479 61.397429019212723 7162.8861895091832 110.4885888658464 163.91039367392659 52.387851543724537 108.18906695395708 40.000971000641584 36.019253946840763 91.585551790893078
leaf_count=162359 17301 1610 17020 2405 16027 715 48973 1325 2449 723 1025 552 459 1093
internal_value=-2.71389e-05 5.47039e-06 0.000192933 -5.58126e-05 1.1588e-05 -0.000216551 -4.24989e-05 -0.00302022 -0.00126414 0.00267372 0.00341771 0.00100724 0.00428921 0.00685002
internal_weight=15846.3 15815.1 12194.9 9289.07 9145.3 7950.46 7500.08 450.38 339.891 175.981 337.192 229.003 167.606 127.605
internal_count=274036 256735 94376 77356 74951 58924 52817 6107 4782 2333 3844 2819 2104 1552
is_linear=0
shrinkage=0.03


Tree=181
num_leaves=15
num_cat=0
split_feature=11 7 4 8 9 8 11 4 8 10 10 3 11 4
split_gain=6.27158 2.03798 2.44579 3.00038 3.33433 5.4754 4.79738 6.28285 4.56441 3.11973 4.40822 5.84759 5.71971 3.58351
threshold=-4.8020008729355483 0.04877635246685396 0.36038961038961043 0.3758719070743306 1.7271110081475349 0.49251446170600338 -2.7542341378487536 0.76696832579185525 0.53527908367973165 0.20840153801199365 0.21921974254136883 0.043021378193473951 -2.5439810093638866 0.44097222222222227
decision_type=2 2 2 2 2 2 2 2 2 2 2 2 2 2
left_child=-1 2 -2 -4 5 -5 7 8 -7 -6 13 -12 -13 -11
right_child=1 -3 3 4 9 6 -8 -9 -10 10 11 12 -14 -15
leaf_value=-0.011926331633352853 -0.0049780878987246164 0.00015380328217331089 -0.0011639572830345558 -0.0054121262204586892 -0.0033554635573174447 0.003801372183901623 0.010611888171840968 0.0098352739778274929 -0.010459256663665805 -0.0019010075428164939 -0.0011186826244546546 0.015587775025231419 0.0014420505265680846 0.014012980011250797
leaf_weight=24.761486774194054 103.61275396402925 13237.45529165864 1854.7702686267439 129.46602642547805 49.659153304528445 21.933091588551179 33.331066351383924 18.739390573697165 40.678396181901917 12.180827463045715 179.32789969386067 31.700423191767186 65.02919065952301 42.15915967989713
leaf_count=14068 3056 110977 107769 8607 2568 1710 785 2310 3222 312 13436 1101 1517 2598
internal_value=-2.67048e-05 3.20021e-06 -0.00076517 -0.000560202 0.00121902 -0.0014629 0.00310577 -0.00114293 -0.00569449 0.00293201 0.0039817 0.00215068 0.00754824 0.0108062
internal_weight=15844.8 15820 2582.59 2478.97 624.205 244.148 114.682 81.3509 62.6115 380.057 330.398 276.058 96.7296 54.34
internal_count=274036 259968 148991 145935 38166 16634 8027 7242 4932 21532 18964 16054 2618 2910
is_linear=0
shrinkage=0.03


Tree=182
num_leaves=15
num_cat=0
split_feature=11 11 3 10 7 7 7 4 11 9 4 11 7 4
split_gain=6.08637 1.96903 2.67959 2.65412 2.46005 2.30323 3.32353 4.32248 2.78372 2.42954 2.16288 2.06307 1.89425 1.8037
threshold=-4.8020008729355483 -3.4680068003425504 0.03325375200167139 0.14107026549974302 0.0053354059941901977 0.010534141652292868 0.0077983361164995187 0.75735294117647067 -4.3195713098835729 1.6271661634722758 0.53589743589743599 -3.8018545381560966 0.0071010441150216657 0.80625000000000013
decision_type=2 2 2 2 2 2 2 2 2 2 2 2 2 2
left_child=-1 2 3 -2 -4 6 8 -8 9 -5 -6 12 -10 -14
right_child=1 -3 4 5 10 -7 7 -9 11 -11 -12 -13 13 -15
leaf_value=-0.011791579186501358 -0.0085488432247914602 4.8898873615923233e-05 0.0042790065343995603 -0.0058376974236226484 0.0021167733375214702 -0.0065265658821723402 -0.0019115972969266436 0.012951921714973537 -0.0086581834408688933 0.0066262432274169442 -0.012475410301840642 0.0025914519594180895 0.0078729238412228557 -0.0049413756923133087
leaf_weight=24.468989885062911 19.858470517443493 15551.32204549131 4.2385519304079926 6.0559272484388194 6.4375473295804104 21.806499730329961 24.316930589266121 27.444267421029508 49.341927558532916 41.37104111968074 34.265314781339839 21.694237553048879 5.5597694804891926 5.2968603908084333
leaf_count=14068 6494 205561 1192 1024 898 2500 3226 3360 12398 12537 5683 3760 711 624
internal_value=-2.55122e-05 3.84086e-06 -0.00247751 -0.000897827 -0.00812301 0.000388021 0.00165628 0.00710857 -0.00103805 0.00401445 -0.010219 -0.00413263 -0.0065894 0.00238125
internal_weight=15843.5 15819 267.687 222.746 44.9414 202.887 181.081 51.7612 129.32 47.427 40.7029 81.8928 60.1986 10.8566
internal_count=274036 259968 54407 46634 7773 40140 37640 6586 31054 13561 6581 17493 13733 1335
is_linear=0
shrinkage=0.03


Tree=183
num_leaves=15
num_cat=0
split_feature=6 6 8 4 10 5 10 0 3 8 11 5 4 4
split_gain=5.94263 1.84 3.77331 3.58184 2.77345 3.3194 2.34181 2.00977 1.87193 1.62074 1.71637 1.53359 1.43544 3.41415
threshold=5.5347719124473356 4.3950660578969041 0.33115956764440213 0.70294117647058829 0.22525760322425215 15.500000000000002 0.18305986860734719 8.5000000000000018 0.028598990283830898 0.63714962435624423 -3.4680068003425504 13.500000000000002 0.88562091503267981 0.82843137254901966
decision_type=2 2 2 2 2 2 2 2 2 2 2 2 2 2
left_child=1 9 8 -4 6 7 -5 -6 12 10 -1 -8 13 -3
right_child=-2 2 3 4 5 -7 11 -9 -10 -11 -12 -13 -14 -15
leaf_value=-0.004877870421603204 -0.010865754730528596 -0.0049764425734658904 -0.0067200592039814025 -0.0036058645751992045 -0.0050720950403991315 -0.0079140863245387473 -0.0004640361644398847 0.0067285883025171985 -0.011721567253896488 0.0039271975877071749 4.5183453944678807e-05 0.013556617893649966 -0.0065578896236654612 0.0057650031281498539
leaf_weight=49.000539602246135 30.383074342622422 46.945518688997254 22.184277053689584 4.2913302503293371 5.425544560304842 17.459864802309312 7.2972544885706148 34.640162898227572 20.897759451298043 81.38631997955963 15416.706720225979 26.200328147504479 48.59111714141909 31.774620283511467
leaf_count=6311 17301 8018 3713 817 1134 3786 1293 6449 3971 1340 198318 4551 11337 5697
internal_value=-2.5455e-05 5.65153e-06 -0.0024016 0.00152655 0.0040987 -0.000365144 0.00906684 0.00418424 -0.00536989 4.90679e-05 2.48743e-05 0.0113035 -0.00320169 -0.000411998
internal_weight=15843.2 15812.8 265.708 117.499 95.3145 57.5256 37.7889 40.0657 148.209 15547.1 15465.7 33.4976 127.311 78.7201
internal_count=274036 256735 50766 21743 18030 11369 6661 7583 29023 205969 204629 5844 25052 13715
is_linear=0
shrinkage=0.03


Tree=184
num_leaves=15
num_cat=0
split_feature=11 11 10 11 7 7 10 11 3 10 10 3 3 10
split_gain=5.79803 1.77949 2.50315 2.39488 2.6296 5.15398 4.10462 3.72694 3.78232 2.79781 3.85381 3.85088 2.39256 2.32847
threshold=-4.6651954996555949 -1.5526074380019355 0.22097931566515078 -1.4140792866972955 0.12738657106068649 0.13656856474610526 0.26201105581262435 -1.0189662490042708 0.14411193125933389 0.24414981615364431 0.26520268686840837 0.29816818931961325 0.090177835934696249 0.25289135602172036
decision_type=2 2 2 2 2 2 2 2 2 2 2 2 2 2
left_child=-1 -2 -3 -4 6 -6 12 8 -7 -9 11 13 -5 -11
right_child=1 2 3 4 5 7 -8 9 -10 10 -12 -13 -14 -15
leaf_value=-0.010354782053145975 -0.0005773052234528971 -6.128992665507856e-05 0.0044151601677390982 -0.0043286720884705681 0.0075335919086061435 0.0022780009713254477 -0.0088805433012541998 0.0025997190393104597 -0.0055594968172880659 0.0034179859024214064 0.0013677003391684023 -0.0047460713489747477 0.0027009195992658457 -0.0018943720670303722
leaf_weight=33.759263247135095 3611.7030508460011 9290.3007433209568 154.27856064215302 53.583613708615303 89.272348530590534 74.80306276679039 48.206337444484234 722.58541952073574 143.6987626478076 121.1374494060874 1036.0078115016222 209.83539219200611 104.55375802516937 149.08477287739515
leaf_count=18132 161528 77356 1706 579 781 618 464 3683 1130 660 4692 875 1035 797
internal_value=-2.5641e-05 6.21094e-06 0.00017949 0.000945337 0.000727997 0.000995619 -0.00241831 0.000713814 -0.00290239 0.00108374 0.000342805 -0.00184344 0.000150338 0.000541607
internal_weight=15842.8 15809.1 12197.3 2907.05 2752.77 2546.43 206.344 2457.15 218.502 2238.65 1516.07 480.058 158.137 270.222
internal_count=274036 255904 94376 17020 15314 13236 2078 12455 1748 10707 7024 2332 1614 1457
is_linear=0
shrinkage=0.03


Tree=185
num_leaves=15
num_cat=0
split_feature=11 6 8 4 0 3 7 11 4 4 4 6 8 4
split_gain=5.62236 1.87999 4.61621 3.6481 1.96041 1.77812 1.54139 2.55701 2.25201 2.31594 2.09615 1.93837 1.71421 1.70076
threshold=-4.8020008729355483 4.3950660578969041 0.33115956764440213 0.70294117647058829 8.5000000000000018 0.028598990283830898 0.0048435661306536325 -4.5415488064608445 0.82843137254901966 0.87083333333333346 0.78174603174603186 4.7153688780111835 0.28312638384592781 0.70294117647058829
decision_type=2 2 2 2 2 2 2 2 2 2 2 2 2 2
left_child=-1 -2 5 -4 -5 6 7 -3 13 -10 -9 12 -11 -8
right_child=1 2 3 4 -6 -7 8 10 9 11 -12 -13 -14 -15
leaf_value=-0.011441693376998673 4.7021780500624366e-05 0.003560930552516859 -0.0063872629010534587 -0.0050487426630798577 0.0059423776570257077 -0.011807304214201749 0.0031754279540969071 0.0033540222028869207 0.0091624281210893974 -0.0084508792600539832 -0.013158134313373681 0.0038188425058342541 0.0037982775191417067 -0.0079003570349789817
leaf_weight=23.729051800910383 15546.320903496817 6.4417230132967225 21.664170880336314 5.4061181483557439 86.344209292670712 21.070630225120112 7.5584492848720393 2.0839724096003946 13.263204022776334 20.881584614049647 24.076933826203458 23.033255722839385 4.4932832093909374 34.873654658906162
leaf_count=14068 205969 3215 3574 1093 15081 4186 1165 751 1997 2090 9989 4987 544 5327
internal_value=-2.52384e-05 2.7121e-06 -0.00240672 0.00206376 0.00467634 -0.00552041 -0.00347976 -0.00799382 -0.00123736 0.00228263 -0.0110998 -0.00132392 -0.00567655 -0.00561336
internal_weight=15841.2 15817.5 271.191 113.414 91.7503 157.777 136.706 32.6026 104.103 61.6713 26.1609 48.4081 25.3749 42.4321
internal_count=274036 259968 53999 19748 16174 34251 30065 13955 16110 9618 10740 7621 2634 6492
is_linear=0
shrinkage=0.03


Tree=186
num_leaves=15
num_cat=0
split_feature=11 11 11 3 8 9 8 3 3 6 10 10 12 9
split_gain=5.47078 1.67146 2.50077 2.47048 3.56 3.79637 4.64492 4.84495 4.38183 2.97393 2.35491 4.86382 3.83807 3.82021
threshold=-4.6651954996555949 -2.1163955904443141 -2.0843333985671015 0.056988621543545101 0.36061877803980896 2.1570552039793141 0.28255164837512453 0.033732823398682069 0.052485557478752241 5.1038219627132824 0.16979703937445659 0.19044847757446084 2.0126758453675748 1.9544544195385984
decision_type=2 2 2 2 2 2 2 2 2 2 2 2 2 2
left_child=-1 3 -3 4 5 8 9 -8 10 -7 -2 12 -12 -14
right_child=1 2 -4 -5 -6 6 7 -9 -10 -11 11 -13 13 -15
leaf_value=-0.010118741095317275 -0.0059493339743919944 0.0048978483138753188 8.5059566952114203e-05 -0.0035145387933712678 0.0013777086322755946 -5.588110261849873e-05 0.0096035320817063202 -0.0059877217872354891 0.0085217943927637964 -0.01059354343110123 -0.0059842542917239935 -0.0055217237890765178 0.010676991005376588 0.00059743794615122533
leaf_weight=33.183619854506105 202.55502907838672 82.862998804077506 13846.701753003523 250.70181939331815 620.60927785141394 298.40419977158308 67.170693882042542 11.967417975887654 15.003982725320382 11.237570548313668 42.085400721989572 173.06655701529235 28.897297866642475 156.61905245564412
leaf_count=18132 18369 2040 126656 7022 38231 21850 4305 379 627 4962 1537 13823 2891 13212
internal_value=-2.53892e-05 5.371e-06 0.000118927 -0.00083103 -0.000389369 -0.00148264 0.000822709 0.00666739 -0.00291753 -0.000910118 -0.00340193 -0.00194588 0.000946445 0.00284876
internal_weight=15841.1 15807.9 13929.6 1878.32 1627.62 1007.01 388.78 79.1381 618.227 309.642 603.223 400.668 227.602 185.516
internal_count=274036 255904 128696 127208 120186 81955 31496 4684 50459 26812 49832 31463 17640 16103
is_linear=0
shrinkage=0.03


Tree=187
num_leaves=15
num_cat=0
split_feature=6 6 8 4 10 5 10 3 1 9 11 10 11 5
split_gain=5.31432 1.71592 2.86955 3.07803 2.67935 3.22728 2.20885 2.06098 1.83356 2.05251 1.54923 1.55124 1.78297 1.43843
threshold=5.5915465080447468 4.3950660578969041 0.33115956764440213 0.70294117647058829 0.22525760322425215 15.500000000000002 0.18305986860734719 0.028598990283830898 2.1383330595080281 1.8536659611573338 -3.4680068003425504 0.43194275929263715 -1.5526074380019355 13.500000000000002
decision_type=2 2 2 2 2 2 2 2 2 2 2 2 2 2
left_child=1 10 7 -4 6 8 -5 -3 -6 -10 -1 -12 -13 -8
right_child=-2 2 3 4 5 -7 13 -9 9 -11 11 12 -14 -15
leaf_value=-0.0045204522809686029 -0.01085507778142151 -0.0027487873157604364 -0.0065465287105145927 -0.0036941059192835916 -0.0050140723178643048 -0.0081306961991418278 -0.0005911054605291687 -0.011512068502151831 0.0083866887786450423 -0.0048808250062713525 4.0873680580095223e-05 -0.0012075403409952707 0.0069269715467720145 0.012645612149088343
leaf_weight=51.612439517863095 25.673528979998082 128.2580305224983 21.91399023833219 4.3556553708622223 5.3788074941840014 17.781463138875552 7.3931530911941072 20.500733388704248 32.506811690051109 2.8910030168481162 15414.70276883617 33.528406740166247 46.872160159051418 27.075119332177565
leaf_count=6684 15373 26049 3732 843 1144 4062 1334 4029 6239 487 198315 741 229 4775
internal_value=-2.50006e-05 2.8502e-06 -0.00231199 0.00110244 0.00346774 -0.000783258 0.00831093 -0.00490033 0.00374568 0.00617293 4.49524e-05 6.45164e-05 0.00387824 0.0104881
internal_weight=15840.4 15814.8 268.055 119.296 97.382 58.5581 38.8239 148.759 40.7766 35.3978 15546.7 15495.1 80.4006 34.4683
internal_count=274036 258663 52694 22616 18884 11932 6952 30078 7870 6726 205969 199285 970 6109
is_linear=0
shrinkage=0.03


Tree=188
num_leaves=15
num_cat=0
split_feature=11 11 3 8 6 11 11 11 9 8 11 4 8 8
split_gain=5.20085 1.72625 3.89037 6.10107 4.82751 2.81382 2.42315 1.99288 1.91293 2.64069 1.50211 1.49787 1.47903 1.38852
threshold=-4.8020008729355483 -3.6736990204985651 0.032241985761766477 0.35922090048875471 5.0156227806031533 -3.8018545381560966 -3.8018545381560966 -4.4276580975486395 1.7669551885720913 0.49251446170600338 -4.6651954996555949 0.85164835164835173 0.63714962435624423 0.24698214739507679
decision_type=2 2 2 2 2 2 2 2 2 2 2 2 2 2
left_child=-1 2 3 6 -4 8 7 10 9 -5 -2 -11 -3 -8
right_child=1 12 4 5 -6 -7 13 -9 -10 11 -12 -13 -14 -15
leaf_value=-0.011104371579582242 -0.005688389021165129 1.5075849133485075e-05 -0.013917199691951579 -0.006439658442452742 0.0060952309180506052 -0.0051187715088343031 -0.0048141526163866738 -0.010508897472792701 0.0099440737858432354 -0.0010806778464700611 0.005712048374606345 0.011652679568844028 0.0037806583492046766 0.0058366688347501923
leaf_weight=23.04136536817532 3.501900967094115 15541.609032921609 29.443798747146502 12.90463386802003 4.9300741114420807 10.214895222801713 4.0417186318663907 47.827185216243379 44.852266813977621 10.847350696334614 9.3432104716775921 3.7049572379328302 79.447281096596271 14.218144255224614
leaf_count=14068 1965 214488 5278 2253 1386 1232 1212 15069 7579 1510 4141 523 1075 2257
internal_value=-2.51665e-05 1.47886e-06 -0.00269501 -0.000403125 -0.0100672 0.00488536 -0.00582946 -0.00827834 0.00693523 0.000243397 0.00121399 0.0064303 3.78358e-05 0.00237123
internal_weight=15839.9 15816.9 195.83 161.456 34.3739 82.5241 78.9322 60.6723 72.3092 27.4569 12.8451 14.5523 15621.1 18.2599
internal_count=274036 259968 44405 37741 6664 13097 24644 21175 11865 4286 6106 2033 215563 3469
is_linear=0
shrinkage=0.03


Tree=189
num_leaves=15
num_cat=0
split_feature=11 11 4 4 11 8 9 10 0 8 9 10 10 8
split_gain=5.03714 1.57637 4.22829 6.50583 3.39738 2.74825 5.7799 2.5777 2.56829 4.53331 2.52834 4.1886 2.36108 2.32204
threshold=-4.6651954996555949 -0.67294447324242579 0.34313725490196084 0.2817460317460318 -0.71314984786679469 0.30660343897995629 2.2061130252631136 0.15687830075648471 3.5000000000000004 0.22615388202153433 1.809077832229 0.14107026549974302 0.28422506276573184 0.24021986153610536
decision_type=2 2 2 2 2 2 2 2 2 2 2 2 2 2
left_child=-1 4 3 8 13 6 -5 -6 12 -10 -4 -12 -3 -2
right_child=1 2 10 5 7 -7 -8 -9 9 -11 11 -13 -14 -15
leaf_value=-0.0097896048509148355 -0.0012702579345734491 0.00010679121918180468 0.0095590814716685624 0.00091918016053697208 -0.00020571850010321714 -0.009201825224632542 -0.0086545247156349595 -0.0063835891697504787 0.0056407915333502121 -0.0039808597285240187 0.0070506671530205138 -0.0029717823218092577 0.0020633834783970032 6.719081091116783e-05
leaf_weight=32.402965324814431 1420.2675777053228 6603.2319793999195 50.715102970600128 163.08484829217196 107.83379955589771 59.087384179234505 70.085684753954411 127.43465232849121 171.16986805945635 45.943849422037601 56.78735525906086 65.876546196639538 591.23527300357819 6274.312047988642
leaf_count=18132 45381 37548 331 1266 1077 336 737 977 1619 398 570 542 2486 162636
internal_value=-2.48757e-05 4.40308e-06 0.0003047 0.000195726 -0.000293912 -0.00408264 -0.00230762 -0.00373404 0.000372338 0.00347906 0.00474563 0.0019308 0.000271541 -0.000181667
internal_weight=15839.5 15807.1 7877.22 7703.84 7929.85 292.258 233.171 235.268 7411.58 217.114 173.379 122.664 7194.47 7694.58
internal_count=274036 255904 45833 44390 210071 2339 2003 2054 42051 2017 1443 1112 40034 208017
is_linear=0
shrinkage=0.03


Tree=190
num_leaves=15
num_cat=0
split_feature=6 6 8 4 3 10 5 10 3 0 9 11 10 7
split_gain=4.91909 1.59298 2.85016 2.25797 2.19544 1.62279 3.28194 2.0019 2.6854 1.63902 1.96568 1.42857 1.39237 1.95951
threshold=5.5915465080447468 4.4349746333048614 0.33115956764440213 0.70294117647058829 0.028598990283830898 0.22525760322425215 15.500000000000002 0.20046101029984034 0.025316748788575941 8.5000000000000018 1.8536659611573338 -3.4680068003425504 0.43194275929263715 0.13656856474610526
decision_type=2 2 2 2 2 2 2 2 2 2 2 2 2 2
left_child=1 11 4 -4 -3 7 9 -5 -9 -7 -11 -1 -13 -14
right_child=-2 2 3 5 -6 6 -8 8 -10 10 -12 12 13 -15
leaf_value=-0.0041269485702815946 -0.010531642101527169 -0.0026948097906519101 -0.0056873338012070826 -0.0011877150713229053 -0.012022402595864035 -0.0044211918559874212 -0.0078066238552239164 0.014867879895300985 -0.0019893952110205042 0.0086433949606731179 -0.0046196380171401701 3.8593778061960531e-05 -0.0015860770035456715 0.0068656021325781084
leaf_weight=58.656793229747564 25.001147625152953 119.28353009955026 19.397960355621763 15.092369949677957 18.202299284283072 4.9098332116845986 17.307773328735493 15.017318981816063 7.4367960006929925 31.42062657547649 2.7085534509969866 15423.261224555317 33.170781552791595 47.164386495947838
leaf_count=7711 15373 25164 3378 2812 3758 1070 4017 2689 1256 6081 463 199294 737 233
internal_value=-2.46396e-05 1.93743e-06 -0.00230107 0.00116508 -0.00499089 0.00316918 -0.000291746 0.00696368 0.010724 0.00428208 0.00650173 4.12291e-05 6.09729e-05 0.00367538
internal_weight=15838 15813 250.777 113.291 137.486 93.8933 56.3468 37.5465 22.4541 39.039 34.1292 15562.3 15503.6 80.3352
internal_count=274036 258663 50688 21766 28922 18388 11631 6757 3945 7614 6544 207975 200264 970
is_linear=0
shrinkage=0.03


Tree=191
num_leaves=15
num_cat=0
split_feature=6 6 10 8 4 3 6 4 9 8 0 5 8 0
split_gain=4.76804 1.5463 3.87101 3.1691 5.73654 5.5944 3.19525 2.51007 2.0013 4.52381 4.38089 3.72666 3.35055 2.5054
threshold=5.5915465080447468 2.9882008347154687 0.34890365439959597 0.49251446170600338 0.39444444444444454 0.045178308518216963 3.7784909597419731 0.77350427350427364 1.6936169399515857 0.36061877803980896 7.5000000000000009 14.500000000000002 0.34286957099281451 5.5000000000000009
decision_type=2 2 2 2 2 2 2 2 2 2 2 2 2 2
left_child=1 -1 3 4 -3 6 -5 -4 13 12 -11 -12 -10 -6
right_child=-2 2 7 5 8 -7 -8 -9 9 10 11 -13 -14 -15
leaf_value=0.00011388273839255153 -0.010403097855370498 -0.0082232097467859547 -0.010784406155515899 -0.0076074622448527272 0.0041511338349312305 0.012740872559362907 0.0046357763759227689 0.0026507480005912936 -0.00051340429790229026 0.0076694185019126077 -0.0041685543381109295 0.0030523281085897626 -0.0059907950573153384 -0.0062442602104482896
leaf_weight=13833.729146484286 24.74008324497845 74.237943884450942 38.497941406909376 23.023055009543896 15.281502044759689 28.593630976974964 24.663286195602268 9.7252477625152078 1234.9902285913704 99.244659591000527 84.080572879407555 169.06195163028315 94.845344041823409 82.740688780322671
leaf_count=123767 15373 2756 3098 1008 518 1194 3695 1673 81547 3209 6729 14812 6943 7714
internal_value=-2.46602e-05 1.42128e-06 -0.000779662 -0.000536156 -0.000798758 0.00493024 -0.00168121 -0.00808885 -0.00042303 -0.000161927 0.00278993 0.000554909 -0.000966521 -0.00428779
internal_weight=15837.5 15812.7 1978.99 1930.76 1854.48 76.28 47.6863 48.2232 1780.24 1682.22 352.387 253.143 1329.84 98.0222
internal_count=274036 258663 134896 130125 124228 5897 4703 4771 121472 113240 24750 21541 88490 8232
is_linear=0
shrinkage=0.03


Tree=192
num_leaves=15
num_cat=0
split_feature=11 11 11 6 8 7 10 10 10 4 8 9 11 8
split_gain=4.65811 1.45812 2.40878 6.55049 5.64379 4.50817 4.05103 3.55392 3.80435 2.71004 3.01947 3.9565 3.06947 3.27802
threshold=-4.6651954996555949 -1.5526074380019355 -1.7223412468009467 2.9575076874722881 0.18903196883655396 0.061297778017475525 0.21921974254136883 0.27224449296239461 0.36486195457532639 0.39444444444444454 0.22615388202153433 2.2001832529860863 -1.9522423914320821 0.33010400053889227
decision_type=2 2 2 2 2 2 2 2 2 2 2 2 2 2
left_child=-1 2 5 -4 -5 9 -7 -8 -9 -2 11 -11 -12 -14
right_child=1 -3 3 4 -6 6 7 8 -10 10 12 -13 13 -15
leaf_value=-0.0094850090675262025 -0.0027776051589188172 0.00016018929300737919 -0.0033408438048557225 -0.0048309825749696111 0.011603656390679985 0.011208351264369107 -0.0024995825474185655 0.0065928914746688251 -0.0026379769593097568 -0.0088201264172586662 -0.00023643052532932283 -0.00090085498311130946 0.0012614220015934447 0.0088405076390171162
leaf_weight=31.702627296559513 410.73257976188324 12199.568726647645 528.23207858577371 18.67059282027185 38.438367579132318 33.362385608255863 104.51040210574865 129.07199876382947 46.25635539740324 62.370304366690107 1717.7059639113722 229.18719627649989 233.54901857487857 53.436289615929127
leaf_count=18132 10309 94376 8640 511 864 506 1520 1761 627 5016 110045 15680 5088 961
internal_value=-2.449e-05 3.46172e-06 -0.000525305 -0.00226111 0.00634343 -0.000179377 0.00314318 0.00166034 0.00414157 -0.000579004 -0.000170263 -0.00294363 0.000251955 0.00304166
internal_weight=15836.8 15805.1 3605.52 585.341 57.109 3020.18 313.201 279.839 175.328 2706.98 2296.25 291.558 2004.69 286.985
internal_count=274036 255904 161528 10015 1375 151513 4414 3908 2388 147099 136790 20696 116094 6049
is_linear=0
shrinkage=0.03


Tree=193
num_leaves=15
num_cat=0
split_feature=11 4 3 7 7 10 10 8 3 8 4 4 8 11
split_gain=4.5003 1.41305 2.8632 2.43878 2.36671 2.06528 4.61638 4.2412 3.75384 4.59719 3.29491 5.19489 4.24272 3.26744
threshold=-4.6651954996555949 0.14835164835164838 0.17924119394828045 0.28159744191396641 0.12738657106068649 0.24414981615364431 0.26520268686840837 0.462102683714325 0.11782858745967177 0.39565187351359038 0.37980769230769235 0.77350427350427364 0.39709935813823943 -1.6209678116408532
decision_type=2 2 2 2 2 2 2 2 2 2 2 2 2 2
left_child=-1 4 3 5 -2 -3 10 8 9 -8 13 12 -12 -7
right_child=1 2 -4 -5 -6 6 7 -9 -10 -11 11 -13 -14 -15
leaf_value=-0.0093524571468636582 -0.0040979127428892627 -0.00037642858127649514 -0.003728457477059439 0.0045610541730320394 0.0004480970762831424 -0.0034629596905298094 0.0043881808914346884 0.00082568360267403038 0.0020443396435641274 -0.0075354384600551721 -0.00023870169579621122 -0.0054198167113788292 0.010459595098600328 0.0030906447849769901
leaf_weight=31.404528029146604 90.015965547412634 8133.7332227457082 189.58811054006219 83.263216555118561 5844.8656887710094 84.810253003612161 24.718204679200426 732.08708221861161 69.48765778914094 157.95850892178714 43.095230136299506 20.019665975123644 123.35833932668902 207.26854382455349
leaf_count=18132 926 185162 1080 388 31060 1618 792 19891 468 4749 1300 2284 4469 1717
internal_value=-2.36718e-05 3.71588e-06 -0.000216165 -0.000141711 0.000368989 -0.000189569 0.000842717 -0.000339703 -0.00357947 -0.00571148 0.00321105 0.00617206 0.00789902 0.00111149
internal_weight=15835.7 15804.3 9869.39 9679.8 5934.88 9596.54 1462.8 984.251 252.164 182.677 478.552 186.473 166.454 292.079
internal_count=274036 255904 223918 222838 31986 222450 37288 25900 6009 5541 11388 8053 5769 3335
is_linear=0
shrinkage=0.03


Tree=194
num_leaves=15
num_cat=0
split_feature=6 6 6 8 9 8 9 4 5 10 10 12 8 9
split_gain=4.41308 1.44583 2.8226 2.6932 2.45255 2.71182 1.82945 2.19681 1.58172 2.025 2.33293 1.91884 1.34889 1.33586
threshold=5.5915465080447468 4.4349746333048614 4.4744917000096054 0.33115956764440213 1.9916262844249777 0.28179657685782783 1.6105421080976301 0.91287878787878796 15.500000000000002 0.22097931566515078 0.20046101029984034 2.249904835165133 0.63714962435624423 2.0535334656610993
decision_type=2 2 2 2 2 2 2 2 2 2 2 2 2 2
left_child=1 12 -3 4 -4 -6 7 -5 11 10 -10 -8 -1 -7
right_child=-2 2 3 6 5 13 8 -9 9 -11 -12 -13 -14 -15
leaf_value=1.7015246808935545e-05 -0.010087718008914915 -0.010739289045524274 -0.01018097732083599 -0.0083459317279318129 -0.0038650849308710855 -0.0023108827567522158 -0.0035963389177578573 0.0050175945462616594 -0.0033753246448612918 -0.0046376997395768081 0.010346030186570085 0.0094331639987071895 0.0035813932323936213 0.0083737395333468908
leaf_weight=15479.329612478614 24.113629008643329 15.93652440048754 24.17496575799305 13.981260553468021 77.379080426646397 7.709902374190281 4.2906994984950861 5.5341136320494106 9.7174908887827787 25.038674148498103 10.965720893349497 37.304360588314012 81.149677630513906 17.755698144319467
leaf_count=206614 15373 1972 5960 2945 16040 1831 900 1310 1825 5218 1874 6846 1361 3967
internal_value=-2.3231e-05 1.66632e-06 -0.00219654 -0.00100214 -0.00376064 -0.00114766 0.00233683 -0.00402266 0.00413954 -7.81881e-06 0.00519047 0.00749217 3.90351e-05 0.00548139
internal_weight=15834.4 15810.3 249.788 233.852 127.02 102.845 106.832 19.5154 87.3169 45.7219 20.6832 41.5951 15560.5 25.4656
internal_count=274036 258663 50688 48716 27798 21838 20918 4255 16663 8917 3699 7746 207975 5798
is_linear=0
shrinkage=0.03


Tree=195
num_leaves=15
num_cat=0
split_feature=6 11 3 6 7 11 9 5 9 9 7 11 11 4
split_gain=4.27832 1.47172 3.53184 5.07645 3.29666 2.3583 4.28141 1.56783 1.6697 3.2982 1.61113 1.46201 1.7691 1.45893
threshold=5.5915465080447468 -3.6736990204985651 0.032241985761766477 5.0156227806031533 0.0058871222594964329 -4.3195713098835729 1.7837148450422828 15.500000000000002 1.8165749895899281 2.0484530748301237 0.0067696114439976269 -3.7149852916478832 -3.8925623830426956 0.90454545454545465
decision_type=2 2 2 2 2 2 2 2 2 2 2 2 2 2
left_child=1 2 4 -4 5 6 -1 8 -6 -10 -9 12 -12 -5
right_child=-2 -3 3 13 7 -7 -8 10 9 -11 11 -13 -14 -15
leaf_value=-0.0082316264261504679 -0.0099635374690792023 3.4604582336703248e-05 -0.013692587581043861 -0.0035040809898819495 0.011607658778847564 -0.0085810143453717534 0.0068336394631515491 -0.0060700629630605681 -0.0056385738642962943 0.010258951556877101 -0.0015819392382446799 -0.0048577470488666615 0.0099771551653600066 0.010149901728861498
leaf_weight=13.859100837027652 23.872367438394576 15617.912996815867 28.84442381747067 1.9755066900979716 15.905565900262443 36.658306741621345 26.44670808990486 12.49141769018024 16.861623051110659 3.613367927260696 14.430773377884181 4.0519591849297312 13.43206918472424 3.6687893477501348
leaf_count=4158 15373 215563 5289 624 1942 12405 8235 2292 2407 647 1777 519 1677 1128
internal_value=-2.31278e-05 1.31143e-06 -0.00251022 -0.009504 -0.000288717 -0.00432349 0.000825854 0.00363025 0.00720196 0.000318521 -0.000375563 0.00308141 0.00553191 0.00629728
internal_weight=15834 15810.2 192.24 34.4887 157.751 76.9641 40.3058 80.7868 36.3806 20.475 44.4062 31.9148 27.8628 5.6443
internal_count=274036 258663 43100 7041 36059 24798 12393 11261 4996 3054 6265 3973 3454 1752
is_linear=0
shrinkage=0.03


Tree=196
num_leaves=15
num_cat=0
split_feature=11 11 3 8 11 5 11 9 11 3 9 3 9 8
split_gain=4.1424 1.31245 3.76808 2.95743 3.67127 2.99962 2.55402 3.93645 2.30212 2.54496 2.16549 3.73673 2.5455 2.36048
threshold=-4.6651954996555949 -0.25671984684781396 0.14411193125933389 0.18486769293965513 -0.14310084364067319 15.500000000000002 -0.30673026742247539 2.0234977358836992 -0.35667494393873228 0.16773627551006801 2.3714193507923191 0.28822386251866777 2.335772029238512 0.22615388202153433
decision_type=2 2 2 2 2 2 2 2 2 2 2 2 2 2
left_child=-1 6 3 -3 5 -5 8 -8 9 -2 12 -12 13 -4
right_child=1 2 10 4 -6 -7 7 -9 -10 -11 11 -13 -14 -15
leaf_value=-0.0090402441481204372 -0.0001034816220318925 -0.001226827650857128 -0.0015769109442787547 0.0026863408412869669 -0.00026645759144695782 0.011410292719003727 0.0012767964631750157 -0.005657304292819923 0.0025576173752741168 -0.0028724121900690577 -0.0071466053478389333 0.0014464280600988454 0.0049151647421791494 0.00043681826334379762
leaf_weight=30.716786704258993 9490.7148858020082 82.091019928455353 580.99566243588924 77.96538569778204 75.929504320025444 76.029427357017994 115.06245613098145 169.16407451033592 267.20924831181765 293.51321373321116 79.945093385875225 79.459828682243824 90.046693995594978 4324.8358046263456
leaf_count=18132 222319 671 3720 510 464 488 653 1244 1841 1914 574 536 587 20383
internal_value=-2.28278e-05 3.25581e-06 0.000378558 0.00350157 0.00516151 0.00762396 -0.00019553 -0.00292691 -0.000114048 -0.000190815 0.000179933 -0.00310717 0.000293803 0.000194253
internal_weight=15833.7 15803 5467.3 312.015 229.924 153.995 10335.7 284.227 10051.4 9784.23 5155.28 159.405 4995.88 4905.83
internal_count=274036 255904 27933 2133 1462 998 227971 1897 226074 224233 25800 1110 24690 24103
is_linear=0
shrinkage=0.03


Tree=197
num_leaves=15
num_cat=0
split_feature=6 11 3 6 8 11 11 11 10 6 10 8 12 10
split_gain=4.05646 1.37733 3.41827 4.9928 3.38338 2.22732 2.9551 2.15869 3.3281 2.35439 2.03437 1.34043 1.39641 1.30694
threshold=5.5915465080447468 -3.6736990204985651 0.032241985761766477 5.0156227806031533 0.35922090048875471 -4.4276580975486395 -3.8018545381560966 -3.8018545381560966 0.21921974254136883 4.7591779066044522 0.20046101029984034 0.24698214739507679 2.4414009612931857 0.43194275929263715
decision_type=2 2 2 2 2 2 2 2 2 2 2 2 2 2
left_child=1 2 4 -4 5 -1 -7 8 10 -10 -6 -8 -13 -3
right_child=-2 13 3 -5 7 6 11 -9 9 -11 -12 12 -14 -15
leaf_value=0.0052227759934339599 -0.0097522785591525451 1.1999224259270486e-05 -0.013542018286762552 0.0062712679307145502 -0.001314980868884737 -0.0097367297790183303 -0.0046837805925417286 -0.0050936485006547521 0.0058582113520498514 -0.0038590100540653325 0.016330258297705558 -0.0030920421052685995 0.0090367100385549976 0.0035212770159748288
leaf_weight=6.2798515926115206 23.468619144987315 15536.306258570869 28.451571648940444 5.6589620023732996 4.8372480244142961 45.446705243783072 3.9444264034973484 10.189909258391706 27.470497505739331 33.0067061658483 12.13762408448383 3.923685935093089 10.306205819826571 81.104753589723259
leaf_count=2657 15373 214487 5289 1752 868 14309 1211 1232 3288 8221 2016 616 1641 1076
internal_value=-2.22537e-05 1.42133e-06 -0.00243172 -0.0093435 -0.000253037 -0.00466394 -0.00645009 0.00343245 0.0051986 0.000841881 0.013044 0.00245493 0.00582185 3.3585e-05
internal_weight=15832.5 15809.1 191.653 34.1105 157.543 69.9009 63.621 87.642 77.4521 60.4772 16.9749 18.1743 14.2299 15617.4
internal_count=274036 258663 43100 7041 36059 20434 17777 15625 14393 11509 2884 3468 2257 215563
is_linear=0
shrinkage=0.03


Tree=198
num_leaves=15
num_cat=0
split_feature=6 11 9 8 4 9 10 4 4 10 12 10 4 9
split_gain=3.93405 1.29447 2.47035 2.92755 4.82648 4.93992 4.74955 4.01663 4.0339 6.32333 4.55885 3.68538 3.80613 3.47409
threshold=5.5347719124473356 -1.5526074380019355 1.4693127104713464 0.37459245623522769 0.39444444444444454 2.2483492896833046 0.21921974254136883 0.25833333333333336 0.36038961038961043 0.21172273687738577 1.8688348091416842 0.24414981615364431 0.18465909090909094 1.7486080662999435
decision_type=2 2 2 2 2 2 2 2 2 2 2 2 2 2
left_child=1 2 -1 4 5 -4 7 -5 -9 -10 -11 -8 -13 -14
right_child=-2 -3 3 6 -6 -7 11 8 9 10 -12 12 13 -15
leaf_value=-0.0040588879322143306 -0.0092138415314797339 0.00015022266946292161 -0.0053882476764322467 -0.0057929296715539718 -0.00038510235822721239 0.0064497330605587828 -0.0028453317277406273 0.012664094414644431 -0.001613600326488489 -0.001707658232182655 0.014266458096010468 -0.0080892353872312975 2.3500048220472109e-05 0.0043338560754056944
leaf_weight=152.14518106787 26.793219377170317 12200.074662491679 297.42182550253347 17.887124344706535 1872.1136400039541 22.672243421897292 288.40265650127549 45.251843756064773 100.06191659544129 18.710269400849938 39.109860524884425 24.220528645440936 483.98244854761288 243.13602819095831
leaf_count=6066 17301 94376 6416 259 101103 483 11280 741 4300 350 2227 306 19500 9328
internal_value=-2.17408e-05 2.56314e-06 -0.000495684 -0.000321804 -0.000981857 -0.00429858 0.000823942 0.00466589 0.00592187 0.00305831 0.00981034 -4.74948e-05 0.00106113 0.00152327
internal_weight=15832 15805.2 3605.12 3452.97 2192.21 320.094 1260.76 221.021 203.134 157.882 57.8201 1039.74 751.339 727.118
internal_count=274036 256735 162359 156293 108002 6899 48291 7877 7618 6877 2577 40414 29134 28828
is_linear=0
shrinkage=0.03


Tree=199
num_leaves=15
num_cat=0
split_feature=7 4 4 3 7 7 10 9 10 9 4 8 8 10
split_gain=3.5797 2.48189 1.211 2.69982 2.28351 2.20614 1.97792 3.54801 1.76382 4.63895 3.43264 3.34721 2.81746 2.65075
threshold=0.0041745393042925327 0.87083333333333346 0.14835164835164838 0.17924119394828045 0.28159744191396641 0.12738657106068649 0.18305986860734719 1.9544544195385984 0.24414981615364431 1.7165391499882074 0.18465909090909094 0.37459245623522769 0.39257348122630631 0.22320469459570383
decision_type=2 2 2 2 2 2 2 2 2 2 2 2 2 2
left_child=1 -1 5 4 8 -2 7 -7 13 11 -11 -10 -12 -4
right_child=2 -3 3 -5 -6 6 -8 -9 9 10 12 -13 -14 -15
leaf_value=0.0029514802209849055 -0.0039749656503019091 -0.0098874397781507362 -0.00018426702281830468 -0.0036107442448220181 0.0044227597457993893 -0.0054339545802834137 0.00096531019801788446 7.0750123619769598e-05 0.0061246586315827842 -0.0038866980693557998 -0.0055168990952779908 -0.00075288792558725521 0.0047558891124118291 -0.0021880854022871756
leaf_weight=10.47120641521178 89.638170933350921 38.597141352365725 7475.215477215359 189.13522791489959 83.420861691236496 94.495411723852158 2956.3282727301121 2795.4878681376576 53.070980171673 41.42107716947794 13.374049600446595 981.818052821327 377.75810905592516 630.85866451170295
leaf_count=5055 926 23160 159639 1080 388 491 13959 16610 1169 343 493 24539 11658 14526
internal_value=-2.11578e-05 -0.00709806 7.56424e-06 -0.000196396 -0.000124029 0.00034552 0.000421766 -0.000136369 -0.000170505 0.000781484 0.00333387 -0.00031773 0.00421384 -0.000343968
internal_weight=15831.1 49.0683 15782 9846.07 9656.94 5935.95 5846.31 2889.98 9573.52 1467.44 432.553 1034.89 391.132 8106.07
internal_count=274036 28215 245821 213835 212755 31986 31060 17101 212367 38202 12494 25708 12151 174165
is_linear=0
shrinkage=0.03


Tree=200
num_leaves=15
num_cat=0
split_feature=11 11 7 4 8 8 8 3 3 4 9 10 9 3
split_gain=3.72197 1.25759 4.30475 1.80757 1.72033 1.2288 1.22186 1.18111 2.04902 1.0581 3.10505 2.90298 3.70622 2.84285
threshold=-4.6651954996555949 -4.3724395080059386 0.0056085051542415455 0.73030303030303034 0.36221517699566258 0.25608342065234407 0.63714962435624423 0.14908409465980663 0.098537378838069858 0.14835164835164838 1.4693127104713464 0.24414981615364431 1.7165391499882074 0.098537378838069858
decision_type=2 2 2 2 2 2 2 2 2 2 2 2 2 2
left_child=-1 3 4 -2 -3 -5 9 8 -8 -4 13 -12 -13 -11
right_child=1 2 6 5 -6 -7 7 -9 -10 10 11 12 -14 -15
leaf_value=-0.0086480290471406054 -0.0048151515204672641 -0.01001340144639608 0.00031382056154026305 -0.0029266989066348203 0.0029802069490297333 0.0084375042812951523 0.0045848015017154247 0.0055553985838136992 -0.0067344967514383815 -0.0077020061234223617 -0.00031403004132326401 7.4928057118656225e-05 0.0034326392284702218 -0.0011232720263500964
leaf_weight=29.88088359113317 4.0331595484167329 37.363755446043797 5893.9843026772141 2.724097514874301 4.0811335418838999 30.923856065259315 14.951088349334897 53.158188438042998 13.189073000103233 75.445892638294026 8163.9003090371843 887.07742719398811 429.43773070187308 189.5753903305158
leaf_count=18132 831 13489 31757 1493 761 7688 856 328 216 3128 164508 18014 11377 1458
internal_value=-2.10038e-05 3.49874e-06 -1.19559e-05 0.00463092 -0.00828195 0.00689874 1.77204e-05 0.00338663 -0.00121741 -3.02042e-06 -0.000194832 -0.000102706 0.00119652 -0.00330835
internal_weight=15829.7 15799.8 15762.2 37.6811 41.4449 33.648 15720.7 81.2983 28.1402 15639.4 9745.44 9480.42 1316.52 265.021
internal_count=274036 255904 245892 10012 14250 9181 231642 1400 1072 230242 198485 193899 29391 4586
is_linear=0
shrinkage=0.03


Tree=201
num_leaves=15
num_cat=0
split_feature=6 11 6 3 11 5 4 3 9 11 11 4 4 7
split_gain=3.61115 1.24796 3.46877 3.23717 3.21342 3.5161 2.91747 3.87101 5.88668 3.88591 2.75971 3.01286 2.77377 3.9082
threshold=5.5347719124473356 -2.7542341378487536 3.3268313547619561 0.024191545538525212 -2.510821082402797 16.500000000000004 0.36038961038961043 0.042366020629594159 1.9916262844249777 -2.7187029352165912 -2.4106495796758152 0.74166666666666681 0.69615384615384623 0.031433887593717888
decision_type=2 2 2 2 2 2 2 2 2 2 2 2 2 2
left_child=1 2 -1 -3 5 6 -5 8 -8 -9 -6 12 -12 -14
right_child=-2 3 -4 4 10 -7 7 9 -10 -11 11 -13 13 -15
leaf_value=-0.0092454992126744205 -0.0088948618282899544 -0.007239294460388717 -0.00065475560408387898 -0.005668725188157319 -0.0037825775057979709 -0.0060286920123483276 -0.005098950134898618 0.019409113767612389 0.0054894131352310437 0.0049196880447481446 7.6215305723073012e-05 -0.0047000120397383462 0.012901947320264952 -3.0867932534408161e-05
leaf_weight=30.004184909164906 26.164264344493859 39.422880435362458 769.22649098641705 13.982628772035239 154.34312976524234 21.899799578823149 59.979755175299942 12.67501655500382 115.64225075207651 87.938632333651185 14323.329157379456 103.23817836865783 21.645996754057705 49.181974224746227
leaf_count=1143 17301 2387 88334 442 5704 1065 2311 435 6036 2806 140917 3253 866 1036
internal_value=-2.08723e-05 2.24156e-06 -0.00114165 6.42563e-05 9.0728e-05 0.00303148 0.00397784 0.00473295 0.00175652 0.00902639 2.50464e-05 6.94512e-05 0.000108516 0.00548567
internal_weight=15828.7 15802.5 799.231 15003.3 14963.9 312.118 290.218 276.236 175.622 100.614 14651.7 14497.4 14394.2 70.828
internal_count=274036 256735 89477 167258 164871 13095 12030 11588 8347 3241 151776 146072 142819 1902
is_linear=0
shrinkage=0.03


Tree=202
num_leaves=15
num_cat=0
split_feature=11 11 7 8 9 9 8 10 10 8 3 3 3 3
split_gain=3.50951 1.20321 4.11574 1.68091 1.40511 1.6597 1.57821 1.45748 1.20184 1.17203 1.11819 2.00351 1.04987 1.46752
threshold=-4.6651954996555949 -4.3724395080059386 0.0056085051542415455 0.36221517699566258 1.9003209804924526 1.6560164723978006 0.25608342065234407 0.22097931566515078 0.36486195457532639 0.63714962435624423 0.14908409465980663 0.098537378838069858 0.02079352616939114 0.024191545538525212
decision_type=2 2 2 2 2 2 2 2 2 2 2 2 2 2
left_child=-1 4 3 -3 5 8 -6 -8 -2 12 11 -11 -4 -14
right_child=1 2 9 -5 6 -7 7 -9 -10 10 -12 -13 13 -15
leaf_value=-0.0084385934622122263 0.008778208296429885 -0.0098558237838333156 0.0039406423823399265 0.0029638094828693517 -0.0028274609436060721 -0.0053008523114827562 0.013582130966610165 -0.002459159263666993 -0.0030814400662390671 0.0045479064547361767 0.0054264648364426762 -0.0066484191327945003 -0.0030446532186608121 9.3037854924181125e-06
leaf_weight=29.447015065699816 5.8600550829432922 36.95777852111496 45.509702004492283 4.0905267635826013 2.6595569765195242 14.058501472230999 11.127909917850046 1.3311423563864071 2.8077816739678383 14.980812787078323 53.135549897328019 13.103882352355866 127.92036758712493 15465.133851549355
leaf_count=18132 1050 13489 4723 761 1474 3033 3804 250 401 856 328 216 12804 212715
internal_value=-2.05151e-05 3.16474e-06 -1.19765e-05 -0.00812703 0.00452239 -0.000683727 0.00879125 0.0114611 0.00541834 1.69412e-05 0.00331779 -0.00117203 -3.36486e-06 -1.86519e-05
internal_weight=15828.1 15798.7 15760.8 41.0483 37.8449 22.7263 15.1186 12.4591 8.66784 15719.8 81.2202 28.0847 15638.6 15593.1
internal_count=274036 255904 245892 14250 10012 4484 5528 4054 1451 231642 1400 1072 230242 225519
is_linear=0
shrinkage=0.03


Tree=203
num_leaves=15
num_cat=0
split_feature=6 11 11 11 11 4 4 11 3 10 8 4 10 7
split_gain=3.41896 1.17158 2.43897 2.38848 3.07446 7.16802 6.39327 2.30779 3.16777 3.15427 2.44271 2.08193 2.47245 3.37422
threshold=5.5347719124473356 -2.1163955904443141 -2.0843333985671015 -2.248891616930504 -2.3113065391434691 0.59411764705882364 0.36038961038961043 -2.1825612742705207 0.032940281711368258 0.21003332469204467 0.43751634515403098 0.67708333333333337 0.20667262876402046 0.033710473517710747
decision_type=2 2 2 2 2 2 2 2 2 2 2 2 2 2
left_child=1 3 -3 4 6 -6 -1 9 -9 -5 -11 -4 13 -13
right_child=-2 2 11 7 5 -7 -8 8 -10 10 -12 12 -14 -15
leaf_value=-0.0091951840945649049 -0.0086952639085808008 0.0048115735645451185 0.00010070612079649975 -0.0091399796443117735 0.008378491356906605 -0.0051508357200581983 -0.00018538529898381689 0.0072577502175102124 -0.0025239831500391994 0.0050062751886489351 -0.0050866819587301638 0.0017163905803781578 0.0046073371890525145 -0.0085522590559322324
leaf_weight=59.692835418507457 25.7801826155046 83.079410872422159 13722.314176121727 79.170223006047308 87.583980577997863 41.425152692943811 1403.8600551532581 23.135088476352394 121.82105679437518 27.592499962076545 28.756716310977936 36.920044667087495 16.035841293632984 70.331531677395105
leaf_count=1931 17301 2040 123578 2842 2428 1604 113955 938 3117 656 568 1339 265 1474
internal_value=-1.99794e-05 2.40699e-06 9.73687e-05 -0.000698931 -0.000236997 0.00395018 -0.000642419 -0.00317664 -0.000428612 -0.00578039 -0.000131 6.3905e-05 -0.00359881 -0.00524052
internal_weight=15827.5 15801.7 13928.7 1873.04 1592.56 129.009 1463.55 280.476 144.956 135.519 56.3492 13845.6 123.287 107.252
internal_count=274036 256735 128696 128039 119918 4032 115886 8121 4055 4066 1224 126656 3078 2813
is_linear=0
shrinkage=0.03


Tree=204
num_leaves=15
num_cat=0
split_feature=11 11 7 8 9 9 8 10 10 8 3 3 3 3
split_gain=3.31171 1.18459 3.94315 1.64233 1.35764 1.61952 1.52296 1.4279 1.1826 1.12974 1.05253 1.95249 1.0029 1.38702
threshold=-4.6651954996555949 -4.3724395080059386 0.0056085051542415455 0.36221517699566258 1.9003209804924526 1.6560164723978006 0.25608342065234407 0.22097931566515078 0.36486195457532639 0.63714962435624423 0.14908409465980663 0.098537378838069858 0.02079352616939114 0.024191545538525212
decision_type=2 2 2 2 2 2 2 2 2 2 2 2 2 2
left_child=-1 4 3 -3 5 8 -6 -8 -2 12 11 -11 -4 -14
right_child=1 2 9 -5 6 -7 7 -9 -10 10 -12 -13 13 -15
leaf_value=-0.0082356241459614257 0.0086848230444208484 -0.0097064577426317303 0.003845726519745889 0.0029441897104342759 -0.0027808715947048677 -0.0052323060692189343 0.013366132690059675 -0.0024532232233262078 -0.0030675660870852052 0.0045115483201867796 0.0053019853992163392 -0.0065456102070790487 -0.0029648035926526169 8.44901307580424e-06
leaf_weight=29.034432694199495 5.9099288333673048 36.578688555629924 45.675847429316491 4.1017777235247186 2.6294501622905946 13.979096028953789 11.257302833837455 1.3276663017459203 2.798761741258204 15.010728022083642 53.109506595879793 13.0014875032939 127.50965989008546 15465.057156101102
leaf_count=18132 1050 13489 4723 761 1474 3033 3804 250 401 856 328 216 12804 212715
internal_value=-1.98815e-05 3.01575e-06 -1.20166e-05 -0.00798138 0.0044847 -0.000653457 0.00866732 0.0112707 0.00535669 1.61967e-05 0.00325861 -0.00111345 -3.72953e-06 -1.86911e-05
internal_weight=15827 15797.9 15760 40.6805 37.9022 22.6878 15.2144 12.585 8.70869 15719.4 81.1217 28.0122 15638.2 15592.6
internal_count=274036 255904 245892 14250 10012 4484 5528 4054 1451 231642 1400 1072 230242 225519
is_linear=0
shrinkage=0.03


Tree=205
num_leaves=15
num_cat=0
split_feature=6 11 6 3 11 5 4 3 9 11 7 3 11 4
split_gain=3.2377 1.107 3.38594 3.04633 3.09749 3.36758 2.73569 3.70548 5.58333 3.77851 2.59294 3.60786 2.94372 2.90319
threshold=5.5347719124473356 -2.7542341378487536 3.3268313547619561 0.024191545538525212 -2.510821082402797 16.500000000000004 0.36038961038961043 0.042366020629594159 1.9916262844249777 -2.7187029352165912 0.02273490329417812 0.051591492188112535 -3.0094098589568143 0.72474747474747481
decision_type=2 2 2 2 2 2 2 2 2 2 2 2 2 2
left_child=1 2 -1 -3 5 6 -5 8 -8 -9 11 13 -12 -4
right_child=-2 3 10 4 -6 -7 7 9 -10 -11 12 -13 -14 -15
leaf_value=-0.0091070489267525145 -0.0085000823484425152 -0.0070521506022941365 -0.0029279362709535941 -0.0054922808416074135 2.1713136373896415e-05 -0.0059183857909089936 -0.0049926619820977692 0.01897684752393583 0.0053236329609964899 0.0047777747643433866 -0.0046941187956353195 -0.01112315894236691 0.0070740989163929633 0.00095945893621808087
leaf_weight=29.728921078145504 25.411442432901822 38.999444948509336 286.47618177125696 13.790969226509331 14651.841748689301 21.740709954872727 59.682578231208026 12.909256982617078 116.23358785267919 88.333024226129055 14.296895437873898 16.483460607123561 57.35054724663496 393.09654057503212
leaf_count=1143 17301 2387 25730 442 151776 1065 2311 435 6036 2806 767 1738 2271 57828
internal_value=-1.9362e-05 2.3255e-06 -0.00107628 6.06706e-05 8.62507e-05 0.00297089 0.00389273 0.00461772 0.00170638 0.00880344 -0.00059672 -0.00118324 0.00431971 -0.000707127
internal_weight=15826.4 15801 797.433 15003.5 14964.5 312.69 290.949 277.158 175.916 101.242 767.704 696.056 71.6474 679.573
internal_count=274036 256735 89477 167258 164871 13095 12030 11588 8347 3241 88334 85296 3038 83558
is_linear=0
shrinkage=0.03


Tree=206
num_leaves=15
num_cat=0
split_feature=11 11 7 8 9 5 8 10 8 3 3 3 11 9
split_gain=3.12827 1.15977 3.79344 1.60565 1.31033 1.61825 1.46741 1.39838 1.08782 0.991727 1.91761 0.958862 1.31286 3.43929
threshold=-4.6651954996555949 -4.3724395080059386 0.0056085051542415455 0.36221517699566258 1.9003209804924526 15.500000000000002 0.25608342065234407 0.22097931566515078 0.63714962435624423 0.14908409465980663 0.098537378838069858 0.02079352616939114 -2.1163955904443141 1.4693127104713464
decision_type=2 2 2 2 2 2 2 2 2 2 2 2 2 2
left_child=-1 4 3 -3 5 -2 -6 -8 11 10 -10 -4 13 -13
right_child=1 2 8 -5 6 -7 7 -9 9 -11 -12 12 -14 -15
leaf_value=-0.0080401291362210813 0.0041669860188101003 -0.0095717997151370925 0.0037548882623675201 0.002920657674793862 -0.0027356610868659059 -0.0064579543687218995 0.013137061757060002 -0.0024495216281155471 0.0044968310453934596 0.0051797968915100493 -0.0064648550833086554 -0.0070614479598694558 7.8421349223974513e-05 -0.00050716194172931964
leaf_weight=28.644181786221452 14.773603197303602 36.241603565053083 45.836138407699764 4.1152837269473812 2.6003310551168388 7.8841109963832414 11.395921256626023 1.325499148108064 15.02140206936747 53.088181547820568 12.922589515801517 60.536371769849211 13873.256899620406 1658.641607753234
leaf_count=18132 2837 13489 4723 761 1474 1647 3804 250 856 328 216 2972 128330 94217
internal_value=-1.94497e-05 2.70651e-06 -1.21785e-05 -0.00785169 0.00443395 -0.000629841 0.00852941 0.0110664 1.54143e-05 0.0031986 -0.00105985 -4.12915e-06 -1.87774e-05 -0.000797037
internal_weight=15826.3 15797.6 15759.7 40.3569 37.9795 22.6577 15.3218 12.7214 15719.3 81.0322 27.944 15638.3 15592.4 1719.18
internal_count=274036 255904 245892 14250 10012 4484 5528 4054 231642 1400 1072 230242 225519 97189
is_linear=0
shrinkage=0.03


Tree=207
num_leaves=15
num_cat=0
split_feature=11 11 11 3 8 11 11 4 4 3 10 11 11 5
split_gain=3.02258 1.11229 2.93451 4.73963 5.05645 2.93749 2.89769 1.69315 1.28101 2.06576 1.19805 1.17985 1.70683 1.49583
threshold=-4.6651954996555949 -4.3724395080059386 -3.6736990204985651 0.032241985761766477 0.35922090048875471 -3.8018545381560966 -3.8018545381560966 0.73030303030303034 0.74166666666666681 0.021700070390207951 0.20046101029984034 -3.5481186001187672 -3.4274191881169513 16.500000000000004
decision_type=2 2 2 2 2 2 2 2 2 2 2 2 2 2
left_child=-1 7 3 4 5 -3 10 -2 -7 -10 -6 13 -13 -4
right_child=1 2 11 -5 6 8 -8 -9 9 -11 -12 12 -14 -15
leaf_value=-0.0079239509255920795 -0.0047568946552756656 -0.0096726314369697582 0.0063965710602088138 -0.012783765555100187 -0.0024086758311420652 -0.0048075680454942775 -0.0050443885153354431 0.0065263569723928039 -0.0035341282214499626 0.010352144165107281 0.0088746758914197265 -0.0049611345395226573 3.3525303931540364e-05 -0.0041360768129849223
leaf_weight=28.415636758552864 3.9898032606579354 42.328868852113374 35.884329387918115 26.567954326048493 3.456839832942932 2.8405252685770419 10.141151744406669 34.139584425021894 6.4932526252232483 8.7506965830689278 44.148840264650062 46.822309579933062 15526.831093017943 4.6777731804177156
leaf_count=18132 831 13980 5319 5249 518 471 1232 9181 1369 1629 5881 6046 203489 709
internal_value=-1.91501e-05 2.57246e-06 -1.20258e-05 -0.00405768 -0.000876623 -0.00623736 0.00486136 0.00433602 0.00254322 0.00561801 0.00767455 2.93318e-05 1.37495e-05 0.00439322
internal_weight=15825.5 15797.1 15758.9 144.728 118.16 60.4133 57.7468 38.1294 18.0845 15.2439 47.6057 15614.2 15573.7 40.5621
internal_count=274036 255904 245892 30329 25080 17449 7631 10012 3469 2998 6399 215563 209535 6028
is_linear=0
shrinkage=0.03


Tree=208
num_leaves=15
num_cat=0
split_feature=11 8 7 11 7 3 7 11 11 10 4 4 12 9
split_gain=2.92011 1.06425 2.06702 3.9917 1.90809 4.39869 4.60803 4.30616 2.60505 1.82497 3.15666 2.63835 5.80981 4.03434
threshold=-4.6651954996555949 0.31774527464915747 0.0056085051542415455 -4.5415488064608445 0.042678452167369506 0.058914293729835886 0.050394829356163386 -2.2161467702179132 -1.6888807376687232 0.34890365439959597 0.77350427350427364 0.65686274509803932 2.1383330595080281 1.6271661634722758
decision_type=2 2 2 2 2 2 2 2 2 2 2 2 2 2
left_child=-1 2 3 -2 7 8 -7 9 -6 11 -11 13 -13 -3
right_child=1 4 -4 -5 5 6 -8 -9 -10 10 -12 12 -14 -15
leaf_value=-0.007809170402557155 0.0079657871506034449 0.0083304637418699454 -0.0001744293346400462 -0.0094514770476677029 0.0050259579752349234 -0.0061492733342077156 0.00040880640790107148 -0.00816826686256528 -0.0026788553281800326 -0.0082553782329060806 0.0057730023051139681 -0.0081395725026583432 0.00058789205897819517 0.00030569560706954321
leaf_weight=28.192172171082348 3.168919932213611 49.581339431693777 9063.4991082563065 34.50788647250738 256.16728675365448 83.202855991199613 5414.357514437288 54.41451925970614 36.5440868511796 41.666553458198905 7.5716286054812363 85.069480770034716 212.90150255849585 454.58305871370248
leaf_count=18132 1516 2482 134370 14327 4895 1949 40714 1331 518 2942 900 5320 24649 19991
internal_value=-1.93847e-05 1.91202e-06 -0.000209161 -0.00613539 0.000288625 0.000489293 0.000293091 -0.000981218 0.00398034 -0.000388397 -0.00525385 1.22461e-06 -0.00217445 0.00131277
internal_weight=15825.4 15797.2 9101.18 37.6768 6696.06 5790.27 5497.56 905.788 292.711 851.374 49.2382 802.135 297.971 504.164
internal_count=274036 255904 150213 15843 105691 48076 42663 57615 5413 56284 3842 52442 29969 22473
is_linear=0
shrinkage=0.03


Tree=209
num_leaves=15
num_cat=0
split_feature=11 11 7 4 8 8 8 7 9 4 7 4 3 10
split_gain=2.82127 1.05511 3.40393 1.64007 1.51076 1.07049 1.05275 0.989057 1.19815 0.973035 1.52264 0.934442 3.04684 4.92025
threshold=-4.6651954996555949 -4.3724395080059386 0.0056085051542415455 0.73030303030303034 0.36221517699566258 0.25608342065234407 0.63714962435624423 0.0031482179538451695 1.791334307541256 0.20714285714285716 0.050394829356163386 0.14835164835164838 0.16773627551006801 0.30854390169055218
decision_type=2 2 2 2 2 2 2 2 2 2 2 2 2 2
left_child=7 3 4 -2 -3 -5 11 -1 -9 -8 -11 -4 -13 -14
right_child=1 2 6 5 -6 -7 9 8 -10 10 -12 12 13 -15
leaf_value=-0.010163693237516747 -0.0047205138148385074 -0.0092050936689874411 0.00029157709093213737 -0.0027891688328674745 0.0028650242264063957 0.0077786367912149445 0.0051372659387068685 -0.0044363460990203499 0.0060629205231589878 0.0043701884375268911 -0.0053674797044787129 -5.8552053967678326e-05 -0.00091419247353910298 -0.0081443077940804697
leaf_weight=18.23544930154458 3.9628385182004413 35.34527630766388 5895.5540529824793 2.6348693587351582 4.1472706464119247 31.718465474317782 52.428407559171319 7.2730454336851817 2.4651625669794157 12.650494142435493 15.825710110366343 9221.8484796904959 428.5320090726018 92.148318581283092
leaf_count=13779 831 13489 31757 1493 761 7688 355 3081 1272 823 222 195392 2513 580
internal_value=-1.9469e-05 1.41235e-06 -1.283e-05 0.00421457 -0.00749783 0.00636673 1.31055e-05 -0.00769578 0.000286155 0.00314666 -0.00102627 -6.10594e-06 -0.000186416 -0.00238598
internal_weight=15824.8 15796.8 15758.5 38.3162 39.4925 34.3533 15719 27.9737 9.73821 80.9046 28.4762 15638.1 9742.53 520.68
internal_count=274036 255904 245892 10012 14250 9181 231642 18132 4353 1400 1045 230242 198485 3093
is_linear=0
shrinkage=0.03


Tree=210
num_leaves=15
num_cat=0
split_feature=7 4 10 0 3 3 9 8 4 10 9 8 9 9
split_gain=2.59283 2.38894 1.78126 1.07355 0.967887 3.03381 2.7327 2.85868 2.48988 3.22793 3.2249 2.40216 2.4746 4.30133
threshold=0.0041745393042925327 0.87083333333333346 0.24414981615364431 10.500000000000002 0.10595963422768236 0.14411193125933389 2.4246864496311145 0.1806655184068662 0.19375000000000003 0.30147511177332381 1.4693127104713464 0.22666258476817219 2.2118685301763787 2.1734494846250758
decision_type=2 2 2 2 2 2 2 2 2 2 2 2 2 2
left_child=1 2 -1 -3 -2 -6 7 -7 10 -10 -9 12 13 -12
right_child=4 3 -4 -5 5 6 -8 8 9 -11 11 -13 -14 -15
leaf_value=0.0080310040269155874 -0.0002300785103659244 0.0022531483579335352 -0.0050940918572805255 -0.01011216746978431 0.0018580357089598726 0.0048715553428853439 -0.0049601415528006121 0.0034698630456079125 -0.00069028664693678347 -0.0064062762599208494 -0.0011082506225457158 0.00026282605272172008 -5.1248683092709745e-05 -0.0087588384972069108
leaf_weight=7.0742172923637536 7893.6650014119223 1.7396875042468298 3.0615003432612866 34.691011810791679 905.70452240854502 96.007534086704254 82.55818597227335 242.69456399977207 407.89088867604733 100.38291585445404 214.10623590648174 5335.6811768747866 414.54872057586908 84.317039951682091
leaf_count=3253 200151 1053 1802 22107 7298 702 611 1169 2406 671 1315 28205 2753 540
internal_value=-1.94443e-05 -0.006164 0.00339243 -0.00903676 4.52837e-06 0.000239417 2.58003e-05 9.61315e-05 1.81301e-05 -0.00197046 0.000183092 4.29569e-05 -0.00157399 -0.0035856
internal_weight=15824.1 46.5664 10.1357 36.4307 15777.6 7883.89 6978.19 6895.63 6799.62 508.274 6291.35 6048.65 712.972 298.423
internal_count=274036 28215 5055 23160 245821 45670 38372 37761 37059 3077 33982 32813 4608 1855
is_linear=0
shrinkage=0.03


Tree=211
num_leaves=15
num_cat=0
split_feature=6 2 7 8 7 6 3 11 7 3 8 11 9 11
split_gain=2.76073 1.08672 1.80722 0.982278 2.34645 1.76894 3.30626 3.26613 3.22245 3.07049 3.70451 2.7185 4.56365 2.45704
threshold=5.5347719124473356 0.06458333333333334 0.0023457417029032943 0.31774527464915747 0.0056085051542415455 2.920466156401718 0.058914293729835886 -2.2161467702179132 0.061297778017475525 0.059590362223856476 0.41896581059515986 -1.9206719652450908 1.4693127104713464 -1.5526074380019355
decision_type=2 2 2 2 2 2 2 2 2 2 2 2 2 2
left_child=3 2 -2 4 -1 6 -5 -7 9 -8 -11 12 -10 -13
right_child=1 -3 -4 5 -6 7 8 -9 11 10 -12 13 -14 -15
leaf_value=-0.0069960539226102316 -0.0059294548283887801 -0.010587838960633171 0.0070840574343660799 0.0035066501439914 -0.00016817532858900202 -0.00041548051149476118 0.0031343822067336235 -0.0070593014732609595 -0.0036375429745737565 -0.0084161682551982375 -0.00064635750078227347 -0.0017724810522231442 0.00839290472561963 0.00055974212430372802
leaf_weight=30.538937487872317 4.9333864973159525 15.871710526873356 3.6017778100213036 290.82461682334542 9061.7759971756022 861.25887728377711 50.450340911746025 57.416604369878769 31.035555925220251 93.092533722519875 118.49861717969179 430.36558555066586 76.139299966394901 4697.0728716701269
leaf_count=12300 3842 11084 2375 5354 134370 60671 1066 1404 450 1872 2502 5869 1081 29796
internal_value=-1.93511e-05 -0.00794995 0.000577092 4.30173e-07 -0.000202593 0.000275531 0.00047 -0.000937455 0.000300226 -0.00285469 -0.00439564 0.000465865 0.00489026 0.000359391
internal_weight=15822.9 24.4069 8.53516 15798.5 9092.31 6706.15 5787.48 918.675 5496.65 262.041 211.591 5234.61 107.175 5127.44
internal_count=274036 17301 6217 256735 146670 110065 47990 62075 42636 5440 4374 37196 1531 35665
is_linear=0
shrinkage=0.03


Tree=212
num_leaves=15
num_cat=0
split_feature=6 2 7 11 11 4 4 4 8 7 9 8 4 9
split_gain=2.68253 1.06813 1.78325 0.960686 0.943177 2.03792 4.89238 4.36694 2.44559 2.31532 2.07914 2.63797 2.01247 2.47517
threshold=5.5347719124473356 0.06458333333333334 0.0023457417029032943 -4.5415488064608445 -1.203109991342201 0.35504201680672276 0.30384615384615393 0.26969696969696971 0.18486769293965513 0.11064625738982067 2.1259972414438724 0.4850205704729757 0.22649572649572652 1.8950302924650388
decision_type=2 2 2 2 2 2 2 2 2 2 2 2 2 2
left_child=4 2 -2 -4 5 6 7 12 -7 10 11 -9 13 -1
right_child=1 -3 3 -5 -6 8 -8 9 -10 -11 -12 -13 -14 -15
leaf_value=0.0020004467373598051 -0.0058941617816186294 -0.010481984635369939 0.0098794837053167803 -0.0024437847350183696 0.00015910757718280699 -0.0039591220521632848 -0.0036565979279249944 0.009116975687367487 0.00019239301527432525 -0.0024751257437686937 -0.0013879919598074933 -0.00067357863628352433 -0.0026785140619845194 -0.002731473553302062
leaf_weight=274.90118759125471 4.9042958160862344 15.70504421694204 2.2994513447629292 1.3278509624069554 10737.901669852436 117.50690256233793 494.12868530955166 93.945864286273718 3511.3757512436714 32.258145436644554 27.823254080489278 29.514460026752204 341.63948267325759 136.6961689516902
leaf_count=3020 3842 11084 1564 811 74152 5480 8756 1407 156312 296 429 467 4757 1659
internal_value=-1.94453e-05 -0.00785391 0.000581718 0.00703311 1.30822e-08 -0.00033709 -0.0012895 -2.96438e-06 4.22184e-05 0.00396322 0.0054355 0.00695703 -0.00102792 0.000388136
internal_weight=15821.9 24.2366 8.5316 3.6273 15797.7 5059.79 1430.91 936.779 3628.88 183.542 151.284 123.46 753.237 411.597
internal_count=274036 17301 6217 2375 256735 182583 20791 12035 161792 2599 2303 1874 9436 4679
is_linear=0
shrinkage=0.03


Tree=213
num_leaves=15
num_cat=0
split_feature=6 2 7 11 8 6 11 10 7 11 7 6 7 12
split_gain=2.60429 1.0527 1.76247 0.952955 0.929975 2.28809 2.59107 3.1115 4.23935 3.42757 1.7265 4.35384 2.2895 2.32693
threshold=5.5347719124473356 0.06458333333333334 0.0023457417029032943 -4.5415488064608445 0.31774527464915747 4.4349746333048614 -3.0469630640349652 0.16979703937445659 0.012918276556817055 -3.1575204647268635 0.020331361185642664 3.7412339808651516 0.018178758054825953 2.3502401828962087
decision_type=2 2 2 2 2 2 2 2 2 2 2 2 2 2
left_child=4 2 -2 -4 5 6 7 9 -9 -1 11 -6 13 -13
right_child=1 -3 3 -5 10 -7 -8 8 -10 -11 -12 12 -14 -15
leaf_value=-0.0069523175259492628 -0.0058591835275191729 -0.01037716461435872 0.0098269654372606634 -0.002438312233600404 -0.010213960092076564 -0.0040660212958411081 -0.00018819916884936085 0.015441428130843114 -0.0037356976127541379 0.0062717774608335147 0.00038025433494573999 -0.0036032895291139969 0.0074648968839343783 0.0015227185131519209
leaf_weight=21.158293111249804 4.87554846389685 15.541764082503503 2.3222100581042473 1.3246206712210549 32.619691450148821 120.58977258997038 8901.4672622210346 20.509950151201341 7.719392852857708 19.543361462652683 6365.9823298193514 152.50225997343659 15.210020268801598 139.9106155524496
leaf_count=2141 3842 11084 1564 811 1909 25483 114625 2087 562 1772 67785 17963 900 21508
internal_value=-1.93092e-05 -0.00775574 0.000593722 0.00699423 -1.78049e-07 -0.000197745 -0.000139043 0.00510796 0.0107208 -0.000623602 0.000267489 -0.00176934 -0.000440636 -0.00119603
internal_weight=15821.3 24.0641 8.52238 3.64683 15797.2 9090.99 8970.4 68.931 28.2293 40.7017 6706.22 340.243 307.623 292.413
internal_count=274036 17301 6217 2375 256735 146670 121187 6562 2649 3913 110065 42280 40371 39471
is_linear=0
shrinkage=0.03


Tree=214
num_leaves=15
num_cat=0
split_feature=6 2 7 3 3 7 4 9 9 9 8 5 9 3
split_gain=2.52873 1.03738 1.74188 0.896795 3.95847 4.23995 3.49868 3.72454 3.08292 3.28387 3.05817 3.69107 3.34183 5.17546
threshold=5.5347719124473356 0.06458333333333334 0.0023457417029032943 0.049658635186547062 0.05753480616479878 0.061297778017475525 0.35504201680672276 2.1259972414438724 1.9003209804924526 1.8753086706891862 0.19310294634574562 17.500000000000004 2.1423111339028202 0.0489356033026579
decision_type=2 2 2 2 2 2 2 2 2 2 2 2 2 2
left_child=3 2 -2 10 -5 -6 -7 8 9 -8 -1 12 -12 -14
right_child=1 -3 -4 4 5 6 7 -9 -10 -11 11 -13 13 -15
leaf_value=-0.0033635879850363853 -0.0058245166752325644 -0.010273375723498273 0.0069551983781175556 0.0023679676193950443 -0.002779699499714813 -5.6580508108925449e-05 0.0016320383553044861 0.0070524887584461401 -0.0012973807442332522 0.0094040894265764296 -0.00070698141545690724 -0.0035958097176506387 0.0025547003608193076 -0.0035807656158245121
leaf_weight=282.29893953562714 4.84713775618002 15.381783651071599 3.6664759509731084 645.27159735548776 465.26702641521115 10950.218842253089 512.10819782689214 94.668439481407404 294.45179577916861 40.686084598302841 1359.4287788274232 236.2617535245372 783.06600775092375 132.88673234917223
leaf_count=9519 3842 11084 2375 13134 11427 77826 5581 1085 3355 459 85836 12347 33983 2183
internal_value=-1.89332e-05 -0.00765886 0.000605141 -1.21554e-07 0.000104779 -1.61262e-05 9.53612e-05 0.00183496 0.00113942 0.00243739 -0.00048627 -0.000144822 0.00023471 0.00162121
internal_weight=15820.5 23.8954 8.51361 15796.6 13002.7 12357.4 11892.1 941.915 847.246 552.794 2793.94 2511.64 2275.38 915.953
internal_count=274036 17301 6217 256735 112867 99733 88306 10480 9395 6040 143868 134349 122002 36166
is_linear=0
shrinkage=0.03


Tree=215
num_leaves=15
num_cat=0
split_feature=6 2 7 11 11 4 4 11 3 9 8 10 9 10
split_gain=2.45823 1.01937 1.71874 0.947507 0.897424 4.06753 5.89772 3.33422 2.91375 2.55942 5.49209 2.47205 2.34584 3.93184
threshold=5.5347719124473356 0.06458333333333334 0.0023457417029032943 -4.5415488064608445 -0.67294447324242579 0.34313725490196084 0.2817460317460318 -0.71314984786679469 0.098537378838069858 2.2061130252631136 0.30660343897995629 0.15687830075648471 1.809077832229 0.14107026549974302
decision_type=2 2 2 2 2 2 2 2 2 2 2 2 2 2
left_child=4 2 -2 -4 7 6 8 -1 -6 10 -8 -9 -7 -14
right_child=1 -3 3 -5 5 12 9 11 -10 -11 -12 -13 13 -15
leaf_value=-0.00011421343242416142 -0.0057901573664790639 -0.010170613590615168 0.0097368827374275171 -0.0024484359330148747 0.0030669275460188244 0.0091933335650267213 0.00089241814764911545 -0.00018559251451078936 0.00016023850766066542 -0.0084683111691128791 -0.0089057051963063148 -0.0062391010485410509 0.0068006014211352854 -0.0028996697538421199
leaf_weight=7680.5666999666719 4.8190592647297326 15.225021259393541 2.3613858261378486 1.3305974091636015 309.68819436430931 51.121153898537159 163.19207209348679 107.76875601708889 7106.1290832981467 69.552404917776585 58.695489034056664 126.90220148861408 57.177821032702923 65.722386032342911
leaf_count=208848 3842 11084 1564 811 2770 331 1266 1077 39281 737 336 977 570 542
internal_value=-1.84359e-05 -0.00756662 0.000608475 0.00690464 7.35957e-08 0.000226465 0.000119598 -0.000225348 0.000287569 -0.00395935 -0.00209926 -0.0036373 0.00457439 0.0018621
internal_weight=15820.3 23.7361 8.51104 3.69198 15796.5 7881.28 7707.26 7915.24 7415.82 291.44 221.888 234.671 174.021 122.9
internal_count=274036 17301 6217 2375 256735 45833 44390 210902 42051 2339 1602 2054 1443 1112
is_linear=0
shrinkage=0.03


Tree=216
num_leaves=15
num_cat=0
split_feature=6 2 7 11 8 7 6 5 7 6 4 3 11 8
split_gain=2.38721 1.00432 1.69858 0.939782 0.913074 2.43319 1.29762 3.23532 2.25946 3.44614 3.4861 3.67512 3.48167 3.21574
threshold=5.5347719124473356 0.06458333333333334 0.0023457417029032943 -4.5415488064608445 0.31889292310885048 0.0056085051542415455 5.0156227806031533 15.500000000000002 0.020331361185642664 3.7412339808651516 0.51470588235294124 0.032241985761766477 -3.6316067503048512 0.49251446170600338
decision_type=2 2 2 2 2 2 2 2 2 2 2 2 2 2
left_child=4 2 -2 -4 5 -1 8 -8 9 -6 -11 -12 -13 -14
right_child=1 -3 3 -5 6 -7 7 -9 -10 10 11 12 13 -15
leaf_value=-0.0070956398522032636 -0.0057561025309657409 -0.010068872424615061 0.0096841122067651258 -0.0024429435120091403 -0.0097938978116538199 -0.00015808893318753278 0.010693438939649014 -0.0032207520158619913 0.00035537832776575448 0.0080213646181312628 0.00082498351972808235 -0.013262706616199754 -0.0043850034262008361 0.0088816340503836862
leaf_weight=30.737247706972994 4.7913067199988308 15.07139594980981 2.3844165742630143 1.327354314853437 31.666626825928688 9186.4168420257047 18.846904403646477 17.400765312486328 6245.7584939571097 20.29868829343468 154.69110480160452 25.959320414112881 57.908417862374336 6.5454989206045857
leaf_count=12492 3842 11084 1564 811 1877 136223 5171 5042 66456 1864 17159 4818 5017 616
internal_value=-1.83382e-05 -0.0074723 0.000618857 0.00686551 -1.35498e-07 -0.000192715 0.00026949 0.00502628 0.0002317 -0.00226067 -0.00088601 -0.00204373 -0.00637089 -0.00161533
internal_weight=15819.8 23.5745 8.50308 3.71177 15796.2 9217.15 6579.08 36.2477 6542.83 297.07 265.403 245.104 90.4132 64.4539
internal_count=274036 17301 6217 2375 256735 148715 108020 10213 97807 31351 29474 27610 10451 5633
is_linear=0
shrinkage=0.03


Tree=217
num_leaves=15
num_cat=0
split_feature=6 0 7 8 7 6 4 8 10 3 4 0 8 3
split_gain=2.31844 0.989375 1.6786 0.860648 2.13318 1.54456 3.18185 4.0509 3.6114 3.0342 2.97543 3.44224 3.58821 3.79299
threshold=5.5347719124473356 15.500000000000002 0.0023457417029032943 0.31774527464915747 0.0056085051542415455 2.920466156401718 0.36038961038961043 0.36061877803980896 0.34890365439959597 0.058914293729835886 0.55050505050505061 9.5000000000000018 0.49251446170600338 0.041096290117713409
decision_type=2 2 2 2 2 2 2 2 2 2 2 2 2 2
left_child=3 -2 -3 4 -1 9 -7 -8 10 -5 -9 12 -12 -14
right_child=1 2 -4 5 -6 6 7 8 -10 -11 11 -13 13 -15
leaf_value=-0.0067081793591361018 -0.0099681478417537276 -0.0057223486223914408 0.0068262417338811878 0.0033408232078911224 -0.00015787596101032774 -0.0079416135197111007 -0.0034821608898249895 0.0039879937134024461 -0.0061916315191841787 0.0002756529407423146 -0.0045965459697838076 0.0029621104276215072 -0.0049327058948854157 0.011788659128790601
leaf_weight=29.979901611921377 14.920829793089071 4.763875794131307 3.7316709089791402 292.17369746044278 9059.2330699702725 39.110845799557865 258.30385428993031 244.03093951265328 44.459257817012258 5497.5882055535913 159.5882151304977 147.24477627885062 9.9474684698507208 14.153012798982671
leaf_count=12300 11084 3842 2375 5354 134370 1463 17376 8773 4506 42636 9623 18595 937 802
internal_value=-1.83083e-05 -0.00737925 0.000628678 -4.05623e-07 -0.000190498 0.00025707 -0.000877675 -0.000434761 0.000888309 0.000438567 0.00157927 -0.000292829 -0.00292863 0.00564229
internal_weight=15819.2 23.4164 8.49555 15795.8 9089.21 6706.6 916.838 877.728 619.424 5789.76 574.964 330.933 183.689 24.1005
internal_count=274036 17301 6217 256735 146670 110065 62075 60612 43236 47990 38730 29957 11362 1739
is_linear=0
shrinkage=0.03


Tree=218
num_leaves=15
num_cat=0
split_feature=6 0 7 8 6 4 10 9 7 7 6 10 8 10
split_gain=2.25417 0.971961 1.65627 0.809675 2.07799 2.38357 4.83929 3.67562 3.6199 3.20487 2.63737 4.37774 2.53894 4.7241
threshold=5.5347719124473356 15.500000000000002 0.0023457417029032943 0.31774527464915747 4.3950660578969041 0.73030303030303034 0.17079476091449794 2.1423111339028202 0.037306525805610287 0.032532465394676212 2.9575076874722881 0.14107026549974302 0.18903196883655396 0.10525731623500792
decision_type=2 2 2 2 2 2 2 2 2 2 2 2 2 2
left_child=3 -2 -3 4 5 9 7 -7 -8 -1 -11 -12 13 -9
right_child=1 2 -4 -5 -6 6 8 12 -10 10 11 -13 -14 -15
leaf_value=-0.0025785601601257665 -0.0098684355836035787 -0.0056888918436803285 0.0067760894712928406 0.00024895719926425924 -0.0037581358562979953 -0.0052081742674710586 0.012661898856902276 0.0066220942650608693 -0.0027810792567699947 -0.00018747424328790553 0.0063025344304617984 -0.0004913171882471954 0.0045351483954340103 -0.010327391521749369
leaf_weight=472.95606626523659 14.773247780976819 4.7367609448265267 3.757147399825044 6707.5512676620856 129.19367736810818 60.467424549628049 42.766708450391889 12.624325501732526 11.748175799846647 7883.6526173502207 136.90099179558456 190.33544799499214 127.89155919430777 19.465937756933272
leaf_count=23524 11084 3842 2375 110065 26542 3353 2598 666 226 72363 3356 5011 7842 1189
internal_value=-1.83649e-05 -0.00729073 0.000630794 -7.45799e-07 -0.00018515 -0.000127429 0.00254867 0.000348162 0.0094519 -0.000216413 -7.58967e-05 0.00250259 0.00271469 -0.00367406
internal_weight=15818.8 23.2672 8.49391 15795.6 9088 8958.81 274.964 220.449 54.5149 8683.85 8210.89 327.236 159.982 32.0903
internal_count=274036 17301 6217 256735 146670 120128 15874 13050 2824 104254 80730 8367 9697 1855
is_linear=0
shrinkage=0.03


Tree=219
num_leaves=15
num_cat=0
split_feature=11 11 6 8 4 3 8 6 6 4 3 9 9 10
split_gain=2.24025 1.09692 2.58737 1.71034 1.62854 0.998811 0.993807 0.883523 1.33607 0.850044 1.41832 0.813471 1.63643 1.25834
threshold=-4.6651954996555949 -4.3724395080059386 4.9708543639281633 0.36221517699566258 0.73030303030303034 0.017979626926499619 0.63714962435624423 5.480430546593821 5.3281188283429985 0.20714285714285716 0.083868137755034003 1.9003209804924526 1.6560164723978006 0.22097931566515078
decision_type=2 2 2 2 2 2 2 2 2 2 2 2 2 2
left_child=7 4 6 -4 -2 -6 -3 8 -1 -8 -11 12 -7 -13
right_child=1 2 3 -5 5 11 9 -9 -10 10 -12 13 -14 -15
leaf_value=-0.0049082204564290547 -0.0046600809420603746 -1.0796632735029288e-05 -0.0086988494757660132 0.0037061967067623276 -0.002905067679290167 0.0072536496213961524 0.0049110431130469211 -0.0092026961155757814 0.0063067592458073479 0.0042777220865408512 -0.0051246036647298494 0.012846687712179885 -0.0038568160525440276 -0.0022666585577539645
leaf_weight=5.3039074721746164 3.9181378588546059 15636.463807644788 32.755458735511638 3.671420890139415 1.6023694968316693 6.7049120718147632 52.355822863057256 18.14400849211961 3.1737600339110941 12.689068807289006 15.611418777145444 12.274666597135363 12.461194198811425 1.2183301215991367
leaf_count=1781 831 230796 13038 658 651 1066 355 14520 1831 795 250 4584 2656 224
internal_value=-1.79449e-05 3.74847e-07 -1.41318e-05 -0.00673223 0.00430172 0.0064335 7.84249e-06 -0.00696879 0.000637264 0.00305638 -0.000887409 0.00766181 0.00150813 0.0110072
internal_weight=15818.3 15791.7 15753.5 36.4269 38.1796 34.2615 15717.1 26.6217 8.47767 80.6563 28.3005 32.6591 19.1661 13.493
internal_count=274036 255904 245892 13696 10012 9181 232196 18132 3612 1400 1045 8530 3722 4808
is_linear=0
shrinkage=0.03


Tree=220
num_leaves=15
num_cat=0
split_feature=11 11 7 8 9 9 8 3 6 11 3 6 7 11
split_gain=2.17026 1.05602 2.78515 1.36372 1.34353 1.58679 1.32312 0.975491 1.24582 3.09992 4.76013 2.23481 4.17072 1.26949
threshold=-4.6651954996555949 -4.3724395080059386 0.0056085051542415455 0.36221517699566258 1.9003209804924526 1.6560164723978006 0.25608342065234407 0.02079352616939114 4.4349746333048614 -3.5076391834373966 0.031576604791400252 4.4744917000096054 0.0084925317197390698 -3.4680068003425504
decision_type=2 2 2 2 2 2 2 2 2 2 2 2 2 2
left_child=-1 4 3 -3 5 -2 -6 -4 13 10 11 -10 -13 -9
right_child=1 2 7 -5 6 -7 -8 8 9 -11 -12 12 -14 -15
leaf_value=-0.0068730775387012763 0.0051832270315464567 -0.0085660704709987438 0.003803629387654169 0.0028025818807072959 -0.0025575895625429414 -0.0052874772007633717 0.010713500146297711 -0.0039525069462091151 -0.0061996151062540302 -0.0086801788254708585 -0.0094285176442996024 0.0010824110275792374 0.015842867208257543 3.9386005624732151e-05
leaf_weight=26.450100637273863 8.8240983353462088 33.855375949526206 45.749401780311018 4.1832944825291625 2.4865490363445124 14.042274397099389 12.959518847870639 57.032890422735363 5.1146603827364734 36.639076736755669 18.393514716997743 64.673012111568823 9.8133880868554098 15477.68137716176
leaf_count=18132 1451 13489 4723 761 1474 3033 4054 7647 641 4663 3568 10216 1205 198979
internal_value=-1.74803e-05 5.14106e-07 -1.37378e-05 -0.00687679 0.00421564 -0.000794231 0.00836958 9.41608e-06 -5.28887e-06 -0.00272958 0.000352226 0.00374891 0.00535673 2.09319e-05
internal_weight=15817.9 15791.4 15753.1 38.0387 38.3124 22.8664 15.4461 15715.1 15669.3 134.634 97.9946 79.6011 74.4864 15534.7
internal_count=274036 255904 245892 14250 10012 4484 5528 231642 226919 20293 15630 12062 11421 206626
is_linear=0
shrinkage=0.03


Tree=221
num_leaves=15
num_cat=0
split_feature=11 11 6 8 4 3 8 6 6 3 3 11 4 4
split_gain=2.0973 1.02471 2.37789 1.64062 1.57933 0.977527 0.949614 0.880653 1.31544 0.825432 1.91321 0.79578 3.96039 3.31088
threshold=-4.6651954996555949 -4.3724395080059386 4.9708543639281633 0.36221517699566258 0.73030303030303034 0.017979626926499619 0.63714962435624423 5.480430546593821 5.3281188283429985 0.14908409465980663 0.098537378838069858 -0.67294447324242579 0.37980769230769235 0.2817460317460318
decision_type=2 2 2 2 2 2 2 2 2 2 2 2 2 2
left_child=7 4 6 -4 -2 -6 11 8 -1 10 -8 -3 13 -13
right_child=1 2 3 -5 5 -7 9 -9 -10 -11 -12 12 -14 -15
leaf_value=-0.0048311134634388539 -0.0046429315458140384 -0.0002254540447496894 -0.0084468391940101251 0.0036644125339787429 -0.0029137057335851292 0.0074684054528833975 0.0045914639874334957 -0.0090193322515052989 0.0063103469498010378 0.00479460779525434 -0.0063657559812576679 0.00026033005003574548 0.0057419678613952075 -0.0026085604206611706
leaf_weight=5.2422015049960482 3.9054847273509941 7793.3571720772889 32.201366869732738 3.6943480281624934 1.6076080792117853 32.903382295626216 14.941159714944662 17.855386223061942 3.1719695846550167 52.849962374195457 12.821582645177839 7377.8744470253587 99.458169661462307 365.71317777782679
leaf_count=1781 831 185143 13038 658 651 8530 856 14520 1831 328 216 41871 820 2962
internal_value=-1.73131e-05 3.38001e-07 -1.37147e-05 -0.00648775 0.00414845 0.00624856 7.24292e-06 -0.00677145 0.000720891 0.00298791 -0.00092678 -1.09726e-05 0.000202174 0.000120057
internal_weight=15817.6 15791.3 15752.9 35.8957 38.4165 34.511 15717 26.2696 8.41417 80.6127 27.7627 15636.4 7843.05 7743.59
internal_count=274036 255904 245892 13696 10012 9181 232196 18132 3612 1400 1072 230796 45653 44833
is_linear=0
shrinkage=0.03


Tree=222
num_leaves=15
num_cat=0
split_feature=11 11 7 4 3 3 3 11 9 10 11 11 6 3
split_gain=2.03159 0.959556 2.57217 1.52964 0.950168 0.932343 1.21963 3.20377 4.14337 2.33002 2.27511 1.45912 1.27283 1.71374
threshold=-4.6651954996555949 -4.3724395080059386 0.0056085051542415455 0.73030303030303034 0.017979626926499619 0.02079352616939114 0.024191545538525212 -2.6843942121292486 2.1734494846250758 0.13386357335583973 -3.5481186001187672 -2.9730193800863263 4.2054383316843014 0.032241985761766477
decision_type=2 2 2 2 2 2 2 2 2 2 2 2 2 2
left_child=-1 3 -3 -2 -5 -4 7 8 10 11 -7 -10 -8 -14
right_child=1 2 5 4 -6 6 12 -9 9 -11 -12 -13 13 -15
leaf_value=-0.0066778349268980294 -0.0046185974036638813 -0.0066419858131893566 0.0037133511234757519 -0.0029060696340096007 0.0072768622638562739 0.00028149856784669293 4.8209689103582585e-05 -0.0097097046755248231 -0.0058846807171966976 0.0090651140806111644 -0.011480375706062916 0.0039151767219880096 -0.00049653913187045254 -0.0070991613529341937
leaf_weight=26.104546952643432 3.8875810257159165 37.509063895209692 45.908626950113103 1.6029618741013099 33.14746836188715 27.397223392734304 15386.45324507216 27.143831821158528 13.459848261671143 30.776567658176646 15.503674599109216 12.274898498319088 118.25472579197958 37.091284599388018
leaf_count=18132 831 14250 4723 651 8530 4062 191966 1629 1623 2883 1616 991 15705 6444
internal_value=-1.69823e-05 3.5646e-07 -1.32713e-05 0.0040061 0.00607257 8.87006e-06 -5.52533e-06 -0.00277759 0.000140019 0.00495416 -0.00584203 -0.00148991 1.97038e-05 -0.00255932
internal_weight=15816.5 15790.4 15751.8 38.638 34.7504 15714.3 15668.4 126.556 99.4122 56.5113 42.9009 25.7347 15541.8 155.346
internal_count=274036 255904 245892 10012 9181 231642 226919 12804 11175 5497 5678 2614 214115 22149
is_linear=0
shrinkage=0.03


Tree=223
num_leaves=15
num_cat=0
split_feature=11 11 11 10 12 2 8 9 5 10 9 6 6 10
split_gain=1.96303 0.909548 2.61795 1.6842 1.75796 1.03448 0.902875 1.30148 2.11113 1.52506 0.970857 0.877047 1.29519 0.818274
threshold=-4.6651954996555949 -4.3195713098835729 -3.8925623830426956 0.24414981615364431 2.249904835165133 0.080128205128205135 0.25608342065234407 1.996611466501977 15.500000000000002 0.20356743358037263 1.5902600688429172 5.480430546593821 5.3281188283429985 0.43194275929263715
decision_type=2 2 2 2 2 2 2 2 2 2 2 2 2 2
left_child=11 6 3 -3 -5 -6 -2 8 9 -8 -11 12 -1 -4
right_child=1 2 13 4 5 -7 7 -9 -10 10 -12 -13 -14 -15
leaf_value=-0.0047562088549495144 -0.003491991896230561 -0.0078808481741059356 -2.2132579769527444e-06 -0.0059014661173324998 -0.0029315799303646973 0.0070030302733257487 -0.0041326878182555765 0.010341575127294802 -0.0053723320411127517 -0.00078035727214207479 0.010532154605490181 -0.0088400433604924056 0.0063126743892912649 0.0027754781323595522
leaf_weight=5.1826106295920926 3.1018054855521759 47.088742046034895 15586.248619820573 8.6004178568255174 3.8055755610112127 16.510141725186259 2.3865663129836348 8.7714544860646111 14.139613106846808 6.5132233622716766 12.32762336253654 17.577982201357372 3.1708082786062732 81.037438638042659
leaf_count=1781 1856 13733 224578 1811 478 2139 851 3006 2985 1016 2272 14520 1831 1179
internal_value=-1.73741e-05 -3.6567e-07 -1.4661e-05 -0.00508822 0.000597943 0.00468733 0.00361908 0.00487777 0.000846384 0.00549798 0.00800898 -0.00657874 0.000801325 1.47951e-05
internal_weight=15816.5 15790.5 15743.3 76.0049 28.9161 20.3157 47.2403 44.1385 35.367 21.2274 18.8408 25.9314 8.35342 15667.3
internal_count=274036 255904 243918 18161 4428 2617 11986 10130 7124 4139 3288 18132 3612 225757
is_linear=0
shrinkage=0.03


Tree=224
num_leaves=15
num_cat=0
split_feature=7 4 10 9 8 10 9 2 4 7 10 8 5 9
split_gain=1.73853 2.32399 1.8661 1.63213 1.35012 0.981479 0.784753 1.02508 0.712779 2.08771 1.59836 2.54222 1.47403 1.80512
threshold=0.0041745393042925327 0.92582417582417598 0.24414981615364431 1.868316234883389 0.34393151530750243 0.17722983935928052 1.5291899590487417 0.06458333333333334 0.14835164835164838 0.12738657106068649 0.16287231580964504 0.29412925037369786 12.500000000000002 1.9544544195385984
decision_type=2 2 2 2 2 2 2 2 2 2 2 2 2 2
left_child=1 2 3 4 -1 -5 -3 -8 9 -2 11 -11 13 -12
right_child=8 6 -4 5 -6 -7 7 -9 -10 10 12 -13 -14 -15
leaf_value=-0.0020873019627405853 -0.0039426961783777153 0.0018543270465124612 -0.005455302350712907 0.0039911827882119014 0.015290771739539088 -0.0056103213865000201 -0.00073747138425868798 -0.012689968391099806 -0.00015449605219498627 -7.3886265758055025e-05 -0.00056711759773109131 -0.0044452560042126596 0.001075339640940099 0.0034439922342084399
leaf_weight=1.1193041172809928 89.541236963123083 1.0091562182642544 4.5472906720824531 4.4093220416689274 1.5574618225218726 4.6668673421954736 10.613193057826722 16.149024160811678 9832.9066838980652 1876.4895337969065 1072.8444623202085 112.93751513212919 2690.9990218505263 96.351940661668777
leaf_count=622 926 816 3046 2425 848 2274 7403 10781 213835 11684 4699 655 13556 466
internal_value=-1.70638e-05 -0.00515408 0.00255662 0.00697714 0.0124192 -0.0013653 -0.00898926 -0.00991732 2.17395e-06 0.000261293 0.000335564 -0.000353453 0.000690656 -0.00019713
internal_weight=15816.1 44.0716 16.3002 11.753 2.67677 9.07619 27.7714 26.7622 15772.1 5939.16 5849.62 1989.43 3860.2 1169.2
internal_count=274036 28215 9215 6169 1470 4699 19000 18184 245821 31986 31060 12339 18721 5165
is_linear=0
shrinkage=0.03


Tree=225
num_leaves=15
num_cat=0
split_feature=11 11 11 7 12 3 11 4 8 7 8 8 3 3
split_gain=1.85723 0.900628 2.50987 1.4815 1.51911 2.51733 1.53758 1.15043 1.17038 0.846555 1.27252 0.749916 0.913826 1.52304
threshold=-4.6651954996555949 -4.3195713098835729 -3.8925623830426956 0.0071010441150216657 2.249904835165133 0.023369306574070103 -3.9359096621349452 0.71825396825396837 0.25608342065234407 0.0031482179538451695 0.43562585255549074 0.63714962435624423 0.15190049273145567 0.098537378838069858
decision_type=2 2 2 2 2 2 2 2 2 2 2 2 2 2
left_child=9 7 3 -3 -5 -6 -7 -2 -9 -1 -11 -4 13 -13
right_child=1 2 11 4 5 6 -8 8 -10 10 -12 12 -14 -15
leaf_value=-0.0088317336639642061 -0.0038628184733729199 -0.0076391441149408334 -1.932516348138479e-06 -0.0058894965289681533 -0.0058540623769028554 0.010999568740547692 -0.0026050190600773555 -0.0034441800781906552 0.0066100057466736469 0.0064745077679561839 -0.0043946390099714582 0.0040006847746724616 0.0046473502406992233 -0.0057818507979406552
leaf_weight=16.151568060624417 4.4841623014071947 46.44968420395162 15587.273168434622 7.3506915383040932 4.8221498690545586 13.451687042135751 3.583029139321293 3.0693224307615301 39.720750812441111 2.2687578252516669 7.2372899751644582 13.69865273172036 51.227363416925073 14.3599756504409
leaf_count=13779 912 14119 224578 1488 524 1599 431 1852 9222 1213 3140 635 312 232
internal_value=-1.68473e-05 -3.5776e-07 -1.45877e-05 -0.00499188 0.00038167 0.00402929 0.00825814 0.00360031 0.00518204 -0.00642046 0.000574627 1.42007e-05 0.00268164 -0.00127595
internal_weight=15815.1 15789.5 15742.2 75.6572 29.2076 21.8569 17.0347 47.2742 42.7901 25.6576 9.50605 15666.6 79.286 28.0586
internal_count=274036 255904 243918 18161 4042 2554 2030 11986 11074 18132 4353 225757 1179 867
is_linear=0
shrinkage=0.03


Tree=226
num_leaves=15
num_cat=0
split_feature=11 11 11 10 3 3 8 9 5 10 9 7 8 10
split_gain=1.79685 0.841737 2.42333 1.56174 1.71211 1.49045 0.857451 1.30165 2.02853 1.47312 0.946009 0.836626 1.25624 0.744309
threshold=-4.6651954996555949 -4.3195713098835729 -3.8925623830426956 0.24414981615364431 0.032241985761766477 0.023369306574070103 0.25608342065234407 1.996611466501977 15.500000000000002 0.20356743358037263 1.5902600688429172 0.0031482179538451695 0.43562585255549074 0.43194275929263715
decision_type=2 2 2 2 2 2 2 2 2 2 2 2 2 2
left_child=11 6 3 -3 5 -5 -2 8 9 -8 -11 -1 -13 -4
right_child=1 2 13 4 -6 -7 7 -9 -10 10 -12 12 -14 -15
leaf_value=-0.0087346912369583897 -0.0034398649458206297 -0.0076288441029307812 -2.3653147589064277e-06 -0.0040185360606675748 -0.0056413370521833199 0.0076584990301987992 -0.00411745830877516 0.010140553998730711 -0.0053493060532592588 -0.0008177434750678451 0.01024376032551213 0.0064434291735330218 -0.0043580096306492129 0.0026468418771699565
leaf_weight=16.009883719380017 3.0664100636495268 46.397224708925933 15585.46194940689 3.4416034403257134 9.571936408756299 15.96264571463689 2.3763777718413648 8.8897390849888307 14.112677218043244 6.5403563765576136 12.521531195379792 2.2834377689287049 7.2057303513865918 81.035349844954908
leaf_count=13779 1856 13733 224578 437 1972 2019 851 3006 2985 1016 2272 1213 3140 1179
internal_value=-1.67929e-05 -6.04856e-07 -1.43873e-05 -0.00491283 0.000554859 0.00473834 0.00347384 0.00469856 0.000732535 0.00529012 0.00775968 -0.0063278 0.000595848 1.38565e-05
internal_weight=15814.9 15789.4 15741.9 75.3734 28.9762 19.4042 47.5071 44.4407 35.5509 21.4383 19.0619 25.4991 9.48917 15666.5
internal_count=274036 255904 243918 18161 4428 2456 11986 10130 7124 4139 3288 18132 4353 225757
is_linear=0
shrinkage=0.03


Tree=227
num_leaves=15
num_cat=0
split_feature=11 6 6 11 7 9 9 8 8 10 10 3 3 8
split_gain=1.73859 0.847062 1.26657 0.812975 2.2743 1.34298 1.58071 1.26513 1.21945 1.32732 1.10663 0.910972 1.14808 4.18005
threshold=-4.6651954996555949 5.480430546593821 5.3281188283429985 -4.3724395080059386 0.0056085051542415455 1.9003209804924526 1.6560164723978006 0.36221517699566258 0.25608342065234407 0.22097931566515078 0.36486195457532639 0.02079352616939114 0.024191545538525212 0.26358042431741752
decision_type=2 2 2 2 2 2 2 2 2 2 2 2 2 2
left_child=1 2 -1 5 7 6 10 -5 -7 -10 -2 -6 13 -13
right_child=3 -3 -4 4 11 8 -8 -9 9 -11 -12 12 -14 -15
leaf_value=-0.0046635364122574168 0.0081618537055662063 -0.0084943709169710644 0.0062976850452085573 -0.0079850697570631804 0.0036667731056202338 -0.0025323019367428931 -0.0055027512164274577 0.0028338287306934945 0.012109029887921296 -0.0025377586853682875 -0.00306991863292525 -0.0069977113312204089 1.7668970923736179e-05 0.002984631697339841
leaf_weight=5.1093465836020204 6.193364397389816 17.056062074378133 3.1782768084667623 32.575144034577534 45.990431406302378 2.4705074626253909 14.293606762890702 4.1650908021256319 12.035805265069937 1.3772571342997242 2.7999612686689943 69.874417291721329 15541.162222382613 56.289963406976312
leaf_count=1781 1050 14520 1831 13489 4723 1474 3033 761 3804 250 401 6465 214115 6339
internal_value=-1.64955e-05 -0.00623631 0.000888901 -6.02413e-07 -1.32085e-05 0.00366828 -0.00111951 -0.00629259 0.00782213 0.0100593 0.0049319 7.46088e-06 -6.77776e-06 -0.00270006
internal_weight=15814.6 25.3437 8.28762 15789.2 15750.1 39.1705 23.2869 36.7402 15.8836 13.4131 8.99333 15713.3 15667.3 126.164
internal_count=274036 18132 3612 255904 245892 10012 4484 14250 5528 4054 1451 231642 226919 12804
is_linear=0
shrinkage=0.03


Tree=228
num_leaves=15
num_cat=0
split_feature=11 6 6 11 11 10 3 3 4 4 11 3 11 6
split_gain=1.68397 0.83226 1.25027 0.792442 2.29913 1.47025 1.65553 1.45962 1.08039 0.765442 0.714157 2.13986 1.33605 1.81312
threshold=-4.6651954996555949 5.480430546593821 5.3281188283429985 -4.3195713098835729 -3.8925623830426956 0.24414981615364431 0.032241985761766477 0.023369306574070103 0.71825396825396837 0.80625000000000013 -3.7585365900405265 0.026855593942512229 -3.6316067503048512 4.6742296130452035
decision_type=2 2 2 2 2 2 2 2 2 2 2 2 2 2
left_child=1 2 -1 8 5 -5 7 -7 -2 -3 11 -6 13 -12
right_child=3 9 -4 4 10 6 -8 -9 -10 -11 12 -13 -14 -15
leaf_value=-0.0046335135788648238 -0.003822713833420378 0.0019107087727241179 0.0062576614824425697 -0.0074503248294641253 0.0083037476656952214 -0.0040139944442029521 -0.0055877280622992891 0.0075082505043182028 0.0048991417473383666 -0.0096504931618705356 -0.0080117619781934577 -0.0032050841691704181 1.828000900304266e-05 0.0028813677781326414
leaf_weight=5.0857283530058357 4.4546737921191371 0.98079768498428244 3.1982835605740547 45.915933138807304 17.805510086240247 3.4384396737441483 9.5186430306639505 16.085019321879372 43.254037633887492 15.93134073948022 25.660048284567893 15.116708227433262 15596.459470514208 11.404999040649271
leaf_count=1781 912 715 1831 13733 3604 437 1972 2019 11074 13805 3522 2535 213555 2541
internal_value=-1.61733e-05 -0.00614877 0.000893798 -5.60357e-07 -1.3955e-05 -0.00479629 0.000508123 0.00461664 0.00336516 -0.00839706 1.34926e-05 0.00367016 2.28146e-06 -0.00479547
internal_weight=15814.3 25.1962 8.28401 15789.1 15741.4 74.958 29.0421 19.5235 47.7087 16.9121 15666.4 32.9222 15633.5 37.065
internal_count=274036 18132 3612 255904 243918 18161 4428 2456 11986 14520 225757 6139 219618 6063
is_linear=0
shrinkage=0.03


Tree=229
num_leaves=15
num_cat=0
split_feature=11 6 6 4 11 11 10 12 4 8 4 4 11 11
split_gain=1.62751 0.816557 1.23416 0.755321 0.746843 2.21534 1.42125 1.67374 1.04792 1.08312 0.97932 1.18849 0.944011 0.860963
threshold=-4.6651954996555949 5.480430546593821 5.3281188283429985 0.80625000000000013 -4.3195713098835729 -3.8925623830426956 0.20356743358037263 2.249904835165133 0.71825396825396837 0.25608342065234407 0.87083333333333346 0.80625000000000013 -4.1737567642749651 -3.9812129897888835
decision_type=2 2 2 2 2 2 2 2 2 2 2 2 2 2
left_child=1 2 -1 -3 8 6 -6 -8 -2 -10 11 12 -9 -14
right_child=4 3 -4 -5 5 -7 7 10 9 -11 -12 -13 13 -15
leaf_value=-0.0046037520750110347 -0.0037997877841695169 0.0019069641155880159 0.006217730948271518 -0.0095492186543177371 -0.0087431685193555941 1.3084407055889333e-05 -0.0071279386994347561 -0.0033207428126058387 -0.0034192733281967697 0.0061493912728219228 0.0066613833326559886 -0.0061744705635074885 0.0080924515708297572 -0.0017705408168770817
leaf_weight=5.0623695841059106 4.4378611202118909 0.98266819142736572 3.2182874599238858 15.778691576211713 27.213559756288305 15666.560722412309 9.860868080169892 5.2014369580429056 3.0524540033657095 40.41172864404507 10.30292453849688 7.5915913619101039 9.3569154238793981 5.1461630105041012
leaf_count=1781 912 715 1831 13805 10433 225757 2212 886 1852 9222 1550 1110 1319 651
internal_value=-1.61124e-05 -0.00605663 0.000898352 -0.00829417 -7.9255e-07 -1.3816e-05 -0.00471569 -0.000861218 0.00326162 0.00477253 0.00234634 -0.00106717 0.00271878 0.00547189
internal_weight=15814.2 25.042 8.28066 16.7614 15789.1 15741.2 74.6735 47.4599 47.902 43.4642 37.599 27.2961 19.7045 14.5031
internal_count=274036 18132 3612 14520 255904 243918 18161 7728 11986 11074 5516 3966 2856 1970
is_linear=0
shrinkage=0.03


Tree=230
num_leaves=15
num_cat=0
split_feature=11 6 6 4 11 4 4 3 9 6 5 9 10 4
split_gain=1.57291 0.801088 1.21825 0.745335 0.741355 2.02613 4.49753 4.1395 3.31342 3.63081 2.35185 2.77022 2.93026 2.12558
threshold=-4.6651954996555949 5.480430546593821 5.3281188283429985 0.80625000000000013 -1.203109991342201 0.35504201680672276 0.30384615384615393 0.073616688305191719 2.1678930878040941 2.4973207021709536 16.500000000000004 2.3878406533719838 0.13386357335583973 0.26969696969696971
decision_type=2 2 2 2 2 2 2 2 2 2 2 2 2 2
left_child=1 2 -1 -3 5 6 7 8 9 -2 -7 12 -12 -9
right_child=4 3 -4 -5 -6 10 -8 13 -10 -11 11 -13 -14 -15
leaf_value=-0.0045742490308794325 0.012452417324080775 0.0019032207206156136 0.0061778956608121377 -0.0094489843071392451 0.00013979674235733825 0.00029898610175340578 -0.0035268046224010276 -0.0014063564383193737 -0.0026154030071138729 2.5480248167170648e-05 -0.0096384062235540195 0.0025259524102965347 -0.001771722915161218 0.0026355306188776944
leaf_weight=5.039266421459617 44.259937815368176 0.98453862336464304 3.2382871753070503 15.629080048413016 10738.753603059798 3352.3615100487368 491.96479572635144 705.80143154226243 28.527716875076294 33.00794482557103 48.827881473232992 63.177203102386557 157.01702847331762 125.55524526629597
leaf_count=1781 572 715 1831 13805 74152 144253 8756 8759 431 686 2836 2834 11038 1587
internal_value=-1.61893e-05 -0.00596578 0.000902571 -0.00819241 -1.15673e-06 -0.000300389 -0.00125054 -1.88582e-05 0.0051766 0.00801094 7.81822e-05 -0.00254379 -0.00416566 -0.000760041
internal_weight=15814.1 24.8912 8.27755 16.6136 15789.3 5050.5 1429.12 937.152 105.796 77.2679 3621.38 269.022 205.845 831.357
internal_count=274036 18132 3612 14520 255904 181752 20791 12035 1689 1258 160961 16708 13874 10346
is_linear=0
shrinkage=0.03


Tree=231
num_leaves=15
num_cat=0
split_feature=11 3 6 7 4 10 8 6 5 5 10 8 4 9
split_gain=1.54433 2.51933 4.33087 3.44219 2.73896 1.66727 3.21528 2.19809 1.82188 1.48408 1.61869 2.73845 1.35699 1.33287
threshold=-3.6736990204985651 0.032241985761766477 5.0156227806031533 0.0058871222594964329 0.93541666666666679 0.24958975124249741 0.31889292310885048 5.1460398887267935 17.500000000000004 15.500000000000002 0.26868935724717152 0.33327454813561458 0.90454545454545465 1.8165749895899281
decision_type=2 2 2 2 2 2 2 2 2 2 2 2 2 2
left_child=1 3 -3 4 5 6 -1 -8 -9 13 11 -11 -4 -5
right_child=-2 2 12 9 -6 -7 7 8 -10 10 -12 -13 -14 -15
leaf_value=-0.0040634303899213667 1.9187056029011906e-05 -0.012765414490520268 -0.0035208203083010084 0.010723470092728454 -0.0093411915439554228 -0.0056975026693054749 -0.0014594467326429724 0.016047699140450199 -0.0025377093236346386 -0.0055640872988740007 -0.0065174404518554257 0.0073172068838936585 0.0094296243459707201 0.00048426969767689191
leaf_weight=19.644149899482727 15609.239195889677 26.528457632986829 1.9861859758384515 16.567212238674983 37.133274787920527 13.323980400455183 9.1254085421096551 9.7297997425775939 1.380598577437923 10.700468967901541 10.441840440966187 23.434531727340072 4.0089885876514018 20.283923332346603
leaf_count=8685 215563 5289 686 1942 20303 4779 1953 3467 571 1883 1326 3056 1479 3054
internal_value=-1.59173e-05 -0.002516 -0.00864171 -0.000755197 -0.00445293 0.00026285 0.00326719 0.00908387 0.0136071 0.00340166 -0.000462964 0.00281335 0.00568904 0.00685804
internal_weight=15813.5 204.289 32.5236 171.765 90.3372 53.2039 39.88 20.2358 11.1104 81.428 44.5768 34.135 5.99517 36.8511
internal_count=274036 58473 7454 51019 39758 19455 14676 5991 4038 11261 6265 4939 2165 4996
is_linear=0
shrinkage=0.03


Tree=232
num_leaves=15
num_cat=0
split_feature=11 7 9 4 11 7 4 9 11 3 3 3 11 9
split_gain=1.48297 0.780308 1.10836 0.809516 0.716549 2.02609 1.36726 2.02163 1.27365 1.33626 0.877762 1.08749 3.1017 4.0312
threshold=-4.6651954996555949 0.0031482179538451695 1.791334307541256 0.91987179487179505 -4.3724395080059386 0.0056085051542415455 0.86190476190476206 1.9486480188908109 -4.5415488064608445 0.021282272222805883 0.02079352616939114 0.024191545538525212 -2.6843942121292486 2.1734494846250758
decision_type=2 2 2 2 2 2 2 2 2 2 2 2 2 2
left_child=1 -1 3 -3 6 -6 7 -2 -8 -10 -7 12 13 -12
right_child=4 2 -4 -5 5 10 8 -9 9 -11 11 -13 -14 -15
leaf_value=-0.0081904538103046293 -0.0066076620252629665 -0.0070013975744593485 0.0060965965414906736 0.0027490035724146876 -0.005978813876155311 0.0035946191971896104 0.010850602992679894 0.006653480444116496 -0.0053989507352632683 0.0049392676967384905 -0.0057099940764325291 1.6166173558619483e-05 -0.0094947001213239995 0.0049555669007823747
leaf_weight=15.238476384663956 13.115183759131467 4.55048230208922 2.4489260113332421 2.3992063049226999 36.068256640224718 46.117986386409029 9.2061800489900616 2.1798164646606883 6.9104878347134244 8.1388609491987136 42.592417703475803 15541.092686786782 26.724185992963612 56.506873516598716
leaf_count=13779 2542 1964 1272 1117 14250 4723 2872 622 2199 1777 5678 214115 1629 5497
internal_value=-1.56659e-05 -0.00581117 0.000710239 -0.00405702 -1.11532e-06 -1.29917e-05 0.00343126 -0.00235914 0.00658881 -0.000133268 6.39142e-06 -7.59929e-06 -0.00263205 0.000223531
internal_weight=15813.3 24.6371 9.39861 6.94969 15788.7 15749.1 39.5505 15.295 24.2555 15.0493 15713 15666.9 125.823 99.0993
internal_count=274036 18132 4353 3081 255904 245892 10012 3164 6848 3976 231642 226919 12804 11175
is_linear=0
shrinkage=0.03


Tree=233
num_leaves=15
num_cat=0
split_feature=11 6 6 11 11 10 12 3 9 8 11 3 11 6
split_gain=1.43632 0.777829 1.19043 0.715876 2.06398 1.3679 1.45737 0.927711 0.809407 1.06165 0.71738 2.06614 1.25786 1.77833
threshold=-4.6651954996555949 5.480430546593821 5.3281188283429985 -4.3195713098835729 -3.8925623830426956 0.24654055576928524 2.249904835165133 0.024829317593273531 1.5902600688429172 0.25608342065234407 -3.7585365900405265 0.026855593942512229 -3.6316067503048512 4.6742296130452035
decision_type=2 2 2 2 2 2 2 2 2 2 2 2 2 2
left_child=1 2 -1 8 5 -5 -7 -8 -2 -10 11 -6 13 -12
right_child=3 -3 -4 4 10 6 7 -9 9 -11 12 -13 -14 -15
leaf_value=-0.0044988302145366234 -0.0025513790518345027 -0.0079484869216098365 0.0061396011573461974 -0.007083197841799789 0.008206576963496557 -0.0053865165181080114 -0.0023859207911974762 0.0068635609682189697 -0.0033821230138401355 0.0061480153306851136 -0.0078752615564432471 -0.0031212242918542783 1.6225181252892477e-05 0.0029004096314152366
leaf_weight=4.9804405457107368 7.8906150986440471 16.264984566485509 3.2575441749067977 46.24512134748511 17.887684135697782 8.1115013379603642 5.5917198583483723 14.198644549818708 3.0273599565261966 37.118921513203532 25.414039292838424 15.023761875228955 15596.687749990844 11.389758203411473
leaf_count=1781 1234 14520 1831 13908 3604 1777 718 1758 1856 8896 3522 2535 213555 2541
internal_value=-1.54483e-05 -0.00572878 0.000955566 -1.15252e-06 -1.39169e-05 -0.00456578 0.000624355 0.00434823 0.00318947 0.00470489 1.19732e-05 0.00367729 7.39524e-07 -0.00466626
internal_weight=15813.1 24.503 8.23798 15788.6 15740.5 74.147 27.9019 19.7904 48.0369 40.1463 15666.4 32.9114 15633.5 36.8038
internal_count=274036 18132 3612 255904 243918 18161 4253 2476 11986 10752 225757 6139 219618 6063
is_linear=0
shrinkage=0.03


Tree=234
num_leaves=15
num_cat=0
split_feature=11 6 6 4 8 7 6 4 4 8 3 9 9 4
split_gain=1.39136 0.764054 1.17508 0.724774 0.709433 1.48597 4.0916 2.84 4.27153 2.51558 2.13897 2.25336 3.73157 3.13744
threshold=-4.6651954996555949 5.480430546593821 5.3281188283429985 0.80625000000000013 0.31774527464915747 0.020331361185642664 3.7412339808651516 0.51470588235294124 0.67708333333333337 0.46008951601118958 0.04406032201926819 2.0281850018255283 1.996611466501977 0.87083333333333346
decision_type=2 2 2 2 2 2 2 2 2 2 2 2 2 2
left_child=1 2 -1 -3 -2 6 -6 -8 9 -9 11 12 13 -10
right_child=4 3 -4 -5 5 -7 7 8 10 -11 -12 -13 -14 -15
leaf_value=-0.0044702332625681926 -0.00017383793009601698 0.0019280834420823815 0.006099959499787623 -0.0091313569939452579 -0.0099205495012768263 0.00033561922410421701 0.0076436902746398984 -0.0092078754314068104 -0.0014519073789060406 0.001484306309348633 -0.0063866476453002573 -0.0034769231766908549 0.014232801670044721 0.007523440866744455
leaf_weight=4.9582258698064852 9090.9137483589584 0.97212118213065046 3.277531651314348 15.164386680815369 31.959675209596753 6368.9725788589567 20.646831937832758 58.968722711782902 94.390263147186488 21.94903082982637 15.320288795744998 36.573115374660119 11.3717692195205 37.532908145454712
leaf_count=1781 150213 715 1831 13805 1909 67785 1886 5685 11958 2622 2157 4409 1422 5858
internal_value=-1.53903e-05 -0.00564793 0.000958621 -0.00785721 -1.34309e-06 0.000232653 -0.00168995 -0.000368852 -0.00133101 -0.00652904 0.00113606 0.0022191 0.00386461 0.00160903
internal_weight=15813 24.3723 8.23576 16.1365 15788.6 6697.69 328.713 296.753 276.106 80.9178 195.188 179.868 143.295 131.923
internal_count=274036 18132 3612 14520 255904 105691 37906 35997 34111 8307 25804 23647 19238 17816
is_linear=0
shrinkage=0.03


Tree=235
num_leaves=15
num_cat=0
split_feature=11 3 7 7 4 10 10 11 5 10 10 4 11 7
split_gain=1.37411 2.45639 4.0216 3.23939 2.65544 1.63704 2.63736 1.50276 1.42061 1.59549 2.23623 1.3739 1.29583 1.58848
threshold=-3.6736990204985651 0.032241985761766477 0.0053354059941901977 0.0058871222594964329 0.93541666666666679 0.24958975124249741 0.20046101029984034 -4.2686068519998246 15.500000000000002 0.26868935724717152 0.20356743358037263 0.90454545454545465 -3.5481186001187672 0.0074454096478330711
decision_type=2 2 2 2 2 2 2 2 2 2 2 2 2 2
left_child=1 3 11 4 5 6 -1 -8 -5 10 -10 -3 13 -2
right_child=12 2 -4 8 -6 -7 7 -9 9 -11 -12 -13 -14 -15
leaf_value=-0.0027940625674062044 -0.0030701977849441446 -0.0036638673498058006 -0.01249678558522479 0.0067373010003723118 -0.0091123586219677387 -0.0055863766201956306 0.011655558658789924 -0.002621764966646907 -0.0038028674724861892 -0.0064561152162847966 0.0076605756081022641 0.0091633015824711412 1.6730505613326026e-06 0.007196183499163635
leaf_weight=23.521356316749007 9.4511822271160764 2.0780719511676571 25.899963666452095 37.018766196677461 36.564438827219419 13.195814502192659 13.758560137124734 2.5218430954264468 15.795029584318398 10.376917843241243 18.338021982228383 4.1375996259739622 15568.901655986207 30.773507770616561
leaf_count=9763 1959 717 5234 4996 20303 4779 4195 718 2532 1326 2407 1503 209535 4069
internal_value=-1.50865e-05 -0.00237929 -0.00845423 -0.000649411 -0.0042631 0.000354651 0.00331427 0.00924729 0.00336593 -0.000429462 0.00281438 0.00531644 1.79464e-05 0.00460527
internal_weight=15812.3 203.206 32.1156 171.091 89.562 52.9976 39.8018 16.2804 81.5287 44.51 34.1331 6.21567 15609.1 40.2247
internal_count=274036 58473 7454 51019 39758 19455 14676 4913 11261 6265 4939 2220 215563 6028
is_linear=0
shrinkage=0.03


Tree=236
num_leaves=15
num_cat=0
split_feature=11 12 7 5 9 9 9 10 11 11 7 11 6 9
split_gain=1.32221 2.22429 1.99499 1.66109 2.53345 2.31739 1.91851 2.46008 1.95285 1.59502 1.52575 1.23316 1.64985 2.1539
threshold=-3.6736990204985651 2.249904835165133 0.0023457417029032943 15.500000000000002 1.809077832229 1.9003209804924526 1.791334307541256 0.16667410127974996 -4.5415488064608445 -4.2686068519998246 0.0035458638588441982 -3.5481186001187672 4.4349746333048614 2.2001832529860863
decision_type=2 2 2 2 2 2 2 2 2 2 2 2 2 2
left_child=1 9 -3 4 -4 -6 -5 8 -8 -1 -7 -2 -13 -14
right_child=11 2 3 6 5 10 7 -9 -10 -11 -12 12 13 -15
leaf_value=0.001599295116775551 0.0044848489158378236 -0.0088810419705717247 0.0081578833053360545 -0.0084348777114493997 -0.0077193771423133845 -0.0049447258337469036 0.0051648977392994887 0.003584065281227353 -0.0088624988925975097 -0.011460671344004671 0.0056754786039948423 2.2688829045784084e-05 -0.0091828982771208836 0.00086788649584044629
leaf_weight=6.8056035785703015 40.414720143657178 9.13485560484696 31.992075933725573 16.852978855022229 14.501590366708113 4.1483355085365501 1.2073038956150437 53.490608955966309 18.973348705447279 18.831166824325919 26.925590325263329 15511.523454744369 25.080113527132198 32.314901077887043
leaf_count=1817 6028 8611 6581 4111 3196 2476 668 12525 7592 4068 6828 202268 3494 3773
internal_value=-1.48525e-05 -0.00233583 -0.000811735 0.00031845 0.00322885 -0.00139445 -0.00227986 0.000316846 -0.00617896 -0.00868313 0.00310945 1.75251e-05 1.62289e-06 -0.00451671
internal_weight=15812.2 202.863 177.227 168.092 77.5676 45.5755 90.5242 73.6713 20.1807 25.6368 31.0739 15609.3 15568.9 57.395
internal_count=274036 58473 52588 43977 19081 12500 24896 20785 8260 5885 9304 215563 209535 7267
is_linear=0
shrinkage=0.03


Tree=237
num_leaves=15
num_cat=0
split_feature=11 12 7 5 9 10 6 9 10 11 6 11 8 9
split_gain=1.30493 2.14542 1.9459 1.58536 2.43927 2.29109 2.70658 1.86573 2.35368 1.92566 1.70311 1.56191 1.30853 1.22941
threshold=-3.6736990204985651 2.249904835165133 0.0023457417029032943 15.500000000000002 1.809077832229 0.16470689983068956 4.928339985874409 1.791334307541256 0.16667410127974996 -4.5415488064608445 5.0591078971244956 -4.2686068519998246 0.31889292310885048 2.0338468345065026
decision_type=2 2 2 2 2 2 2 2 2 2 2 2 2 2
left_child=1 11 -3 4 -4 6 -6 -5 9 -9 -7 -1 -12 -10
right_child=-2 2 3 7 5 10 -8 8 13 -11 12 -13 -14 -15
leaf_value=0.0015835251597821089 1.6886647072524781e-05 -0.0088100652343330432 0.0079469142448122185 -0.008338160179285261 0.013666869909063184 -0.0079647638368894134 -0.0035759939862461841 0.0051513467386525499 4.2331451768240098e-05 -0.0087575369252606353 -0.0041670529278211785 -0.011341613949093762 0.0066516225263836774 0.0081846767712974167
leaf_weight=6.8163945602718767 15609.540531983948 9.0542609883705136 32.25037390482612 16.713125598791521 2.1678678162861598 24.257643665187061 6.5544752614805475 1.2135307602584386 39.675062502850778 18.807036323938519 4.7299081123201159 18.618667858652771 7.8867062630597502 14.005265738931483
leaf_count=1817 215563 8611 6581 4111 451 4131 3201 668 9086 7592 2274 4068 2443 3439
internal_value=-1.52705e-05 -0.00232163 -0.000825691 0.000289896 0.00312759 -0.00140449 0.00664152 -0.00225075 0.000306292 -0.00606914 -0.00467784 -0.00857531 0.00253536 0.00349027
internal_weight=15812.3 202.75 177.315 168.261 77.847 45.5966 8.72234 90.414 73.7009 20.0206 36.8743 25.4351 12.6166 53.6803
internal_count=274036 58473 52588 43977 19081 12500 3652 24896 20785 8260 8848 5885 4717 12525
is_linear=0
shrinkage=0.03


Tree=238
num_leaves=15
num_cat=0
split_feature=11 6 6 4 11 3 6 4 7 3 3 7 11 11
split_gain=1.27636 0.725993 1.15558 0.704509 0.696746 2.34137 2.39633 2.1974 2.4698 3.93938 2.43624 1.88343 2.75371 1.69528
threshold=-4.6651954996555949 5.480430546593821 5.3281188283429985 0.80625000000000013 -0.45473615711494725 0.16773627551006801 1.2382692000587421 0.32291666666666669 0.14157481290980548 0.099317270373094124 0.10343821412571083 0.17137257699823594 -0.67294447324242579 -0.40546510810816433
decision_type=2 2 2 2 2 2 2 2 2 2 2 2 2 2
left_child=1 2 -1 -3 5 6 -2 8 13 -10 -11 -7 -13 -6
right_child=4 3 -4 -5 7 11 -8 -9 9 10 -12 12 -14 -15
leaf_value=-0.0044341339641319139 0.0052597753144028678 0.0019303035516732676 0.0060485880827523377 -0.0088930778525946989 0.0012207418270663941 -0.0068497023243593103 -0.00013388457510209756 0.0043145936883437364 0.0041329878925328647 -0.0039438577256099006 0.00020862164158454421 0.0023388519483033259 -0.0045657198073950208 -0.0046064768393216946
leaf_weight=4.930210127495231 59.762484103441238 0.97101032140198995 3.3034858980681747 14.824870017240753 55.277179412543774 64.557859234511852 8873.4605224964907 101.63366297632456 213.5575045645237 114.92713660001755 5981.9312345460057 90.586389794945717 88.971691310405731 143.41360637545586
leaf_count=1781 306 715 1831 13805 510 547 218066 724 1562 839 30957 573 523 1297
internal_value=-1.50991e-05 -0.00543355 0.000961406 -0.0076116 -1.70263e-06 -0.00017074 -8.90449e-05 0.000232818 0.000159311 0.000266117 0.000120859 -0.00298207 -0.00117063 -0.00301341
internal_weight=15812.1 24.0296 8.2337 15.7959 15788.1 9177.34 8933.22 6610.74 6509.11 6310.42 6096.86 244.116 179.558 198.691
internal_count=274036 18132 3612 14520 255904 220015 218372 35889 35165 33358 31796 1643 1096 1807
is_linear=0
shrinkage=0.03


Tree=239
num_leaves=15
num_cat=0
split_feature=11 6 6 4 8 6 11 11 6 4 4 8 9 11
split_gain=1.23355 0.711991 1.14065 0.695277 0.665698 1.38345 2.38117 2.20803 2.42422 2.15279 2.31446 2.43299 2.11862 2.92637
threshold=-4.6651954996555949 5.480430546593821 5.3281188283429985 0.80625000000000013 0.31889292310885048 4.3950660578969041 -4.5415488064608445 -3.0469630640349652 4.0613043372021433 0.87867647058823539 0.82843137254901966 0.26358042431741752 2.1110497419605414 -3.1575204647268635
decision_type=2 2 2 2 2 2 2 2 2 2 2 2 2 2
left_child=1 2 -1 -3 5 7 -7 8 -2 10 -9 -12 -10 -14
right_child=4 3 -4 -5 -6 6 -8 9 12 -11 11 -13 13 -15
leaf_value=-0.004406091749180158 -0.0055424018639180211 0.0019265538336681366 0.0060091835858232349 -0.0087996934427340204 0.00022867169407288297 0.0077486460205360612 -0.0040699021266479484 -0.00015845870039326635 0.010651704000011669 0.0059284808393316457 -0.0096514580477649603 0.0028914482129936843 -0.0068046082562251255 0.0069442684119108223
leaf_weight=4.9085339485900494 5.7477496564388266 0.97288121446035702 3.3234526579035446 14.693901491351424 6571.340240981197 3.2731133812339968 130.9345132856397 8939.6830304022878 31.971222903579473 36.944627569057047 29.781683838926256 12.01481380779296 13.26015982264653 12.48205025307834
leaf_count=1781 405 715 1831 13805 103635 1550 28956 111499 3090 2088 1823 525 1249 1084
internal_value=-1.48859e-05 -0.00535067 0.000963764 -0.00751708 -1.73735e-06 -0.00016613 -0.00303166 -0.000118856 0.00489254 -0.000162186 -0.000197082 -0.00623448 0.00686073 -3.57512e-05
internal_weight=15811.3 23.8988 8.23199 15.6668 15787.4 9216.09 134.208 9081.89 63.4612 9018.42 8981.48 41.7965 57.7134 25.7422
internal_count=274036 18132 3612 14520 255904 152269 30506 121763 5828 115935 113847 2348 5423 2333
is_linear=0
shrinkage=0.03


end of trees

feature_importances:
odds_win_share=592
odds_log_win=530
odds_relative_to_favorite=528
odds_favorite_share=350
odds_entropy=318
odds_concentration=317
market_share=295
market_rank_fraction=282
market_field_size=77
odds_log_rank=42
market_rank=18
market_inv_rank=8
market_logrank=3

parameters:
[boosting: gbdt]
[objective: binary]
[metric: binary_logloss]
[tree_learner: serial]
[device_type: cpu]
[data_sample_strategy: bagging]
[data: ]
[valid: ]
[num_iterations: 240]
[learning_rate: 0.03]
[num_leaves: 15]
[num_threads: 2]
[seed: 20260925]
[deterministic: 0]
[force_col_wise: 0]
[force_row_wise: 0]
[histogram_pool_size: -1]
[max_depth: -1]
[min_data_in_leaf: 400]
[min_sum_hessian_in_leaf: 0.001]
[bagging_fraction: 1]
[pos_bagging_fraction: 1]
[neg_bagging_fraction: 1]
[bagging_freq: 0]
[bagging_seed: 8810]
[bagging_by_query: 0]
[feature_fraction: 0.85]
[feature_fraction_bynode: 1]
[feature_fraction_seed: 17836]
[extra_trees: 0]
[extra_seed: 27358]
[early_stopping_round: 0]
[early_stopping_min_delta: 0]
[first_metric_only: 0]
[max_delta_step: 0]
[lambda_l1: 0]
[lambda_l2: 15]
[linear_lambda: 0]
[min_gain_to_split: 0]
[drop_rate: 0.1]
[max_drop: 50]
[skip_drop: 0.5]
[xgboost_dart_mode: 0]
[uniform_drop: 0]
[drop_seed: 13805]
[top_rate: 0.2]
[other_rate: 0.1]
[min_data_per_group: 100]
[max_cat_threshold: 32]
[cat_l2: 10]
[cat_smooth: 10]
[max_cat_to_onehot: 4]
[top_k: 20]
[monotone_constraints: ]
[monotone_constraints_method: basic]
[monotone_penalty: 0]
[feature_contri: ]
[forcedsplits_filename: ]
[refit_decay_rate: 0.9]
[cegb_tradeoff: 1]
[cegb_penalty_split: 0]
[cegb_penalty_feature_lazy: ]
[cegb_penalty_feature_coupled: ]
[path_smooth: 0]
[interaction_constraints: ]
[verbosity: -1]
[saved_feature_importance_type: 0]
[use_quantized_grad: 0]
[num_grad_quant_bins: 4]
[quant_train_renew_leaf: 0]
[stochastic_rounding: 1]
[linear_tree: 0]
[max_bin: 127]
[max_bin_by_feature: ]
[min_data_in_bin: 3]
[bin_construct_sample_cnt: 200000]
[data_random_seed: 5102]
[is_enable_sparse: 1]
[enable_bundle: 1]
[use_missing: 1]
[zero_as_missing: 0]
[feature_pre_filter: 1]
[pre_partition: 0]
[two_round: 0]
[header: 0]
[label_column: ]
[weight_column: ]
[group_column: ]
[ignore_column: ]
[categorical_feature: ]
[forcedbins_filename: ]
[precise_float_parser: 0]
[parser_config_file: ]
[objective_seed: 25095]
[num_class: 1]
[is_unbalance: 0]
[scale_pos_weight: 1]
[sigmoid: 1]
[boost_from_average: 1]
[reg_sqrt: 0]
[alpha: 0.9]
[fair_c: 1]
[poisson_max_delta_step: 0.7]
[tweedie_variance_power: 1.5]
[lambdarank_truncation_level: 30]
[lambdarank_norm: 1]
[label_gain: ]
[lambdarank_position_bias_regularization: 0]
[eval_at: ]
[multi_error_top_k: 1]
[auc_mu_weights: ]
[num_machines: 1]
[local_listen_port: 12400]
[time_out: 120]
[machine_list_filename: ]
[machines: ]
[gpu_platform_id: -1]
[gpu_device_id: -1]
[gpu_device_id_list: ]
[gpu_use_dp: 0]
[num_gpu: 1]

end of parameters

pandas_categorical:[]
