tree
version=v4
num_class=1
num_tree_per_iteration=1
label_index=0
max_feature_idx=157
objective=binary sigmoid:1
feature_names=racecourse going race_class sex surface distance_m horse_number gate age weight_carried horse_weight horse_weight_change field_size horse_number_pct gate_pct weight_carried_vs_field horse_weight_vs_field horse_starts horse_win_rate horse_top3_rate horse_avg_finish horse_surface_starts horse_surface_win_rate horse_surface_top3_rate horse_surface_avg_finish horse_distance_starts horse_distance_win_rate horse_distance_top3_rate horse_distance_avg_finish horse_course_starts horse_course_win_rate horse_course_top3_rate horse_course_avg_finish horse_wet_prior_starts horse_wet_prior_top3_rate days_since_last_start distance_change_m same_surface_as_last same_course_as_last horse_recent5_avg_finish horse_recent5_win_rate horse_recent5_top3_rate history_exact_1_last5 history_exact_1_last10 history_exact_2_last5 history_exact_2_last10 history_exact_3_last5 history_exact_3_last10 prior_speed recent3_speed prior_speed_relative recent3_speed_relative prior_early_pct recent3_early_pct prior_late_pct recent3_late_pct prior_position_gain recent3_position_gain prior_finish_pct recent3_finish_pct prior_race_first3_laps recent3_race_first3_laps prior_past_popularity recent3_past_popularity prior_won recent3_won prior_placed recent3_placed class_tier prior_class_tier class_change class_rise class_drop recent5_max_class class_vs_recent_max prior_distance_m recent3_distance_m distance_abs_change stretching_out shortening distance_vs_recent3 prior_closing3f_relative recent3_closing3f_relative recent5_closing3f_relative prior_closing3f_z recent3_closing3f_z recent5_closing3f_z recent3_result_strength expected_front_count relative_early front_style stalk_style closer_style front_pressure_count front_pressure_share known_style_share front_under_pressure closer_pressure_help relative_late closing_pressure_fit recent3_speed_relative_field_rank recent3_speed_relative_field_gap recent3_closing3f_z_field_rank recent3_closing3f_z_field_gap horse_win_rate_field_rank horse_win_rate_field_gap horse_top3_rate_field_rank horse_top3_rate_field_gap horse_recent5_avg_finish_field_rank horse_recent5_avg_finish_field_gap recent3_result_strength_field_rank recent3_result_strength_field_gap form_surprise_last3 form_speed_last3 form_surprise_last5 form_speed_last5 form_surprise_last10 form_speed_last10 form_speed_trend form_surprise_trend body_change_abs body_change_pct body_load_ratio body_weight_vs_recent3 body_load_change month_sin month_cos history_coverage field_speed_std fit_surface_starts fit_surface_rate fit_distance_starts fit_distance_rate fit_course_starts fit_course_rate fit_wet_starts fit_wet_rate gate_course_bias_starts gate_course_bias_rate pace_course_style_starts pace_course_style_rate market_rank market_logrank market_inv_rank market_share market_rank_fraction market_field_size matchup_recent3_speed_relative matchup_recent3_closing3f_z matchup_horse_top3_rate matchup_prior_early_pct odds_log_win odds_win_share odds_favorite_share odds_entropy odds_concentration odds_relative_to_favorite odds_log_rank
feature_infos=-1:3:0:5:2:7:1:4:6:9:8 -1:0:1:2:3 -1:0:6:7:1:4:8:2:3 -1:0:1:2 -1:0:1 [1000:3600] [1:18] [1:8] [2:12] [48:61] [330:630] [-41:66] [6:18] [0.055555555555555552:1.8571428571428572] [0.125:1] [-6.5:5.6666666666666643] [-134.80000000000001:144] [0:63] [0.021739130434782608:0.30645161290322581] [0.065217391304347824:0.53947368421052633] [1:18] [0:58] [0.0234375:0.30645161290322581] [0.073770491803278687:0.53749999999999998] [1:18] [0:42] [0.025000000000000001:0.2878787878787879] [0.10576923076923077:0.53749999999999998] [1:18] [0:28] [0.03125:0.28846153846153844] [0.11538461538461539:0.48529411764705882] [1:18] [0:53] [0.068181818181818177:0.54166666666666663] [5:1421] [-2450:1800] [0:1] [0:1] [1:18] [0:1] [0:1] [0:1] [0:1] [0:1] [0:1] [0:1] [0:1] [9.5029239766081872:18.55287569573284] [12.13040181947872:18.337422007073958] [-6.9423703952012517:1.1341058823831283] [-4.2074191558726852:1.1341058823827552] [0.055555555555555552:1] [0.055555555554747116:1] [0.055555555555555552:1] [0.055555555554747116:1] [-0.94444444444444442:0.94444444444444442] [-0.94117647058828879:0.92307692307713296] [0.055555555555555552:1] [0.055555555554747116:1] none none [1:18] [1:18] [0:1] [0:1] [0:1] [0:1] [0:5] [0:5] [-4:5] [0:5] [0:4] [0:5] [-4:5] [1000:4250] [1000:4083.3333333333335] [0:2450] [0:1800] [0:2450] [-2553.3333333333335:1833.3333333333333] [-5.7000000000000028:54.599999999999994] [-5.6999999999970896:19.75] [-5.6999999999970896:19.75] [-3.2366676446401446:4.192845441090129] [-3.1333674587876885:3.994316821317625] [-3.1333674587876885:3.994316821317625] [0:1.3444444444467081] [0:13] [-0.67867717599860455:0.73602092352092352] [0:1] [0:1] [0:1] [0:13] [0:0.88888888888888884] [0:1] [0:0.88888888888888884] [0:0.875] [-0.66727369852369844:0.75207977207977206] [-2.1141725904487561:2.3639198347164592] [0.055555555555555552:1] [-3.8076498989771101:0.89892100784001938] [0.055555555555555552:1] [-3.3045906330170953:3.8636832713113201] [0.055555555555555552:1] [-0.12709450894934768:0.16237569746940256] [0.055555555555555552:1] [-0.24885103688940197:0.28188066654714361] [0.055555555555555552:1] [-9.7564102564102573:11.854166666666668] [0.055555555555555552:1] [-0.74320725767110063:0.69515079365049526] [-0.94444444444434339:0.9375] [-4.2074191558726852:1.1341058823827552] [-0.94444444444434339:0.9375] [-4.2074191558726852:1.1341058823827552] [-0.94444444444434339:0.9375] [-4.2074191558726852:1.1341058823827552] [-1.5977401817788026:0.87644971519572812] [-0.59194711538464162:0.58293350168346736] [0:66] [-0.098086124401913874:0.12313432835820895] [0.087859424920127799:0.16470588235294117] [-54:60.666666666666686] [-9:9] [-1:1] [-1:1] [0:1] [0:1.0663214950185125] [0:58] [0.051612903225806452:0.15824175824175823] [0:42] [0.053333333333333337:0.15483870967741936] [0:28] [0.059259259259259262:0.14418604651162792] [0:53] [0.050793650793650794:0.15824175824175823] [0:1638] [0.025149700598802397:0.14166666666666666] [0:10622] [0.036781609195402298:0.13700787401574802] [1:18] [0:2.8903717578961645] [0.055555555555555552:1] [0.015853995665515534:0.40816326530612251] [0.055555555555555552:1] [6:18] [-4.266637659251046:1.3242605931873186] [-3.9595811133816214:5.5182091120204859] [-0.3529411764705882:0.28975095785440608] [-0.94444444444444442:0.94444444444444442] [0.095310179804324935:6.9076552739818036] [0.00078014041891180815:0.84650491007700301] [0.12819785060390484:0.87912931330524346] [0.53965722126137028:2.6275239866908153] [0.083596587701826056:0.77734917385331703] [-6.5153962178984584:0] [0:2.8903717578961645]
tree_sizes=1747 1803 1806 1795 1786 1798 1806 1794 1810 1797 1799 1802 1791 1795 1796 1793 1792 1811 1793 1792 1795 1784 1805 1811 1804 1809 1794 1804 1797 1808 1792 1815 1812 1803 1820 1812 1804 1793 1810 1819 1808 1814 1811 1808 1816 1800 1814 1814 1805 1818 1804 1816 1814 1808 1843 1810 1823 1814 1821 1833 1816 1809 1818 1813 1814 1811 1811 1823 1827 1822 1814 1835 1815 1841 1819 1815 1828 1822 1817 1808 1821 1828 1834 1820 1815 1819 1819 1821 1825 1804 1844 1819 1824 1822 1824 1831 1829 1819 1822 1830 1831 1838 1837 1815 1823 1827 1844 1819 1824 1833 1826 1850 1841 1835 1833 1845 1847 1839 1815 1849 1836 1822 1811 1824 1830 1819 1843 1845 1812 1820 1822 1826 1819 1841 1828 1851 1827 1825 1838 1812 1834 1828 1829 1813 1833 1821 1835 1821 1826 1835 1835 1817 1832 1846 1833 1816 1827 1821 1839 1814 1848 1824 1840 1830 1817 1812 1819 1821 1831 1824 1822 1810 1834 1816 1821 1847 1840 1824 1848 1804 1834 1829 1808 1868 1807 1822 1811 1817 1821 1821 1830 1815 1839 1821 1836 1839 1837 1810 1806 1823 1818 1813 1798 1825 1814 1841 1815 1817 1810 1841 1807 1827 1816 1810 1804 1804 1821 1821 1809 1823 1823 1796 1836 1805 1805 1837 1812 1825 1817 1822 1819 1807 1810 1807 1819 1826 1805 1819 1817 1831

Tree=0
num_leaves=15
num_cat=0
split_feature=151 151 152 151 151 152 151 151 152 152 110 151 110 106
split_gain=26342.4 4321.36 4118.44 621.172 512.476 445.904 438.882 64.9646 53.4887 43.1708 36.4741 26.5469 22.517 20.6558
threshold=1.6581827230727291 0.97438160901886006 0.055512139592022204 1.3479888099339705 3.4672959664678489 0.41314440273845981 2.0081915103761951 2.3369748506914587 0.037306525805610287 0.01240987691140401 0.9104278074866311 1.1785366391390579 0.62916666666666676 0.89087301587301593
decision_type=2 2 2 2 2 2 2 2 2 2 10 2 8 2
left_child=1 5 4 11 8 -1 10 12 -2 -6 -4 -3 13 -8
right_child=2 3 6 -5 9 -7 7 -9 -10 -11 -12 -13 -14 -15
leaf_value=-2.4326903690281085 -2.5700092192643793 -2.4617307446769305 -2.5250867880647903 -2.5063123740630711 -2.5818243114373964 -2.3701437879190639 -2.5356683378356104 -2.5529137878216388 -2.5623138956159175 -2.576507101699002 -2.5377180913801332 -2.4837960312488128 -2.5464072171316938 -2.5558947295192187
leaf_weight=445.00088462233543 1690.9094370603561 457.34524807333946 1123.3370740413666 1113.1395564079285 5389.2538914084435 290.36089682579041 376.63726311922073 1331.1114958226681 1745.5869164764881 2693.8218785226345 320.01420468091965 482.03397497534752 881.14603024721146 45.083762168884277
leaf_count=6633 25204 6817 16744 16592 80330 4328 5614 19841 26019 40153 4770 7185 13134 672
internal_value=-2.5516 -2.46692 -2.5668 -2.49006 -2.57597 -2.40486 -2.54092 -2.54825 -2.56616 -2.5801 -2.52772 -2.47181 -2.54353 -2.5379
internal_weight=18384.8 2787.88 15596.9 2052.52 11519.6 735.362 4077.33 2633.98 3436.5 8083.08 1443.35 939.379 1302.87 421.721
internal_count=274036 41555 232481 30594 171706 10961 60775 39261 51223 120483 21514 14002 19420 6286
is_linear=0
shrinkage=1


Tree=1
num_leaves=15
num_cat=0
split_feature=152 152 152 151 153 151 152 152 152 152 151 110 151 41
split_gain=23445.7 3715.93 3405.26 511.381 457.635 410.397 347.503 52.3312 43.9773 42.7436 27.5835 22.2207 17.9417 17.6751
threshold=0.14680196563243927 0.055512139592022204 0.28159744191396641 3.4672959664678489 0.40985279163372873 1.3479888099339705 0.10011620054523108 0.037306525805610287 0.01240987691140401 0.06579667573706377 1.8794359129669858 0.84807692307692317 1.4928409688502451 0.22500000000000003
decision_type=2 2 2 2 2 2 2 2 2 2 2 10 2 10
left_child=1 3 5 7 -4 -2 9 -1 -5 -3 -8 -12 -7 -11
right_child=2 6 4 8 -6 12 10 -9 -10 13 11 -13 -14 -15
leaf_value=-0.018145966221683612 0.069313909814162827 -0.0038875279013295657 0.099358495208417913 -0.030097947429760952 0.15053003612456159 0.047563648760943524 0.024404598985965347 -0.010490112626573834 -0.024688894890151754 0.0077748870881149479 0.018858863253157009 0.0074433069242651586 0.036158789679665147 0.0015024356578897556
leaf_weight=1664.4566195011139 849.67760989069939 724.41772982478142 613.14703789353371 5251.4008011668921 371.9343233704567 516.76267055422068 784.23712901771069 1729.6520931646228 2636.9327123388648 845.68885434418917 603.90446726977825 242.07577944546938 774.93094818294048 779.21549087017775
leaf_count=25204 11867 10810 8313 80330 4783 7411 11457 26019 40153 12553 8849 3565 11150 11572
internal_value=-1.14389e-05 -0.0153602 0.07463 -0.0241434 0.120647 0.0527691 0.00953825 -0.0143078 -0.0283401 0.00211922 0.0201131 0.0157789 0.0412151 0.00480822
internal_weight=18388.4 15262 3126.45 11282.4 985.081 2141.37 3979.54 3394.11 7888.33 2349.32 1630.22 845.98 1291.69 1624.9
internal_count=274036 230512 43524 171706 13096 30428 58806 51223 120483 34935 23871 12414 18561 24125
is_linear=0
shrinkage=0.03


Tree=2
num_leaves=15
num_cat=0
split_feature=152 152 152 151 151 152 151 152 152 152 66 59 151 150
split_gain=21017.1 3590.63 2642.8 510.167 446.226 318.701 213.712 51.1727 44.7939 40.5115 27.1872 23.4803 24.5009 19.8924
threshold=0.14680196563243927 0.055512139592022204 0.26353257994069657 3.4672959664678489 0.55920745798214477 0.10011620054523108 1.3479888099339705 0.037306525805610287 0.01240987691140401 0.070996906961518544 1.0000000180025095e-35 0.19684320309170292 1.6581827230727291 0.81409313725490207
decision_type=2 2 2 2 2 2 2 2 2 2 8 10 2 8
left_child=1 3 6 7 -4 9 -2 -1 -5 -3 13 12 -8 -7
right_child=2 5 4 8 -6 10 11 -9 -10 -11 -12 -13 -14 -15
leaf_value=-0.017884777884302951 0.060270199235847095 -0.0024302774942206655 0.14346735362568636 -0.029974011337905348 0.090923880603840448 0.023953094480431349 0.032164408862854751 -0.010270696079784617 -0.024471546422606568 0.005467688568429086 0.014630118094039033 0.041878617886198274 0.0059610738487876486 0.00015945982892810479
leaf_weight=1638.7130637466908 730.85203725844622 1019.5346252992749 235.49325013160706 5117.0136541873217 1020.9000760763884 831.53337687253952 347.175038382411 1714.1633340194821 2581.5166255682707 1334.0176055580378 793.38748782873154 946.11779946833849 43.718833461403847 33.060064218938351
leaf_count=25204 9655 15231 2664 80330 12644 11966 4807 26019 40153 19704 11429 13134 620 476
internal_value=-2.18823e-05 -0.0151036 0.0680773 -0.0239196 0.102349 0.00918243 0.0466675 -0.0140551 -0.0281801 0.00205265 0.0191942 0.0386457 0.0295623 0.0230615
internal_weight=18387.2 15062.9 3324.26 11051.4 1256.39 4011.53 2067.86 3352.88 7698.53 2353.55 1657.98 1337.01 390.894 864.593
internal_count=274036 230512 43524 171706 15308 58806 28216 51223 120483 34935 23871 18561 5427 12442
is_linear=0
shrinkage=0.03


Tree=3
num_leaves=15
num_cat=0
split_feature=152 152 152 152 152 152 152 152 152 153 39 152 110 155
split_gain=19128.2 3114.59 2347.3 441.478 334.833 325.411 164.343 50.301 38.5588 32.8277 30.775 21.8143 19.5279 19.3817
threshold=0.1185369858508937 0.24701531374281144 0.037306525805610287 0.36099178573550711 0.06579667573706377 0.17804574776847867 0.018178758054825953 0.10011620054523108 0.14680196563243927 0.25489553971539775 4.1000000000000005 0.055512139592022204 0.84807692307692317 0.26520268686840837
decision_type=2 2 2 2 2 2 2 2 2 2 10 2 10 2
left_child=2 5 6 9 11 8 -1 -6 -2 -3 -10 -4 -9 -5
right_child=1 3 4 13 7 -7 -8 12 10 -11 -12 -13 -14 -15
leaf_value=-0.02892170034862461 0.021812431023351654 0.031712814027977744 -0.010054122630784462 0.090278240166907164 0.0045118417665026686 0.047845027380463152 -0.019890422392828656 0.016802913838602267 0.024128410632684463 0.074604633035368559 0.038460317296821055 -0.003722005079642275 0.005666424665592174 0.12505692887604797
leaf_weight=6353.1885486617684 917.00253057479858 47.882368609309196 1699.1090076416731 312.92309799045324 1637.1632880493999 1171.6577044650912 2774.0414315462112 551.2948714569211 393.31751948595047 875.98081181943417 410.47906914353371 720.51077730953693 216.66611349582672 299.9709782525897
leaf_count=102049 12924 594 26019 3448 24125 15198 43638 7825 5335 10349 5531 10810 3122 3069
internal_value=-3.06013e-05 0.0541783 -0.0172796 0.0885829 -0.000348989 0.0355366 -0.026214 0.00755433 0.0268149 0.0729238 0.0320179 -0.0082031 0.0138297 0.109881
internal_weight=18381.2 4429.21 13952 1536.76 4824.74 2892.46 9127.23 2405.12 1720.8 923.863 803.797 2419.62 767.961 612.894
internal_count=274036 56448 217588 17460 71901 38988 145687 35072 23790 10943 10866 36829 10947 6517
is_linear=0
shrinkage=0.03


Tree=4
num_leaves=15
num_cat=0
split_feature=151 151 151 151 151 151 151 151 153 151 58 53 110 151
split_gain=17495.3 3008.29 1867.86 381.344 355.938 246.542 132.737 32.5499 31.0185 25.7097 22.9269 21.5934 22.2361 20.3692
threshold=2.0081915103761951 1.1785366391390579 3.1245627302238765 1.5789255615152133 0.71754226264466137 2.5376494037109896 3.9560394329797357 1.3479888099339705 0.25489553971539775 1.8794359129669858 0.24264705882352944 0.86333689458600327 0.90312500000000007 2.3369748506914587
decision_type=2 2 2 2 2 2 2 2 2 2 8 10 8 2
left_child=1 4 5 7 -1 13 -4 -3 -6 11 -11 12 -5 -2
right_child=2 3 6 9 8 -7 -8 -9 -10 10 -12 -13 -14 -15
leaf_value=0.10133855351769737 0.0069800429419944699 0.049037060733619055 -0.021143429193141383 0.028005187757714066 0.032371454557330891 -0.0091363782814475776 -0.029208430531674941 0.036808211584695001 0.069745238422315697 0.0058512061786148957 0.019359503227053366 0.00098931463177259521 0.018289969283722958 0.00090165709356812888
leaf_weight=554.30387607216835 1336.9769042357802 591.94261983036995 3091.6021503321826 800.66776169091463 59.100292414426804 2478.3888619169593 5574.2957673817873 938.47139834612608 1059.0079351663589 179.21659088879824 398.53898313641548 37.060755170881748 478.08519088476896 791.72529828548431
leaf_count=5320 19420 7185 49684 10850 712 38183 91928 12127 11746 2529 5559 504 6537 11752
internal_value=-3.50001e-05 0.0471323 -0.0181785 0.0307979 0.080003 -0.00272956 -0.0263727 0.0419682 0.0682244 0.021511 0.0154234 0.02398 0.0246271 0.00474145
internal_weight=18369.4 5096.4 13273 3423.98 1672.41 4607.09 8665.9 1530.41 1118.11 1893.57 577.756 1315.81 1278.75 2128.7
internal_count=274036 63069 210967 45291 17778 69355 141612 19312 12458 25979 8088 17891 17387 31172
is_linear=0
shrinkage=0.03


Tree=5
num_leaves=15
num_cat=0
split_feature=151 151 151 151 152 151 152 153 151 134 66 107 152 111
split_gain=16105.8 2508.85 1832.68 331.957 278.428 233.532 134.981 35.3826 27.0765 24.8618 26.5925 23.6019 21.8886 17.6015
threshold=2.0081915103761951 1.1785366391390579 3.1245627302238765 1.5789255615152133 0.36099178573550711 2.5376494037109896 0.018178758054825953 0.49251446170600338 1.3479888099339705 0.078867874967165755 1.0000000180025095e-35 0.056488198822423667 0.086390984872955698 0.16399049643850092
decision_type=2 2 2 2 2 2 2 2 2 2 8 2 2 8
left_child=1 4 5 8 -1 12 -4 -6 11 -5 -11 -3 -2 -14
right_child=2 3 6 9 7 -7 -8 -9 -10 10 -12 -13 13 -15
leaf_value=0.061269464823675616 0.0019298725620043469 0.050702672219990884 -0.0286382016391818 0.012665546390920433 0.078475320575364313 -0.0089345924644810438 -0.01993580921616589 0.11020647165386009 0.034649155650572826 0.026554492071937334 0.017664518999946095 0.031323319287021277 0.011680382366368487 0.0031560600626898546
leaf_weight=1061.6970552876592 1227.9167117252946 430.68786932528019 6044.1002690754831 373.25643792003393 530.74294009804726 2458.9693417176604 2425.3856435641646 185.66117895394564 967.5145735964179 765.97804816812277 788.20940132439137 185.38247960805893 512.74657598882914 396.61203426122665
leaf_count=11261 18080 5023 102049 5029 4936 38183 39563 1581 12127 10270 10680 2162 7363 5729
internal_value=-4.04326e-05 0.0440547 -0.0179206 0.0291438 0.0730077 -0.00265479 -0.0261858 0.0887902 0.0393583 0.0205124 0.0222579 0.0457543 0.00458214 0.00807409
internal_weight=18354.9 5289.13 13065.7 3511.03 1778.1 4596.24 8469.49 716.404 1583.58 1927.44 1554.19 616.07 2137.28 909.359
internal_count=274036 63069 210967 45291 17778 69355 141612 6517 19312 25979 20950 7185 31172 13092
is_linear=0
shrinkage=0.03


Tree=6
num_leaves=15
num_cat=0
split_feature=152 152 152 152 152 152 152 152 153 152 149 152 58 66
split_gain=14843.7 2215.13 1692.86 341.882 221.257 199.27 134.731 39.9997 25.6093 23.9766 19.2728 18.6442 18.3384 18.0531
threshold=0.10338973583053314 0.24701531374281144 0.034835010130559833 0.1583463465006564 0.36099178573550711 0.063566368367825213 0.018178758054825953 0.20287913452745662 0.49251446170600338 0.1185369858508937 0.035714285714285747 0.055512139592022204 0.24264705882352944 1.0000000180025095e-35
decision_type=2 2 2 2 2 2 2 2 2 2 2 2 8 10
left_child=2 3 6 9 -3 11 -1 -5 -6 12 -11 -4 -2 -7
right_child=1 4 5 7 8 13 -8 -9 -10 10 -12 -13 -14 -15
leaf_value=-0.028495437998863591 0.0045021826669371465 0.056754710977790022 -0.010067567779856641 0.031515942906840656 0.07190769232235697 0.0058574576469273302 -0.019702703732009559 0.042622615090645945 0.099477893496929717 0.022064197205087101 0.010038795329669836 -0.0037426005075536384 0.016045416883996549 -0.0005677054836210095
leaf_weight=5894.488443158567 189.34040542691946 1084.4992988556623 1924.0827950313687 1064.8174764961004 562.69144108891487 1416.7911478355527 2370.5109740570188 762.95266683399677 200.88055814802647 1133.8312277942896 175.50116736441851 566.57241579145193 449.51548299193382 539.34211611747742
leaf_count=102049 2637 10943 30315 13059 4936 20617 39342 8649 1581 14956 2324 8645 6117 7866
internal_value=-4.24936e-05 0.0404753 -0.0179952 0.0271234 0.0673176 -0.00305404 -0.0260138 0.0364613 0.0809377 0.018151 0.0205843 -0.00865979 0.0128061 0.00409508
internal_weight=18335.8 5624.03 12711.8 3775.96 1848.07 4446.79 8265 1827.77 763.572 1948.19 1309.33 2490.66 638.856 1956.13
internal_count=274036 65202 208834 47742 17460 67443 141391 21708 6517 26034 17280 38960 8754 28483
is_linear=0
shrinkage=0.03


Tree=7
num_leaves=15
num_cat=0
split_feature=152 152 152 152 152 152 152 152 152 154 110 31 153 152
split_gain=13747.5 1894.97 1661.11 301.131 188.856 184.142 136.183 34.1616 27.2739 24.3494 22.8707 31.2562 18.4327 18.2539
threshold=0.10338973583053314 0.24701531374281144 0.034835010130559833 0.1583463465006564 0.063566368367825213 0.36099178573550711 0.01240987691140401 0.20287913452745662 0.02438220837967572 1.7165391499882074 0.87083333333333346 0.22944819819819823 0.25489553971539775 0.11064625738982067
decision_type=2 2 2 2 2 2 2 2 2 2 8 2 2 2
left_child=2 3 6 10 -4 12 -1 -5 -8 -7 -2 13 -3 -12
right_child=1 5 4 7 -6 9 8 -9 -10 -11 11 -13 -14 -15
leaf_value=-0.029377518010214279 0.020157008548859909 0.024292479628665115 -0.0084659965814255569 0.029803742572573663 0.0039594218366102892 0.083922632785006709 -0.023398474524536021 0.039985879183370245 -0.017287136213613722 0.061723172010951552 0.003120488461812712 0.0042928103400234471 0.053822392431543527 0.019341035846214667
leaf_weight=4508.2339771091938 1174.040010869503 55.475278988480568 2472.1648022420704 1092.6326597854495 1962.9530174583197 409.44988538324833 2259.9014002718031 789.43259613960981 1310.7373202443123 398.58723200857639 79.417514316737652 268.51908651739359 1077.5218989551067 455.53085571527481
leaf_count=80330 15349 594 38960 13059 28483 3171 39090 8649 21971 3346 1099 3582 10349 6004
internal_value=-4.54593e-05 0.0380735 -0.0177391 0.0257467 -0.00297178 0.0621988 -0.0258256 0.034357 -0.0212368 0.0742966 0.0173549 0.012966 0.0527128 0.0170838
internal_weight=18314.6 5800.61 12514 3859.57 4435.12 1941.03 8078.87 1882.07 3570.64 808.037 1977.51 803.467 1133 534.948
internal_count=274036 65202 208834 47742 67443 17460 141391 21708 61061 6517 26034 10685 10943 7103
is_linear=0
shrinkage=0.03


Tree=8
num_leaves=15
num_cat=0
split_feature=152 152 152 152 152 152 152 153 152 39 66 67 152 152
split_gain=12763.1 1722.92 1530.73 261.247 213.384 181.812 114.557 47.8798 21.502 26.9919 19.9697 19.462 18.1498 17.0125
threshold=0.10011620054523108 0.22062071035209826 0.032532465394676212 0.32857703503637076 0.14680196563243927 0.061297778017475525 0.01240987691140401 0.5268858976673908 0.17804574776847867 4.1000000000000005 1.0000000180025095e-35 1.0000000180025095e-35 0.04877635246685396 0.02438220837967572
decision_type=2 2 2 2 2 2 2 2 2 10 8 10 2 2
left_child=2 4 6 -3 10 12 -1 -5 9 -6 -2 -7 -4 -8
right_child=1 3 5 7 8 11 13 -9 -10 -11 -12 -13 -14 -15
leaf_value=-0.029256462449080464 0.017678319240682513 0.044779286327680135 -0.01116710788151578 0.061158802510350961 0.018195681892564868 0.0061881219227189494 -0.02317648355575164 0.088520939483647948 0.032959204991810973 0.030163757610264977 0.010893902751517266 0.00019421830617993044 -0.0057922651470460173 -0.017602118806609987
leaf_weight=4392.8870741277933 953.30907125771046 1346.6164597347379 1605.3551816754043 940.61324939131737 437.85539978742599 877.39447955787182 2213.9427212588489 154.69068296998739 971.63298719376326 463.59129656851292 858.31387523561716 1076.8700309917331 961.03824350237846 1036.8233451843262
leaf_count=80330 12442 13072 25988 7648 5335 12747 39090 1076 10862 5531 11429 15721 15114 17651
internal_value=-4.81927e-05 0.0352129 -0.0178291 0.0547179 0.0221171 -0.00397161 -0.026001 0.0661669 0.0292333 0.0247435 0.0145798 0.0029119 -0.00919974 -0.0214876
internal_weight=18290.9 6126.62 12164.3 2441.92 3684.7 4520.66 7643.65 1095.3 1873.08 901.447 1811.62 1954.26 2566.39 3250.77
internal_count=274036 67395 206641 21796 45599 69570 137071 8724 21728 10866 23871 28468 41102 56741
is_linear=0
shrinkage=0.03


Tree=9
num_leaves=15
num_cat=0
split_feature=152 151 152 151 151 152 152 153 16 151 155 59 110 151
split_gain=11873.3 1519.62 1503.57 286.464 175.344 134.721 115.769 32.9291 25.2167 22.46 21.6361 20.0692 18.5906 18.1587
threshold=0.10011620054523108 1.3479888099339705 0.032532465394676212 0.85418893014450192 2.5376494037109896 0.14680196563243927 0.01240987691140401 0.5268858976673908 -30.320512820512814 2.9882008347154687 0.13690694504087117 0.19684320309170292 0.9104278074866311 3.4672959664678489
decision_type=2 2 2 2 2 2 2 2 2 2 2 8 10 2
left_child=2 3 6 7 -4 12 -1 -2 -5 -6 -10 -7 -3 -8
right_child=1 5 4 8 9 11 13 -9 10 -11 -12 -13 -14 -15
leaf_value=-0.02913553420964738 0.057521879967439501 0.015538651388596725 0.0031977855548737857 0.022827786804907334 -0.0068890848642896184 0.017103381013495688 -0.017088388841008609 0.081696563347227802 0.025353614392791188 -0.01303624930743689 0.043788982592659259 0.027827936074110157 0.0075651462256000395 -0.022914890364445675
leaf_weight=4280.5470609664917 888.76957319676876 1457.6880689710379 1853.3752908408642 118.89774882793427 1856.4922290146351 285.02868777513504 960.47358937934041 163.69120080024004 134.60608021169901 795.31240419670939 1541.4085742980242 1323.4810831993818 375.89416678994894 2229.6995465271175
leaf_count=80330 6847 18866 26846 1133 29526 3323 16588 1076 1357 13198 14550 15238 5005 40153
internal_value=-5.10609e-05 0.0332792 -0.0175751 0.0494653 -0.00386747 0.0197332 -0.0258171 0.062377 0.0414402 -0.00879566 0.0425464 0.0261031 0.0139787 -0.0212489
internal_weight=18265.4 6289.47 11975.9 2847.37 4505.18 3442.09 7470.72 1052.46 1794.91 2651.8 1676.01 1608.51 1833.58 3190.17
internal_count=274036 67395 206641 24963 69570 42432 137071 7923 17040 42724 15907 18561 23871 56741
is_linear=0
shrinkage=0.03


Tree=10
num_leaves=15
num_cat=0
split_feature=152 151 152 152 152 152 152 155 151 66 151 59 134 76
split_gain=11078.4 1638.22 1151.84 251.626 185.295 116.967 104.669 55.1658 35.5255 19.5618 18.1697 17.9818 19.3939 21.2666
threshold=0.086390984872955698 1.3479888099339705 0.032532465394676212 0.30328073515712589 0.14680196563243927 0.01240987691140401 0.055512139592022204 0.26520268686840837 2.0081915103761951 1.0000000180025095e-35 3.4672959664678489 0.29008552721832842 0.078867874967165755 1876.666666666667
decision_type=2 2 2 2 2 2 2 2 2 10 2 10 2 10
left_child=2 3 5 -2 8 -1 -4 -5 9 -3 -7 -6 -13 -14
right_child=1 4 6 7 11 10 -8 -9 -10 -11 -12 12 13 -15
leaf_value=-0.029014634534625952 0.0369671224783822 0.017172485154223559 -0.009859094297232595 0.049241466058740843 0.020861646425705482 -0.016834094266738552 2.5228895516218857e-05 0.066180225854873181 0.0069055876602558798 0.009644261154452256 -0.02269046890380029 0.017338393390588205 0.034730378873170896 0.017444554219998906
leaf_weight=4171.14840131253 1498.6859771236777 966.2876914665103 2112.6146206371486 957.59925059229136 858.66692431271076 946.17763227969408 1763.1443183496594 491.48502131551504 934.83583143353462 568.20378740131855 2185.0269700288773 178.53240921348333 473.86485312879086 131.40087861567736
leaf_count=80330 14069 12178 34635 7622 9777 16588 26169 3272 13092 7367 40153 2004 5308 1472
internal_value=-5.33737e-05 0.0293328 -0.0186267 0.0463648 0.0169984 -0.0256322 -0.0053798 0.0556058 0.0116872 0.0145052 -0.0210095 0.0248054 0.0286529 0.0314903
internal_weight=18237.7 7059.56 11178.1 2947.77 4111.79 7302.35 3875.76 1449.08 2469.33 1534.49 3131.2 1642.47 783.798 605.266
internal_count=274036 76161 197875 24963 51198 137071 60804 10894 32637 19545 56741 18561 8784 6780
is_linear=0
shrinkage=0.03


Tree=11
num_leaves=15
num_cat=0
split_feature=152 151 152 152 152 152 152 153 151 27 151 66 59 53
split_gain=10363.2 1448.28 1133.7 219.478 167.702 118.146 99.8544 54.2207 32.5554 19.8044 18.1688 17.7498 16.857 16.9861
threshold=0.086390984872955698 1.3479888099339705 0.032532465394676212 0.30328073515712589 0.14680196563243927 0.01240987691140401 0.055512139592022204 0.48855503453053578 2.0081915103761951 0.34785353535353541 3.4672959664678489 1.0000000180025095e-35 0.19684320309170292 0.68093964858659706
decision_type=2 2 2 2 2 2 2 2 2 2 2 10 10 10
left_child=2 3 5 9 8 -1 -4 -5 11 -2 -7 -3 -6 -14
right_child=1 4 6 7 12 10 -8 -9 -10 -11 -12 -13 13 -15
leaf_value=-0.02889366888306362 0.035850594693185155 0.016430789029239855 -0.009648487652681571 0.047743844642571191 0.017616240460624159 -0.016580485952732611 2.4478115970369729e-05 0.066908729167732064 0.0066627400866051834 0.017021445955402198 -0.022465064759022203 0.0092884540859350089 0.027426821033209755 0.014970061619901776
leaf_weight=4064.6261573582888 1447.1637679114938 980.07077695429325 2094.5713194534183 1216.3951299339533 480.53788147866726 932.27209335565567 1763.182348176837 286.67308001220226 940.30378191918135 93.788728885352612 2141.5531628616154 572.77402448654175 1016.9137559607625 177.18833754956722
leaf_count=80330 13211 12178 34635 9141 5427 16588 26169 1753 13092 858 40153 7367 11180 1954
internal_value=-5.53761e-05 0.0278588 -0.0183758 0.0435588 0.0162769 -0.0254463 -0.0052445 0.0520241 0.0112331 0.0348797 -0.0207695 0.0139104 0.0236196 0.0257871
internal_weight=18208 7211.81 10996.2 3044.02 4167.79 7138.45 3857.75 1503.07 2493.15 1540.95 3073.83 1552.84 1674.64 1194.1
internal_count=274036 76161 197875 24963 51198 137071 60804 10894 32637 14069 56741 19545 18561 13134
is_linear=0
shrinkage=0.03


Tree=12
num_leaves=15
num_cat=0
split_feature=152 151 152 151 152 152 152 153 152 66 16 15 151 155
split_gain=9704.69 1287.6 1115.43 196.454 151.826 119.304 95.2345 30.6614 30.4135 26.4534 21.6814 19.9678 18.1559 17.7247
threshold=0.086390984872955698 1.3479888099339705 0.032532465394676212 0.85418893014450192 0.14680196563243927 0.01240987691140401 0.055512139592022204 0.5268858976673908 0.1185369858508937 1.0000000180025095e-35 -30.320512820512814 1.2573529411764712 3.4672959664678489 0.13690694504087117
decision_type=2 2 2 2 2 2 2 2 2 8 2 2 2 2
left_child=2 3 5 7 8 -1 -4 -2 9 -3 -5 -10 -7 -12
right_child=1 4 6 10 -6 12 -8 -9 11 -11 13 -13 -14 -15
leaf_value=-0.028772544811604964 0.047169713535810495 0.011305632340893828 -0.0094407543401139379 0.018800910361865725 0.022502453162257553 -0.016327627818143908 2.3749339321814999e-05 0.067071141412581636 0.016371771989183759 0.0030951515670677473 0.021190837711621557 0.0038562863528139265 -0.0222386669717284 0.036616723686807608
leaf_weight=3960.9162890538573 990.19183985888958 843.67604600638151 2077.0390143804252 128.04959064722061 1706.0109412148595 918.74727061763406 1763.219245955348 185.8667870759964 903.50065819919109 625.4498293325305 144.92723844200373 143.57797852903605 2099.2498068623245 1686.3750628009439
leaf_count=80330 6847 11207 34635 1133 18561 16588 26169 1076 11153 8506 1357 1771 40153 14550
internal_value=-5.71164e-05 0.026494 -0.018125 0.0410309 0.0155919 -0.0252593 -0.00511203 0.05112 0.0108009 0.0078768 0.0346327 0.0147343 -0.0205289 0.035578
internal_weight=18176.8 7357.63 10819.2 3135.41 4222.22 6978.91 3840.26 1176.06 2516.2 1469.13 1959.35 1047.08 3018 1831.3
internal_count=274036 76161 197875 24963 51198 137071 60804 7923 32637 19713 17040 12924 56741 15907
is_linear=0
shrinkage=0.03


Tree=13
num_leaves=15
num_cat=0
split_feature=151 151 151 151 152 151 156 153 151 152 111 15 110 23
split_gain=9105.93 1312.93 909.392 190.324 175.067 119.017 54.5835 45.1771 30.4311 28.3867 24.5396 18.4529 20.2847 17.6531
threshold=2.3369748506914587 1.3479888099339705 3.4672959664678489 1.8794359129669858 0.30328073515712589 2.9882008347154687 -3.4274191881169513 0.49251446170600338 1.6581827230727291 0.055512139592022204 0.083114709601787365 1.2264957264957277 0.91987179487179505 0.3272546419098144
decision_type=2 2 2 2 2 2 2 2 2 2 8 2 8 2
left_child=1 4 5 8 13 9 -4 -6 -3 -2 -5 12 -10 -1
right_child=2 3 6 10 7 -7 -8 -9 11 -11 -12 -13 -14 -15
leaf_value=0.033026000497899458 -0.0073259206035035229 0.021944492438488995 -0.029064571923326801 0.011283362679602371 0.042497393748161888 -0.014448779140401791 -0.022666097364158044 0.05976762642628549 0.019598404243910891 -0.0010780147778229649 0.0043567796019728273 0.0048437388324782081 0.0095484525660644807 0.022292558479394133
leaf_weight=1307.6800255328417 1293.3326698169112 1563.7437056973577 3397.436315510422 723.85459195822477 1320.1890197470784 1672.264737829566 2520.6072998680174 280.5628217458725 637.04275035113096 1321.703522272408 1315.2982816100121 159.03063721954823 317.80403183400631 313.70686469972134
leaf_count=11329 21437 16592 70547 9711 9306 29786 49936 1588 7594 19841 17797 1931 3901 2740
internal_value=-5.85512e-05 0.0240127 -0.0187917 0.0138589 0.0387434 -0.00822923 -0.0264035 0.0460511 0.0191057 -0.00419223 0.00688 0.0148818 0.0164529 0.0311727
internal_weight=18144.3 7938.91 10205.3 4716.77 3222.14 4287.3 5918.04 1600.75 2677.62 2615.04 2039.15 1113.88 954.847 1621.39
internal_count=274036 82489 191547 57526 24963 71064 120483 10894 30018 41278 27508 13426 11495 14069
is_linear=0
shrinkage=0.03


Tree=14
num_leaves=15
num_cat=0
split_feature=151 151 151 151 151 151 152 153 152 66 49 110 16 52
split_gain=8557 1182.33 898.605 245.235 114.761 100.565 55.6484 43.0153 27.0263 23.3043 20.5988 20.2643 18.8835 16.529
threshold=2.3369748506914587 1.4928409688502451 3.4672959664678489 0.97438160901886006 2.9882008347154687 1.8794359129669858 0.01240987691140401 0.5268858976673908 0.055512139592022204 1.0000000180025095e-35 15.641606839189384 0.90312500000000007 -30.320512820512814 0.88562091503267981
decision_type=2 2 2 2 2 2 2 2 2 10 8 8 2 10
left_child=1 3 4 7 8 11 -4 10 -2 -7 -1 13 -5 -3
right_child=2 5 6 12 -6 9 -8 -9 -10 -11 -12 -13 -14 -15
leaf_value=0.018909657562686265 -0.0071543612386680581 0.019584738096939034 -0.028532052795449729 0.015342915639061963 -0.014199950138278699 0.0087402602770890788 -0.021771181770294846 0.059519248648308327 -0.0010470074256279307 0.0017547908549805063 0.041579436712672606 0.011845647172073911 0.028639600864472398 0.0046335723464514334
leaf_weight=74.114453107118607 1285.1020155958831 1149.9494371861219 3763.7316158413887 159.11683435738087 1651.1075718551874 1425.5260731130838 2016.018486276269 199.30083167552948 1320.483940154314 625.30099488049746 1381.7683660537004 757.81897389888763 2219.0694475993514 82.096655607223511
leaf_count=501 21437 12938 80330 1465 29786 18972 40153 1079 19841 8536 9381 8735 19948 934
internal_value=-5.99045e-05 0.0229081 -0.0185437 0.0343771 -0.00804325 0.0113751 -0.0262363 0.0434186 -0.00408293 0.00663858 0.04063 0.0161705 0.0278517 0.0186562
internal_weight=18110.5 8074.06 10036.4 4033.37 4256.69 4040.69 5779.75 1655.18 2605.59 2050.83 1455.88 1989.87 2378.19 1232.05
internal_count=274036 82489 191547 32374 71064 50115 120483 10961 41278 27508 9882 22607 21413 13872
is_linear=0
shrinkage=0.03


Tree=15
num_leaves=15
num_cat=0
split_feature=151 151 151 151 151 151 156 151 151 151 23 110 154 102
split_gain=8046.77 1068.41 887.593 157.447 144.061 110.61 56.577 25.7033 25.2094 25.2046 24.7079 22.8037 20.4423 16.8139
threshold=2.3369748506914587 1.3479888099339705 3.4672959664678489 1.8794359129669858 0.71754226264466137 2.9882008347154687 -3.4274191881169513 2.5376494037109896 1.6581827230727291 1.1785366391390579 0.31698717948717953 0.62916666666666676 1.7165391499882074 0.18990384615384617
decision_type=2 2 2 2 2 2 2 2 2 2 2 8 2 10
left_child=1 4 5 8 12 7 -4 13 -3 -6 -11 -5 -1 -2
right_child=2 3 6 11 9 -7 -8 -9 -10 10 -12 -13 -14 -15
leaf_value=0.051007802577342977 0.0072176540510001707 0.019956698364703037 -0.028841815730757621 0.011066039972774852 0.033150614186447103 -0.013952671844663658 -0.022212711525354353 -0.0059560933171593613 0.01361712121404275 0.027979032501181358 0.013658864989420037 0.0042134148841771668 0.03638651983480571 -0.0022228201304008944
leaf_weight=518.05766899883747 222.98392528295517 1617.6387813165784 3226.4496809467673 640.34143512696028 1657.2852210998535 1630.5388198085129 2418.6904476322234 1795.354099355638 1142.150529012084 634.96476288884878 185.93969575315714 1421.8484813198447 385.72308447957039 578.06904113292694
leaf_count=2923 3264 16592 70547 8456 12458 29786 49936 29526 13426 5531 1654 19052 2397 8488
internal_value=-6.12211e-05 0.0218743 -0.0182957 0.0127446 0.0347775 -0.00786028 -0.0260679 -0.00397611 0.0174208 0.0306304 0.0250387 0.0064058 0.0454635 0.000489429
internal_weight=18076 8203.95 9872.09 4821.98 3381.97 4226.95 5645.14 2596.41 2759.79 2478.19 820.904 2062.19 903.781 801.053
internal_count=274036 82489 191547 57526 24963 71064 120483 41278 30018 19643 7185 27508 5320 11752
is_linear=0
shrinkage=0.03


Tree=16
num_leaves=15
num_cat=0
split_feature=152 151 151 151 151 151 152 153 109 53 16 41 154 20
split_gain=7590.17 1067.79 767.62 200.878 104.587 85.4189 57.5381 39.1401 23.2017 20.2876 16.5152 16.0343 15.9944 15.8028
threshold=0.070996906961518544 1.4928409688502451 3.4672959664678489 0.97438160901886006 2.0081915103761951 2.9882008347154687 0.01240987691140401 0.5268858976673908 -3.508055555555555 0.87660256410269255 -30.320512820512814 0.55000000000000016 2.1009462155641714 7.3373983739837412
decision_type=2 2 2 2 2 2 2 2 8 10 2 10 2 8
left_child=2 3 5 7 8 13 -4 12 -3 -10 -5 -6 -2 -1
right_child=1 4 6 10 11 -7 -8 -9 9 -11 -12 -13 -14 -15
leaf_value=-0.0062640897267657748 0.037449075155972594 0.0068811347343823957 -0.028290051284155251 0.013813261266842833 0.0055288405869143055 -0.013707015229122965 -0.021298983023159898 0.053602098129941995 0.015234665152638474 -0.00284593822804742 0.025911636261840041 -0.001560215387015573 0.019814668350464477 -0.00077642131193272922
leaf_weight=1595.3091911040246 1424.4222721904516 436.98691154271364 3576.9179325923324 164.02294133603573 1380.0072522833943 1610.5431765168905 1937.2638733349741 210.34210528433323 2208.1534971371293 52.841605350375175 2310.17732296139 354.42882937192917 103.84059934318066 674.89175779744983
leaf_count=25734 9154 4998 80330 1465 19066 29786 40153 1079 25083 614 19948 4964 728 10934
internal_value=-6.19063e-05 0.0202054 -0.0187144 0.0309997 0.00987595 -0.00844617 -0.0258984 0.0389704 0.0135593 0.0147961 0.0251977 0.00407925 0.0364551 -0.0046485
internal_weight=18040.1 8645.22 9394.93 4212.81 4432.42 3880.74 5514.18 1738.6 2697.98 2261 2474.2 1734.44 1528.26 2270.2
internal_count=274036 87099 186937 32374 54725 66454 120483 10961 30695 25697 21413 24030 9882 36668
is_linear=0
shrinkage=0.03


Tree=17
num_leaves=15
num_cat=0
split_feature=152 152 152 152 152 152 156 155 44 66 16 152 111 52
split_gain=7164.63 1046.45 658.105 188.393 116.09 66.7281 56.5621 37.9654 20.5641 20.1624 18.7947 18.6188 17.6024 15.5605
threshold=0.06579667573706377 0.17804574776847867 0.02438220837967572 0.30328073515712589 0.1185369858508937 0.037306525805610287 -3.4274191881169513 0.26520268686840837 0.55000000000000016 1.0000000180025095e-35 -30.320512820512814 0.086390984872955698 0.16399049643850092 0.53589743589743599
decision_type=2 2 2 2 2 2 2 2 10 10 2 2 8 8
left_child=2 4 6 10 9 -4 -1 -5 13 11 -3 -2 -13 -6
right_child=1 3 5 7 8 -7 -8 -9 -10 -11 -12 12 -14 -15
leaf_value=-0.028618026617713909 0.0027307935592982622 0.012392076920089746 -0.014307830382064769 0.032729299622056812 0.016926532948605518 -0.0058632334046766496 -0.021807388443765573 0.044320606540911599 -0.00041845870142481967 0.00041156185337505363 0.024599617173484779 0.012121089539254113 0.0040643306961664939 0.011118101162178066
leaf_weight=3064.4284608960152 793.39827296882868 168.55481324344873 1381.4402546994388 1163.2914129048586 1221.3315005376935 2221.5757632367313 2270.7258414104581 604.78739432990551 84.124985888600349 742.07936351746321 2389.2684973850846 611.91128965467215 435.15896491706371 852.12286626547575
leaf_count=70546 11341 1489 26267 7622 13389 36829 48874 3272 948 10252 20275 7796 5683 9453
internal_value=-6.327e-05 0.0187122 -0.0191068 0.0293609 0.00893219 -0.00914689 -0.0257886 0.0370337 0.0140506 0.00459957 0.0238721 0.0062712 0.00887742 0.0146365
internal_weight=18004.2 9066.03 8938.17 4325.9 4740.13 3603.02 5335.15 1768.08 2157.58 2582.55 2557.82 1840.47 1047.07 2073.45
internal_count=274036 91520 182516 32658 58862 63096 119420 10894 23790 35072 21764 24820 13479 22842
is_linear=0
shrinkage=0.03


Tree=18
num_leaves=15
num_cat=0
split_feature=152 151 151 151 151 151 156 153 110 53 149 49 105 31
split_gain=6763.23 962.638 654.91 166.145 109.999 62.4055 59.3885 37.0542 21.2284 22.5519 19.6654 18.6814 16.5242 15.4978
threshold=0.06579667573706377 1.4928409688502451 3.4672959664678489 0.97438160901886006 2.0081915103761951 2.9882008347154687 -3.4274191881169513 0.5268858976673908 0.9104278074866311 0.87660256410269255 0.021717506631299763 15.641606839189384 -0.0029450296231844082 0.27113095238095242
decision_type=2 2 2 2 2 2 2 2 8 10 2 8 2 2
left_child=2 3 5 7 8 13 -4 11 9 12 -10 -2 -3 -1
right_child=1 4 6 -5 -6 -7 -8 -9 10 -11 -12 -13 -14 -15
leaf_value=-0.004218275404119772 0.01453226079605606 0.0098434195772838014 -0.028504057767282404 0.022890353543607453 0.0033111300051117706 -0.013230771057463449 -0.021529360377888936 0.048750092352931242 0.01086281228676556 -0.0047678335750228886 0.00037818534673757795 0.033677502920570201 0.016932463826248662 -0.013206710796088933
leaf_weight=1768.1970234438777 80.227791547775269 492.96196817606688 2985.6843388266861 2563.4083838388324 2048.2703117057681 1572.9493313059211 2277.3183114826679 219.80927261710167 755.22663896530867 46.815209314227104 204.95499335229397 1514.7596399635077 1254.784794613719 182.160728469491
leaf_count=29237 501 5471 70547 21413 28451 29786 49936 1079 8544 539 2342 9381 13799 3010
internal_value=-6.46048e-05 0.0179267 -0.018863 0.028082 0.00861096 -0.00879959 -0.0255558 0.0351675 0.0125123 0.0144819 0.00866506 0.0328589 0.0150337 -0.00515217
internal_weight=17967.5 9181.22 8786.31 4378.21 4803.01 3523.31 5263 1814.8 2754.74 1794.56 960.182 1594.99 1747.75 1950.36
internal_count=274036 91520 182516 32374 59146 62033 120483 10961 30695 19809 10886 9882 19270 32247
is_linear=0
shrinkage=0.03


Tree=19
num_leaves=15
num_cat=0
split_feature=152 151 151 151 151 152 151 151 155 109 53 31 134 58
split_gain=6387.43 877.34 647.493 152.56 101.605 60.4194 60.1863 30.3991 23.1592 20.1215 17.1139 15.1062 13.7452 22.3124
threshold=0.06579667573706377 1.4928409688502451 3.4672959664678489 0.85418893014450192 2.0081915103761951 0.01240987691140401 2.9882008347154687 1.1785366391390579 0.33678488549221003 -3.508055555555555 0.87660256410269255 0.25337837837837845 0.078867874967165755 0.18465909090909094
decision_type=2 2 2 2 2 2 2 2 2 8 10 2 2 10
left_child=2 3 6 8 9 -4 11 -5 -2 -3 12 -1 -11 -14
right_child=1 4 5 7 -6 -7 -8 -9 -10 10 -12 -13 13 -15
leaf_value=-0.003677322359245519 0.032604370259794332 0.005903946342849185 -0.027924327173908529 0.026393268351693925 0.0032034891265182077 -0.020577084185178458 -0.012990301639522514 0.019622751800485314 0.047332531177922958 0.0082441945382989833 -0.0029538201834705953 -0.010401255345664238 0.010017838453936096 0.017302716824411965
leaf_weight=1573.1124935820699 1195.9858031719923 447.1583823338151 3316.0714377090335 1383.8108559027314 2053.9969325363636 1826.3219166360795 1554.5639651603997 1678.525743342936 197.44233146309853 433.87436099350452 53.0545314848423 368.67951931059361 684.77655474841595 1163.2469476163387
leaf_count=26108 6965 4998 80330 9855 28451 40153 29786 14596 958 4816 614 6139 7633 12634
internal_value=-6.59693e-05 0.0171855 -0.0186193 0.0267716 0.00829775 -0.0253824 -0.00860632 0.022796 0.0351732 0.0120214 0.0131478 -0.00502391 0.013539 0.0147057
internal_weight=17930.6 9291.87 8638.75 4455.76 4836.11 5142.39 3496.36 3062.34 1393.43 2782.11 2334.95 1941.79 2281.9 1848.02
internal_count=274036 91520 182516 32374 59146 120483 62033 24451 7923 30695 25697 32247 25083 20267
is_linear=0
shrinkage=0.03


Tree=20
num_leaves=15
num_cat=0
split_feature=151 151 151 152 151 152 151 153 110 53 149 16 105 28
split_gain=6038.29 845.203 589.797 140.51 106.235 61.1704 49.7121 34.7078 18.455 19.6731 18.033 15.7202 14.7699 14.8638
threshold=2.5376494037109896 1.4928409688502451 3.4672959664678489 0.30328073515712589 2.0081915103761951 0.01240987691140401 2.9882008347154687 0.48855503453053578 0.9104278074866311 0.87660256410269255 0.021717506631299763 -30.320512820512814 -0.0029450296231844082 4.5108695652173916
decision_type=2 2 2 2 2 2 2 2 8 10 2 2 2 8
left_child=1 3 6 11 8 -4 -2 -5 9 12 -10 -1 -3 -14
right_child=2 4 5 7 -6 -7 -8 -9 10 -11 -12 -13 13 -15
leaf_value=0.010690689018933809 -0.0053004005561943521 0.0090268899586897246 -0.027798944675464846 0.029265074310322582 0.0027811384327581586 -0.020342883602426073 -0.012751716533853468 0.041666368335645604 0.010075754577122511 -0.0046270725875257905 0.00010340671142917697 0.021520809662063781 0.011520485630358771 0.018740272973756446
leaf_weight=174.38615757972002 1754.5991685725749 501.83858332037926 3232.4298983067274 1511.3948043137789 2238.3822491616011 1792.6128681004047 1536.6945527866483 361.5191325545311 767.9719945192337 46.547514773905277 206.5671703517437 2482.248397320509 583.15655866265297 702.42023973166943
leaf_count=1476 29526 5471 80330 9141 31172 40153 29786 1753 8544 539 2342 20004 6274 7525
internal_value=-6.65934e-05 0.0161624 -0.0187501 0.0255528 0.00768395 -0.0252076 -0.00882146 0.0319709 0.011556 0.0133677 0.00799559 0.0208739 0.0138709 0.0156359
internal_weight=17892.8 9576.43 8316.34 4529.55 5046.88 5025.04 3291.29 1872.91 2808.5 1833.96 974.539 2656.63 1787.42 1285.58
internal_count=274036 94241 179795 32374 61867 120483 59312 10894 30695 19809 10886 21480 19270 13799
is_linear=0
shrinkage=0.03


Tree=21
num_leaves=15
num_cat=0
split_feature=151 151 151 151 151 156 151 151 153 109 23 52 27 117
split_gain=5710.57 773.275 583.11 130.434 98.39 62.4193 47.9658 26.822 22.6378 17.7718 16.5666 15.2072 15.245 14.3452
threshold=2.5376494037109896 1.4928409688502451 3.4672959664678489 0.85418893014450192 2.0081915103761951 -3.4274191881169513 2.9882008347154687 1.1785366391390579 0.5268858976673908 -3.508055555555555 0.38944444444444454 0.54195804195804198 0.22944819819819823 0.019442709603197276
decision_type=2 2 2 2 2 2 2 2 2 8 2 8 2 10
left_child=1 3 6 8 9 -4 -2 10 -1 -3 -5 -11 -13 -14
right_child=2 4 5 7 -6 -7 -8 -9 -10 11 -12 12 13 -15
leaf_value=0.029505365406116982 -0.005166757407907235 0.0054058318040234856 -0.028165265562003355 0.024859739659974255 0.0026918816186949851 -0.02082245840644447 -0.012515081997113811 0.017874221067578151 0.042677622095672607 0.014310216202918022 0.0078926505352519081 0.012068623194952213 -0.0077837908192092591 0.0067450826279600654
leaf_weight=1210.6161183863878 1746.49668475613 452.50436166673899 2765.9399432577193 1357.6750550791621 2243.6398707479239 2144.9568579606712 1519.3272978328168 1728.6513095349073 231.54395352303982 1360.7225335538387 71.91165242344141 616.33327304571867 60.642797619104385 343.7320341616869
leaf_count=6847 29526 4998 70547 9353 31172 49936 29786 14596 1076 14575 502 6719 661 3742
internal_value=-6.71395e-05 0.0155169 -0.0185071 0.0244098 0.00741164 -0.0250313 -0.00862694 0.0207916 0.0320378 0.0111145 0.0240971 0.0121585 0.0091244 0.00436576
internal_weight=17854.7 9677.97 8176.72 4600.4 5077.57 4910.9 3265.82 3158.24 1442.16 2833.94 1429.59 2381.43 1020.71 404.375
internal_count=274036 94241 179795 32374 61867 120483 59312 24451 7923 30695 9855 25697 11122 4403
is_linear=0
shrinkage=0.03


Tree=22
num_leaves=15
num_cat=0
split_feature=151 151 151 151 151 156 152 151 153 66 152 44 57 23
split_gain=5402.71 709.153 576.235 120.483 92.2867 63.2181 46.5023 24.4903 21.7436 20.3849 18.2291 15.348 14.9867 14.8373
threshold=2.5376494037109896 1.4928409688502451 3.4672959664678489 0.85418893014450192 1.8794359129669858 -3.4274191881169513 0.037306525805610287 1.1785366391390579 0.5268858976673908 1.0000000180025095e-35 0.079740200000714509 0.55000000000000016 0.32766122766118627 0.38944444444444454
decision_type=2 2 2 2 2 2 2 2 2 10 2 10 8 2
left_child=1 3 6 8 11 -4 -2 13 -1 10 -6 -3 -12 -5
right_child=2 4 5 7 9 -7 -8 -9 -10 -11 12 -13 -14 -15
leaf_value=0.028185848807767463 -0.012945916653427668 0.012340845666300957 -0.028048715975701858 0.023738483115048954 0.0012837596591771423 -0.020592114792392372 -0.0055128055294921723 0.017118866537991224 0.040865134330169868 -0.00027079786178117775 0.0089321246516867285 -0.00056054520294847603 0.0015251992602128078 0.0076636221678908273
leaf_weight=1229.6749748885632 1254.0889489501715 2079.7971105054021 2695.241503637284 1379.514703027904 708.51767767220736 2104.6625019349158 1986.9889820031822 1751.089569196105 235.16739128530025 845.60415249317884 1060.6708312854171 85.085963487625122 327.78604678064585 72.281483396887779
leaf_count=6847 25204 21681 70547 9353 10212 49936 34108 14596 1076 11484 13360 926 4204 502
internal_value=-6.72861e-05 0.0149061 -0.0182638 0.0233435 0.00714931 -0.0248535 -0.00843533 0.0198907 0.030615 0.00366063 0.00523665 0.0118334 0.00721849 0.0230247
internal_weight=17816.2 9775.19 8040.98 4667.73 5107.46 4799.9 3241.08 3202.89 1464.84 2942.58 2096.97 2164.88 1388.46 1451.8
internal_count=274036 94241 179795 32374 61867 120483 59312 24451 7923 39260 27776 22607 17564 9855
is_linear=0
shrinkage=0.03


Tree=23
num_leaves=15
num_cat=0
split_feature=156 156 156 144 155 156 156 156 153 153 153 153 13 106
split_gain=4947.55 598.344 585.121 125.749 118.022 84.8665 46.1451 44.3848 34.8235 29.7956 28.7286 28.2865 20.0727 17.4368
threshold=-1.5526074380019355 -0.25671984684781396 -2.7542341378487536 0.10595963422768236 0.21921974254136883 -2.1163955904443141 -0.8324463741746323 -3.4680068003425504 0.33010400053889227 0.25489553971539775 0.24753178335526521 0.36061877803980896 0.63961038961038974 0.84807692307692317
decision_type=2 2 2 2 2 2 2 2 2 2 2 2 2 2
left_child=2 3 7 6 9 11 10 -1 -7 13 -2 -4 -11 -3
right_child=1 4 5 -5 -6 8 -8 -9 -10 12 -12 -13 -14 -15
leaf_value=-0.028040269018766231 -0.0023048817493644259 0.018703218370483918 -0.016528074262439112 0.01413660469646902 0.030635334126710975 -0.0080652564282302219 0.0092315670614848289 -0.020935984211866702 -6.237437601759603e-05 0.018710299609170103 0.0045084797661005902 -0.008450578201046232 0.02673234590446024 0.010884098999576748
leaf_weight=2547.6268278174102 824.86576228961349 688.80545864254236 1192.0685367621481 1898.2430683672428 1273.8365871906281 1185.384958256036 1289.2592191696167 1578.7736114375293 826.53519223257899 959.31432269513607 1652.8558170460165 660.76952319219708 646.83873700350523 552.40022614598274
leaf_count=68475 12733 5922 26333 17799 6746 21796 14418 38303 12524 6308 21493 12229 4257 4700
internal_value=-6.76117e-05 0.0142241 -0.0175639 0.00786427 0.0229064 -0.00912301 0.00466001 -0.0254078 -0.00480231 0.0193062 0.00224 -0.0137384 0.0221584 0.0153948
internal_weight=17777.6 9786.42 7991.16 5665.22 4121.2 3864.76 3766.98 4126.4 2011.92 2847.36 2477.72 1852.84 1606.15 1241.21
internal_count=274036 94376 179660 66443 27933 72882 48644 106778 34320 21187 34226 38562 10565 10622
is_linear=0
shrinkage=0.03


Tree=24
num_leaves=15
num_cat=0
split_feature=152 151 152 151 152 152 151 155 51 106 16 111 117 31
split_gain=4854.44 701.629 445.145 127.602 83.8258 44.766 42.4025 37.9242 19.2145 17.3459 20.7334 15.6153 24.3264 20.0265
threshold=0.055512139592022204 1.5789255615152133 0.021910014734660515 1.0471650770867933 0.10011620054523108 0.01240987691140401 3.1245627302238765 0.26520268686840837 -0.15633337531918792 0.84807692307692317 -30.320512820512814 0.10043404087148629 0.062255216597918668 0.22944819819819823
decision_type=2 2 2 2 2 2 2 2 8 2 2 8 10 2
left_child=2 3 5 7 8 -1 -4 -2 -3 -5 -11 12 -6 -13
right_child=1 4 6 9 11 -7 -8 -9 -10 10 -12 13 -14 -15
leaf_value=-0.027298075067805998 0.02299215025442192 0.017167001750436003 -0.0066774214343308415 0.018679549818378216 0.0079298894478420368 -0.019985714012141161 -0.013939305494284845 0.032414203584493012 0.00060422267698587097 9.2513585387546217e-05 0.014544546473019509 0.0093788410306682932 0.018581339270425934 0.0028474523252580014
leaf_weight=2925.723404828459 1637.3226558417082 49.814106080681086 1677.8721185177565 1589.7116935774684 560.76996567100286 1343.5467874780297 1337.0336943790317 697.72684262692928 2368.1811719946563 96.22480620443821 1269.9734694287181 1187.2636047303677 320.17251512408257 678.54300704598427
leaf_count=80330 9774 715 30094 12908 6073 32598 28684 3405 34220 819 10184 13166 3463 7603
internal_value=-6.83267e-05 0.0130235 -0.0188484 0.0206877 0.00513482 -0.0250749 -0.00995095 0.0259964 0.00104917 0.0163838 0.0135387 0.00870623 0.0120474 0.00704521
internal_weight=17739.9 10455.7 7284.18 5290.96 5164.74 4269.27 3014.91 2335.05 2418 2955.91 1366.2 2746.75 880.942 1865.81
internal_count=274036 102330 171706 37090 65240 112928 58778 13179 34935 23911 11003 30305 9536 20769
is_linear=0
shrinkage=0.03


Tree=25
num_leaves=15
num_cat=0
split_feature=152 151 152 151 152 156 151 153 110 134 53 17 123 149
split_gain=4603.47 646.879 440.808 140.175 58.0755 47.5762 41.0788 35.5247 20.9209 18.085 18.0293 16.5163 14.8127 14.3687
threshold=0.055512139592022204 1.6581827230727291 0.021910014734660515 1.0471650770867933 0.086390984872955698 -3.4680068003425504 3.1245627302238765 0.48855503453053578 0.91987179487179505 0.078867874967165755 0.82355260480350523 17.500000000000004 7.1666666666666581 0.016675936225435676
decision_type=2 2 2 2 2 2 2 2 8 2 10 2 10 2
left_child=2 3 5 7 -3 -1 -4 -2 10 11 -6 -5 -10 -11
right_child=1 4 6 9 8 -7 -8 -9 12 13 -12 -13 -14 -15
leaf_value=-0.027811025203525762 0.022874203377442445 -4.0195789364328666e-05 -0.006517372772095892 0.011727577129387148 0.0091406249948815799 -0.020678317982990326 -0.013697653485255553 0.033952128718887635 0.004163987848404529 0.017399196044851607 -0.0025495493548421391 -0.0044812957463404154 -0.008217382508954419 0.011013020192872926
leaf_weight=2420.8017659336329 1976.7119127511978 1765.9689990729094 1668.0236000902951 606.31725871562958 1966.4914089441299 1751.1606029421091 1320.3230429403484 388.93290123343468 788.65194806456566 2299.4179641976953 120.15451139211655 54.523811183869839 83.507123582065105 490.35125517100096
leaf_count=68466 11411 26169 30094 5006 22712 44462 28684 1768 9449 18724 1437 463 1008 4183
internal_value=-6.81622e-05 0.0125346 -0.0186087 0.019221 0.00426873 -0.0249019 -0.00974236 0.024898 0.00682776 0.0152381 0.00845408 0.0103205 0.00285961 0.0163416
internal_weight=17701.3 10541 7160.31 5816.26 4724.77 4171.96 2988.35 2365.64 2958.8 3450.61 2086.65 660.841 872.159 2789.77
internal_count=274036 102330 171706 41555 60775 112928 58778 13179 34606 28376 24149 5469 10457 22907
is_linear=0
shrinkage=0.03


Tree=26
num_leaves=15
num_cat=0
split_feature=152 152 152 152 152 156 153 152 51 24 106 49 16 129
split_gain=4365.74 595.807 436.305 119.114 64.9251 48.2409 40.5827 39.4432 18.1118 14.9061 13.613 24.194 13.2165 13.1169
threshold=0.055512139592022204 0.1583463465006564 0.021910014734660515 0.26353257994069657 0.10011620054523108 -3.4680068003425504 0.43947506386041491 0.034835010130559833 -0.15633337531918792 2.9791666666666674 0.9654761904761906 15.94873370381538 20.129166666666666 17.500000000000004
decision_type=2 2 2 2 2 2 2 2 8 8 2 10 2 2
left_child=2 4 5 9 8 -1 10 -4 -2 12 -5 -12 -3 -11
right_child=1 3 7 6 -6 -7 -8 -9 -10 13 11 -13 -14 -15
leaf_value=-0.027693328812157161 0.016510924881768554 0.0063449543507302043 -0.013470183577117259 0.022710790483893538 0.0078075964613991229 -0.020450505464764061 0.030059432296817901 -0.0063953693608775836 0.0005294571176304374 0.015836888334912119 0.0043165277763388757 0.019201292444379594 0.017366786867214351 0.0019585079382917797
leaf_weight=2359.1534010507166 50.631576780229807 410.00179818272591 1293.424376744777 1395.5222791135311 2564.8356144726276 1718.2161437235773 686.81728294491768 1669.1173844411969 2373.0935245677829 2309.7846676856279 134.20297184586525 500.29680746793747 130.79642499983311 67.616351522505283
leaf_count=68466 715 3348 28463 8324 28227 44462 3247 30315 34220 18887 788 2949 1055 570
internal_value=-6.9111e-05 0.0120661 -0.0183686 0.0187391 0.00449487 -0.0247273 0.0233062 -0.00953648 0.000962811 0.0143897 0.0208176 0.0162254 0.00940743 0.0154569
internal_weight=17663.5 10623.6 7039.91 5635.04 4988.56 4077.37 2716.84 2962.54 2423.73 2918.2 2030.02 634.5 540.798 2377.4
internal_count=274036 102330 171706 39168 63162 112928 15308 58778 34935 23860 12061 3737 4403 19457
is_linear=0
shrinkage=0.03


Tree=27
num_leaves=15
num_cat=0
split_feature=152 152 152 152 152 152 152 155 49 51 27 57 16 118
split_gain=4141.75 550.314 431.638 111.083 60.4031 46.9702 38.1748 35.4973 18.1516 17.0834 14.986 14.9997 13.3553 15.2182
threshold=0.055512139592022204 0.1583463465006564 0.021910014734660515 0.28159744191396641 0.10011620054523108 0.01240987691140401 0.034835010130559833 0.26520268686840837 15.618896789421949 -0.15633337531918792 0.27831196581196588 -0.062505237137581063 -30.320512820512814 -0.045719545421914302
decision_type=2 2 2 2 2 2 2 2 8 8 2 10 2 8
left_child=2 4 5 12 9 -1 -4 8 -5 -2 -6 -12 -3 -14
right_child=1 3 6 7 10 -7 -8 -9 -10 -11 11 -13 13 -15
leaf_value=-0.026909939659764414 0.01595339287336598 0.0066722821360618969 -0.013231589020714467 0.0041135695411589034 0.0087582888208814266 -0.019247885116935395 -0.0062405883144916923 0.028946735295279177 0.020787510322292181 0.00051344027307865625 0.010876311351986256 0.00022559756240189176 0.021603391465142448 0.01394010287954644
leaf_weight=2716.1535299494863 51.342196546494961 230.42374548316002 1277.7554021626711 69.62322624027729 1999.940643183887 1269.2398630641401 1659.7165189012885 719.51559768617153 1620.1566812098026 2374.1605853922665 149.72578942775726 431.1433277502656 307.75614709407091 2748.560089148581
leaf_count=80330 715 1925 28463 408 21830 32598 30315 3387 9301 34220 1608 4789 2440 21707
internal_value=-6.86213e-05 0.0116223 -0.0181281 0.0179889 0.00434643 -0.0245511 -0.00933334 0.0229348 0.0201427 0.000936313 0.0075274 0.00317563 0.0142756 0.0148135
internal_weight=17625.2 10702.3 6922.87 5696.04 5006.31 3985.39 2937.47 2409.3 1689.78 2425.5 2580.81 580.869 3286.74 3056.32
internal_count=274036 102330 171706 39168 63162 112928 58778 13096 9709 34935 28227 6397 26072 24147
is_linear=0
shrinkage=0.03


Tree=28
num_leaves=15
num_cat=0
split_feature=152 151 152 151 151 156 151 151 154 66 134 13 51 84
split_gain=3929.8 513.773 426.809 82.7022 81.8757 49.8049 37.3194 22.4641 18.7659 15.9183 17.2787 15.8841 13.1582 14.28
threshold=0.055512139592022204 1.4928409688502451 0.021910014734660515 0.71754226264466137 2.0081915103761951 -3.4680068003425504 3.1245627302238765 1.1785366391390579 1.7165391499882074 1.0000000180025095e-35 0.078867874967165755 0.83974358974358987 -0.15633337531918792 0.73697339569877929
decision_type=2 2 2 2 2 2 2 2 2 8 2 2 8 10
left_child=2 3 5 8 9 -1 -4 11 -2 10 -3 -5 -6 -14
right_child=1 4 6 7 12 -7 -8 -9 -10 -11 -12 -13 13 -15
leaf_value=-0.027458945754980101 0.029422400318493028 0.0041390983016905318 -0.0060512068166118154 0.016655244087685119 0.013995605466340716 -0.019977117547518325 -0.012985707091840352 0.01339535874788809 0.019657472589623224 0.0062125495160452867 0.01237270746007277 0.024220205661596033 0.0017641942536494731 -0.0051567557656399176
leaf_weight=2242.8909670524299 635.10848785936832 308.34845452010632 1639.9228653125465 1622.4563585817814 57.25122856348753 1653.0482798926532 1273.192939274013 1868.91418877244 472.6849148273468 1501.4433773756027 1182.5655669495463 409.94881120324135 2432.5551565475762 286.74616092815995
leaf_count=68466 2923 3181 30094 9947 777 44462 28684 14596 2397 15666 11848 2511 34434 4050
internal_value=-6.81837e-05 0.0111984 -0.0178874 0.0182151 0.00507435 -0.0243732 -0.00913296 0.0160355 0.0255741 0.00850464 0.010728 0.0183474 0.00135162 0.00101011
internal_weight=17587.1 10778 6809.06 5009.11 5768.91 3895.94 2913.12 3901.32 1107.79 2992.36 1490.91 2032.41 2776.55 2719.3
internal_count=274036 102330 171706 32374 69956 112928 58778 27054 5320 30695 15029 12458 39261 38484
is_linear=0
shrinkage=0.03


Tree=29
num_leaves=15
num_cat=0
split_feature=152 151 152 151 156 152 153 151 109 117 153 39 117 106
split_gain=3729.38 476.364 421.827 105.503 50.4202 45.8243 40.2498 36.0802 23.4003 18.2153 15.9707 15.7212 15.551 14.9967
threshold=0.055512139592022204 1.6581827230727291 0.021910014734660515 1.1785366391390579 -3.4680068003425504 0.086390984872955698 0.53527908367973165 3.1245627302238765 -0.11249999999999936 0.055033705917094271 0.25489553971539775 2.9000000000000004 0.073681063359702301 0.84807692307692317
decision_type=2 2 2 2 2 2 2 2 10 10 2 8 10 2
left_child=2 3 4 6 -1 -3 10 -4 -7 -10 -2 -5 -13 -14
right_child=1 5 7 11 -6 8 -8 -9 9 -11 -12 12 13 -15
leaf_value=-0.027337965437952957 0.0061435630717414039 -0.00012842556910011433 -0.0059030190592658351 0.0067544318362534727 -0.019746215968835665 0.0047425340997013172 0.033092042203572106 -0.012750508414022824 0.008174517172229414 0.022155613123250369 0.019490421589721738 0.010653206993656059 0.019912418035038449 0.012061490252014574
leaf_weight=2186.1565289795399 100.63215447962284 1770.4450712837279 1631.1696136444807 471.14984045177698 1622.8418558686972 2538.6239203959703 216.93686497211456 1258.2830042093992 370.38334361463785 110.2220631018281 2854.8858785331249 1321.6277721896768 501.76424644142389 593.79570262134075
leaf_count=68466 712 26169 30094 3919 44462 29147 936 28684 4220 1239 16130 10893 4099 4866
internal_value=-6.75054e-05 0.0107941 -0.0176465 0.0163727 -0.0241936 0.00370598 0.0201794 -0.00893538 0.00594396 0.0119545 0.0190693 0.0121088 0.0131044 0.0158776
internal_weight=17548.9 10850.5 6698.45 6060.79 3809 4789.67 3172.45 2889.45 3019.23 480.605 2955.52 2888.34 2417.19 1095.56
internal_count=274036 102330 171706 41555 112928 60775 17778 58778 34606 5459 16842 23777 19858 8965
is_linear=0
shrinkage=0.03


Tree=30
num_leaves=15
num_cat=0
split_feature=152 151 152 151 151 156 151 151 154 109 13 106 49 155
split_gain=3539.71 441.921 416.694 74.3098 71.7039 51.0166 34.8646 18.3638 17.2372 15.0019 14.8405 13.8586 21.0358 18.3413
threshold=0.055512139592022204 1.4928409688502451 0.021910014734660515 0.71754226264466137 2.0081915103761951 -3.4680068003425504 3.1245627302238765 1.1785366391390579 1.7165391499882074 -3.508055555555555 0.83974358974358987 0.9654761904761906 16.017861688509587 0.15978463845106011
decision_type=2 2 2 2 2 2 2 2 2 8 2 2 10 2
left_child=2 3 5 8 9 -1 -4 10 -2 -3 11 13 -13 -5
right_child=1 4 6 7 -6 -7 -8 -9 -10 -11 -12 12 -14 -15
leaf_value=-0.02721575291011101 0.027369654747188384 0.0029355861956651369 -0.0057577300345736391 0.0078555027330946079 0.0012469143508341439 -0.019514400823817245 -0.012517104614215424 0.012420647533224726 0.018194646930106403 0.00883172556474646 0.022412980997121659 -0.00097680684049864896 0.01372583082573431 0.018778497710047689
leaf_weight=2130.9959910362959 646.3941073268652 480.51512690633535 1622.6695087887347 196.34201973676682 2784.4120854325593 1593.4812636189163 1243.7950396127999 1901.8665513396263 481.04505704343319 2549.6939721032977 420.25549151003361 112.00800883769989 357.55857014656067 990.17143979668617
leaf_count=68466 2923 4998 30094 1262 39261 44462 28684 14596 2397 25697 2511 677 2141 5867
internal_value=-6.65423e-05 0.0104079 -0.0174054 0.0168372 0.00473374 -0.0240123 -0.0087406 0.0147975 0.0237452 0.00791581 0.01687 0.0152748 0.0102971 0.0170916
internal_weight=17511.2 10920.3 6590.94 5105.64 5814.62 3724.48 2866.46 3978.2 1127.44 3030.21 2076.34 1656.08 469.567 1186.51
internal_count=274036 102330 171706 32374 69956 112928 58778 27054 5320 30695 12458 9947 2818 7129
is_linear=0
shrinkage=0.03


Tree=31
num_leaves=15
num_cat=0
split_feature=152 152 152 151 152 152 151 151 66 59 117 44 106 122
split_gain=3362.3 485.634 330.922 97.326 54.5915 38.431 36.4877 32.4869 18.492 17.6481 17.1003 20.9023 16.6296 15.7219
threshold=0.04877635246685396 0.14680196563243927 0.018178758054825953 1.1785366391390579 0.086390984872955698 0.032532465394676212 0.55920745798214477 4.7591779066044522 1.0000000180025095e-35 0.19684320309170292 0.073681063359702301 1.0000000180025095e-35 0.84807692307692317 0.11968075474431408
decision_type=2 2 2 2 2 2 2 2 8 8 10 10 2 2
left_child=2 4 7 6 -2 -4 -3 -1 13 -5 11 -11 -12 -6
right_child=1 3 5 9 8 -7 -8 -9 -10 10 12 -13 -14 -15
leaf_value=-0.021381196929300812 -0.00094694926543406534 0.025631098249286055 -0.013953459376174036 0.0062147354277904496 0.0094164136579715819 -0.0067558492216609903 0.016915562443330669 -0.028245044468963278 0.0025736451241306687 0.012542647539334088 0.019108862379947949 0.0047865003946522613 0.011103806263384367 0.0027486020546379415
leaf_weight=1716.8871740140021 2249.2724731229246 602.58736176788807 1426.7089239917696 595.16045133024454 1098.7123265340924 1343.7678550295532 2630.2600994855165 1521.944670246914 1279.1374269500375 908.97965589165688 528.54323820769787 514.25667694956064 589.37356073409319 468.02479186654091
leaf_count=51768 34816 2664 35022 4958 12329 25988 15114 50281 15012 7510 4277 4206 4795 5296
internal_value=-6.56863e-05 0.00945951 -0.0182158 0.0149726 0.00254422 -0.0105176 0.018651 -0.0247219 0.005294 0.0111102 0.0122136 0.00981928 0.0150914 0.00746952
internal_weight=17473.6 11464.3 6009.31 6369.16 5095.15 2770.48 3232.85 3238.83 2845.87 3136.31 2541.15 1423.24 1117.92 1566.74
internal_count=274036 110977 163059 43524 67453 61010 17778 102049 32637 25746 20788 11716 9072 17625
is_linear=0
shrinkage=0.03


Tree=32
num_leaves=15
num_cat=0
split_feature=152 152 152 152 152 152 152 155 45 152 109 117 48 27
split_gain=3196.21 450.722 327.862 91.1296 51.1203 37.2681 32.0561 27.8636 19.8251 17.9366 17.0945 17.954 14.9694 14.9613
threshold=0.04877635246685396 0.14680196563243927 0.018178758054825953 0.30328073515712589 0.086390984872955698 0.032532465394676212 0.0067696114439976269 0.34890365439959597 0.29285714285714287 0.21198085108051742 -0.11249999999999936 0.055033705917094271 15.731105611829266 0.27113095238095242
decision_type=2 2 2 2 2 2 2 2 10 2 10 10 8 2
left_child=2 4 6 8 -2 -4 -1 12 9 -3 13 -12 -5 -6
right_child=1 3 5 7 10 -7 -8 -9 -10 -11 11 -13 -14 -15
leaf_value=-0.028126079499339089 -0.00091948377058575332 0.010839694167080737 -0.013713997084936796 0.0083043843114243201 0.0053317676513007532 -0.006595127576748191 -0.02122582109748496 0.031189084909355961 0.0081548013091367021 0.01573264059570352 0.0065841317532003346 0.020397597687298156 0.018961255360751498 -0.00028810492880016944
leaf_weight=1471.5891610644758 2247.4425427354872 1772.3802964985371 1408.610937051475 162.55297747254372 1835.725383490324 1335.7091193385422 1693.5745469722897 183.87954749166965 1121.2819111123681 1369.8023996427655 362.09899578988552 108.01825994253159 1812.1818595081568 552.02298480272293
leaf_count=49926 34816 15087 35022 840 20982 25988 52123 774 8461 9082 4087 1191 9280 6377
internal_value=-6.5481e-05 0.00912866 -0.0179778 0.0144088 0.00246394 -0.0103038 -0.0245515 0.0194713 0.0117863 0.0130373 0.0051156 0.0102906 0.0181532 0.00403882
internal_weight=17436.9 11527.4 5909.48 6422.08 5105.31 2744.32 3165.16 2158.61 4263.46 3142.18 2857.87 470.117 1974.73 2387.75
internal_count=274036 110977 163059 43524 67453 61010 102049 10894 32630 24169 32637 5278 10120 27359
is_linear=0
shrinkage=0.03


Tree=33
num_leaves=15
num_cat=0
split_feature=151 152 152 151 152 151 151 153 27 133 66 116 156 122
split_gain=3038.96 520.739 212.241 85.8714 80.305 38.5162 22.1214 20.8845 20.2481 19.9345 19.2449 16.9848 17.503 15.8813
threshold=2.9882008347154687 0.14680196563243927 0.01240987691140401 0.85418893014450192 0.070996906961518544 3.4672959664678489 1.3479888099339705 0.53527908367973165 0.31322674418604657 4.5000000000000009 1.0000000180025095e-35 0.1428571428571444 -1.203109991342201 0.11894717209037943
decision_type=2 2 2 2 2 2 2 2 2 2 10 10 2 2
left_child=1 4 -2 7 9 -4 8 -3 -5 -1 13 12 -12 -6
right_child=2 3 5 6 10 -7 -8 -9 -10 -11 11 -13 -14 -15
leaf_value=-0.0021135177315009766 -0.026103380336172325 0.018121536402229702 -0.0098664674445416364 0.014675843402584592 0.00743201184888319 -0.017183231500177188 0.0093930160526995571 0.029217767735411158 0.006387838758473415 -0.011822030088529762 -0.007212911477355523 0.0080750211357629165 0.0017355067189767229 0.0023352909881757485
leaf_weight=1957.3750111721456 2348.0795044843107 1425.3976504802704 1346.2406676933169 2326.2331155240536 1622.271770901978 1425.3102083541453 2167.0615857467055 217.50177982449532 336.83224219083786 197.51367045938969 258.70862671732903 229.29027307033539 685.90527842193842 856.72445096075535
leaf_count=33277 80330 7018 29786 14849 19117 40153 18561 905 2191 3391 3367 2820 8051 10220
internal_value=-6.476e-05 0.00803008 -0.0194491 0.0138715 0.00150062 -0.0137015 0.0117857 0.0198416 0.0136692 -0.00307896 0.00420371 0.00102181 -0.000789703 0.00569526
internal_weight=17400.4 12280.8 5119.63 6473.03 5807.79 2771.55 4830.13 1642.9 2663.07 2154.89 3652.9 1173.9 944.614 2479
internal_count=274036 123767 150269 43524 80243 69939 35601 7923 17040 36668 43575 14238 11418 29337
is_linear=0
shrinkage=0.03


Tree=34
num_leaves=15
num_cat=0
split_feature=152 152 152 152 152 152 152 152 45 118 152 66 15 116
split_gain=2890.62 388.294 321.393 80.3194 45.38 34.9656 33.43 20.7149 18.1629 17.8293 18.0212 16.1545 14.6539 15.9316
threshold=0.04877635246685396 0.14680196563243927 0.018178758054825953 0.30328073515712589 0.086390984872955698 0.032532465394676212 0.0067696114439976269 0.46570839807042735 0.29285714285714287 -0.047305572391921187 0.21198085108051742 1.0000000180025095e-35 1.0857843137254906 -0.088067537621075817
decision_type=2 2 2 2 2 2 2 2 10 8 2 8 2 8
left_child=2 4 6 8 -2 -4 -1 -5 9 -3 -11 12 -6 -14
right_child=1 3 5 7 11 -7 -8 -9 -10 10 -12 -13 13 -15
leaf_value=-0.027931201863022656 -0.00087576685068160257 0.019247575277498034 -0.013240319266271517 0.016140920992326457 0.0082012334156355213 -0.0062859714265154042 -0.020780347236405646 0.023794372430059437 0.0074751548196499238 0.0089917890771014624 0.014006201938119571 0.0022692869405063309 0.0087475441819638358 -0.0046213848119982482
leaf_weight=1398.3954516500235 2244.4428421296179 301.89816351234913 1373.9573086202145 1681.0044931471348 1286.8447343111038 1320.413694370538 1626.4111238699406 510.80694328248501 1135.974974013865 1619.2332558035851 1272.9388784840703 1289.118238158524 119.96493152529001 183.1371361836791
leaf_count=49926 34816 2275 35022 8703 14246 25988 52123 2191 8461 13613 8281 15012 1322 2057
internal_value=-6.47783e-05 0.00851137 -0.0175041 0.0133586 0.0023202 -0.00988591 -0.0242078 0.0180742 0.0109175 0.0121011 0.0112597 0.00480331 0.00681747 0.000832889
internal_weight=17364.5 11645.4 5719.18 6521.86 5123.51 2694.37 3024.81 2191.81 4330.05 3194.07 2892.17 2879.07 1589.95 303.102
internal_count=274036 110977 163059 43524 67453 61010 102049 10894 32630 24169 21894 32637 17625 3379
is_linear=0
shrinkage=0.03


Tree=35
num_leaves=15
num_cat=0
split_feature=152 152 152 152 152 152 152 155 39 117 117 49 66 122
split_gain=2748.34 361.103 317.929 75.1293 42.7791 33.9852 33.8532 25.5427 17.4844 20.126 17.7937 16.8641 15.7091 15.4312
threshold=0.04877635246685396 0.14680196563243927 0.018178758054825953 0.30328073515712589 0.07659254705838596 0.0067696114439976269 0.032532465394676212 0.34890365439959597 4.6333333333333337 0.073681063359702301 0.1021120291044099 15.641606839189384 1.0000000180025095e-35 0.11968075474431408
decision_type=2 2 2 2 2 2 2 2 10 8 10 8 8 2
left_child=2 4 5 8 -2 -1 -4 11 9 -3 -10 -5 13 -6
right_child=1 3 6 7 12 -7 -8 -9 10 -11 -12 -13 -14 -15
leaf_value=-0.027828784118053181 -0.0015239407976513602 0.0037402945149545099 -0.013005219412998146 0.0034174127838244323 0.0077756166514439716 -0.020560929324120601 -0.0061339563238816397 0.028430910674561154 0.011489068250497628 0.01027222732781842 0.020697448078717071 0.016810373690512356 0.0018713996920471799 0.0018110523852709964
leaf_weight=1362.0404497049749 1767.1172084696591 544.82443448901176 1357.35611480847 97.564185306429863 1329.4218576699495 1595.0908048618585 1313.0281172133982 186.90433578193188 1193.97055054456 2368.7010364830494 253.68238727003336 1923.0032233297825 1470.4875111207366 565.73994411528111
leaf_count=49926 28279 4082 35022 500 15114 52123 25988 774 9075 17594 1879 9620 17515 6545
internal_value=-6.43598e-05 0.00821957 -0.0172654 0.0128704 0.00224749 -0.024032 -0.00967975 0.0174146 0.0105185 0.00907618 0.0132984 0.0161936 0.00422564 0.00602329
internal_weight=17328.9 11701.4 5627.52 6568.65 5132.77 2957.13 2670.38 2207.47 4361.18 2913.53 1447.65 2020.57 3365.65 1895.16
internal_count=274036 110977 163059 43524 67453 102049 61010 10894 32630 21676 10954 10120 39174 21659
is_linear=0
shrinkage=0.03


Tree=36
num_leaves=15
num_cat=0
split_feature=151 151 152 151 152 151 153 133 109 52 109 136 105 63
split_gain=2631.14 419.972 210.652 104.106 41.625 36.1797 31.6443 16.2869 16.1311 18.0733 15.8022 14.7981 14.699 13.9582
threshold=2.9882008347154687 1.8794359129669858 0.01240987691140401 1.1785366391390579 0.06579667573706377 3.4672959664678489 0.53527908367973165 4.5000000000000009 0.22311253561253566 0.36038961038961043 -0.5513354700854699 0.074873737373737384 -0.0029450296231844082 7.5833333333333348
decision_type=2 2 2 2 2 2 2 2 10 10 10 2 2 10
left_child=1 3 -2 6 7 -4 11 -3 -6 -10 -5 -1 -12 -13
right_child=2 4 5 10 8 -7 -8 -9 9 -11 12 13 -14 -15
leaf_value=0.0062317541929124125 -0.025678586353942292 -0.0023802995820359019 -0.009242835930141205 0.0076516057396194869 0.0014179606135088332 -0.016453205305231946 0.026578672997713413 -0.011868241248950275 0.00096574664095391719 0.012742023042178648 0.0051377365216563765 0.01460667837328508 0.015901352372520015 0.026369428945345469
leaf_weight=207.51940681040287 2185.4016243554652 1666.9841389469802 1310.6035849228501 3760.3329290151596 2407.2660353854299 1359.0253678932786 225.84302006661892 167.54140685126185 216.38149879872799 248.16254316270351 178.55477021634579 2818.7377131730318 436.4095294624567 105.50965423882008
leaf_count=1142 80330 29252 29786 31933 30685 40153 936 2995 2718 3136 1556 15116 3714 584
internal_value=-6.37994e-05 0.0072472 -0.0187602 0.0115408 0.000178188 -0.0129848 0.0155243 -0.00333603 0.00242876 0.0074585 0.0084413 0.0146042 0.0129729 0.0151635
internal_weight=17294.3 12439.2 4855.03 7732.91 4706.34 2669.63 3357.61 1834.53 2871.81 464.544 4375.3 3131.77 614.964 2924.25
internal_count=274036 123767 150269 54981 68786 69939 17778 32247 36539 5854 37203 16842 5270 15700
is_linear=0
shrinkage=0.03


Tree=37
num_leaves=15
num_cat=0
split_feature=151 152 152 151 152 151 151 6 16 133 27 49 32 154
split_gain=2506.99 392.172 209.647 70.2918 63.1875 35.3731 22.8818 19.8543 20.4994 18.585 18.3026 17.8492 17.4327 15.3946
threshold=2.9882008347154687 0.14680196563243927 0.01240987691140401 0.71754226264466137 0.070996906961518544 3.4672959664678489 1.3479888099339705 11.500000000000002 -30.320512820512814 4.5000000000000009 0.31040540540540545 15.849045615876095 3.035714285714286 1.7165391499882074
decision_type=2 2 2 2 2 2 2 2 2 2 2 8 8 2
left_child=1 4 -2 13 9 -4 7 8 -5 -1 11 -10 -12 -3
right_child=2 3 5 6 -6 -7 -8 -9 10 -11 12 -13 -14 -15
leaf_value=-0.001850426149259989 -0.025530341191169415 0.021863201269752545 -0.009044534233207847 0.00053715393167917409 0.0036857952323284915 -0.01621226493528968 0.0080334819144083896 0.017058298349598645 0.0048177681887612549 -0.011318654310128906 0.011074007851641584 0.013660083327934605 -0.0016487770083216883 0.013859199297463924
leaf_weight=1941.2869978807867 2133.0289590489119 674.45996071398258 1299.6553868241608 164.47651918232441 3698.9985864013433 1338.3838277384639 2226.9411499276757 631.88676829636097 255.35320740938187 192.82142647728324 188.55638280510902 1829.7032548040152 178.54929286241531 505.8347327709198
leaf_count=33277 80330 2923 29786 1044 43575 40153 18561 3830 1551 3391 1151 10972 1095 2397
internal_value=-6.27877e-05 0.0070048 -0.0185271 0.0119732 0.00131954 -0.0127521 0.0104869 0.0121242 0.0108422 -0.00277893 0.0115259 0.0126193 0.00506422 0.0186499
internal_weight=17259.9 12488.9 4771.07 6655.76 5833.11 2638.04 5475.47 3248.53 2616.64 2134.11 2452.16 2085.06 367.106 1180.29
internal_count=274036 123767 150269 43524 80243 69939 38204 19643 15813 36668 14769 12523 2246 5320
is_linear=0
shrinkage=0.03


Tree=38
num_leaves=15
num_cat=0
split_feature=152 152 152 152 152 153 152 149 109 105 133 109 52 33
split_gain=2384.67 398.066 181.317 88.049 46.3558 29.0516 24.8619 21.2908 15.9569 18.217 15.0332 14.8089 15.6669 13.7642
threshold=0.037306525805610287 0.12250214135311432 0.01240987691140401 0.24701531374281144 0.06579667573706377 0.53527908367973165 0.02438220837967572 0.040000000000000001 -0.5513354700854699 -0.0027145762147173717 4.5000000000000009 0.22311253561253566 0.36038961038961043 10.500000000000002
decision_type=2 2 2 2 2 2 2 2 10 2 2 10 10 2
left_child=2 4 -1 7 10 -5 -4 8 13 -10 -2 -6 -13 -3
right_child=1 3 6 5 11 -7 -8 -9 9 -11 -12 12 -14 -15
leaf_value=-0.025380283481304857 -0.0026579783179834005 0.0084945575798625848 -0.016011021794190103 0.013582954357567973 0.0013857335843941269 0.025002769791097265 -0.0095635577565863494 0.0021869370637021763 0.0045481359433617065 0.016750396430598044 -0.011430876085200787 0.0011002937842370529 0.011940470908740898 0.0019940395006271443
leaf_weight=2082.1305994428694 1867.9140300564468 2975.7328113391995 1280.212661055848 3124.2010131031275 2472.691271558404 226.7288900911808 1102.3678907901049 521.3385268971324 167.95264358818531 408.45467308908701 181.80876567214727 221.42178773880005 255.84824368357658 336.9650844335556
leaf_count=80330 33474 24685 39090 16529 31249 931 26267 4492 1438 3395 3355 2760 3180 2861
internal_value=-6.22982e-05 0.00654156 -0.0188962 0.0107876 -6.24117e-05 0.0144636 -0.0131064 0.0079551 0.00871696 0.0134005 -0.00351352 0.00234117 0.00709811 0.0078453
internal_weight=17225.8 12761.1 4464.71 7761.37 4999.68 3350.93 2382.58 4410.44 3889.11 576.407 2049.72 2949.96 477.27 3312.7
internal_count=274036 128349 145687 54331 74018 17460 65357 36871 32379 4833 36829 37189 5940 27546
is_linear=0
shrinkage=0.03


Tree=39
num_leaves=15
num_cat=1
split_feature=151 151 152 151 152 151 153 149 31 6 49 16 111 2
split_gain=2276.57 342.453 207.18 85.264 34.6563 33.6973 28.4474 19.2836 15.2457 14.7323 15.8698 15.663 14.4182 13.761
threshold=2.9882008347154687 1.8794359129669858 0.01240987691140401 1.1785366391390579 0.06579667573706377 3.4672959664678489 0.43947506386041491 0.040000000000000001 0.27113095238095242 10.500000000000002 15.641606839189384 -34.866071428571409 0.054550647711413276 0
decision_type=2 2 2 2 2 2 2 2 2 2 8 2 10 9
left_child=1 3 -2 6 8 -4 9 -5 -3 10 -1 -12 13 -6
right_child=2 4 5 7 12 -7 -8 -9 -10 -11 11 -13 -14 -15
leaf_value=-0.0012593162683178123 -0.025228379252721179 -0.0021555099399305951 -0.0086643406185177071 0.0083086161295169436 0.0084487400535098543 -0.015733559680426973 0.019185856158542715 0.002113914871507013 -0.011364849037552872 0.016403749345941718 -0.0016230629431507593 0.011988525301078752 0.00037533277354879607 0.0018727552012372795
leaf_weight=89.922550469636917 2032.6670695655048 1653.2268044650555 1279.1034409701824 3925.6372443065047 484.16756445169449 1299.0238248649985 767.59170299768448 524.70618242025375 166.20449519902468 659.83774791657925 75.862175583839417 1828.7431748509407 1679.6651115342975 726.22561068832874
leaf_count=501 80330 29237 29786 32654 6064 40153 3351 4549 3010 3588 428 9910 21358 9117
internal_value=-6.1937e-05 0.00654773 -0.0180609 0.0103699 0.000145943 -0.0122967 0.0139393 0.0075878 -0.00308283 0.0123228 0.0108603 0.0114379 0.00218404 0.00465866
internal_weight=17192.6 12581.8 4610.79 7872.3 4709.49 2578.13 3421.96 4450.34 1819.43 2654.37 1994.53 1904.61 2890.06 1210.39
internal_count=274036 123767 150269 54981 68786 69939 17778 37203 32247 14427 10839 10338 36539 15181
cat_boundaries=0 1
cat_threshold=277
is_linear=0
shrinkage=0.03


Tree=40
num_leaves=15
num_cat=0
split_feature=151 151 151 151 151 151 16 118 151 151 51 27 46 110
split_gain=2168.86 320.543 203.695 60.4552 51.7673 25.5602 22.4231 21.4601 20.7005 17.8375 16.5308 16.0494 14.4965 14.3464
threshold=2.9882008347154687 1.6955735229043272 3.9560394329797357 0.71754226264466137 2.3369748506914587 4.7591779066044522 -30.320512820512814 -0.045719545421914302 3.4672959664678489 1.3479888099339705 -0.14014117391824732 0.2835585585585586 0.36666666666666675 0.91987179487179505
decision_type=2 2 2 2 2 2 2 8 2 2 10 2 8 10
left_child=1 3 8 12 13 -4 -5 -8 -2 11 -6 -9 -1 -3
right_child=2 4 5 6 10 -7 7 9 -10 -11 -12 -13 -14 -15
leaf_value=0.019130212178250876 -0.0084742046060648293 0.0044317883596178996 -0.020046153009700796 0.0022723131252763915 0.0036787944506263617 -0.027357602280831637 0.015898747892755211 0.012034853418518086 -0.014612078146387068 0.0068487120448325724 -0.0031756946841058186 0.006482983690336501 0.010918737594572681 -0.00078791809569830895
leaf_weight=847.93037083745003 1269.0594326071441 2819.6427266001701 1123.2963414359838 381.76289628446102 359.84291815385222 1213.4917387142777 502.06991028785706 2157.5711736232042 927.89850962720811 1879.6705117076635 2087.4047665596008 676.54865653812885 349.46538089215755 564.09812883287668
leaf_count=3771 29786 32055 41647 2780 5988 50281 3470 12694 28555 15472 35290 4031 1549 6667
internal_value=-6.18179e-05 0.00633054 -0.017826 0.0107512 0.00116467 -0.0239933 0.00939458 0.00990787 -0.0111481 0.00922137 -0.00215154 0.0107506 0.0168984 0.00356198
internal_weight=17159.8 12626 4533.75 6795.02 5830.99 2336.79 5597.62 5215.86 2196.96 4713.79 2447.25 2834.12 1197.4 3383.74
internal_count=274036 123767 150269 43767 80000 91928 38447 35667 58341 32197 41278 16725 5320 38722
is_linear=0
shrinkage=0.03


Tree=41
num_leaves=15
num_cat=0
split_feature=151 151 151 151 151 151 153 149 66 100 109 105 50 130
split_gain=2066.61 299.807 202.314 75.0999 32.9635 30.963 27.6836 17.7923 15.7532 13.9892 13.6797 14.3681 13.5041 15.7468
threshold=2.9882008347154687 1.8794359129669858 4.1689878061477064 1.1785366391390579 3.4672959664678489 2.5376494037109896 0.53527908367973165 0.040000000000000001 1.0000000180025095e-35 0.46770833333333339 -0.5513354700854699 -0.0029450296231844082 0.18102840944037449 0.07961545471113543
decision_type=2 2 2 2 2 2 2 2 10 10 10 2 10 2
left_child=1 3 4 6 -2 8 12 10 -3 -7 -5 -12 13 -1
right_child=2 5 -4 7 -6 9 -8 -9 -10 -11 11 -13 -14 -15
leaf_value=0.0070970846718535763 -0.008286871258603723 0.0032396070724964067 -0.024910207275747137 0.0069543628070849782 -0.015333874863346244 0.00027961281458215048 0.023163420508977756 0.001835940937731016 -0.0014929699726075631 -0.0053892281978957478 0.0041641611068913235 0.014877569712010659 0.015185961879409361 0.012630624948444179
leaf_weight=801.47969521582127 1259.3042851537466 2202.0425890088081 1929.5737590808421 3369.3681012913585 1270.3073952011764 636.8267881013453 229.29931630194187 528.10329120606184 875.67194684967399 997.32165909558535 171.02820819616318 428.10461271554232 1024.5991516411304 1404.6419606655836
leaf_count=4232 29786 27776 79926 27702 40557 11482 936 4549 11484 18044 1452 3500 5239 7371
internal_value=-6.16785e-05 0.00612222 -0.0175917 0.00966828 -0.0118952 0.000122539 0.012999 0.0070707 0.00189238 -0.00319763 0.00775777 0.0119957 0.0121738 0.0106818
internal_weight=17127.7 12668.5 4459.19 7956.62 2529.61 4711.86 3460.02 4496.6 3077.71 1634.15 3968.5 599.133 3230.72 2206.12
internal_count=274036 123767 150269 54981 70343 68786 17778 37203 39260 29526 32654 4952 16842 11603
is_linear=0
shrinkage=0.03


Tree=42
num_leaves=15
num_cat=0
split_feature=152 151 152 151 151 153 151 149 66 63 155 105 44 84
split_gain=1972.91 304.068 177.478 70.3357 35.4094 26.4114 23.2877 16.5506 14.7868 14.0442 13.3411 16.908 16.108 13.2608
threshold=0.037306525805610287 1.8794359129669858 0.01240987691140401 1.1785366391390579 2.5376494037109896 0.53527908367973165 3.4672959664678489 0.040000000000000001 1.0000000180025095e-35 7.5833333333333348 0.16561593725648596 0.018622889991410905 1.0000000180025095e-35 0.73697339569877929
decision_type=2 2 2 2 2 2 2 2 10 10 2 2 10 10
left_child=2 3 -1 5 8 9 -4 -5 13 10 -2 -12 -13 -3
right_child=1 4 6 7 -6 -7 -8 -9 -10 -11 11 12 -14 -15
leaf_value=-0.024765593391157314 0.0063723946628377439 0.00410130938206104 -0.0086333509960480458 0.0074867029786347874 -0.003400524840420421 0.02245690835887941 -0.015003681007996757 0.0017800520436691536 -0.0014507323384970031 0.022025836078874102 0.010621491983896149 0.0091164490788103493 0.020219953421314527 -0.0023520860015790266
leaf_weight=1893.6791536118835 485.54390908777714 1880.4091964811087 1030.7936725430191 3990.0921110883355 1848.6106319911778 229.88062824308872 1242.9363461825997 528.8039208650589 874.5853686183691 117.17164471745491 2022.8881655782461 219.85699246823788 403.02718132734299 327.50907035917044
leaf_count=80330 2825 23674 25204 32654 34108 936 40153 4549 11484 622 10273 1109 2013 4102
internal_value=-6.07624e-05 0.00572743 -0.0179734 0.00933469 -0.000133389 0.0125492 -0.0121912 0.00682701 0.00183293 0.0117481 0.0112604 0.0121164 0.0166073 0.00313464
internal_weight=17095.8 12928.4 4167.41 7997.26 4931.11 3478.37 2273.73 4518.9 3082.5 3248.49 3131.32 2645.77 622.884 2207.92
internal_count=274036 128349 145687 54981 73368 17778 65357 37203 39260 16842 16220 13395 3122 27776
is_linear=0
shrinkage=0.03


Tree=43
num_leaves=15
num_cat=0
split_feature=152 151 152 151 152 153 151 133 27 148 32 100 136 80
split_gain=1881.06 284.2 176.28 66.091 33.4015 25.1721 22.7151 14.3817 14.0898 17.141 16.3735 14.0846 13.1589 14.0692
threshold=0.037306525805610287 1.8794359129669858 0.01240987691140401 1.1785366391390579 0.06579667573706377 0.5268858976673908 3.4672959664678489 4.5000000000000009 0.26818783068783075 -0.49696691305265023 7.9666666666666677 0.40312500000000007 0.074873737373737384 -94.999999999999986
decision_type=2 2 2 2 2 2 2 2 2 8 10 8 2 8
left_child=2 3 -1 5 7 12 -4 -3 10 -10 -5 -6 -2 -14
right_child=1 4 6 8 11 -7 -8 -9 9 -11 -12 -13 13 -15
leaf_value=-0.02460602907000943 0.0037719343028700504 -0.0022450131434852139 -0.0084445374239141349 0.0071174681675788068 0.0071153918602790455 0.020964746579087066 -0.014765570783159494 -0.010909553411394638 -0.0039620621982925435 0.0053507306465228176 0.016793342978856672 0.0010818646179515353 0.015846026595647343 0.010555483820981188
leaf_weight=1849.5463856775314 214.75520551204681 1843.3517506606877 1022.6861587464809 3029.7889768406749 390.73110123723745 273.54712535440922 1225.5972945131361 177.33007958903909 198.6339758336544 1150.7544660419226 161.48277443647385 2518.8153791427612 662.85859654843807 2344.3487111330032
leaf_count=80330 1139 33474 25204 24783 4824 1114 40153 3355 1700 9389 1331 31715 3433 12092
internal_value=-5.94034e-05 0.00554219 -0.0177396 0.00901577 -0.000129838 0.012124 -0.0119653 -0.00308018 0.00659095 0.00395137 0.00768336 0.00192446 0.0112797 0.0117945
internal_weight=17064.2 12966.4 4097.83 8036.17 4930.23 3495.51 2248.28 2020.68 4540.66 1349.39 3191.27 2909.55 3221.96 3007.21
internal_count=274036 128349 145687 54981 73368 17778 65357 36829 37203 11089 26114 36539 16664 15525
is_linear=0
shrinkage=0.03


Tree=44
num_leaves=15
num_cat=0
split_feature=151 151 152 151 151 155 151 149 56 98 50 104 151 111
split_gain=1794.57 284.905 154.453 61.9413 37.0963 24.2595 16.285 15.0226 14.0009 13.6317 13.5051 15.5813 13.1632 12.0905
threshold=3.1245627302238765 1.8794359129669858 0.01240987691140401 1.1785366391390579 2.5376494037109896 0.36486195457532639 3.4672959664678489 0.040000000000000001 0.58578431372549034 -0.035252664002664018 0.18102840944037449 0.85912698412698429 4.7591779066044522 0.16904496544601802
decision_type=2 2 2 2 2 2 2 2 10 8 10 2 2 10
left_child=1 3 12 5 8 10 -4 -5 9 -3 11 -1 -2 -11
right_child=2 4 6 7 -6 -7 -8 -9 -10 13 -12 -13 -14 -15
leaf_value=0.0079990782911410069 -0.020061181871766663 0.00018455286772362968 -0.0087212352311164844 0.0069898065580555994 -0.003486069703185548 0.023491407117054202 -0.014528226852315081 0.0015727184023848098 -0.0093342255655053767 0.0055834857219573568 0.013983818321641431 0.013793502928389823 -0.026943526989616499 -0.0013575076233098607
leaf_weight=1669.0534600019455 705.18923289515078 1601.8073749020696 832.71800673007965 4030.1608914062381 2020.2674161456525 147.76692377030849 1208.7533448506147 531.41053237020969 85.222578294575214 1129.1952108852565 1079.7505527883768 615.81485930085182 1101.4768147021532 274.99871184676886
leaf_count=8627 30049 20389 21129 32654 38183 603 40153 4549 1106 14241 5392 3156 50281 3524
internal_value=-5.86781e-05 0.00520448 -0.0180428 0.00870801 -0.000338882 0.0117096 -0.0122404 0.00636595 0.00172486 0.00208319 0.0110902 0.00964056 -0.0244445 0.00422417
internal_weight=17033.6 13185.4 3848.14 8073.96 5111.49 3512.39 2041.47 4561.57 3091.22 3006 3364.62 2284.87 1806.67 1404.19
internal_count=274036 132424 141612 54981 77443 17778 61282 37203 39260 38154 17175 11783 80330 17765
is_linear=0
shrinkage=0.03


Tree=45
num_leaves=15
num_cat=0
split_feature=151 151 156 151 151 151 151 63 77 103 155 91 66 56
split_gain=1712.06 266.408 152.943 59.046 34.97 22.0972 18.8987 18.5663 16.8947 15.854 15.667 13.5617 13.3685 13.2991
threshold=3.1245627302238765 1.8794359129669858 -3.4274191881169513 0.85418893014450192 2.5376494037109896 3.6014124977339228 1.3479888099339705 6.166666666666667 75.000000000000014 -0.45172913052298352 0.36486195457532639 1.0000000180025095e-35 1.0000000180025095e-35 -0.057189542483660087
decision_type=2 2 2 2 2 2 2 10 8 8 2 2 10 8
left_child=1 3 -2 10 12 -4 7 8 13 -10 -1 -8 -3 -5
right_child=2 4 5 6 -6 -7 11 -9 9 -11 -12 -13 -14 -15
leaf_value=0.012237338054717198 -0.025114974945849459 0.0029014952131466961 -0.0093601384618346977 0.010704601579432966 -0.0033928164377975455 -0.015621333375754141 0.0043445596888370833 0.015713611773888268 0.014419885977916632 0.0073650218002938245 0.023042230861326528 0.008635049452236282 -0.0014539776673272433 0.0035241380881518569
leaf_weight=1604.7539763599634 1537.7012277394533 2221.0423045605421 1085.3281874023378 303.8230961561203 2014.0299421288073 1160.7577168326825 2567.092549175024 317.50504089891911 521.62082257866859 769.14972352981567 142.24871329963207 922.31785646080971 874.65726298838854 962.07633006572723
leaf_count=7351 70547 27776 29252 1807 38183 41813 22126 1899 3086 4537 572 7892 11484 5711
internal_value=-5.88122e-05 0.00503662 -0.0178115 0.00841183 -0.000329735 -0.012678 0.00704015 0.00885871 0.00792074 0.0103489 0.0133058 0.00551072 0.00166983 0.00535267
internal_weight=17004.1 13220.3 3783.79 8110.59 5109.73 2246.09 6363.59 2874.18 2556.67 1290.77 1747 3489.41 3095.7 1265.9
internal_count=274036 132424 141612 54981 77443 71065 47058 17040 15141 7623 7923 30018 39260 7518
is_linear=0
shrinkage=0.03


Tree=46
num_leaves=15
num_cat=0
split_feature=152 151 156 151 152 152 62 152 67 106 48 154 49 110
split_gain=1635.58 267.427 133.043 55.9213 38.3457 22.5418 17.4481 16.6144 14.9364 14.3468 14.1964 13.9252 15.4341 13.4318
threshold=0.032532465394676212 1.8794359129669858 -3.4274191881169513 0.71754226264466137 0.055512139592022204 0.20287913452745662 5.5000000000000009 0.018178758054825953 1.0000000180025095e-35 0.9654761904761906 15.883749373836801 1.7165391499882074 15.541977502638476 0.9677083333333335
decision_type=2 2 2 2 2 2 10 2 10 2 10 2 10 10
left_child=2 3 -1 11 -3 13 9 -4 -6 -7 -11 12 -2 -5
right_child=1 4 7 5 8 6 -8 -9 -10 10 -12 -13 -14 -15
leaf_value=-0.024964110406424437 0.0056873478778157851 -0.0042067136817341136 -0.016377450261598547 0.0060443363173982275 0.0034118911668947053 0.0090714536874130659 0.014318646461881962 -0.010470456912098204 -0.00047727344066100683 -0.0041108669403362511 0.0060891906396557619 0.0098616317837477742 0.018886429116845863 0.00072758971232747311
leaf_weight=1501.2272542249411 110.76245312392712 1707.8952383846045 838.07727025076747 2839.1689251065254 1572.4247118756175 2311.5118247941136 447.9921507909894 1197.2621360123158 2012.0399030186236 138.23838666081429 676.55879987031221 528.24254444241524 584.4001891463995 508.23229572921991
leaf_count=70547 466 34635 31666 24405 20594 13430 2654 34858 26755 807 3898 2397 2457 4467
internal_value=-5.73216e-05 0.00472342 -0.0181653 0.00812987 -0.000527392 0.00705632 0.00872464 -0.0130048 0.00123592 0.00785849 0.00431562 0.0140447 0.0169479 0.00524395
internal_weight=16974 13437.5 3536.57 8145.11 5292.36 6921.7 3574.3 2035.34 3584.46 3126.31 814.797 1223.41 695.163 3347.4
internal_count=274036 136965 137071 54981 81984 49661 20789 66524 47349 18135 4705 5320 2923 28872
is_linear=0
shrinkage=0.03


Tree=47
num_leaves=15
num_cat=0
split_feature=152 152 152 151 151 153 149 109 105 151 6 155 119 109
split_gain=1561.12 250.42 131.625 54.291 34.495 22.0466 15.5878 15.5801 15.8309 14.3957 14.3848 14.2131 13.5506 14.0182
threshold=0.032532465394676212 0.1185369858508937 0.01240987691140401 1.1785366391390579 2.5376494037109896 0.43947506386041491 0.040000000000000001 -0.5513354700854699 -0.0029450296231844082 4.7591779066044522 10.500000000000002 0.15484867465966048 0.093984788359788754 0.16666666666666743
decision_type=2 2 2 2 2 2 2 10 2 2 2 2 10 10
left_child=2 4 9 5 12 10 7 -5 -9 -1 11 -3 13 -2
right_child=1 3 -4 6 -6 -7 -8 8 -10 -11 -12 -13 -14 -15
leaf_value=-0.019378115953339905 0.0012625548430951717 -0.00012951255553379215 -0.012097152963152821 0.0054608095417503881 -0.003471970379011475 0.015114583762013556 0.00088033470666684058 0.0028613277326422367 0.013490872241980431 -0.026611901229154567 0.013073426119448442 0.0086419151807492038 -0.0038097148415412196 0.0072096231785673754
leaf_weight=664.47888346388936 2181.9781553931534 181.6056414693594 1788.7910626400262 3567.5751988813281 2186.6145160719752 787.5299032330513 549.0901887267828 184.72947596013546 460.30986561626196 1023.4017352834344 689.69622993469238 1897.9987171292305 367.16545233502984 413.90681432932615
leaf_count=30049 27868 1053 56741 28767 42724 3351 4691 1543 3669 50281 3588 9786 4769 5156
internal_value=-5.67237e-05 0.00457307 -0.0179346 0.00778702 -0.000626143 0.0105966 0.00566168 0.00627957 0.0105809 -0.0239599 0.00923726 0.00788049 0.00148088 0.00224677
internal_weight=16944.9 13468.2 3476.67 8318.54 5149.66 3556.83 4761.7 4212.61 645.039 1687.88 2769.3 2079.6 2963.05 2595.88
internal_count=274036 136965 137071 56448 80517 17778 38670 33979 5212 80330 14427 10839 37793 33024
is_linear=0
shrinkage=0.03


Tree=48
num_leaves=15
num_cat=0
split_feature=151 151 156 151 151 151 111 57 77 35 154 122 6 156
split_gain=1486.81 220.489 150.283 46.6503 38.5764 21.1143 16.4564 15.825 14.0164 13.7759 15.4595 12.8326 13.0448 12.7692
threshold=3.1245627302238765 1.6581827230727291 -3.4274191881169513 2.3369748506914587 0.71754226264466137 3.6014124977339228 0.10043404087148629 0.32766122766118627 1.0000000180025095e-35 28.500000000000004 1.7757804432266548 0.11856211317418215 10.500000000000002 -0.98407565891916737
decision_type=2 2 2 2 2 2 8 10 8 10 2 2 2 2
left_child=1 4 -2 6 9 -4 7 11 -6 -1 -11 -3 -13 -10
right_child=2 3 5 -5 8 -7 -8 -9 13 10 -12 12 -14 -15
leaf_value=0.0099438555223075199 -0.024661788870476289 0.0082218894940086339 -0.0087335372276032899 -0.0022816409551293668 0.0056537922626456157 -0.014937372830743223 0.0012855555187132317 -0.0075100629972502204 -0.0032278326100153979 0.020425047624859995 0.008521791045951594 0.0047146078728824668 -0.0070462886804749381 0.0090717717222967269
leaf_weight=688.10874304175377 1432.47602712363 879.11350430548191 1056.2821834180504 2813.3028584644198 2741.4593403711915 1113.0012153796852 2331.6819362789392 68.208451867103577 71.105914853513241 365.98173643648624 176.80819308757782 320.19947395473719 99.259155303239822 2759.3924506008625
leaf_count=2976 70547 9497 29252 49935 17810 41813 26039 772 574 1542 802 3534 1092 17851
internal_value=-5.63838e-05 0.00457238 -0.0171155 0.000622858 0.00834322 -0.0119973 0.00283251 0.00542896 0.00724458 0.0131694 0.0168811 0.00618659 0.00178436 0.0087474
internal_weight=16916.4 13314.6 3601.76 6511.77 6802.86 2169.28 3698.46 1366.78 5571.96 1230.9 542.79 1298.57 419.459 2830.5
internal_count=274036 132424 141612 90869 41555 71065 40934 14895 36235 5320 2344 14123 4626 18425
is_linear=0
shrinkage=0.03


Tree=49
num_leaves=15
num_cat=0
split_feature=152 152 156 151 152 81 32 53 152 119 80 45 151 106
split_gain=1422.41 220.338 131.074 48.6565 31.3899 19.4835 16.778 16.2602 16.1687 14.0409 13.1326 14.3981 14.9515 13.0327
threshold=0.032532465394676212 0.1185369858508937 -3.4274191881169513 0.97438160901886006 0.055512139592022204 -0.77500000000000202 8.4494949494949516 0.87660256410269255 0.018178758054825953 0.084182114182111606 308.33333333333343 0.23611111111111113 1.3479888099339705 0.84807692307692317
decision_type=2 2 2 2 2 8 10 10 2 10 10 10 2 2
left_child=2 4 -1 5 -2 -3 7 10 -4 -6 11 12 -5 -13
right_child=1 3 8 6 9 -7 -8 -9 -10 -11 -12 13 -14 -15
leaf_value=-0.024504948946427421 -0.0039283847994010627 0.014564627027454473 -0.015706549745812783 0.009018327741276682 0.0018132396902933853 0.008687241444048404 0.014316309574556868 -0.0052711294193546494 -0.0098023369272929022 -0.0036453450650291161 0.013146073329960943 0.0072206663779377052 0.0050138180275231007 0.0014010371750613104
leaf_weight=1398.9982831608504 1691.652600992471 873.18523590266705 802.26579972915351 1340.9021711200476 2972.9922641590238 1494.6976828277111 193.21170814335346 112.42383427917957 1161.2257220484316 480.00259303674102 199.64047563821077 474.74577600508928 2475.2456312179565 1217.7410539910197
leaf_count=70547 34635 3989 31666 8025 39376 6972 1500 893 34858 6506 1521 3573 21087 8888
internal_value=-5.60813e-05 0.00428818 -0.0174734 0.00728362 -0.000599052 0.0109326 0.00582325 0.00550526 -0.0123155 0.00104195 0.00573076 0.00542705 0.00645071 0.00308255
internal_weight=16888.9 13526.4 3362.49 8381.79 5144.65 2367.88 6013.91 5820.7 1963.49 3452.99 5708.28 5508.63 3816.15 1692.49
internal_count=274036 136965 137071 56448 80517 10961 45487 43987 66524 45882 43094 41573 29112 12461
is_linear=0
shrinkage=0.03


Tree=50
num_leaves=15
num_cat=0
split_feature=152 152 156 152 151 118 77 152 16 135 156 46 149 31
split_gain=1357.33 206.952 130.18 45.2606 36.5628 19.216 18.1216 15.8334 15.2599 16.5133 14.2039 13.0777 13.009 12.2283
threshold=0.032532465394676212 0.14680196563243927 -3.4274191881169513 0.06579667573706377 0.71754226264466137 -0.045719545421914302 75.000000000000014 0.018178758054825953 14.710084033613443 5.5000000000000009 -1.0189662490042708 0.36666666666666675 0.021717506631299763 0.25337837837837845
decision_type=2 2 2 2 2 8 8 2 2 2 2 8 2 2
left_child=2 3 -1 13 11 12 8 -4 -7 -10 -8 -3 -6 -2
right_child=1 4 7 -5 5 6 10 -9 9 -11 -12 -13 -14 -15
leaf_value=-0.024346057411802006 -0.0019925960900862242 0.014401671843730968 -0.015471882878583226 0.002162858796977518 0.014127281456745589 0.0025514643491191358 -0.0047295745441058128 -0.0095993735532808929 0.010017488323086647 0.0010928524844374817 0.0081772047527330465 0.007108498267874192 0.0023087369556174012 -0.0075777148948213309
leaf_weight=1366.4755727071315 1923.9129749685526 877.54710248112679 790.40945586562157 4128.7705685719848 453.75934301316738 1709.9143186435103 69.873593427240849 1150.6834781263024 626.31204806268215 268.79935877770185 2602.4961359500885 360.01059666275978 110.09397946298122 422.9135817065835
leaf_count=70547 37194 3771 31666 47996 2901 11247 580 34858 3969 1779 16918 1549 810 8251
internal_value=-5.54017e-05 0.00415269 -0.017241 0.000274325 0.00769248 0.00666793 0.00607247 -0.012091 0.00425017 0.00739963 0.00781522 0.0123906 0.0119393 -0.00304081
internal_weight=16862 13554.4 3307.57 6475.6 7078.81 5841.25 5277.4 1941.09 2605.03 895.111 2672.37 1237.56 563.853 2346.83
internal_count=274036 136965 137071 93441 43524 38204 34493 66524 16995 5748 17498 5320 3711 45445
is_linear=0
shrinkage=0.03


Tree=51
num_leaves=15
num_cat=0
split_feature=152 151 156 151 152 155 152 134 109 63 118 14 155 135
split_gain=1295.06 194.304 129.218 51.2305 21.7556 21.2806 15.4947 14.0862 17.5345 13.3495 12.9949 18.2082 13.6401 12.8968
threshold=0.032532465394676212 2.0081915103761951 -3.4274191881169513 1.1785366391390579 0.055512139592022204 0.36486195457532639 0.018178758054825953 0.078867874967165755 -0.5513354700854699 7.5833333333333348 -0.047305572391921187 0.53571428571428581 0.16561593725648596 12.500000000000002
decision_type=2 2 2 2 2 2 2 2 10 10 8 2 2 2
left_child=2 3 -1 5 -3 9 -4 13 -9 10 11 -2 -12 -5
right_child=1 4 6 7 -6 -7 -8 8 -10 -11 12 -13 -14 -15
leaf_value=-0.024185092312312379 0.0039714573748454839 -0.0037470835700713977 -0.015237594103148696 0.0029539588144799657 0.00054531723132834225 0.020211844498417713 -0.0093989155375989487 0.004595619910070568 0.0098664002616972151 0.018280013143475306 0.0027856768595839803 0.021695244909934422 0.0085742142862555559 -0.006005008916879751
leaf_weight=1334.8817432075739 91.658742055296898 1681.2394612841308 778.89214905165136 877.96136701107025 2836.8401637971401 148.71049876511097 1140.4452128466219 3744.2748771756887 676.31275125592947 123.78877025842667 445.9700728058815 136.85673670470715 2659.7399873435497 158.16573064774275
leaf_count=70547 466 34635 31666 7359 39261 603 34858 30958 5589 625 2497 691 12896 1385
internal_value=-5.50629e-05 0.00402133 -0.0170083 0.00655144 -0.00105906 0.00932761 -0.0118681 0.00469595 0.00543264 0.00877426 0.00834105 0.0152687 0.00776038 0.00152019
internal_weight=16835.7 13581.5 3254.22 9063.44 4518.08 3606.72 1919.34 5456.71 4420.59 3458.01 3334.23 228.515 3105.71 1036.13
internal_count=274036 136965 137071 63069 73896 17778 66524 45291 36547 17175 16550 1157 15393 8744
is_linear=0
shrinkage=0.03


Tree=52
num_leaves=15
num_cat=0
split_feature=152 152 156 152 151 118 77 152 16 33 156 35 154 66
split_gain=1235.69 183.122 128.19 40.2686 33.0238 17.3822 16.7867 15.1588 14.2215 15.4825 13.2003 13.0269 14.7694 12.9669
threshold=0.032532465394676212 0.14680196563243927 -3.4274191881169513 0.070996906961518544 0.71754226264466137 -0.045719545421914302 75.000000000000014 0.021910014734660515 14.710084033613443 5.5000000000000009 -1.0189662490042708 28.500000000000004 1.7757804432266548 1.0000000180025095e-35
decision_type=2 2 2 2 2 8 8 2 2 2 2 10 2 10
left_child=2 3 -1 -2 11 -6 8 -4 -7 -10 -8 -3 -13 -5
right_child=1 4 7 13 5 6 10 -9 9 -11 -12 12 -14 -15
leaf_value=-0.024022042897092508 -0.0025969397246322951 0.0085980194786511571 -0.014064898056858175 0.0033871299755701763 0.011221969817262201 0.0022926210144154227 -0.0047296485514386208 -0.0083183645414951785 0.0094693915215956336 0.00085925867474471139 0.0076906593101907566 0.018631916823055285 0.0072654868166046665 -0.00035292008343259726
leaf_weight=1304.1910562682897 2643.7554558031261 694.76275716722012 1071.5257098190486 2618.3974787592888 570.38445460051298 1718.1040141806006 69.873083934187889 826.68101747706532 632.52479436993599 269.35427013784647 2623.8644526079297 369.4960767775774 179.25269241631031 1217.3452664539218
leaf_count=70547 49866 2976 42400 29337 3711 11247 580 24124 3972 1776 16918 1542 802 14238
internal_value=-5.36917e-05 0.00389584 -0.0167753 0.0002433 0.00720877 0.00624022 0.00567538 -0.0116471 0.00392767 0.00695402 0.00734408 0.0116628 0.0152111 0.0022034
internal_weight=16809.5 13607.1 3202.4 6479.5 7127.62 5884.11 5313.72 1898.21 2619.98 901.879 2693.74 1243.51 548.749 3835.74
internal_count=274036 136965 137071 93441 43524 38204 34493 66524 16995 5748 17498 5320 2344 43575
is_linear=0
shrinkage=0.03


Tree=53
num_leaves=15
num_cat=0
split_feature=151 151 156 151 151 151 16 118 111 57 35 149 26 51
split_gain=1173.62 161.111 143.606 34.8185 30.3443 19.0075 16.929 15.6695 15.0656 14.6281 13.3681 15.9547 13.0265 13.2364
threshold=3.1245627302238765 1.6581827230727291 -3.4274191881169513 2.3369748506914587 0.55920745798214477 3.4672959664678489 -30.320512820512814 -0.045719545421914302 0.10043404087148629 0.32766122766118627 32.500000000000007 0.025000000000000012 0.097524154589371997 0.12648012589829707
decision_type=2 2 2 2 2 2 2 8 8 10 10 2 2 10
left_child=1 4 -2 8 -1 -4 -6 -8 9 -3 11 -9 13 -12
right_child=2 3 5 -5 6 -7 7 10 -10 -11 12 -13 -14 -15
leaf_value=0.013247647407581102 -0.023856897239407693 0.0055897274288507787 -0.0069872261220822922 -0.0020166030016388354 0.00051233884418825217 -0.013188301086054564 0.011705678692685406 0.0056839697575053628 0.00092962559954485864 -0.0075422517793051497 0.0073778672169072419 -0.0016171311465479046 0.0047640336032933441 0.01366278089429414
leaf_weight=649.0068845897913 1274.378365566954 1316.2817659527063 775.24795536324382 2789.5830358639359 411.73416306078434 1281.9260440710932 543.30669506639242 2879.7332313582301 2352.9399900138378 68.286125205457211 885.45964499562979 290.5826398357749 739.50599844008684 526.03370636701584
leaf_count=2664 70547 14123 21129 49935 2723 49936 3400 17408 26039 772 5600 2063 4563 3134
internal_value=-5.28387e-05 0.0038982 -0.0159527 0.00051343 0.00708031 -0.0109189 0.00641251 0.00682438 0.0024023 0.00486817 0.00629449 0.00501031 0.00813942 0.00983916
internal_weight=16784 13452.5 3331.55 6527.09 6925.36 2057.17 6276.36 5864.62 3737.51 1384.57 5321.32 3170.32 2151 1411.49
internal_count=274036 132424 141612 90869 41555 71065 38891 36168 40934 14895 32768 19471 13297 8734
is_linear=0
shrinkage=0.03


Tree=54
num_leaves=15
num_cat=1
split_feature=152 152 152 151 152 155 152 149 109 105 0 119 63 115
split_gain=1124.67 162.108 126.144 37.7868 24.282 19.7232 17.6238 13.3072 13.2014 14.1774 13.1784 13.0303 12.885 12.817
threshold=0.032532465394676212 0.1185369858508937 0.01240987691140401 1.1785366391390579 0.055512139592022204 0.36486195457532639 0.0058871222594964329 0.040000000000000001 -0.5513354700854699 -0.0029450296231844082 0 0.084182114182111606 7.5833333333333348 0.029405196019763484
decision_type=2 2 2 2 2 2 2 2 10 2 1 10 10 8
left_child=2 4 6 5 -2 12 -1 8 13 -10 -9 -6 -3 -5
right_child=1 3 -4 7 11 -7 -8 10 9 -11 -12 -13 -14 -15
leaf_value=-0.026401701541987319 -0.0035113901434746971 0.0075641977030156161 -0.01049749911500031 -0.00085158851327486946 0.001617680354246291 0.018952962667600243 -0.018414338741016403 0.0052399468752226753 0.0017607634591970192 0.011574878684785905 -0.0036906813329868273 -0.0036389978414859791 0.017210301890011988 0.0048749011833972193
leaf_weight=748.93721690587699 1667.8612406589091 3363.9428467005491 1654.4948017224669 389.41474537551403 2987.9412411078811 148.81288616359234 699.89208287000656 232.44276806712151 189.63552951067686 476.68581995368004 327.11507700383663 479.81493923440576 125.46649058163166 3266.7599761262536
leaf_count=43464 34635 16550 56741 3088 39376 603 36866 1941 1543 3669 2750 6506 625 25679
internal_value=-5.21645e-05 0.00365624 -0.0163097 0.00619031 -0.000553723 0.00850789 -0.0227714 0.00444243 0.00500413 0.00888203 8.60521e-05 0.000877801 0.00798322 0.00426399
internal_weight=16759.2 13655.9 3103.32 8520.28 5135.62 3638.22 1448.83 4882.05 4322.5 666.321 559.558 3467.76 3489.41 3656.17
internal_count=274036 136965 137071 56448 80517 17778 80330 38670 33979 5212 4691 45882 17175 28767
cat_boundaries=0 1
cat_threshold=44
is_linear=0
shrinkage=0.03


Tree=55
num_leaves=15
num_cat=0
split_feature=152 151 156 151 151 6 152 44 16 49 152 39 85 134
split_gain=1072.8 152.356 125.087 41.2236 19.3805 18.3616 17.7016 15.82 15.5942 15.7194 14.8776 14.1608 17.8881 13.4274
threshold=0.032532465394676212 2.0081915103761951 -3.4274191881169513 1.3479888099339705 0.55920745798214477 11.500000000000002 0.055512139592022204 0.45000000000000007 -30.320512820512814 15.849045615876095 0.018178758054825953 2.9000000000000004 -0.54421716684290289 0.078867874967165755
decision_type=2 2 2 2 2 2 2 10 2 8 2 10 10 2
left_child=2 3 -1 4 -2 8 -3 -7 -6 -10 -4 12 -11 -5
right_child=1 6 10 13 5 7 -8 -9 9 11 -12 -13 -14 -15
leaf_value=-0.023527051203469533 0.012531077418157299 -0.0034178122534325233 -0.014365556792019523 0.00019783901701990176 -0.0021286198841478864 0.013120164774523874 0.00046607094052186321 0.0024361624603003989 0.00056967954134240083 0.0064773037789388034 -0.0085532795541253901 0.008915083660516035 -0.0024502987628393542 0.0044366689560236131
leaf_weight=1218.3490831088275 650.57581157982349 1662.6121040545404 738.61521023698151 830.42140612006187 200.04472121596336 630.05790393054485 2842.8296898379922 164.34993663430214 373.61699135601521 859.73646391928196 1099.0091576073319 1654.8555486798286 253.85687774419785 3556.0375870987773
leaf_count=70547 2664 34635 31666 7365 1148 3429 39261 861 2034 4498 34858 8984 1345 30741
internal_value=-5.16046e-05 0.00354223 -0.0160769 0.00575815 0.00768379 0.0068789 -0.000973757 0.0109959 0.00585554 0.00637156 -0.0109869 0.00714727 0.00443663 0.0036376
internal_weight=16735 13679 3055.97 9173.55 4787.09 4136.52 4505.44 794.408 3342.11 3142.07 1837.62 2768.45 1113.59 4386.46
internal_count=274036 136965 137071 63069 24963 22299 73896 4290 18009 16861 66524 14827 5843 38106
is_linear=0
shrinkage=0.03


Tree=56
num_leaves=15
num_cat=0
split_feature=152 151 152 151 152 152 39 117 23 14 16 108 103 16
split_gain=1023.07 142.868 123.72 33.9132 22.6174 18.3958 13.8018 18.8668 17.3519 17.7604 17.0523 16.4191 14.682 14.6733
threshold=0.032532465394676212 1.8794359129669858 0.01240987691140401 0.85418893014450192 0.055512139592022204 0.0058871222594964329 2.9000000000000004 0.066047525668639667 0.27459677419354844 0.46428571428571436 12.788888888888893 0.53229166666666672 -0.52504639444903523 -30.320512820512814
decision_type=2 2 2 2 2 2 8 10 2 2 2 10 10 2
left_child=2 3 5 -2 -3 -1 10 8 9 -8 12 13 -5 -9
right_child=1 4 -4 6 -6 -7 7 11 -10 -11 -12 -13 -14 -15
leaf_value=-0.026176248708805135 0.009505217948118927 -0.003326453677071991 -0.010067968961353958 0.0026860435393704016 0.00088994653003376901 -0.017943796379057866 0.00089245502853981993 -0.0012406076243238566 -0.00056818428597142407 0.0068803167519706403 0.0066119283683919979 0.016040459400387109 -0.0056568953123670952 0.0072085415054588212
leaf_weight=713.69640024378896 1800.5296996533871 1657.5168653018773 1621.6632266473025 431.52863459289074 3616.8130884356797 674.48169197142124 654.18399932235479 196.15431448072195 656.7542906627059 1418.7469779998064 413.35541366785765 170.50604973733425 315.73800700902939 2369.2819619104266
leaf_count=43464 7923 34635 56741 2936 47349 36866 4789 1475 4803 10310 2754 1210 2225 16556
internal_value=-5.12406e-05 0.00343153 -0.0158436 0.00585169 -0.00044078 -0.0224109 0.00483971 0.00547036 0.00367261 0.00501063 0.00183792 0.00723419 -0.000880997 0.00655906
internal_weight=16711 13701.1 3009.84 8426.78 5274.33 1388.18 6626.25 5465.63 2729.69 2072.93 1160.62 2735.94 747.267 2565.44
internal_count=274036 136965 137071 54981 81984 80330 47058 39143 19902 15099 7915 19241 5161 18031
is_linear=0
shrinkage=0.03


Tree=57
num_leaves=15
num_cat=0
split_feature=151 151 151 151 155 156 49 39 110 117 109 6 155 48
split_gain=975.523 178.844 79.0887 46.3053 22.2264 21.244 16.7616 16.2128 14.8583 17.6774 17.6851 13.8009 16.8968 16.7267
threshold=3.4672959664678489 2.1690373735723498 4.7591779066044522 1.3479888099339705 0.36486195457532639 -2.1163955904443141 16.585525771680601 7.6333333333333337 0.87867647058823539 0.053219621621699138 0.16666666666666743 11.500000000000002 0.20840153801199365 15.731105611829266
decision_type=2 2 2 2 2 2 10 8 8 10 10 2 2 10
left_child=1 3 -2 4 11 7 -7 -3 9 -5 -11 12 -1 -14
right_child=2 5 -4 8 -6 6 -8 -9 -10 10 -12 -13 13 -15
leaf_value=0.0040537019455194881 -0.013602543736057226 -0.0089211699160845603 -0.025422740986104392 0.0018801288835486284 0.018012046199675447 0.00047293028806693618 -0.0041516346367466723 -0.0012485505395086311 0.0011416861917810431 0.0054793009102641335 0.016877226436901531 0.010221485629041469 0.0025247690367184395 0.0096905963603756678
leaf_weight=2027.8112219423056 1581.0214789509773 626.275874260813 808.03097610361874 1406.3339337483048 156.43138103187084 2182.6204248033464 1025.3605480641127 413.06368532404304 2067.9950362369418 1641.2243984267116 122.80487186461687 880.34758242964745 389.12482582032681 1359.8647794574499
leaf_count=11375 70202 15186 50281 13083 651 37113 17809 10316 19046 14957 1080 4616 1858 6463
internal_value=-5.11064e-05 0.00291877 -0.0177341 0.00509741 0.00722037 -0.00223711 -0.00101765 -0.00593299 0.00313155 0.00441802 0.00640839 0.00680122 0.0059667 0.00813133
internal_weight=16688.3 14299.3 2389.05 10051.9 4813.58 4247.32 3207.98 1039.34 5238.36 3170.36 1764.03 4657.15 3776.8 1748.99
internal_count=274036 153553 120483 73129 24963 80424 54922 25502 48166 29120 16037 24312 19696 8321
is_linear=0
shrinkage=0.03


Tree=58
num_leaves=15
num_cat=0
split_feature=152 152 156 152 153 152 67 138 62 155 122 117 10 138
split_gain=932.125 153.819 91.7009 37.9305 22.492 20.2564 14.1637 14.0819 13.0291 13.9194 12.9638 12.5726 12.1907 13.1732
threshold=0.02724131283028423 0.10011620054523108 -3.4680068003425504 0.20287913452745662 0.5268858976673908 0.04877635246685396 1.0000000180025095e-35 0.084878886933199241 5.5000000000000009 0.21921974254136883 0.1175256239997276 0.0040686362909203438 517.00000000000011 0.080703472687595604
decision_type=2 2 2 2 2 2 10 2 10 2 2 10 2 2
left_child=2 5 -1 -3 8 11 7 -7 9 -5 -9 -2 -8 -14
right_child=1 3 -4 4 -6 6 12 10 -10 -11 -12 -13 13 -15
leaf_value=-0.023246552159123236 -0.0011705755623901437 0.0031324879411880938 -0.01153240059791056 0.0044567423063066941 0.014954618960007863 0.0004867235240158169 -0.0028517445412957433 0.013232398019676869 0.01085855803523802 0.0081367503154696035 0.00059047008175244797 -0.0065903562919057204 -0.00070652486911543201 0.019052946068919649
leaf_weight=1102.55226162076 672.64767456427217 4628.6675399169326 1438.7084337156266 2702.4881267994642 288.37107656896114 1094.8516823835671 1429.4453413262963 156.51719739288092 524.83499240875244 1473.9930853694677 129.64928776025772 911.28543536365032 76.943221095949411 34.090034987777472
leaf_count=68475 15852 41286 57576 15075 1191 16241 21451 2312 2885 6958 1928 21156 1142 508
internal_value=-5.00936e-05 0.00296408 -0.0167213 0.0051043 0.00691858 -0.00160674 -0.000120434 0.00207389 0.00637967 0.00577999 0.00781958 -0.00432132 -0.00208864 0.00690571
internal_weight=16665 14123.8 2541.26 9618.35 4989.69 4505.43 2921.5 1381.02 4701.32 4176.48 286.166 1583.93 1540.48 111.033
internal_count=274036 147985 126051 67395 26109 80590 43582 20481 24918 22033 4240 37008 23101 1650
is_linear=0
shrinkage=0.03


Tree=59
num_leaves=15
num_cat=1
split_feature=151 152 151 151 152 50 35 0 53 140 102 113 53 102
split_gain=891.862 158.196 78.9898 36.3359 23.5348 18.1627 15.5702 19.9383 17.1429 16.5236 14.2507 13.5655 12.8147 12.5784
threshold=3.4672959664678489 0.10011620054523108 4.7591779066044522 1.1785366391390579 0.04877635246685396 0.18102840944037449 28.500000000000004 0 0.65359224108942737 0.08157340548917387 0.78869047619047628 -0.15633337531918792 0.87660256410269255 0.13484848484848486
decision_type=2 2 2 2 2 10 8 1 10 2 8 8 10 8
left_child=1 4 -2 5 10 6 7 -3 9 -9 -1 -6 -5 -8
right_child=2 3 -4 12 11 -7 13 8 -10 -11 -12 -13 -14 -15
leaf_value=-0.006293915168293451 -0.013131523298589694 0.0085370772804056142 -0.025160334105844635 0.0036837199605561899 0.011883460825796225 0.010303101432555915 0.013053894763209615 0.0086341723241856634 -0.011283247817137418 -0.0023378583362069476 -0.00049135556611697487 -0.00045685971370083731 -0.0056421106959866204 0.0061064514803322997
leaf_weight=1211.4889043867588 1539.9776564221829 300.07138486206532 770.97656108438969 5834.3481500968337 67.47892228141427 1216.4298541396856 299.06735314428806 177.5862889289856 97.537351444363594 332.00110499560833 556.44490818679333 2853.3400464989245 122.86564496904612 1262.2417057901621
leaf_count=29100 70202 1487 50281 48524 959 5726 1439 876 485 1629 13476 42623 1093 6136
internal_value=-4.87442e-05 0.00274523 -0.0172809 0.00494072 -0.00177103 0.00728221 0.00574034 0.00255581 -0.000661583 0.00162334 -0.0044871 -0.000112505 0.00347769 0.00754878
internal_weight=16641.9 14330.9 2310.95 9642.15 4688.75 3684.94 2468.51 907.196 607.125 509.587 1767.93 2920.82 5957.21 1561.31
internal_count=274036 153553 120483 67395 86158 17778 12052 4477 2990 2505 42576 43582 49617 7575
cat_boundaries=0 1
cat_threshold=657
is_linear=0
shrinkage=0.03


Tree=60
num_leaves=15
num_cat=0
split_feature=151 152 151 151 152 155 102 67 138 63 13 155 122 29
split_gain=852.154 148.444 78.6681 34.2711 22.3103 20.434 13.5571 13.2575 13.2038 12.9701 14.7611 12.8169 12.0368 11.8282
threshold=3.4672959664678489 0.10011620054523108 4.7591779066044522 1.3479888099339705 0.04877635246685396 0.36486195457532639 0.78869047619047628 1.0000000180025095e-35 0.084878886933199241 6.166666666666667 0.26969696969696971 0.21172273687738577 0.1175256239997276 1.5000000000000002
decision_type=2 2 2 2 2 2 8 10 2 10 2 2 2 2
left_child=1 4 -2 5 6 9 -1 8 -6 11 -11 -3 -10 -12
right_child=2 3 -4 -5 7 -7 -8 -9 12 10 13 -13 -14 -15
leaf_value=-0.0061426219819681405 -0.012902863625186582 0.0041704286770936341 -0.025020138079112547 0.0029745665840246044 0.00047177750007080323 0.016890647464111608 -0.00047721322003790341 -0.0020157214614342877 0.012728935055783878 0.00098642563387933225 0.018141805315862312 0.0075555456664191849 0.00057526016277868644 0.0054186664904205513
leaf_weight=1204.5641273036599 1520.8095053732395 2458.7644555866718 752.40304880868644 4815.0283300206065 1095.3104324601591 156.46760933101177 556.19584635272622 1537.0542390607297 158.31162298843265 102.73246890306473 213.88332855701447 1803.0619209259748 129.70988446101546 116.20683373510838
leaf_count=29100 70202 13578 50281 42432 16241 651 13476 23101 2312 550 1135 8421 1928 628
internal_value=-4.80984e-05 0.00266091 -0.0170512 0.00478208 -0.00172041 0.00656145 -0.00437216 -0.000107438 0.00201178 0.00616449 0.0111193 0.00562406 0.00755497 0.0140929
internal_weight=16620.5 14347.3 2273.21 9666.14 4681.15 4851.12 1760.76 2920.39 1383.33 4694.65 432.823 4261.83 288.022 330.09
internal_count=274036 153553 120483 67395 86158 24963 42576 43582 20481 24312 2313 21999 4240 1763
is_linear=0
shrinkage=0.03


Tree=61
num_leaves=15
num_cat=0
split_feature=151 151 151 151 153 156 49 39 110 112 6 44 154 108
split_gain=814.173 139.739 78.3028 36.2572 19.4287 18.4943 15.4085 15.0124 14.0159 13.4971 13.1554 13.9694 12.689 18.5561
threshold=3.4672959664678489 2.1690373735723498 4.7591779066044522 1.3479888099339705 0.53527908367973165 -2.1163955904443141 16.585525771680601 7.6333333333333337 0.87867647058823539 0.35836894586896056 11.500000000000002 0.45000000000000007 1.9863936706090892 0.16145833333333334
decision_type=2 2 2 2 2 2 10 8 8 10 2 10 2 8
left_child=1 3 -2 4 10 7 -7 -3 -5 -8 12 -12 -1 -14
right_child=2 5 -4 8 -6 6 9 -9 -10 -11 11 -13 13 -15
leaf_value=0.006356287522195467 -0.01267552960347175 -0.0084042580025163217 -0.024877891208853375 0.0039955536171889924 0.014504341939625267 0.00055643932091407964 -0.0045891272250540406 -0.00098014501106257271 0.00082951571907263495 0.011866194291954249 0.011191820677225284 0.001940223139436596 -0.0011209222838907535 0.0059506078417275662
leaf_weight=2423.3105782717466 1502.1962636169046 612.68828665837646 734.36296433024108 3200.1304814144969 241.79192341864109 2177.1060139872134 983.48094962537289 409.427634306252 2083.5138311311603 32.878999207168818 683.61970995366573 195.04784345626831 619.08852541446686 699.99958698451519
leaf_count=12013 70202 15186 50281 29120 996 37113 17211 10316 19046 598 3590 975 3443 3946
internal_value=-4.68814e-05 0.00258015 -0.0168212 0.0044856 0.00635391 -0.00200575 -0.000870896 -0.00548758 0.00275296 -0.00389196 0.0058819 0.00920517 0.00506801 0.00265643
internal_weight=16598.6 14362.1 2236.56 10146.5 4862.86 4215.58 3193.47 1022.12 5283.64 1016.36 4621.07 878.668 3742.4 1319.09
internal_count=274036 153553 120483 73129 24963 80424 54922 25502 48166 17809 23967 4565 19402 7389
is_linear=0
shrinkage=0.03


Tree=62
num_leaves=15
num_cat=0
split_feature=151 156 151 151 151 50 118 76 48 130 123 149 58 150
split_gain=777.732 132.073 77.8944 33.3775 18.1203 16.7536 16.3806 16.5581 15.6382 15.2823 15.0675 15.019 14.4479 13.3743
threshold=3.4672959664678489 -1.203109991342201 4.7591779066044522 1.1785366391390579 2.9882008347154687 0.18102840944037449 -0.038216463850335454 1641.6666666666667 16.737924272045706 0.07961545471113543 -7.6666666666666847 0.040000000000000001 0.18465909090909094 -0.2321428571428571
decision_type=2 2 2 2 2 10 8 10 10 2 8 2 8 10
left_child=1 4 -2 5 8 9 7 -5 12 -3 -8 -12 -1 -10
right_child=2 3 -4 6 -6 -7 10 -9 13 -11 11 -13 -14 -15
leaf_value=-0.0056025145889044706 -0.012449602868551363 0.0019827317251689333 -0.024733573978883028 0.010435943337950579 -0.0051788170667282623 0.0095165799152739979 0.0082644187045594203 0.0023925115566056769 0.0030916111748379741 0.0069175064704250014 0.002515941225868964 -0.0028485639078672186 0.0012419822394370247 -0.0068547530229039295
leaf_weight=303.10137155279517 1484.1221619900316 896.49503046274185 716.84134306479245 487.85755951702595 1115.1672600284219 1225.0946001410484 354.68337901681662 446.1906640380621 146.42815413698554 1588.1663478314877 4599.1438395194709 510.4480498097837 2165.8070380166173 538.11985459178686
leaf_count=4720 70202 4379 50281 4450 29786 5726 3156 3894 2411 7673 40184 4690 33794 8690
internal_value=-4.61859e-05 0.00250131 -0.0165908 0.00436796 -0.0019187 0.00663094 0.00304344 0.00669218 -0.000746758 0.00515956 0.00240312 0.00197326 0.000372943 -0.00470651
internal_weight=16577.7 14376.7 2200.96 10108.1 4268.62 3709.76 6398.32 934.048 3153.46 2484.66 5464.28 5109.59 2468.91 684.548
internal_count=274036 153553 120483 74152 79401 17778 56374 8344 49615 12052 48030 44874 38514 11101
is_linear=0
shrinkage=0.03


Tree=63
num_leaves=15
num_cat=0
split_feature=151 151 151 152 153 151 100 110 63 104 63 84 115 109
split_gain=742.777 124.318 77.4437 32.187 19.4207 16.7668 15.9885 12.4838 11.8577 20.2396 11.8489 11.6215 11.3546 15.5132
threshold=3.4672959664678489 2.1690373735723498 4.7591779066044522 0.20287913452745662 0.5268858976673908 2.9882008347154687 0.43095238095238103 0.87867647058823539 6.166666666666667 0.68465909090909094 2.1666666666666674 -1.4740450698520224 0.029405196019763484 -0.5513354700854699
decision_type=2 2 2 2 2 2 10 8 10 2 8 10 10 10
left_child=1 3 -2 7 8 6 -3 11 -5 -10 -9 -1 -13 -14
right_child=2 5 -4 4 -6 -7 -8 10 9 -11 -12 12 13 -15
leaf_value=-0.0043195826249959697 -0.01222516222077533 0.0023736689824597266 -0.024587171187376616 0.0049013676646958481 0.013365637451991477 -0.005049592026771051 -0.002233298324795682 -0.004707513993976108 0.0042335594076087077 0.017094621571210129 0.0016431451753785376 0.0014440402565126485 0.0042767115134086219 0.011899785197632457
leaf_weight=143.12338156253099 1466.5718808379024 981.14553548768163 699.82354828994721 4304.6379493325949 288.36397412419319 1109.8601799756289 2111.7846635393798 298.00590206682682 264.58278697729111 191.99990285933018 1695.025855243206 989.33799850195646 1740.4230078607798 273.40954872220755
leaf_count=1321 70202 16009 50281 22462 1191 29786 34629 2693 1433 1023 15686 9076 15805 2439
internal_value=-4.5929e-05 0.00242434 -0.0163601 0.00421329 0.00591342 -0.00191221 -0.000767464 0.00253051 0.00542151 0.0100135 0.000665498 0.00370314 0.00410505 0.00539199
internal_weight=16558.1 14391.7 2166.4 10188.9 5049.58 4202.79 3092.93 5139.33 4761.22 456.583 1993.03 3146.29 3003.17 2013.83
internal_count=274036 153553 120483 73129 26109 80424 50638 47020 24918 2456 18379 28641 27320 18244
is_linear=0
shrinkage=0.03


Tree=64
num_leaves=15
num_cat=0
split_feature=152 156 152 152 156 118 27 82 32 52 8 155 76 9
split_gain=707.926 131.409 62.1096 29.7942 20.6586 19.1508 16.5583 17.3743 16.0674 15.45 15.3032 14.9001 14.8976 14.5955
threshold=0.021910014734660515 -1.203109991342201 0.0067696114439976269 0.28159744191396641 -2.1163955904443141 -0.038216463850335454 0.26220238095238102 -0.46666666666533269 7.7596153846153859 0.76696832579185525 3.5000000000000004 0.19450083610091426 1641.6666666666667 56.750000000000007
decision_type=2 2 2 2 2 8 2 8 10 8 2 2 10 2
left_child=2 4 -1 5 -2 12 7 8 -7 13 -6 -5 -3 -8
right_child=1 3 -4 11 10 6 9 -9 -10 -11 -12 -13 -14 -15
leaf_value=-0.024395494461938047 -0.0054180112745952176 0.010235381983142031 -0.012809043277153102 0.0030577236756151151 0.00087159774339135888 0.0051850295740055478 -0.00093349174275001215 0.0020369802525474741 0.019304091036908715 -0.0073174734114402427 -0.0032973272192675096 0.0080100328965975933 0.0029600538985966565 0.0055839922312054596
leaf_weight=678.30398006178439 1196.0117292981595 538.01366753876209 1255.5587123064324 774.433568328619 1939.1470182072371 1468.8192155249417 1026.006015650928 3047.6759747974575 64.198063101619482 216.94109452515841 1319.691119465977 2088.9557355493307 498.77336189523339 425.6607445590198
leaf_count=49926 32566 4693 63002 3845 30995 11928 8418 25910 554 1865 23395 9251 4168 3520
internal_value=-4.51037e-05 0.00221908 -0.0170295 0.00410257 -0.00207142 0.00307267 0.00243487 0.00336426 0.00595762 -0.00012375 -0.000824012 0.00669354 0.00682753 0.00101514
internal_weight=16538.2 14604.3 1933.86 10149.5 4454.85 7286.09 6249.3 4580.69 1533.02 1668.61 3258.84 2863.39 1036.79 1451.67
internal_count=274036 161108 112928 74152 86956 61056 52195 38392 12482 13803 54390 13096 8861 11938
is_linear=0
shrinkage=0.03


Tree=65
num_leaves=15
num_cat=0
split_feature=151 152 151 151 151 50 51 32 52 63 49 35 117 16
split_gain=677.738 110.783 76.3845 25.8035 17.7141 16.9457 16.1377 14.7457 19.0819 15.7482 14.5671 14.387 14.3055 15.2782
threshold=3.4672959664678489 0.10011620054523108 4.7591779066044522 1.0471650770867933 2.9882008347154687 0.18102840944037449 -0.15633337531918792 7.7596153846153859 0.88562091503267981 2.8333333333333335 16.017861688509587 28.500000000000004 0.073681063359702301 -18.970588235294112
decision_type=2 2 2 2 2 10 8 10 10 8 10 8 10 2
left_child=1 4 -2 5 6 11 -1 8 9 10 -5 -3 -11 -14
right_child=2 3 -4 7 -6 -7 -8 -9 -10 12 -12 -13 13 -15
leaf_value=0.011201929408395666 -0.01178549553621216 0.0011371327045837046 -0.024288995252062628 -0.0044249729196985405 -0.004824851776043259 0.0095911591339799731 -0.00083389162985751317 0.0090552989271188173 -0.0040063860100344384 0.002660687550810106 0.0021396963785920244 0.006653801494395554 0.00048323161128567538 0.0075168314244739298
leaf_weight=88.263657040894032 1433.2868004543707 665.51615549623966 667.34167006332427 370.22224490344524 1100.7319309897721 1017.7577897310257 3462.7647638246417 340.89135324209929 343.52220566570759 2606.3891691491008 1436.4467337802052 1200.8846349269152 346.30088961869478 1438.813140399754
leaf_count=1348 70202 3101 50281 2803 29786 4565 55024 2740 2815 21130 10822 5513 2789 11117
internal_value=-4.44271e-05 0.00227995 -0.0159017 0.00409274 -0.00152709 0.0064741 -0.000488871 0.00308292 0.0027517 0.00313502 0.000769106 0.00471143 0.00410243 0.00616775
internal_weight=16519.1 14418.5 2100.63 9766.74 4651.76 2884.16 3551.03 6882.59 6541.69 6198.17 1806.67 1866.4 4391.5 1785.11
internal_count=274036 153553 120483 67395 86158 13179 56372 54216 51476 48661 13625 8614 35036 13906
is_linear=0
shrinkage=0.03


Tree=66
num_leaves=15
num_cat=0
split_feature=151 156 151 145 155 16 49 45 151 32 118 53 16 53
split_gain=647.04 104.344 75.8122 27.59 21.3743 19.522 19.3703 15.5427 14.5543 13.767 13.4351 12.7837 12.5245 12.1472
threshold=3.4672959664678489 -1.203109991342201 4.7591779066044522 0.14835164835164838 0.18305986860734719 -30.320512820512814 15.834022221310686 1.0000000180025095e-35 2.920466156401718 6.8786764705882364 0.091501335523101565 0.71628787878701894 8.7596153846153886 0.72916666666727303
decision_type=2 2 2 2 2 2 10 10 2 10 10 8 2 8
left_child=1 7 -2 4 5 -3 12 8 -1 10 -5 -8 -6 -11
right_child=2 3 -4 9 6 -7 11 -9 -10 13 -12 -13 -14 -15
leaf_value=0.0011538864832581642 -0.011565936342951921 -0.0056692530429370844 -0.024136264796989833 0.0019347466018301057 0.0069971720419821507 0.004065420364522278 0.0092402015030027106 -0.0041794811411699356 -0.0034492759357215921 0.0090230546801216248 -0.0070289469414427782 0.00059297796983144894 -0.0010102308273985895 -0.0054849547801236508
leaf_weight=1830.8465084023774 1417.211347322911 186.91743873804808 651.74880386143923 4087.733928129077 309.78225562721491 2553.0514525920153 1937.9889561608434 1497.9452280849218 914.71951252222061 375.67005873098969 141.74069074168801 169.34288495033979 376.14462066441774 49.70584062486887
leaf_count=28146 70202 1278 50281 37540 1561 16118 9477 27434 23821 3640 1364 840 1828 506
internal_value=-4.38133e-05 0.00221049 -0.015671 0.00385515 0.00528605 0.00337408 0.00713351 -0.00173776 -0.000390124 0.00214271 0.00161057 0.00855442 0.00267847 0.00719869
internal_weight=16500.5 14431.6 2068.96 10188.1 5533.23 2739.97 2793.26 4243.51 2745.57 4654.85 4229.47 2107.33 685.927 425.376
internal_count=274036 153553 120483 74152 31102 17396 13706 79401 51967 43050 38904 10317 3389 4146
is_linear=0
shrinkage=0.03


Tree=67
num_leaves=15
num_cat=0
split_feature=152 152 151 151 105 50 58 151 100 49 27 58 89 104
split_gain=619.561 110.252 62.3355 27.8331 17.6377 19.5472 19.206 16.4067 15.099 12.9472 12.3026 15.5618 14.569 13.0397
threshold=0.021910014734660515 0.086390984872955698 4.7591779066044522 1.4468497739944199 0.02321586835051204 0.16252956067148275 0.21825396825396828 2.9882008347154687 0.43095238095238103 15.906759775476532 0.26020833333333343 0.32291666666666669 -0.40639052305718976 0.81009615384615397
decision_type=2 2 2 2 2 10 8 2 10 10 2 10 8 2
left_child=2 7 -1 4 5 6 -3 8 -2 -7 11 -5 -12 -14
right_child=1 3 -4 10 -6 9 -8 -9 -10 -11 12 -13 13 -15
leaf_value=-0.012092869925173253 0.0023216663348836135 -0.00063480625491519423 -0.0239813970528585 0.0012575200370436427 0.0085585738892023523 0.0018360594065438527 0.004473118152569888 -0.0049130325093181652 -0.0023340160926540402 0.0084182995135311887 0.0095912622477999851 0.0055458821174933903 -0.0025648100219849953 0.0031241058488195015
leaf_weight=1207.9411794571206 910.2148682102561 978.85236100107431 636.60527761466801 1771.5824825391173 1070.3954637348652 356.92091865837574 2013.2837641462684 1285.8067669160664 1934.3433118723333 1214.3997408896685 116.70914152264595 1336.6359114199877 1133.2463797852397 515.57898333668709
leaf_count=62647 15121 5291 50281 16917 5603 1827 11003 37341 32485 6225 1095 12495 10874 4831
internal_value=-4.39971e-05 0.00202617 -0.0163563 0.00365709 0.00509194 0.00425344 0.00280727 -0.00212108 -0.000839905 0.00695466 0.00198793 0.00311943 -1.35869e-05 -0.000773788
internal_weight=16482.5 14638 1844.55 10507.6 5633.85 4563.46 2992.14 4130.36 2844.56 1571.32 4873.75 3108.22 1765.53 1648.83
internal_count=274036 161108 112928 76161 29949 24346 16294 84947 47606 8052 46212 29412 16800 15705
is_linear=0
shrinkage=0.03


Tree=68
num_leaves=15
num_cat=0
split_feature=152 152 152 152 153 156 39 53 110 49 117 109 52 27
split_gain=591.952 103.635 60.9 26.2158 17.9146 15.5901 16.778 13.841 14.1944 13.0317 12.5877 16.1799 12.5071 11.9765
threshold=0.021910014734660515 0.086390984872955698 0.0058871222594964329 0.20287913452745662 0.5268858976673908 -2.1163955904443141 8.6333333333333346 0.81251780626795778 0.87867647058823539 16.739040628774095 0.053219621621699138 0.057142857142857391 0.76696832579185525 0.26818783068783075
decision_type=2 2 2 2 2 2 8 10 8 10 10 10 10 2
left_child=2 5 -1 7 -5 6 -2 8 10 -7 12 -12 -3 -10
right_child=1 3 -4 4 -6 9 -8 -9 13 -11 11 -13 -14 -15
leaf_value=-0.024645751618804546 -0.0072880760037901766 0.00046278885026530673 -0.012320809962437345 0.0046214582328386452 0.012230854171118796 0.00019438032300406931 0.00046878974638754509 -0.0044483402317039393 0.0018143262584355186 -0.0045463122229121153 0.0044090174787146446 0.014597566182683446 0.0091207246530479926 -0.0034235022962784004
leaf_weight=535.41919571254402 819.3167326208204 1235.3627969101071 1280.4828814864159 4810.5254282653332 288.03794440627098 2285.8421212099493 356.44992239959538 264.04943998903036 1491.9714408889413 660.83119559288025 1620.4897652044892 143.36718925088644 156.25363994389772 516.64500788599253
leaf_count=43464 22570 11455 69464 24918 1191 40246 9994 2562 13855 12137 14667 1245 1476 4792
internal_value=-4.33989e-05 0.00196477 -0.016127 0.00354245 0.00508596 -0.00206208 -0.00496019 0.00208263 0.00242848 -0.000886425 0.00367872 0.00535326 0.00152182 0.000451691
internal_weight=16465 14649.1 1815.9 10526.7 5098.56 4122.44 1175.77 5428.14 5164.09 2946.67 3155.47 1763.86 1391.62 2008.62
internal_count=274036 161108 112928 76161 26109 84947 32564 50052 47490 52383 28843 15912 12931 18647
is_linear=0
shrinkage=0.03


Tree=69
num_leaves=15
num_cat=0
split_feature=152 156 152 145 155 63 156 122 39 138 149 44 6 49
split_gain=565.494 97.8948 60.5467 23.6172 19.6438 16.6394 16.3569 16.3361 15.9973 14.5832 14.5229 13.8903 12.5584 12.5389
threshold=0.021910014734660515 -1.203109991342201 0.0058871222594964329 0.14835164835164838 0.21921974254136883 3.1666666666666674 -2.1163955904443141 0.11201659751037346 8.6333333333333346 0.098138954951626695 0.040000000000000001 1.0000000180025095e-35 11.500000000000002 15.66386688151397
decision_type=2 2 2 2 2 10 2 2 8 2 2 10 2 8
left_child=2 6 -1 4 5 12 8 -7 -2 11 13 -8 -3 -5
right_child=1 3 -4 10 -6 7 9 -9 -10 -11 -12 -13 -14 -15
leaf_value=-0.024501184492350021 -0.0071254013802012003 0.00046236918476134844 -0.012098391452988518 0.0089068951862204902 0.0075322096031256343 0.010585078665311396 7.4113472507110478e-05 0.0039774475380574678 0.00045510268349891798 0.0079716442228971798 -0.0024805041698966225 -0.0043872871693685705 0.0057097663409865331 0.0021169238711884041
leaf_weight=522.70213578641415 813.9907012693584 1584.1941721066833 1265.4091649856418 248.7397167943418 1689.8846542984247 459.78957842290401 2240.0771285258234 1290.3904125466943 356.60381881520152 150.26645469479263 575.88530522212386 857.5251199118793 540.49338375031948 3851.4002295583487
leaf_count=43464 22572 9268 69464 2248 7809 2778 37868 8034 9994 2469 5373 14053 3213 35429
internal_value=-4.2986e-05 0.00190521 -0.0158976 0.003514 0.00483364 0.00363225 -0.00182278 0.00578854 -0.00483957 -0.000718215 0.00193311 -0.00117615 0.00182791 0.00255981
internal_weight=16447.4 14659.2 1788.11 10240.8 5564.75 3874.87 4418.46 1750.18 1170.59 3247.87 4676.03 3097.6 2124.69 4100.14
internal_count=274036 161108 112928 74152 31102 23293 86956 10812 32566 54390 43050 51921 12481 37677
is_linear=0
shrinkage=0.03


Tree=70
num_leaves=15
num_cat=0
split_feature=152 152 152 152 50 35 152 133 106 53 32 28 116 54
split_gain=540.942 107.549 44.5579 28.8433 16.7805 18.2735 14.672 16.4113 14.467 13.3148 13.717 14.1051 16.9259 16.4405
threshold=0.018178758054825953 0.070996906961518544 0.0058871222594964329 0.19344782932042962 0.16252956067148275 29.500000000000004 0.037306525805610287 4.5000000000000009 0.84807692307692317 0.81251780626795778 7.9666666666666677 5.5119047619047628 0.034678499604967793 0.19375000000000003
decision_type=2 2 2 2 10 8 2 2 2 10 10 8 10 8
left_child=2 6 -1 9 5 8 -2 -8 -5 10 -3 -12 13 -13
right_child=1 3 -4 4 -6 -7 7 -9 -10 -11 11 12 -14 -15
leaf_value=-0.024354528312837874 -0.0053408925889840151 0.0015983632383468819 -0.013027962893456889 0.0047281104527997385 0.0069837993005161551 0.0051650146896490435 -0.00052946906858269787 -0.0093886957165160521 -0.0015782565998985914 -0.0043425462161713569 -0.00077834994285961906 0.0021527650935746711 -0.0010533933294617566 0.022123331343265943
leaf_weight=510.35165301337838 1321.3730520606041 5273.045739941299 1000.7746033808216 502.62458598613739 1886.5176394507289 2166.5738944038749 2037.2143049314618 192.6090922318399 877.34337157011032 300.79784882813692 121.42639297246933 56.826560892164707 67.843914031982422 114.96581064909697
leaf_count=43464 43638 52010 58585 2787 9465 11417 37499 3751 4658 3148 1206 564 703 1141
internal_value=-4.24034e-05 0.00169617 -0.0170551 0.00311905 0.00469648 0.0034555 -0.00285267 -0.00135234 0.000744848 0.0016668 0.00199831 0.00754249 0.0115562 0.0162207
internal_weight=16430.3 14919.2 1511.13 11368 5433.06 3546.54 3551.2 2229.82 1379.97 5934.91 5634.11 361.063 239.636 171.792
internal_count=274036 171987 102049 87099 28327 18862 84888 41250 7445 58772 55624 3614 2408 1705
is_linear=0
shrinkage=0.03


Tree=71
num_leaves=15
num_cat=1
split_feature=152 152 152 151 151 80 53 106 156 49 100 2 125 50
split_gain=517.42 101.457 44.3897 22.0714 19.1974 16.1364 18.0173 14.3909 14.5656 14.0311 13.8608 13.6338 13.2898 12.8165
threshold=0.018178758054825953 0.086390984872955698 0.0058871222594964329 0.71754226264466137 2.9882008347154687 308.33333333333343 0.87660256410269255 0.96966911764705899 -0.25671984684781396 15.803798578922096 0.43095238095238103 0 -0.6830127018922193 0.213912478682488
decision_type=2 2 2 2 2 10 10 2 2 10 10 9 2 10
left_child=2 4 -1 11 10 6 7 8 -5 -9 -2 13 -11 -3
right_child=1 3 -4 5 -6 -7 -8 9 -10 12 -12 -13 -14 -15
leaf_value=-0.024205767426813789 0.0022836548109521401 0.0010733934699554274 -0.012802769294664729 0.0020981380874559642 -0.0049151436308095629 0.0090138954372875127 -0.0067926229012736893 -0.0075971060287440507 0.0048376378429332923 -0.0043722087622499869 -0.002178824011268904 0.010679996799148491 0.0027758436777474164 0.0090247612965743754
leaf_weight=498.3573804916814 911.11650522425771 483.10042305290699 988.28123291581869 4461.909051284194 1514.9742542076856 339.22268256545067 171.64101482182741 179.83663618564606 2904.1454962864518 294.53440973907709 1924.8413843363523 508.52765814960003 950.9043195694685 282.88979656994343
leaf_count=43464 15121 2021 58585 40342 48220 2650 1446 1231 16650 2058 32485 2127 6464 1172
internal_value=-4.22304e-05 0.00164477 -0.0168289 0.00322978 -0.0022061 0.00271409 0.002461 0.00265293 0.00318585 -0.000105774 -0.000740678 0.00691818 0.00105348 0.00407469
internal_weight=16414.3 14927.6 1486.64 10576.7 4350.93 9302.19 8962.97 8791.33 7366.05 1425.28 2835.96 1274.52 1245.44 765.99
internal_count=274036 171987 102049 76161 95826 70841 68191 66745 56992 9753 47606 5320 8522 3193
cat_boundaries=0 1
cat_threshold=23
is_linear=0
shrinkage=0.03


Tree=72
num_leaves=15
num_cat=0
split_feature=152 152 151 151 155 35 50 118 155 53 41 152 29 122
split_gain=494.858 95.6109 44.2166 26.4393 16.1827 13.9685 18.1895 17.2752 13.8257 13.471 14.7514 13.2371 15.3777 13.0013
threshold=0.018178758054825953 0.070996906961518544 4.7591779066044522 1.4928409688502451 0.36486195457532639 32.500000000000007 0.18833094063402459 -0.047305572391921187 0.16883184509694052 0.81251780626795778 0.55000000000000016 0.037306525805610287 4.5000000000000009 0.11968075474431408
decision_type=2 2 2 2 2 10 8 10 2 10 8 2 2 2
left_child=2 11 -1 4 5 6 7 -3 -7 10 13 -2 -13 -5
right_child=1 3 -4 9 -6 8 -8 -9 -10 -11 -12 12 -14 -15
leaf_value=-0.01208898677020106 -0.0050861239781112341 0.0091547502653285522 -0.023199150445020161 0.0042791408818225489 0.013258791271736087 0.0026074678492381 0.0050449381087681096 -0.00033925071151241201 0.0073892275018785022 -0.0049186975487013288 -0.00029266292841836639 -0.0004917917009946575 -0.0091125903365901761 6.9477055305317589e-05
leaf_weight=893.80531297065318 1308.759926924482 177.87602280080318 569.0539503255859 2191.5479751527309 163.7181184515357 858.4916393533349 1616.8720370009542 1623.6590163856745 1590.1612363904715 273.98536825180054 1962.1481573358178 2034.9183205887675 190.23381936922669 942.96027735620737
leaf_count=51768 43638 993 50281 21994 707 5198 8402 9035 8039 2965 20065 37510 3740 9701
internal_value=-4.19192e-05 0.00159515 -0.0166025 0.0029308 0.00429235 0.00400897 0.00275019 0.000666002 0.00573884 0.00139419 0.001747 -0.0027082 -0.00128489 0.0030191
internal_weight=16398.2 14935.3 1462.86 11401.4 6030.78 5867.06 3418.41 1801.54 2448.65 5370.64 5096.66 3533.91 2225.15 3134.51
internal_count=274036 171987 102049 87099 32374 31667 18430 10028 13237 54725 51760 84888 41250 31695
is_linear=0
shrinkage=0.03


Tree=73
num_leaves=15
num_cat=1
split_feature=152 152 152 152 152 153 109 117 51 0 49 53 39 106
split_gain=473.193 90.123 44.106 19.7235 17.2414 15.985 12.7514 17.2047 12.4925 14.7582 12.2185 12.1062 11.7148 17.6458
threshold=0.018178758054825953 0.086390984872955698 0.0058871222594964329 0.20287913452745662 0.037306525805610287 0.5268858976673908 -1.0000000180025095e-35 0.055033705917094271 0.03529424651242153 0 16.725266786136981 0.82355260480350523 4.7750000000000012 0.81534090909090928
decision_type=2 2 2 2 2 2 10 10 10 1 10 10 10 2
left_child=2 4 -1 6 -2 12 11 8 9 -8 -6 -3 -5 -14
right_child=1 3 -4 5 10 -7 7 -9 -10 -11 -12 -13 13 -15
leaf_value=-0.023907406587000964 -0.0049589034181460158 0.0015300677644617855 -0.012348532532290218 0.0031385712747140399 0.00016783225557991625 0.011113025128799246 0.0098642430287822491 0.013384962788278849 -0.0059366372670702286 -0.001134202378595781 -0.0044098119987182492 -0.0058330674536393934 0.01050078547676705 0.0026735776950083927
leaf_weight=475.79502503108233 1302.5464608538896 4576.3255125209689 963.9495094968006 3802.2434546202421 2373.6788659840822 287.50341488420963 219.04170377552509 171.31106261909008 106.86449928581715 197.78759790211916 658.35807102918625 195.60783690959215 532.8999944627285 517.99169707298279
leaf_count=43464 43638 41804 58585 19366 40675 1191 2031 1475 991 1831 11513 1920 2844 2708
internal_value=-4.15964e-05 0.0015471 -0.0163755 0.00303526 -0.00209263 0.00436819 0.00177336 0.00552799 0.00265668 0.00498947 -0.000842945 0.00121091 0.00393561 0.00673462
internal_weight=16381.9 14942.2 1439.74 10607.6 4334.58 5140.64 5466.94 695.005 523.694 416.829 3032.04 4771.93 4853.14 1050.89
internal_count=274036 171987 102049 76161 95826 26109 50052 6328 4853 3862 52188 43724 24918 5552
cat_boundaries=0 1
cat_threshold=199
is_linear=0
shrinkage=0.03


Tree=74
num_leaves=15
num_cat=0
split_feature=156 156 152 105 155 118 145 49 8 154 149 16 10 106
split_gain=454.483 84.7624 43.9153 20.8414 19.9739 18.5202 16.5462 20.5774 16.3472 16.0664 14.8886 14.3175 12.7501 12.712
threshold=-2.8618833197882751 -1.203109991342201 0.0058871222594964329 -0.0088211458209271811 0.36486195457532639 -0.038216463850335454 0.14835164835164838 15.834022221310686 3.5000000000000004 1.9310064059374048 0.040000000000000001 -4.5634920634920482 443.00000000000006 0.59687500000000016
decision_type=2 2 2 2 2 8 2 8 2 2 2 2 2 2
left_child=2 3 -1 -2 5 8 7 -7 -3 -9 12 -10 -8 -5
right_child=1 4 -4 13 -6 6 10 9 11 -11 -12 -13 -14 -15
leaf_value=-0.023752381079632928 -0.0060416548148702603 0.009809153839332424 -0.012138621633134773 0.00067797909700521375 0.013044922603743155 -0.0020373916577097924 -0.0028923523230855305 0.0064742777385552374 -0.0025735828483732289 0.00271498642682919 -0.0042536092905326615 0.0061791840339436906 0.0022687727330987636 -0.0028142788230076888
leaf_weight=464.79794982727617 857.15665752999485 591.21437089145184 961.07034532725811 2081.1391021218151 162.0307485461235 526.80329617112875 487.64247205108404 1690.2185609787703 255.9271550513804 2662.5446321591735 432.97291833162308 440.59695528447628 3066.0252027325332 1686.1671769395471
leaf_count=43464 20651 4234 57223 45950 696 2920 4622 7980 2145 16218 4023 3525 27789 32596
internal_value=-4.08942e-05 0.00150946 -0.0161323 -0.00186136 0.00302104 0.00284208 0.00234614 0.00351526 0.00619036 0.00419198 0.000907334 0.00297666 0.00155137 -0.000890044
internal_weight=16366.3 14940.4 1425.87 4624.46 10316 10153.9 8866.21 4879.57 1287.74 4352.76 3986.64 696.524 3553.67 3767.31
internal_count=274036 173349 100687 99197 74152 73456 63552 27118 9904 24198 36434 5670 32411 78546
is_linear=0
shrinkage=0.03


Tree=75
num_leaves=15
num_cat=0
split_feature=152 152 152 151 35 155 149 13 81 39 118 138 31 151
split_gain=433.933 80.8369 43.3526 23.873 14.5289 15.6174 15.0912 19.1617 25.5932 20.694 14.1386 13.8578 13.1093 12.0465
threshold=0.018178758054825953 0.06579667573706377 0.0058871222594964329 1.4928409688502451 32.500000000000007 0.16883184509694052 0.035714285714285747 0.44097222222222227 -0.89999999999999492 4.7750000000000012 -0.032711392161559154 0.062097338145725246 0.25337837837837845 2.9882008347154687
decision_type=2 2 2 2 10 2 2 2 8 8 10 2 2 2
left_child=2 12 -1 4 6 -6 7 8 -3 10 -9 -7 13 -2
right_child=1 3 -4 -5 5 11 -8 9 -10 -11 -12 -13 -14 -15
leaf_value=-0.023595238192544998 4.8841380337148469e-05 0.0074856796178121732 -0.011938732913662596 0.0012108765451279127 0.0023250213269497364 0.0005174303368044715 -0.0049641685709593507 0.012034853649541122 -0.0021093181196780754 0.0083133947505811389 0.0010385106130605234 0.0084382320654735662 -0.0070137536031125158 -0.0039668812204309359
leaf_weight=454.11845246702433 1399.230781596154 319.1024454087019 942.95739584695548 5690.5619678683579 862.87650085985661 232.80103331804276 206.58534893393517 102.92120544612408 981.44412373006344 902.98164929449558 1016.4806572347879 1432.3713042885065 528.09841922670603 1278.5016474220902
leaf_count=43464 26108 1637 58585 59146 5198 1177 1322 537 5282 4833 5239 7149 12919 41440
internal_value=-4.06105e-05 0.00145909 -0.0159381 0.0026109 0.00391987 0.00565564 0.00265793 0.00315198 0.000303422 0.00496809 0.00219531 0.00734536 -0.00275434 -0.00187991
internal_weight=16351 14954 1397.08 11748.1 6057.56 2528.05 3529.52 3322.93 1300.55 2022.38 1119.4 1665.17 3205.83 2677.73
internal_count=274036 171987 102049 91520 32374 13524 18850 17528 6919 10609 5776 8326 80467 67548
is_linear=0
shrinkage=0.03


Tree=76
num_leaves=15
num_cat=0
split_feature=152 151 152 151 105 50 109 55 16 66 105 124 133 124
split_gain=414.765 76.1393 43.0616 23.4698 17.7941 15.031 14.654 14.555 13.1176 15.1662 13.0591 12.9958 11.6419 16.6682
threshold=0.018178758054825953 2.5376494037109896 0.0058871222594964329 1.4928409688502451 0.02321586835051204 0.16252956067148275 -1.6249999999999996 0.39772727273278491 -30.320512820512814 1.0000000180025095e-35 -0.013818257193432505 0.75000000000000011 1.5000000000000002 0.75000000000000011
decision_type=2 2 2 2 2 8 8 10 2 10 2 10 2 10
left_child=2 3 -1 4 5 8 -3 -7 -2 -10 -8 -11 -5 -14
right_child=1 6 -4 12 -6 7 10 -9 9 11 -12 -13 13 -15
leaf_value=-0.023435979990112467 -0.0068704494758884292 -0.0067267563390101997 -0.011720535591301673 0.0020858688673304781 0.0071647006090346417 0.0035350191943879466 -0.0067716718918631597 0.0095467882631311164 0.0046271141322814409 -0.0016631427269367856 -0.00071878036754097804 0.0053726997114565854 -0.0023017971733964278 0.0040164756181110192
leaf_weight=443.74738112092018 147.60485183447599 661.5907303057611 932.1416055932641 3890.354967225343 1139.7875230610371 1918.23815728724 368.45507586188614 445.0864610299468 1049.1740881949663 1080.7073451131582 1993.0961147509515 286.23915027081966 1494.4972353354096 485.69275629520416
leaf_count=43464 877 15727 58585 40705 5958 9849 10163 2335 5981 5842 51856 1532 16045 5117
internal_value=-4.02306e-05 0.00141527 -0.015711 0.00249203 0.00379871 0.00300066 -0.00282781 0.00472029 0.00139722 0.00194158 -0.00169995 -0.000147509 0.00113541 -0.000733532
internal_weight=16336.4 14960.5 1375.89 11937.4 6066.84 4927.05 3023.14 2363.32 2563.73 2416.12 2361.55 1366.95 5870.54 1980.19
internal_count=274036 171987 102049 94241 32374 26416 77746 12184 14232 13355 62019 7374 61867 21162
is_linear=0
shrinkage=0.03


Tree=77
num_leaves=15
num_cat=0
split_feature=156 151 152 151 105 109 105 50 58 55 16 80 133 124
split_gain=399.534 75.6908 37.355 22.0472 16.659 14.7028 17.6455 14.1141 14.9492 13.6338 12.6299 11.3008 10.9321 15.6933
threshold=-2.9355019112486889 2.5376494037109896 0.0058871222594964329 1.4928409688502451 0.02321586835051204 -1.6249999999999996 -0.0092873300337063657 0.16252956067148275 0.21825396825396828 0.39772727273278491 -30.320512820512814 -198.33333333333334 1.5000000000000002 0.75000000000000011
decision_type=2 2 2 2 2 8 2 8 10 10 2 10 2 10
left_child=2 3 -1 4 7 -3 -7 8 -2 -9 -10 -6 -5 -14
right_child=1 5 -4 12 11 6 -8 9 10 -11 -12 -13 13 -15
leaf_value=-0.023274617911004304 -0.0013975382060150011 -0.0067869028227949676 -0.011999360859432174 0.0020202466858181955 0.014263503254992023 -0.0065150809146721882 -0.00038762971319925542 0.0034250193273810555 -0.0073427735904604266 0.0092338413873879529 0.0039122148145362507 0.0055932767789418185 -0.0022374502768341487 0.0038877112077619694
leaf_weight=433.6758673992008 1044.4840522408485 653.79485190473497 842.21446754038334 3896.6111730784178 154.15343847870827 528.89899225719273 1912.2717204075307 1920.8907095491886 82.034013859927654 446.84693362563848 1439.0282393395901 988.9977930560708 1491.8257993794978 487.19942091405392
leaf_count=43464 5683 15730 53142 40705 802 15642 51817 9849 495 2335 8054 5156 16045 5117
internal_value=-4.01716e-05 0.00133265 -0.0160577 0.00241514 0.00368037 -0.00283915 -0.00174687 0.00290816 0.00135448 0.00457251 0.00323943 0.00693205 0.00110062 -0.000711647
internal_weight=16322.9 15047 1275.89 11952.1 6076.44 3094.97 2441.17 4933.28 2565.55 2367.74 1521.06 1143.15 5875.64 1979.03
internal_count=274036 177430 96606 94241 32374 83189 67459 26416 14232 12184 8549 5958 61867 21162
is_linear=0
shrinkage=0.03


Tree=78
num_leaves=15
num_cat=0
split_feature=152 152 152 152 152 118 8 89 49 83 80 49 123 19
split_gain=379.947 67.5046 42.194 17.0486 14.4879 13.5634 13.5351 11.613 11.373 11.339 10.8676 10.6232 10.5176 10.7722
threshold=0.018178758054825953 0.086390984872955698 0.0058871222594964329 0.46570839807042735 0.037306525805610287 -0.047305572391921187 3.5000000000000004 0.44482290857290868 16.725266786136981 -0.52000000000034552 308.33333333333343 16.183778393276352 4.8333333333333437 0.20473174366616995
decision_type=2 2 2 2 2 8 2 10 10 8 10 10 8 2
left_child=2 4 -1 5 12 6 -3 10 -6 -5 -7 -12 -2 -14
right_child=1 3 -4 9 8 7 -8 -9 -10 -11 11 -13 13 -15
leaf_value=-0.023111149936179885 -0.0064389624994808667 0.0091991854232773285 -0.011318455680663234 0.011320080890212201 0.00028074306362411847 0.0018884036119417634 0.0022544185913040094 -0.0057505924383002829 -0.0041518979879716974 0.0024081336365233321 -0.0011365366504485263 0.010680419823094985 0.0081361013924042824 -0.0030165586764709395
leaf_weight=423.8953665252775 837.77542056329548 477.62483672052622 912.80245921015739 313.56091849505901 2365.5596783459187 8631.5467774420977 545.24400625377893 158.89624391496181 652.47948889061809 227.45120702683926 91.424817204475403 229.10865037888288 83.57688276655972 358.77563701197505
leaf_count=43464 28610 3389 58585 1270 40675 62642 4257 1279 11513 921 699 1704 2889 12139
internal_value=-3.99253e-05 0.00133392 -0.0152731 0.00261111 -0.00183611 0.00232629 0.00558334 0.00195205 -0.000693358 0.00773938 0.00209816 0.00740977 -0.00449104 -0.000711671
internal_weight=16309.7 14973 1336.7 10674.9 4298.17 10133.8 1022.87 9110.98 3018.04 541.012 8952.08 320.533 1280.13 442.353
internal_count=274036 171987 102049 76161 95826 73970 7646 66324 52188 2191 65045 2403 43638 15028
is_linear=0
shrinkage=0.03


Tree=79
num_leaves=15
num_cat=0
split_feature=156 156 152 105 155 118 8 145 49 50 35 149 16 53
split_gain=366.217 67.477 36.6717 18.2072 18.0799 16.5995 14.0596 13.5418 19.264 15.347 17.706 13.736 13.2727 12.5104
threshold=-2.9355019112486889 -1.203109991342201 0.0058871222594964329 -0.0088211458209271811 0.36486195457532639 -0.038216463850335454 3.5000000000000004 0.14835164835164838 15.849045615876095 0.12084027558887024 32.500000000000007 0.040000000000000001 -4.5634920634920482 0.7023899711396856
decision_type=2 2 2 2 2 8 2 2 8 10 8 2 2 8
left_child=2 3 -1 -2 5 6 13 8 -7 10 -10 -9 -8 -3
right_child=1 4 -4 -5 -6 7 12 11 9 -11 -12 -13 -14 -15
leaf_value=-0.022945593720585057 -0.0056303950179689378 0.01029586993815778 -0.01159128432834681 -0.00083203019066024615 0.012143282895340703 -0.0021817023619371697 -0.0027184906663165202 0.0012847017496634052 -0.0018175612720721466 0.0055800607481497873 0.0037824647763474856 -0.0042867853602276589 0.0056819561656197438 -0.0036597515081219483
leaf_weight=414.39749594405293 862.04267984442413 542.66251943260431 824.21594664547592 3815.7200854495168 161.71236601471901 557.86975505948067 256.60544328019023 3574.3207907229662 736.31850478798151 2043.2409314364195 1573.1696118712425 433.2304623760283 444.46892882883549 57.02012737467885
leaf_count=43464 21644 3806 53142 81634 696 3075 2145 32411 4299 10907 8837 4023 3525 428
internal_value=-3.94102e-05 0.00125635 -0.0156191 -0.00173147 0.0026033 0.00243475 0.00558642 0.00196646 0.00302032 0.00369225 0.00199684 0.000668665 0.00261471 0.00891199
internal_weight=16297 15058.4 1238.61 4677.76 10380.6 10218.9 1300.76 8918.15 4910.6 4352.73 2309.49 4007.55 701.074 599.683
internal_count=274036 177430 96606 103278 74152 73456 9904 63552 27118 24043 13136 36434 5670 4234
is_linear=0
shrinkage=0.03


Tree=80
num_leaves=15
num_cat=0
split_feature=156 152 152 151 13 102 89 18 140 29 124 140 52 154
split_gain=350.04 64.3718 36.3929 21.5078 16.0855 17.6419 17.5692 16.1623 18.2702 16.0212 15.4724 15.2858 14.0271 14.7921
threshold=-2.9355019112486889 0.055512139592022204 0.0058871222594964329 1.5789255615152133 0.83974358974358987 0.12916666666666668 -0.029119200856333207 0.072004608294930897 0.084519509750479185 1.5000000000000002 0.75000000000000011 0.061876300221359842 0.74166666666666681 2.0077715796173679
decision_type=2 2 2 2 2 8 10 2 2 2 10 2 10 2
left_child=2 -2 -1 4 5 -3 7 8 -6 -5 -11 -8 13 -7
right_child=1 3 -4 9 6 12 11 -9 -10 10 -12 -13 -14 -15
leaf_value=-0.022777957827368613 -0.0030604385942617713 0.0057193317257979801 -0.011376167449513835 0.0018876793367238371 0.013084415298653243 0.0036748992795832577 0.0048163852648362088 0.011698380231863948 -0.0003610448754879658 -0.0029804946115828935 0.0032081874337992668 -0.0070864924693688786 -0.004379234723738021 -7.3923748581261787e-05
leaf_weight=405.17411592882127 2602.7393470769748 1185.2155298665166 815.03155360091478 3806.7564767599106 115.08557760715485 2213.6769329532981 278.04605390876532 544.65614604204893 299.83581226319075 1457.2710139229894 469.27714751288295 130.40635511279106 314.07412757724524 1646.5843369737267
leaf_count=43464 75100 6292 53142 42926 630 11582 1548 2955 1603 16970 5344 727 1819 9934
internal_value=-3.91282e-05 0.00121865 -0.0153928 0.00211504 0.00326391 0.0025101 0.00615785 0.00834771 0.00369468 0.00076193 -0.00145989 0.000899751 0.00158169 0.00208175
internal_weight=16283.8 15063.6 1220.21 12460.9 6727.58 5359.55 1368.03 959.578 414.921 5733.3 1926.55 408.452 4174.34 3860.26
internal_count=274036 177430 96606 102330 37090 29627 7463 5188 2233 65240 22314 2275 23335 21516
is_linear=0
shrinkage=0.03


Tree=81
num_leaves=15
num_cat=0
split_feature=156 152 152 151 109 105 133 13 102 18 124 57 89 52
split_gain=334.536 60.6279 36.0942 20.219 15.6195 16.9816 15.3479 15.1105 16.5513 16.5368 14.7384 14.019 13.2361 13.2316
threshold=-2.9355019112486889 0.055512139592022204 0.0058871222594964329 1.5789255615152133 -1.6249999999999996 -0.0088211458209271811 1.5000000000000002 0.83974358974358987 0.12916666666666668 0.072004608294930897 0.75000000000000011 -0.062505237137581063 -0.029119200856333207 0.74166666666666681
decision_type=2 2 2 2 8 2 2 2 8 2 10 8 10 10
left_child=2 4 -1 7 -2 -6 -5 8 -3 -9 -8 -12 -11 -10
right_child=1 3 -4 6 5 -7 10 9 13 12 11 -13 -14 -15
leaf_value=-0.022608261060101217 -0.0076524070369729464 0.0055371185725351197 -0.011162820042880642 0.0018396839613358004 -0.0066726505396022323 -0.00031490491297504888 -0.002924705326873047 0.0021552733822284599 0.0020180049585682923 0.011299343689634943 0.010053384292283769 -0.00060124125515090829 0.0024650884470805933 -0.0042629439546864696
leaf_weight=396.21732989139855 502.53651697468013 1187.9428996741772 806.11371805146337 3810.3684019558132 479.498091917485 1613.3883664887398 1455.0575484596193 600.92812780290842 3863.4606790840626 547.46011159569025 155.10444187372923 316.17551064118743 223.25949709117413 313.38248547166586
leaf_count=43464 13210 6292 53142 42903 15137 46753 16984 3268 21516 2955 1743 3610 1240 1819
internal_value=-3.86035e-05 0.00118236 -0.0151667 0.0020505 -0.0029776 -0.00180864 0.000738736 0.00316347 0.00243276 0.00596421 -0.00143637 0.00310728 0.00883618 0.00153319
internal_weight=16270.9 15068.6 1202.33 12473.1 2595.42 2092.89 5736.71 6736.43 5364.79 1371.65 1926.34 471.28 770.72 4176.84
internal_count=274036 177430 96606 102330 75100 61890 65240 37090 29627 7463 22337 5353 4195 23335
is_linear=0
shrinkage=0.03


Tree=82
num_leaves=15
num_cat=0
split_feature=156 152 152 145 49 50 104 58 119 122 105 107 122 58
split_gain=319.65 57.1491 35.7762 18.9985 16.8559 16.2041 12.8982 21.2877 12.4601 12.0508 11.3957 12.7055 16.4172 14.5818
threshold=-2.9355019112486889 0.055512139592022204 0.0058871222594964329 0.14835164835164838 15.834022221310686 0.12084027558887024 0.87083333333333346 0.20714285714285716 0.093984788359788754 0.11062888344944456 -0.0092873300337063657 -0.016133204620454502 0.11915390733744284 0.46410256410256417
decision_type=2 2 2 2 8 10 2 8 10 2 2 2 2 8
left_child=2 10 -1 4 -3 6 7 9 -5 -6 -2 12 -12 -13
right_child=1 3 -4 8 5 -7 -8 -9 -10 -11 11 13 -14 -15
leaf_value=-0.022436519612739333 -0.0067152275820483364 -0.0014206658535949074 -0.010951307429321754 0.0013546973026377401 0.0060868563705526258 0.0056502378635889866 0.005941194121700257 0.0027182695502303809 -0.0027572824951476961 -0.0063386750649370239 0.0058487805622006259 -0.0071164678794671376 -0.0044561915831148801 -0.00098687681048967388
leaf_weight=387.51948394440114 541.43534450512379 613.13866899907589 797.45477134734392 6000.4027033746243 71.789041586220264 2340.3403203636408 640.6957960575819 1679.0379938334227 731.32248402014375 408.74906747788191 350.39120824448764 546.90260355453938 211.08593964017928 938.68013245239854
leaf_count=43464 16852 3415 53142 62144 414 12469 3527 9789 8201 2371 10413 14473 6383 26979
internal_value=-3.84458e-05 0.00114673 -0.0149408 0.00198791 0.00325176 0.00381157 0.00225297 0.00112533 0.000902842 -0.00435433 -0.00289876 -0.00184782 0.00195951 -0.00329201
internal_weight=16258.9 15074 1184.97 12485.5 5753.75 5140.61 2800.27 2159.58 6731.73 480.538 2588.5 2047.06 561.477 1485.58
internal_count=274036 177430 96606 102330 31985 28570 16101 12574 70345 2785 75100 58248 16796 41452
is_linear=0
shrinkage=0.03


Tree=83
num_leaves=15
num_cat=0
split_feature=151 152 152 151 109 133 13 81 89 140 15 124 35 155
split_gain=306.193 59.4028 29.4011 18.1482 14.8328 14.2997 14.204 15.8838 15.6728 14.4338 14.3151 13.9029 13.1833 14.3046
threshold=3.9560394329797357 0.055512139592022204 0.0058871222594964329 1.5789255615152133 -1.6249999999999996 1.5000000000000002 0.83974358974358987 -0.82499999999999918 -0.029119200856333207 0.061876300221359842 -0.87083333333333346 0.75000000000000011 32.500000000000007 0.15484867465966048
decision_type=2 2 2 2 8 2 2 8 10 2 2 10 10 2
left_child=1 4 -2 6 -1 -5 7 -3 10 -10 -8 -7 -9 -14
right_child=2 3 -4 5 -6 11 8 12 9 -11 -12 -13 13 -15
leaf_value=-0.0074815371922769729 -0.022262757150206931 0.0049773264297283612 -0.011345092053461039 0.0017449793529974629 -0.0018643546503118668 -0.00286568573024214 0.015704647863481108 -0.00016554072272615062 0.0045263903977476212 -0.0070347693644544022 0.0059189080612488129 0.0029879815053405045 -0.0011355337097750469 0.0050815807722123718
leaf_weight=516.01285660732538 379.07300559151918 1420.5223373398185 682.54497385118157 3819.4070587977767 2172.2556995423511 1452.5353805758059 159.24277950823307 2328.4201144501567 279.24411501735449 130.25430994480848 807.89213614910841 472.67706923186779 456.49048499017954 1171.0297188162804
leaf_count=14071 43464 7527 48464 42903 65707 16984 867 12979 1548 727 4321 5353 2890 6231
internal_value=-3.8685e-05 0.00105636 -0.0154993 0.00192671 -0.0029781 0.000684531 0.00297953 0.00227186 0.00568905 0.000730352 0.00774542 -0.00141651 0.00128523 0.00334335
internal_weight=16247.6 15186 1061.62 12497.7 2688.27 5744.62 6753.1 5376.46 1376.63 409.498 967.135 1925.21 3955.94 1627.52
internal_count=274036 182108 91928 102330 79778 65240 37090 29627 7463 2275 5188 22337 22100 9121
is_linear=0
shrinkage=0.03


Tree=84
num_leaves=15
num_cat=0
split_feature=151 151 151 151 31 76 122 103 53 108 83 49 117 58
split_gain=292.753 55.9125 28.711 16.4233 13.2987 12.4455 12.3158 22.2328 14.4134 14.0435 22.0436 16.3918 15.4713 15.3818
threshold=3.9560394329797357 2.5376494037109896 4.7591779066044522 0.55920745798214477 0.25337837837837845 2468.3333333333335 0.11949061083531191 -0.60793432081427945 0.79084967320037947 0.14495798319327732 -0.65000000000109126 15.94873370381538 0.03618297139920678 0.06458333333333334
decision_type=2 2 2 2 2 10 2 10 10 10 10 8 8 10
left_child=1 3 -2 -1 -3 6 8 -8 9 11 13 -5 -13 -11
right_child=2 4 -4 5 -6 -7 7 -9 -10 10 -12 12 -14 -15
leaf_value=0.006522733605699888 -0.010578987367712228 -0.0016561628641742095 -0.021134702421960215 -0.0041231008683478721 -0.0069441275134598923 -0.0086708940003329838 0.0029786897624631725 -0.0019011696936610575 -0.0029645268325818397 -0.0046066649797257171 0.0028487092311584843 -0.010197889369244628 0.0024903593410690273 0.0099690746580689809
leaf_weight=656.31012895703316 604.02871288079768 2653.9053190238774 441.91236648242921 444.55250393599272 499.61491966061294 88.933493204414845 1492.1999437138438 1884.1849661320448 411.39096309989691 63.660627603530884 3874.2872597835958 75.115904800593853 2402.7134293206036 643.0837470702827
leaf_count=2664 41647 74407 50281 3025 13460 742 11698 16468 3630 509 33112 574 16967 4852
internal_value=-3.82737e-05 0.00102489 -0.0152746 0.00195637 -0.00252285 0.00168479 0.00177775 0.00025913 0.00242386 0.00272461 0.00375924 0.00109186 0.00204666 0.0085877
internal_weight=16235.9 15190 1045.94 12036.4 3153.52 11380.1 11291.2 3376.38 7914.8 7503.41 4581.03 2922.38 2477.83 706.744
internal_count=274036 182108 91928 94241 87867 91577 90835 28166 62669 59039 38473 20566 17541 5361
is_linear=0
shrinkage=0.03


Tree=85
num_leaves=15
num_cat=0
split_feature=156 156 152 155 118 105 8 16 149 52 28 51 127 12
split_gain=280.51 48.6519 34.4503 16.3646 16.1324 15.4078 12.6982 12.1701 12.1059 14.0901 11.952 12.7815 12.5415 12.2179
threshold=-2.9355019112486889 -1.203109991342201 0.0058871222594964329 0.36486195457532639 -0.038216463850335454 -0.0088211458209271811 3.5000000000000004 -4.5634920634920482 0.040000000000000001 0.18465909090909094 6.2041666666666675 -0.11363102147377425 0.91987179487179505 12.500000000000002
decision_type=2 2 2 2 8 2 2 2 2 8 10 8 2 2
left_child=2 5 -1 4 6 -2 -3 -8 -6 -10 11 -7 -13 -12
right_child=1 3 -4 -5 8 10 7 -9 9 -11 13 12 -14 -15
leaf_value=-0.0219169872223791 -0.0051261338710564281 0.0082590194358656138 -0.010381785291703619 0.011266417800566798 0.0018722793473465022 0.0071551894749747854 -0.0027976904830145448 0.0052267600730330384 0.0053292251699224224 -0.0048204894375152643 0.0094142573039208109 0.0012031240209282386 -0.0031545272095510378 0.00052703489562736644
leaf_weight=363.24550179485232 845.96475199982524 605.81298631429672 774.93441756442189 161.30866949260235 8334.8260081969202 131.60101086553186 256.90127516910434 448.08078164979815 149.33500842750072 488.57478007301688 169.45419327542186 817.11517511866987 2102.3453199965879 575.89094541687518
leaf_count=43464 21644 4234 53142 696 58082 3364 2145 3525 1247 4223 3511 16922 43242 14595
internal_value=-3.88329e-05 0.0010502 -0.0143004 0.00218501 0.00202636 -0.00150184 0.00511921 0.00230522 0.00156675 -0.00237659 -0.000677232 -0.0015098 -0.00193497 0.00269341
internal_weight=16225.4 15087.2 1138.18 10444.8 10283.5 4642.37 1310.8 704.982 8972.74 637.91 3796.41 3051.06 2919.46 745.345
internal_count=274036 177430 96606 74152 73456 103278 9904 5670 63552 5470 81634 63528 60164 18106
is_linear=0
shrinkage=0.03


Tree=86
num_leaves=15
num_cat=0
split_feature=156 156 156 153 130 53 76 122 103 80 118 83 30 35
split_gain=267.887 46.2525 28.8645 15.7112 15.3587 14.1493 13.1268 13.3287 18.0815 15.3211 13.7848 12.3028 13.0767 12.8707
threshold=-2.9355019112486889 -1.5526074380019355 -3.6736990204985651 0.5972509909368876 0.071132478632478638 0.87660256410269255 2435.0000000000005 0.11949061083531191 -0.60793432081427945 -33.333333333333364 -0.047305572391921187 -0.65000000000109126 0.07043650793650795 47.500000000000007
decision_type=2 2 2 2 2 10 10 2 10 8 8 8 2 10
left_child=2 4 -1 5 -2 6 7 9 -9 -3 -11 13 -13 -12
right_child=1 3 -4 -5 -6 -7 -8 8 -10 10 11 12 -14 -15
leaf_value=-0.019174607965543988 -0.012552215537009788 0.0045218476521074946 -0.0091440909489192614 0.012646165154045277 -0.0017590662034520613 -0.0053077876274491825 -0.0075127294118415584 0.0028738242538316849 -0.001528338489926478 0.0063885608662666337 0.0012682763969567769 -0.0034745130681848491 0.0012053884630493714 0.007608280010968518
leaf_weight=530.76231384836137 109.06134572345763 2700.1271208114922 591.91918259765953 106.09905713796616 3074.0740202385932 235.25649598613381 117.07315285131335 1499.2862443532795 1870.8539334386587 506.42651021853089 711.26451157033443 636.86055537313223 3047.6216943338513 478.20171143859625
leaf_count=58473 3198 21168 38133 502 79856 2185 967 11321 16541 4282 4763 5319 24144 3184
internal_value=-3.79753e-05 0.00101926 -0.0140764 0.00187766 -0.002186 0.00176493 0.00191545 0.00202155 0.000434124 0.00268159 0.00174806 0.00124777 0.000385662 0.00388016
internal_weight=16214.9 15092.2 1122.68 11909.1 3183.14 11803 11567.7 11450.6 3370.14 8080.5 5380.37 4873.95 3684.48 1189.47
internal_count=274036 177430 96606 94376 83054 93874 91689 90722 27862 62860 41692 37410 29463 7947
is_linear=0
shrinkage=0.03


Tree=87
num_leaves=15
num_cat=0
split_feature=151 156 151 155 147 27 35 156 67 53 86 95 27 32
split_gain=257.111 47.6829 28.1078 14.9715 12.7712 12.0014 12.9512 12.0853 12.0007 16.4368 12.3775 14.8874 12.7433 12.1237
threshold=3.9560394329797357 -1.5526074380019355 5.2345784900822947 0.22097931566515078 -0.060423159285164722 0.23453443877551025 15.500000000000002 -2.1825612742705207 0.58333333333333337 0.68093964858659706 -0.73825379525169399 0.87867647058823539 0.26818783068783075 7.7596153846153859
decision_type=2 2 2 2 8 2 8 2 8 10 8 2 2 10
left_child=1 5 -2 8 -5 6 -1 -7 13 10 11 -10 -13 -3
right_child=2 3 -4 4 -6 7 -8 -9 9 -11 -12 12 -14 -15
leaf_value=-0.0062621910512246767 -0.011479102279552851 0.0018289543244243158 -0.023787625354410195 -0.00029535730105457444 0.0047083806946071859 -0.0089800344145042656 3.0820821528607444e-05 -0.0023759342021619201 0.01582051900113678 -0.0056170180713802616 -9.7181842864204379e-05 0.0061564075109480027 -0.0018832354156489721 0.0074106009376666525
leaf_weight=334.67979781143367 771.58410305902362 4168.9646613746881 231.81293124798685 571.54505937546492 2283.1240073293447 386.2737722992897 1858.5726692583412 701.66100196540356 72.23745384067297 393.4437017776072 3368.9976322613657 379.65090200304985 312.35925260744989 370.27027985826135
leaf_count=9250 63033 38476 28895 4566 12454 13810 50271 14401 484 3118 26477 2724 2191 3886
internal_value=-3.78439e-05 0.000938867 -0.0146312 0.00182016 0.00371025 -0.00225661 -0.000965477 -0.00481098 0.00121987 0.000125544 0.000690513 0.0040979 0.00256451 0.00230716
internal_weight=16205.2 15201.8 1003.4 11920.6 2854.67 3281.19 2193.25 1087.93 9065.92 4526.69 4133.25 764.248 692.01 4539.23
internal_count=274036 182108 91928 94376 17020 87732 59521 28211 77356 34994 31876 5399 4915 42362
is_linear=0
shrinkage=0.03


Tree=88
num_leaves=15
num_cat=0
split_feature=152 156 152 152 48 105 44 53 117 114 118 154 13 147
split_gain=246.585 57.1429 20.1876 19.8264 15.1245 14.4539 12.084 18.2497 13.588 11.8523 11.2013 12.8604 12.5598 12.4469
threshold=0.01240987691140401 -2.1163955904443141 0.14680196563243927 0.0041745393042925327 15.708388035621079 0.02321586835051204 1.0000000180025095e-35 0.70833333333363668 0.069864663086877971 -0.20379412254415 -0.034038326316543056 2.0019646614755104 0.53589743589743599 -0.057919728548881715
decision_type=2 2 2 2 10 2 8 10 10 8 8 2 2 8
left_child=3 4 -3 -1 -2 6 -4 9 -9 -8 12 13 -11 -12
right_child=1 2 5 -5 -6 -7 7 8 -10 10 11 -13 -14 -15
leaf_value=-0.023998112442166125 0.00017640696348690459 0.00016901602359671616 0.0039123752658441263 -0.012642447488093445 -0.0060641555290900165 0.0052603128763786455 -0.0065662285533783218 -0.012811420006842359 -0.00040791373707156468 0.00086399969798470959 -0.0043643456176829156 -0.00081059749689859197 0.012513166160606234 0.0035185256851089529
leaf_weight=221.1223709108308 483.88624203577638 6085.0814118180424 1818.2183139175177 571.40207982528955 1236.0006793811917 1373.6760293990374 141.66502173244953 126.88089096546173 183.09361877292395 159.48514486849308 185.40511641651392 1455.9630386456847 165.01332421600819 1988.5132373273373
leaf_count=28215 18108 85172 10981 52115 46902 7586 816 790 1059 935 1196 9078 952 10131
internal_value=-3.77335e-05 0.000808696 0.00145763 -0.0161977 -0.00432204 0.0024873 0.00186413 0.00100848 -0.005842 0.00154632 0.00186067 0.00136696 0.00707895 0.00282093
internal_weight=16195.4 15402.9 13683 792.524 1719.89 7597.91 6224.24 4406.02 309.975 4096.04 3954.38 3629.88 324.498 2173.92
internal_count=274036 193706 128696 80330 65010 43524 35938 24957 1849 23108 22292 20405 1887 11327
is_linear=0
shrinkage=0.03


Tree=89
num_leaves=15
num_cat=0
split_feature=151 151 151 151 80 53 39 55 76 35 122 102 80 114
split_gain=235.204 42.7176 27.6644 13.671 12.1495 12.5104 17.5545 14.7661 12.1036 12.0518 11.7586 15.1881 12.0464 11.1968
threshold=3.9560394329797357 2.5376494037109896 5.2345784900822947 0.55920745798214477 308.33333333333343 0.68752104377199441 8.4500000000000011 0.68164821289883559 2468.3333333333335 28.500000000000004 0.11894717209037943 0.21651785714285718 -33.333333333333364 0.31250000000002282
decision_type=2 2 2 2 10 10 10 10 10 10 2 10 8 10
left_child=1 3 -2 9 5 7 -7 8 10 -1 12 -12 -5 -14
right_child=2 -3 -4 4 -6 6 -8 -9 -10 -11 11 -13 13 -15
leaf_value=0.0020501788415932462 -0.011069970272502947 -0.0022362067958699317 -0.023487543307266739 0.0040313408590251293 0.0063648744187411507 -0.0024899445477070663 0.011857742150849863 0.011444717930929563 -0.010440714110065733 0.01022577981564389 0.0025090299267887671 -0.0017452631329423597 0.0010927878566704247 0.011725848528337777
leaf_weight=362.18106600642204 755.25906719872728 3123.323831400834 221.22348374081776 2284.6121162846684 420.59913355857134 1170.7096277214587 67.264261160045862 120.80581299588084 61.451491694897413 293.87012621760368 1281.8409922644496 1793.45493183285 4152.2149378620088 76.319986123591661
leaf_count=1471 63033 87867 28895 17683 3513 10108 686 1048 508 1193 9790 15384 32207 650
internal_value=-3.80724e-05 0.000884038 -0.014196 0.0016922 0.00144566 0.00124931 -0.00157775 0.00160937 0.00146867 0.00585906 0.00156119 3.15773e-05 0.00228169 0.00132547
internal_weight=16185.1 15208.6 976.483 12085.3 11429.3 11008.7 1237.97 9770.7 9649.89 656.051 9588.44 3075.3 6513.15 4228.53
internal_count=274036 182108 91928 94241 91577 88064 10794 77270 76222 2664 75714 25174 50540 32857
is_linear=0
shrinkage=0.03


Tree=90
num_leaves=15
num_cat=1
split_feature=152 156 152 145 49 48 50 104 58 122 149 0 94 24
split_gain=226.691 51.534 19.6742 18.5543 15.9642 14.4357 14.1708 11.3011 19.6789 11.2315 11.0296 12.4015 14.3291 10.9108
threshold=0.01240987691140401 -2.1163955904443141 0.0041745393042925327 0.14835164835164838 15.834022221310686 15.708388035621079 0.12084027558887024 0.87083333333333346 0.20714285714285716 0.11062888344944456 0.040000000000000001 0 0.30384615384615393 5.8492424242424255
decision_type=2 2 2 2 8 10 10 2 8 2 2 1 2 10
left_child=2 5 -1 4 -3 -2 7 8 9 -6 -5 -12 -13 -7
right_child=1 3 -4 10 6 13 -8 -9 -10 -11 11 12 -14 -15
leaf_value=-0.023708953396192153 0.00026640367674115852 -0.0018653842060589166 -0.012228084857498996 0.00079796962162739695 0.0055155398960767595 -0.0088005592795278448 0.0049189360312800329 0.0051912275507841601 0.0022325398370220671 -0.0064695038097689027 0.000626574806834491 -0.012087787536460294 2.1160203962984672e-05 -0.0030559651053136648
leaf_weight=211.02437027590349 482.48034391924739 615.76030431687832 558.25053664809093 7145.5182406567037 72.410636223852634 578.40129654295743 2357.7760611623526 646.55634436756372 1689.5571212172508 409.18194368481636 413.49701364338398 198.60851962678134 149.42609868571162 646.89037572592497
leaf_count=28215 18108 3412 52115 88174 414 20926 12463 3526 9779 2370 4612 2200 1746 25976
internal_value=-3.69589e-05 0.000763253 -0.0157707 0.00137696 0.00266482 -0.00412849 0.00320764 0.00175721 0.000705973 -0.0045553 0.000430451 -0.00296681 -0.00691243 -0.00584135
internal_weight=16175.3 15406.1 769.275 13698.3 5791.24 1707.77 5175.48 2817.71 2171.15 481.593 7907.05 761.532 348.035 1225.29
internal_count=274036 193706 80330 128696 31964 65010 28552 16089 12563 2784 96732 8558 3946 46902
cat_boundaries=0 1
cat_threshold=440
is_linear=0
shrinkage=0.03


Tree=91
num_leaves=15
num_cat=0
split_feature=152 151 152 151 31 13 18 102 122 99 52 155 48 106
split_gain=216.975 48.9504 19.6181 17.206 14.4176 13.3129 14.8476 14.3622 12.2826 12.2602 11.8535 12.7422 13.4949 15.1073
threshold=0.01240987691140401 2.9882008347154687 0.0041745393042925327 1.5789255615152133 0.23993558776167476 0.83974358974358987 0.072004608294930897 0.12916666666666668 0.11839419978517725 0.22885777910833638 0.74166666666666681 0.15484867465966048 16.124698826506737 0.9654761904761906
decision_type=2 2 2 2 2 2 2 8 2 10 10 2 10 2
left_child=2 3 -1 5 -5 7 -7 -2 -6 -8 11 -9 13 -13
right_child=1 -3 -4 4 8 6 9 10 -10 -11 -12 12 -14 -15
leaf_value=-0.02356038106703676 0.0046163891939379094 -0.0038866601121161212 -0.012011950054965689 0.0011950414082706358 6.6278483295162037e-06 0.0014539177090146938 0.0094851528253798566 -0.0016845299423233105 -0.0047563896260885315 -0.00014561014747981063 -0.004560555158036524 0.0014625037607668089 0.003962367653359139 -0.0070563226879873809
leaf_weight=206.15284694265574 1199.4006713107228 1801.9597975714132 551.61785263055936 4755.2214576378465 1281.4360863082111 606.26135458797216 636.18844266235828 927.31178878992796 771.19910728558898 145.00697281956673 314.73738189786673 971.99088455736637 1781.5924571529031 216.26380608975887
leaf_count=28215 6292 69939 52115 60909 15962 3268 3437 5857 9806 758 1819 5169 9370 1120
internal_value=-3.75025e-05 0.000739763 -0.0155501 0.00135606 0.000288697 0.00242186 0.00503159 0.00174067 -0.00180442 0.00772841 0.000908285 0.00136575 0.00232185 -0.00015657
internal_weight=16166.3 15408.6 757.771 13606.6 6807.86 6798.75 1387.46 5411.3 2052.64 781.195 4211.9 3897.16 2969.85 1188.25
internal_count=274036 193706 80330 123767 86677 37090 7463 29627 25768 4195 23335 21516 15659 6289
is_linear=0
shrinkage=0.03


Tree=92
num_leaves=15
num_cat=0
split_feature=152 156 152 151 48 153 35 52 108 41 138 58 81 49
split_gain=207.654 46.4048 19.5501 16.6767 13.7574 12.1675 11.2186 18.0269 12.3861 12.2861 11.8029 14.5911 11.6384 11.1108
threshold=0.01240987691140401 -2.1163955904443141 0.0041745393042925327 1.6581827230727291 15.708388035621079 0.56691064609807629 32.500000000000007 0.74166666666666681 0.17156862745098042 0.90000000000000013 0.062097338145725246 0.06458333333333334 -0.65000000000000202 16.121793548770565
decision_type=2 2 2 2 10 2 10 10 10 10 2 10 10 8
left_child=2 4 -1 5 -2 6 7 8 13 -10 12 -12 -8 -3
right_child=1 3 -4 -5 -6 -7 10 -9 9 -11 11 -13 -14 -15
leaf_value=-0.023409920767881315 0.00034793727929001005 -0.0036986603129657443 -0.011797277354927582 0.0001667127679435169 -0.0056246643820069588 0.010204904191258045 0.0052755339024873286 -0.0048953780678290528 0.004624654707874514 -0.0053806175040483906 -0.0031367559572292908 0.0049096487693939244 -0.0043928530096398865 0.0013863008967744169
leaf_weight=201.4216087157838 481.21024476923048 473.48564560711384 545.17737900279462 6330.7605576738715 1215.0577595131472 155.68362455070019 159.84694641828537 398.69500245898962 1360.2271654382348 107.70049875974655 211.58743895590305 2374.6791076958179 298.12077341973782 1843.0536413565278
leaf_count=28215 18108 2575 52115 87141 46902 707 884 2378 8000 605 1174 13383 1742 10107
internal_value=-3.7657e-05 0.000717402 -0.0153296 0.00129742 -0.00394211 0.00226465 0.00207283 0.00105847 0.00170256 0.00384358 0.00345467 0.00423707 -0.000957957 0.000329859
internal_weight=16156.7 15410.1 746.599 13713.8 1696.27 7383.08 7227.4 4183.16 3784.47 1467.93 3044.23 2586.27 457.968 2316.54
internal_count=274036 193706 80330 128696 65010 41555 40848 23665 21287 8605 17183 14557 2626 12682
is_linear=0
shrinkage=0.03


Tree=93
num_leaves=15
num_cat=0
split_feature=152 151 152 151 31 76 18 13 81 89 140 18 140 35
split_gain=198.703 43.9726 19.4703 15.1996 13.6063 12.8395 18.9332 12.4915 14.2517 14.0329 13.7019 12.6224 17.3694 11.5062
threshold=0.01240987691140401 2.9882008347154687 0.0041745393042925327 1.5789255615152133 0.23993558776167476 1575.0000000000002 0.097524154589371997 0.83974358974358987 -0.82499999999999918 -0.029119200856333207 0.061876300221359842 0.072004608294930897 0.084519509750479185 32.500000000000007
decision_type=2 2 2 2 2 10 2 2 8 10 2 2 2 10
left_child=2 3 -1 7 -5 -6 -7 8 -2 11 -11 12 -9 -10
right_child=1 -3 -4 4 5 6 -8 9 13 10 -12 -13 -14 -15
leaf_value=-0.023257582371797286 0.0041694686637705194 -0.0037053566103909556 -0.011584140781180296 0.0011534599618518281 -0.0044967803201278501 -0.003147659157883626 0.0043842979610302221 0.011754187287541996 -0.00065889245665741707 0.0038421335287867208 -0.0073841418043331065 0.0096405201556841423 -0.0012289132848903349 0.0026031754455304846
leaf_weight=196.82659560302272 1432.0815534517169 1790.2218758780509 538.92354242270812 4760.2060386389494 868.55606330558658 645.54801766946912 535.92151290923357 117.10834211856127 2344.1789902374148 281.85601407289505 130.96402551978827 558.58827477693558 303.22465258836746 1643.409048974514
leaf_count=28215 7527 69939 52115 60909 10972 8101 6695 630 12979 1548 727 2955 1603 9121
internal_value=-3.77901e-05 0.000695703 -0.0151093 0.00127755 0.000274141 -0.00176121 0.000281013 0.00227798 0.00161854 0.0048013 0.000146654 0.00673237 0.00266866 0.000690225
internal_weight=16147.6 15411.9 735.75 13621.6 6810.23 2050.03 1181.47 6811.41 5419.67 1391.74 412.82 978.921 420.333 3987.59
internal_count=274036 193706 80330 123767 86677 25768 14796 37090 29627 7463 2275 5188 2233 22100
is_linear=0
shrinkage=0.03


Tree=94
num_leaves=15
num_cat=0
split_feature=152 156 152 156 48 50 35 133 125 124 149 66 156 86
split_gain=190.122 41.7769 19.3789 15.006 13.0955 11.9628 11.7197 11.7186 13.8561 14.3141 17.7865 12.1917 11.9717 15.9253
threshold=0.01240987691140401 -2.1163955904443141 0.0041745393042925327 -0.45473615711494725 15.708388035621079 0.18102840944037449 28.500000000000004 1.5000000000000002 -0.5 0.75000000000000011 -0.049979524979524952 1.0000000180025095e-35 -1.0957304363097344 0.49289088605746662
decision_type=2 2 2 2 10 10 8 2 2 10 2 8 2 8
left_child=2 4 -1 7 -2 6 -5 11 -9 -10 -11 12 -3 -14
right_child=1 3 -4 5 -6 -7 -8 8 9 10 -12 -13 13 -15
leaf_value=-0.023103382223771365 0.00042287873596510392 0.00072882046476133232 -0.011372612596122732 -0.00045142133214748169 -0.0054135665644509928 0.0043657213870076077 0.0026334108175256371 -0.0048708741118975588 -0.0015296847711654606 0.011579211837089128 -0.00054613028940903214 -0.00050065757000393918 0.0060993045104625653 -0.0045583140643665945
leaf_weight=192.36383963888511 480.04756622575223 1490.3326968327165 532.85094569809735 1772.4604864045978 1205.2290123580024 1770.5716332867742 2926.3211687132716 715.83538955636322 1270.2256398480386 177.52379250712693 247.66008150391281 2220.3219929803163 1004.0253329128027 132.96093908324838
leaf_count=28215 18108 24238 52115 10305 46902 9088 16496 9775 16784 2421 3096 26201 9059 1233
internal_value=-3.74354e-05 0.000675151 -0.0148893 0.00122337 -0.003762 0.00227226 0.00147203 0.000285805 -0.00141782 7.00634e-05 0.00473854 0.00113496 0.00251219 0.00480986
internal_weight=16138.7 15413.5 725.215 13728.2 1685.28 6469.35 4698.78 7258.89 2411.24 1695.41 425.184 4847.64 2627.32 1136.99
internal_count=274036 193706 80330 128696 65010 35889 26801 92807 32076 22301 5517 60731 34530 10292
is_linear=0
shrinkage=0.03


Tree=95
num_leaves=15
num_cat=1
split_feature=156 156 145 49 50 48 104 58 122 149 0 94 28 56
split_gain=182.217 41.3312 14.5301 14.5467 12.6847 10.3783 10.2721 18.3616 10.6086 10.2534 11.7954 13.739 11.2117 10.0833
threshold=-3.3112801037930706 -2.1163955904443141 0.14835164835164838 15.834022221310686 0.12084027558887024 15.708388035621079 0.87083333333333346 0.20714285714285716 0.11062888344944456 0.040000000000000001 0 0.30384615384615393 5.3245614035087732 0.58578431372549034
decision_type=2 2 2 8 10 10 2 8 2 2 1 2 8 10
left_child=-1 5 3 -3 6 -2 7 8 -5 13 12 -12 -11 -4
right_child=1 2 9 4 -6 -7 -8 -9 -10 10 11 -13 -14 -15
leaf_value=-0.015089966714715398 -9.28704727460307e-06 -0.0019956839311518521 0.00089193027344921681 0.0051690453263242859 0.0044536152095413705 -0.0051811486186593347 0.0047343975830045834 0.0019420840660875217 -0.0064717907200234044 -0.002556366014959028 -0.011889355612567164 -1.2187733417425228e-05 0.0078506999288790284 -0.0059165777465145534
leaf_weight=677.74921464221552 485.18811676558107 616.6638223156333 6973.3180736787617 72.805357851088047 2369.797126442194 1231.3996146954596 650.31803777068853 1696.5512167811394 409.00169841200113 295.7453521117568 196.97791267186403 149.50629247911274 118.15260100737214 186.57839532755315
leaf_count=76502 18852 3412 85860 414 12463 49986 3526 9779 2370 3243 2200 1746 1369 2314
internal_value=-3.73391e-05 0.000636887 0.00118638 0.00232311 0.00283969 -0.00373208 0.00147122 0.00047133 -0.0046098 0.000348963 -0.0029293 -0.00678975 0.000571801 0.00070251
internal_weight=16129.8 15452 13735.4 5815.14 5198.47 1716.59 2828.68 2178.36 481.807 7920.28 760.382 346.484 413.898 7159.9
internal_count=274036 197534 128696 31964 28552 68838 16089 12563 2784 96732 8558 3946 4612 88174
cat_boundaries=0 1
cat_threshold=440
is_linear=0
shrinkage=0.03


Tree=96
num_leaves=15
num_cat=0
split_feature=152 151 152 145 49 50 109 105 38 50 31 15 154 114
split_gain=174.528 37.3785 19.575 13.2899 13.4522 11.8473 11.3577 10.5319 12.1632 14.1307 10.354 11.6959 13.9468 10.1637
threshold=0.01240987691140401 2.9882008347154687 0.0041745393042925327 0.14835164835164838 15.834022221310686 0.12084027558887024 -1.6249999999999996 -0.0092873300337063657 1.0000000180025095e-35 -0.12346336204268658 0.23993558776167476 1.2573529411764712 2.2611502360414586 -0.26249999999999424
decision_type=2 2 2 2 8 10 8 2 2 10 2 2 2 8
left_child=2 3 -1 4 -2 -6 -3 -8 9 -9 11 -5 13 -13
right_child=1 6 -4 10 5 -7 7 8 -10 -11 -12 12 -14 -15
leaf_value=-0.022843847875113146 -0.0019012298968485843 -0.0091337054860902555 -0.0109285244969237 0.0016161946279957425 0.001427384549321523 0.0043076467786595761 -0.0069054973794151547 -0.0035791888130704791 -0.006266939439779717 0.0039314230562183874 -0.0012503293176187402 0.0083100753170061228 0.0063116772171739124 -0.0058763895126816143
leaf_weight=185.25065659079701 616.33504196256399 255.19870852306485 520.50743471225724 4724.919118758291 2831.2933111786842 2374.2365286238492 344.08717405050993 379.64997973572463 282.85692756995559 511.61713943444192 2449.6081385500729 36.831934656947851 114.20707657933235 494.82693045958877
leaf_count=28215 3415 9344 52115 55964 16101 12469 14380 14959 11235 20021 27842 439 1526 6011
internal_value=-3.71475e-05 0.000636873 -0.0144664 0.00117035 0.00225368 0.00274967 -0.0034424 -0.00240573 -0.00101657 0.000725865 0.0003611 0.00109751 -0.00264759 -0.00469253
internal_weight=16121.4 15415.7 705.758 13642.3 5821.86 5205.53 1773.41 1518.21 1174.12 891.267 7820.39 5370.79 645.866 531.659
internal_count=274036 193706 80330 123767 31985 28570 69939 60595 46215 34980 91782 63940 7976 6450
is_linear=0
shrinkage=0.03


Tree=97
num_leaves=15
num_cat=0
split_feature=156 151 152 156 105 31 49 150 110 51 76 32 9 96
split_gain=167.195 37.067 17.6881 12.5465 12.2676 11.9845 11.8179 10.5827 13.6797 12.6461 10.4354 10.3887 10.5117 12.4869
threshold=-3.3112801037930706 2.9882008347154687 0.0041745393042925327 -0.67294447324242579 0.02321586835051204 0.29616477272727276 16.770821728976447 0.36709401709401718 0.90312500000000007 0.10752835024694227 2468.3333333333335 7.9666666666666677 52.250000000000007 0.32291666666666669
decision_type=2 2 2 2 2 2 10 10 10 10 10 10 2 2
left_child=2 3 -1 5 -5 6 10 8 9 -8 11 12 13 -2
right_child=1 -3 -4 4 -6 -7 7 -9 -10 -11 -12 -13 -14 -15
leaf_value=-0.02268479257817077 0.0027432883981451982 -0.0034230167647697216 -0.011025215349198312 0.0013552940760667947 0.004431223972615082 -0.0057947989283583601 -0.00093101722849900489 -0.0082593400293186608 -0.008215550791893747 0.0094171544939174335 -0.011738961233083043 0.0058703990188954617 0.00034425357134771506 0.017721288951363694
leaf_weight=181.12085602991283 238.77567159384489 1804.9092321936041 478.00213744305074 6299.3892535492778 1425.369185782969 280.45387466996908 521.92418691888452 210.16360311955214 164.04464992880821 117.79701096192002 41.882762052118778 377.60995743796229 3921.0912120640278 51.175044190138578
leaf_count=28215 3201 73767 48287 37671 8162 3740 7363 2959 2037 1511 567 5245 50647 664
internal_value=-3.74906e-05 0.00059987 -0.0146626 0.00113499 0.00193035 9.57704e-05 0.000403035 -0.00250743 -0.000879697 0.00114657 0.00104637 0.00120093 0.000762865 0.00612849
internal_weight=16113.7 15454.6 659.123 13649.7 7724.76 5924.92 5644.46 1013.93 803.766 639.721 4630.53 4588.65 4211.04 289.951
internal_count=274036 197534 76502 123767 45833 77934 74194 13870 10911 8874 60324 59757 54512 3865
is_linear=0
shrinkage=0.03


Tree=98
num_leaves=15
num_cat=0
split_feature=152 156 152 76 144 13 27 105 140 48 26 87 50 103
split_gain=160.138 33.4735 19.2071 12.4642 12.792 14.02 12.4064 12.0705 12.0563 12.0053 11.5843 13.9715 11.5434 14.2671
threshold=0.01240987691140401 -2.1163955904443141 0.0041745393042925327 2368.3333333333335 0.10595963422768236 0.85164835164835173 0.2245689655172414 0.02321586835051204 0.090588569338787991 15.708388035621079 0.11326979472140764 0.84912800163147051 0.16252956067148275 -0.9581488895761181
decision_type=2 2 2 10 2 2 2 2 2 10 2 10 10 10
left_child=2 9 -1 4 -3 6 8 12 -6 -2 11 -9 -8 -14
right_child=1 3 -4 -5 5 -7 7 10 -10 -11 -12 -13 13 -15
leaf_value=-0.022523947736431751 0.00060706034379586339 0.00016313454197560144 -0.010545183235829243 -0.0055730164168780313 0.008507915302246984 0.0045931333602793802 -0.00079978597969086631 -0.0015723095671670837 -0.00040398534284814797 -0.0049998982445791304 0.00094642458483119212 0.010293843850177483 0.0076242991696577151 0.00071533594313420311
leaf_weight=177.10975318448618 477.20360829029232 5927.9179390687495 510.28584595443681 233.80865135043859 382.76636465266347 1514.0448074638844 3046.0237278044224 114.68840278685093 206.09658452123404 1186.3759368257597 574.24478491395712 338.16661715507507 345.84786881878972 1071.5740601271391
leaf_count=28215 18108 81815 52115 2263 2497 8778 18681 683 1289 46902 3223 1828 1756 5883
internal_value=-3.7461e-05 0.000600138 -0.0140467 0.00108716 0.00120837 0.00202242 0.00137247 0.000920803 0.00545628 -0.00340047 0.00382805 0.0073346 0.000241225 0.00246329
internal_weight=16106.2 15418.8 687.396 13755.2 13521.4 7593.45 6079.41 5490.55 588.863 1663.58 1027.1 452.855 4463.45 1417.42
internal_count=274036 193706 80330 128696 126433 44618 35840 32054 3786 65010 5734 2511 26320 7639
is_linear=0
shrinkage=0.03


Tree=99
num_leaves=15
num_cat=0
split_feature=156 152 152 156 28 155 108 117 49 16 134 50 103 102
split_gain=153.552 33.4201 17.3657 13.1672 12.2586 12.0138 11.6319 13.0488 12.1773 11.1556 12.1729 13.9002 10.8782 9.82302
threshold=-3.3112801037930706 0.032532465394676212 0.0041745393042925327 -0.67294447324242579 4.4900000000000011 0.34890365439959597 0.17156862745098042 0.03618297139920678 15.94873370381538 -30.320512820512814 0.078867874967165755 0.1683429088269284 -0.77197452481534123 0.25735294117647062
decision_type=2 2 2 2 8 2 10 8 8 2 2 10 8 10
left_child=2 4 -1 -3 -2 6 7 -5 12 13 11 -11 -9 -8
right_child=1 3 -4 5 -6 -7 9 8 -10 10 -12 -13 -14 -15
leaf_value=-0.022361343444272434 -0.011275233074563715 -1.4814299831031635e-05 -0.010642913822571667 -0.0078923753872226499 -0.0028079548492350981 0.0090146160382003713 0.0038513607487610031 0.0021317973550316386 0.001557287450381433 -0.0028774579952186652 0.0042635587647984812 0.0061766652447589219 -0.0062823445161804018 -0.0079591458056470898
leaf_weight=173.21386626409367 167.28204839583486 6423.8611393440515 468.57273720949888 144.76130291819572 1128.6733559919521 189.23393738269806 94.697880782186985 211.69496928155422 3295.9409714490175 497.65226998180151 2605.4359893202782 202.29929536581039 353.44726679474115 141.35362083464861
leaf_count=28215 7438 91132 48287 911 53131 782 646 1124 18600 3355 16220 1158 2053 984
internal_value=-3.69306e-05 0.000566226 -0.0142441 0.000989527 -0.00401742 0.00182188 0.00162401 0.000513262 0.000857732 0.00287295 0.00332474 -0.000185957 -0.00315689 -0.00327405
internal_weight=16098.1 15456.3 641.787 14160.4 1295.96 7736.52 7547.28 4005.84 3861.08 3541.44 3305.39 699.952 565.142 236.052
internal_count=274036 197534 76502 136965 60569 45833 45051 22688 21777 22363 20733 4513 3177 1630
is_linear=0
shrinkage=0.03


Tree=100
num_leaves=15
num_cat=0
split_feature=152 152 152 109 105 36 122 151 31 35 139 153 98 122
split_gain=146.857 30.0765 18.8095 11.3544 13.5153 12.5223 11.7681 10.9363 12.8313 10.9445 10.1937 10.5788 11.2761 9.90689
threshold=0.01240987691140401 0.04877635246685396 0.0041745393042925327 -1.6249999999999996 -0.0092873300337063657 -74.999999999999986 0.11884326986694112 0.55920745798214477 0.26854395604395609 21.500000000000004 1719.5000000000002 0.22115126323983977 -0.25248307656395885 0.10673047031132034
decision_type=2 2 2 8 2 8 2 2 2 10 2 2 10 2
left_child=2 3 -1 -2 10 6 -6 9 -9 -3 11 -5 -13 -4
right_child=1 7 13 4 5 -7 -8 8 -10 -11 -12 12 -14 -15
leaf_value=-0.022197002791516485 -0.007115207014945551 0.00015505349530855802 0.0043596717235298869 -0.011865556992355556 0.008782406315211648 -0.0017208678570087017 -0.0021994785272076807 0.0013430919727093751 -0.0012986077735579408 0.0079907030649168029 -0.010320396687019118 0.014632705909202244 -0.0020006317962175113 -0.011260145416810616
leaf_weight=169.42984478408471 391.56453695520759 267.74922867119312 31.860328418202698 45.316944543272257 214.19055733922869 1185.7006222745404 134.24420760665089 10455.340585488826 1953.0297450721264 387.52297823131084 228.62004898115993 35.925114078447223 121.09271251410246 468.73925167322159
leaf_count=28215 12448 1088 3301 1635 7424 41660 4794 92327 15986 1576 8945 1288 4535 48814
internal_value=-3.73017e-05 0.000565957 -0.0136293 -0.00254316 -0.00158514 -0.000246371 0.00463518 0.00112911 0.000926233 0.00486412 -0.00618235 -0.00111714 0.00274914 -0.0101681
internal_weight=16090.3 15420.3 670.029 2356.65 1965.09 1534.14 348.435 13063.6 12408.4 655.272 430.955 202.335 157.018 500.6
internal_count=274036 193706 80330 82729 70281 53878 12218 110977 108313 2664 16403 7458 5823 52115
is_linear=0
shrinkage=0.03


Tree=101
num_leaves=15
num_cat=1
split_feature=156 156 152 76 151 24 16 2 117 49 53 109 153 152
split_gain=140.953 30.1665 17.0093 11.7161 11.2447 13.2956 14.201 12.3182 12.2545 15.9741 16.6575 13.4946 13.1107 12.1284
threshold=-3.3112801037930706 -2.1163955904443141 0.0041745393042925327 2368.3333333333335 0.71754226264466137 2.9791666666666674 14.710084033613443 0 0.096692890386515282 16.87979445926673 0.62477869352733262 -2.0606601731601724 0.3758719070743306 0.15242160459103429
decision_type=2 2 2 10 2 8 2 9 10 10 8 10 2 2
left_child=2 -2 -1 4 7 6 -6 -3 9 -7 -11 13 -13 -10
right_child=1 3 -4 -5 5 8 -8 -9 11 10 -12 12 -14 -15
leaf_value=-0.022030959913828856 -0.0032362460231670767 0.001262742424103278 -0.010268596704656689 -0.0054682236880312729 -0.003370667773898486 0.0012007079061184835 0.0022682893652715675 0.0073059254149213156 -0.001617278653396738 -0.00058054866776424609 -0.0090163778801097601 0.0079677177397998924 -0.0029354081241426541 0.0033292593256073573
leaf_weight=165.75440403260291 1686.3233808577061 765.08187340199947 459.6767676025629 233.07769140042365 1216.4059568215162 6625.7230820022523 584.15746372565627 504.28351992368698 667.52784438803792 874.77742459625006 263.48471949063241 641.78783510066569 108.93714168667793 1286.642741240561
leaf_count=28215 68838 3166 48287 2263 9384 71282 4128 2082 8160 9949 3325 6419 1086 7452
internal_value=-3.73246e-05 0.00053354 -0.0138289 0.000998157 0.00111541 0.000834669 -0.00153759 0.00378753 0.0012443 0.000635827 -0.00262515 0.00297767 0.00635906 0.00164012
internal_weight=16083.6 15458.2 625.431 13771.9 13538.8 12269.4 1800.56 1269.37 10468.9 7763.99 1138.26 2704.9 750.725 1954.17
internal_count=274036 197534 76502 128696 126433 121185 13512 5248 107673 84556 13274 23117 7505 15612
cat_boundaries=0 1
cat_threshold=23
is_linear=0
shrinkage=0.03


Tree=102
num_leaves=15
num_cat=1
split_feature=156 152 152 28 145 154 63 104 82 86 101 26 0 52
split_gain=134.772 28.8342 16.8706 11.8817 11.5915 11.0081 10.1276 19.9987 10.6395 10.1459 15.3949 11.1671 10.5826 12.6439
threshold=-3.3112801037930706 0.032532465394676212 0.0041745393042925327 4.4900000000000011 0.14835164835164838 1.4693127104713464 6.166666666666667 0.67156862745098056 0.27499999999872676 -0.58048375955695508 0.049512241372125572 0.10660173160173161 0 0.76696832579185525
decision_type=2 2 2 8 2 2 10 2 10 8 10 2 1 10
left_child=2 3 -1 -2 5 -3 8 -8 9 10 -7 12 13 -12
right_child=1 4 -4 -5 -6 6 7 -9 -10 -11 11 -13 -14 -15
leaf_value=-0.021863244252961211 -0.010960796451314307 0.0084109326976479996 -0.010069350978365829 -0.0025728471191327992 0.00018928162339295457 -0.0051393051004956537 0.00071050398839866513 0.011462511157203379 0.0069809182959194287 -0.0002112051060400923 0.010635867725574502 -0.00045410940639856678 0.0024513747760502489 -0.0019041234365863391
leaf_weight=162.1843774872832 164.49210402090102 212.73997501283884 455.07665988476947 1119.3416732661426 8331.8458111993968 190.65591815114021 375.59555850178003 253.53723208606243 256.75691164284945 2953.5421365424991 410.12492793798447 439.98181857168674 668.31005720794201 82.232597663998604
leaf_count=28215 7438 936 48287 53131 104979 1080 2287 1465 1507 16381 2064 2313 3515 438
internal_value=-3.7251e-05 0.000517493 -0.0136134 -0.00376173 0.000908622 0.00193117 0.00166466 0.00520953 0.00120452 0.000870927 0.00264211 0.00360807 0.0051341 0.00838188
internal_weight=16076.4 15459.2 617.261 1283.83 14175.3 5843.48 5630.74 629.133 5001.6 4744.85 1791.31 1600.65 1160.67 492.358
internal_count=274036 197534 76502 60569 136965 31986 31050 3752 27298 25791 9410 8330 6017 2502
cat_boundaries=0 1
cat_threshold=808
is_linear=0
shrinkage=0.03


Tree=103
num_leaves=15
num_cat=0
split_feature=156 151 35 107 151 156 77 53 57 32 9 96 10 84
split_gain=128.948 30.7816 13.8077 12.3872 11.8516 10.5977 11.75 10.9895 16.9998 12.5743 14.3521 22.0627 13.3679 13.6339
threshold=-3.4274191881169513 3.1245627302238765 41.500000000000007 0.014983437607078905 5.2345784900822947 -0.67294447324242579 75.000000000000014 0.79084967320037947 0.32766122766118627 6.4868421052631584 52.250000000000007 0.34313725490196084 487.00000000000006 0.77338027789614594
decision_type=2 2 8 2 2 2 10 10 8 10 2 2 2 8
left_child=4 5 -3 -4 -1 7 -7 9 -9 10 11 -2 -11 -14
right_child=1 2 3 -5 -6 6 -8 8 -10 12 -12 -13 13 -15
leaf_value=-0.010618659609587628 0.0016660596706337973 -0.0066862814489988924 0.00072495090104209318 -0.0087874816265144789 -0.021233436632485756 0.00072146090441512292 0.0031230948804920489 0.0010209813000736307 -0.010313375588539446 0.00088232757095353805 -0.00067738139865590875 0.01997718098513885 0.012083798516698933 -0.0030112610396137653
leaf_weight=366.63001860212535 293.50179568678141 683.7902770768851 695.62020989134908 134.25911663845181 163.17928042821586 4780.742304302752 2971.6929874941707 244.49474402889609 212.76630227640271 539.26536046713591 4635.7842427752912 60.27003325521946 224.14383693411946 62.798753753304482
leaf_count=41652 4086 32001 33083 5981 28895 28090 17743 3693 3085 8112 62641 813 3220 941
internal_value=-3.66266e-05 0.000465899 -0.00357746 -0.000942675 -0.0143826 0.000905627 0.00164632 -1.14904e-05 -0.00441303 0.00034504 -0.000226332 0.00547131 0.00373812 0.0087947
internal_weight=16068.9 15539.1 1513.67 829.879 529.809 14025.5 7752.44 6273.03 457.261 5815.76 4989.56 353.772 826.208 286.943
internal_count=274036 203489 71065 39064 70547 132424 45833 86591 6778 79813 67540 4899 12273 4161
is_linear=0
shrinkage=0.03


Tree=104
num_leaves=15
num_cat=0
split_feature=152 156 152 48 24 87 151 105 31 122 80 51 140 148
split_gain=123.842 24.3162 17.8545 11.1386 11.0175 10.7277 9.90002 10.4314 10.2145 9.65993 9.47258 9.9878 9.80148 9.3304
threshold=0.01240987691140401 -2.1163955904443141 0.0041745393042925327 15.708388035621079 5.8492424242424255 1.0733333333343278 0.55920745798214477 0.025969603702224297 0.26854395604395609 0.10673047031132034 308.33333333333343 0.051372495214385104 0.075143448421080353 0.35717088297618232
decision_type=2 2 2 10 10 10 2 2 2 2 10 10 2 8
left_child=2 3 -1 -2 5 -5 7 -3 10 -4 -8 12 -12 -13
right_child=1 6 9 4 -6 -7 8 -9 -10 -11 11 13 -14 -15
leaf_value=-0.021526662323400302 0.00093001292362514861 0.0024434429049898787 0.0048429275890974916 -0.0084612773018502268 -0.0016791144224996581 0.0088879550530405003 0.00090582709556005846 0.011686749365693238 -0.0012202258849850246 -0.010574925559891035 0.00556712969905748 0.011985033413962367 -0.0067782346592008399 -0.001659373610433475
leaf_weight=155.42040517646819 472.31469937879592 526.66058087348938 31.220922064967453 525.35910073202103 616.48461377061903 22.235502672381699 10654.705622563139 128.30224998295307 2022.938958607614 452.17641805997118 120.19794444926083 195.190115025267 86.233265344053507 53.158929830417037
leaf_count=28215 18108 2142 3301 20088 25976 838 103441 522 17806 48814 1501 1686 1024 574
internal_value=-3.63529e-05 0.000505262 -0.0128248 -0.00293589 -0.00449632 -0.00753861 0.000916431 0.00447525 0.000734036 -0.00946336 0.00109105 0.00526313 0.000300236 0.00913629
internal_weight=16062.6 15423.8 638.818 1636.39 1164.08 547.595 13787.4 654.963 13132.4 483.397 11109.5 454.78 206.431 248.349
internal_count=274036 193706 80330 65010 46902 20926 128696 2664 126032 52115 108226 4785 2525 2260
is_linear=0
shrinkage=0.03


Tree=105
num_leaves=15
num_cat=0
split_feature=156 152 152 123 19 76 144 13 27 35 16 116 111 155
split_gain=118.518 28.0245 12.9827 12.3839 11.0628 10.6756 10.7321 13.0568 11.9441 20.2878 13.7707 13.0248 12.7068 12.0338
threshold=-3.4274191881169513 0.032532465394676212 0.0041745393042925327 2.6666666666666576 0.25181159420289861 2368.3333333333335 0.10595963422768236 0.85164835164835173 0.24772727272727277 34.500000000000007 -30.320512820512814 -0.15104166666667138 0.074891260176380162 0.22713497488886461
decision_type=2 2 2 8 2 10 2 2 2 10 2 10 8 2
left_child=2 3 -1 -2 -5 6 -3 8 9 12 -10 -12 -8 -11
right_child=1 5 -4 4 -6 -7 7 -9 10 13 11 -13 -14 -15
leaf_value=-0.021354176807316282 -0.0063123797577520225 2.9194201165278617e-05 -0.010161409433965048 0.0015364673817554522 -0.0077714675592276527 -0.0052745755996738714 0.0079565139787727383 0.0041714422779397554 -0.006868822895704672 0.0038262197750758738 -0.005651687097859113 0.0010264636724192967 -0.00020450290282031372 0.011501337778697449
leaf_weight=152.14637184841558 719.94283972121775 6317.5464180838317 364.03355058608577 497.05893510766327 133.26753225643188 238.2094625774771 177.86342328041792 1524.1381936818361 234.67536737769842 628.10497983545065 273.25780419260263 2974.929226886481 1559.291199427098 261.98987209051847
leaf_count=28215 35640 89743 42332 24448 6436 2387 1251 8823 1510 3781 1580 17022 9305 1563
internal_value=-3.5583e-05 0.000440296 -0.0139704 -0.00366575 -0.000566371 0.00083447 0.000944327 0.00170008 0.00107491 0.00259589 -7.8638e-05 0.000441259 0.000692047 0.00623848
internal_weight=16056.5 15540.3 516.18 1350.27 630.326 14190 13951.8 7634.25 6110.11 2627.25 3482.86 3248.19 1737.15 890.095
internal_count=274036 203489 70547 66524 30884 136965 134578 44835 36012 15900 20112 18602 10556 5344
is_linear=0
shrinkage=0.03


Tree=106
num_leaves=15
num_cat=1
split_feature=152 152 152 109 104 0 140 151 76 53 109 48 103 44
split_gain=113.414 21.9637 17.3816 10.8904 12.793 11.6252 10.4052 14.1841 10.2884 9.92715 16.166 15.198 13.884 12.7399
threshold=0.01240987691140401 0.04877635246685396 0.0041745393042925327 -1.6249999999999996 0.3708333333333334 0 0.093207705829657067 3.1591235665908397 2468.3333333333335 0.68752104377199441 0.39358974358974447 16.512208721352689 -1.1813204182053478 0.22500000000000003
decision_type=2 2 2 8 2 1 2 2 10 10 10 8 8 10
left_child=2 3 -1 -2 5 -5 -6 -8 9 12 11 13 -3 -11
right_child=1 8 -4 4 6 -7 7 -9 -10 10 -12 -13 -14 -15
leaf_value=-0.021180165892191911 -0.0067116263169221708 0.0067121303243751458 -0.0091087260540439145 -0.00030073054084427429 -0.0009008988083777853 -0.0088483730244568043 0.013180661891130156 -0.00090820031198202307 -0.0081178243440829887 0.002454603082646402 0.006574436995834626 -0.0062368703397681132 0.0011288946439268267 -0.0061205306123843714
leaf_weight=148.96598100895062 385.05743728019297 401.79514769092202 475.16474738018587 274.95184331852943 1136.3841856475919 293.29852060321718 107.10262354835868 132.08568261843175 96.729376915842295 589.35245831683278 192.2548461407423 539.7313844487071 11082.187016699463 195.17207964509726
leaf_count=28215 12448 2394 52115 10397 40380 11192 2444 5868 885 5740 2267 4916 93367 1408
internal_value=-3.56498e-05 0.000476966 -0.0124194 -0.00219855 -0.00125999 -0.0049835 0.000315359 0.00580597 0.000954683 0.00103146 -0.00124069 -0.00243621 0.00133274 0.000246497
internal_weight=16050.2 15426.1 624.131 2328.88 1943.82 568.25 1375.57 239.188 13097.2 13000.5 1516.51 1324.26 11484 784.525
internal_count=274036 193706 80330 82729 70281 21589 48692 8312 110977 110092 14331 12064 95761 7148
cat_boundaries=0 1
cat_threshold=709
is_linear=0
shrinkage=0.03


Tree=107
num_leaves=15
num_cat=0
split_feature=156 152 152 123 106 28 156 31 28 39 117 82 84 51
split_gain=108.885 25.0821 12.6879 11.7585 10.8465 10.3939 9.7736 12.054 10.4286 10.3969 15.7 13.9299 17.5957 13.583
threshold=-3.4274191881169513 0.032532465394676212 0.0041745393042925327 2.6666666666666576 0.75735294117647067 4.4900000000000011 -0.50310357767208003 0.30422473867595823 5.0161290322580649 4.7750000000000012 0.071741708617537384 0.079166666665817828 -0.39391929857916408 0.156695615232574
decision_type=2 2 2 8 2 8 2 2 10 10 8 10 10 10
left_child=2 3 -1 5 -5 -2 7 -3 -9 10 -8 12 -12 -11
right_child=1 6 -4 4 -6 -7 9 8 -10 13 11 -13 -14 -15
leaf_value=-0.021004672910899816 -0.014601645158606645 0.00028401617766142913 -0.0098017106754420408 0.0010625438126137718 -0.010234604632500484 -0.0044155307094576697 -0.0031342499987098431 -0.0082760833663774267 0.0055187449147844694 0.0026025143533957881 0.002419625201724836 0.010117998289750017 -0.0020101062062920592 0.010874916532667325
leaf_weight=145.87648658454418 97.388804382644594 7128.215911526233 357.4597647273913 554.82186976727098 73.380050709471107 615.76169077772647 726.80582262575626 243.29610515758395 49.839599268510938 1601.2785714268684 3024.9252853095531 151.20925691723824 1085.9265130981803 189.32486678659916
leaf_count=28215 4632 95310 42332 27429 3455 31008 4220 3088 723 9806 15902 864 6037 1015
internal_value=-3.60286e-05 0.000414681 -0.0135624 -0.00348382 -0.000464977 -0.0060787 0.000786205 3.34764e-05 -0.00577618 0.00160831 0.000899145 0.00159554 0.00124641 0.00356025
internal_weight=16045.5 15542.2 503.336 1341.35 628.202 713.15 14200.8 7421.35 293.136 6779.47 4988.87 4262.06 4110.85 1790.6
internal_count=274036 203489 70547 66524 30884 35640 136965 99121 3811 37844 27023 22803 21939 10821
is_linear=0
shrinkage=0.03


Tree=108
num_leaves=15
num_cat=0
split_feature=156 156 35 139 151 76 81 76 155 24 67 53 156 151
split_gain=104.16 24.5412 10.3879 11.8331 10.2487 10.0317 9.8191 11.3596 11.7302 9.46849 9.46562 15.3909 15.3018 14.2106
threshold=-3.4680068003425504 -2.1163955904443141 29.500000000000004 2473.5000000000005 5.2345784900822947 2368.3333333333335 -1.1750000000000005 2036.6666666666667 0.19595983753227822 2.6754385964912282 1.0000000180025095e-35 0.68093964858659706 -1.6888807376687232 2.1690373735723498
decision_type=2 2 8 2 2 10 8 10 2 8 8 10 2 2
left_child=4 2 -2 -4 -1 6 7 8 9 -3 -8 13 -13 -12
right_child=1 5 3 -5 -6 -7 10 -9 -10 -11 11 12 -14 -15
leaf_value=-0.0099102722780470918 -0.0057117519431834369 -0.0057386073769364627 0.0013122339422668317 -0.0052595066506532905 -0.020330496260847219 -0.0051880809120702113 0.0022669480818903183 0.013103480345861982 0.0053864678821229561 0.0019473364292926947 0.001141185605921918 0.0085544708006337292 -0.0050495145701762931 -0.0019912256616390904
leaf_weight=327.14379040151834 704.89154425822198 186.2411903180182 686.08309814799577 366.23018843308091 147.08501757448539 231.21810416132212 2553.929582092911 84.585554204881191 639.35794173553586 494.58352636173368 7246.5743958428502 69.064460877329111 728.39902280457318 1574.3829052057117
leaf_count=39580 30339 1452 30141 16385 28895 2263 31876 636 3932 4632 48736 1474 6374 27321
internal_value=-3.62713e-05 0.00039175 -0.00293247 -0.00101666 -0.0136664 0.000817503 0.000925391 0.00328721 0.00251813 -0.000233555 0.00064911 0.000216673 -0.00373516 0.000579675
internal_weight=16039.8 15565.5 1757.2 1052.31 474.229 13808.3 13577.1 1404.77 1320.18 680.825 12172.4 9618.42 797.463 8820.96
internal_count=274036 205561 76865 46526 68475 128696 126433 10652 10016 6084 115781 83905 7848 76057
is_linear=0
shrinkage=0.03


Tree=109
num_leaves=15
num_cat=0
split_feature=156 152 152 35 107 89 81 29 62 32 48 137 35 15
split_gain=99.669 22.7589 12.4721 11.5273 13.2446 9.49929 10.1903 10.2745 11.0151 13.7662 13.378 12.8915 10.5308 12.8115
threshold=-3.4274191881169513 0.032532465394676212 0.0041745393042925327 41.500000000000007 0.014983437607078905 0.45962508871599789 -1.1750000000000005 1.5000000000000002 3.5000000000000004 4.8819444444444455 15.663902129602656 190.50000000000003 20.500000000000004 -1.0606617647058838
decision_type=2 2 2 8 2 10 8 2 10 10 8 2 10 2
left_child=2 3 -1 -2 -5 6 -3 8 9 10 -8 -11 -10 -14
right_child=1 5 -4 4 -6 -7 7 -9 12 11 -12 -13 13 -15
leaf_value=-0.020653782620070317 -0.0063768619550491372 0.0032910665661379265 -0.0094194997457496751 0.0010043902579730227 -0.0095275971949618146 -0.0048752093786036512 -0.0069472756436903304 -0.00065171157689483119 -0.00055993093545766829 -0.00060202621619102545 0.00019962465412704699 0.010138475031611504 0.0077335345068533538 0.0023638093668265706
leaf_weight=140.02973681641743 597.51679289247841 1371.1124051306397 350.71855929400772 622.23012453550473 114.38156624883413 251.13977396301925 233.94529373943806 4101.9361009001732 785.55205908045173 172.93616491183639 4425.9508591331542 220.1847389806062 483.74480096250772 2162.8486223500222
leaf_count=28215 29903 10457 42332 31133 5488 2966 2044 41577 8923 1635 36710 2050 5578 25025
internal_value=-3.60805e-05 0.000389998 -0.0131426 -0.00333445 -0.000788529 0.000742837 0.000849043 0.000579433 0.0011747 0.000281827 -0.000180318 0.00556519 0.00248229 0.00338334
internal_weight=16034.2 15543.5 490.748 1334.13 736.612 14209.4 13958.2 12587.1 8485.16 5053.02 4659.9 393.121 3432.15 2646.59
internal_count=274036 203489 70547 66524 36621 136965 133999 123542 81965 42439 38754 3685 39526 30603
is_linear=0
shrinkage=0.03


Tree=110
num_leaves=15
num_cat=0
split_feature=152 156 152 118 155 8 105 28 51 16 147 28 62 36
split_gain=95.5602 18.8327 16.2741 13.5555 13.3718 10.8924 10.7172 11.8274 11.1754 10.6843 13.2887 13.3848 11.2017 10.6545
threshold=0.01240987691140401 -1.203109991342201 0.0041745393042925327 -0.038216463850335454 0.36486195457532639 3.5000000000000004 -0.0088211458209271811 6.2041666666666675 -0.12616767817485194 -4.5634920634920482 -0.0075177646940574041 5.6594202898550732 8.5000000000000018 -184.99999999999997
decision_type=2 2 2 8 2 2 2 10 8 2 8 8 10 8
left_child=2 6 -1 5 13 -3 -2 8 -8 10 11 -7 -11 -5
right_child=1 3 -4 4 -6 9 7 -9 -10 12 -12 -13 -14 -15
leaf_value=-0.020474145583698807 -0.0041127451383243833 0.0067918286793116223 -0.0084634434374793767 0.0028599568013071143 0.0090842220950057406 0.0073447318405149113 0.0070117893832838058 0.0027871281130558818 -0.0016533754570278259 0.0057993043462738723 -0.011409875762428717 -0.0094031051541440119 -0.0074870094019195282 0.00010619437100200488
leaf_weight=137.19522187905386 869.13150436338037 622.69162587076426 460.84334933711216 1501.9106171391904 153.96539676189423 114.08581468835473 125.44926692638546 792.63359162583947 3041.1348343985155 405.35627657547593 95.922658234834671 49.760040998458862 52.92942301556468 7607.6095160543919
leaf_count=28215 24982 4249 52115 10619 672 1038 3724 21687 69161 3033 623 487 498 52933
internal_value=-3.61589e-05 0.000424866 -0.0116524 0.00113158 0.000720236 0.00393423 -0.00112595 -0.000457237 -0.00127865 0.00136788 -0.00337178 0.00189635 0.00407615 0.00056417
internal_weight=16030.6 15432.6 598.039 10604.2 9263.49 1340.75 4828.35 3959.22 3166.58 718.054 259.769 163.846 458.286 9109.52
internal_count=274036 193706 80330 74152 64224 9928 119554 94572 72885 5679 2148 1525 3531 63552
is_linear=0
shrinkage=0.03


Tree=111
num_leaves=15
num_cat=1
split_feature=152 151 152 56 36 32 150 105 112 26 0 63 105 99
split_gain=91.2203 17.6588 16.0543 10.9725 10.6638 10.8272 10.4516 10.39 10.1186 9.88783 9.45841 9.40817 12.326 11.1538
threshold=0.01240987691140401 2.0081915103761951 0.0041745393042925327 0.5590277777777779 -294.99999999999994 5.2554347826086962 0.062622549019607857 0.02321586835051204 -0.10416666666664771 0.13693181818181821 0 5.8333333333333348 0.0018998180121630392 0.26741998132395872
decision_type=2 2 2 10 8 8 10 2 10 2 1 10 2 10
left_child=2 7 -1 4 6 -6 10 9 -4 11 -3 -2 13 -13
right_child=1 3 8 -5 5 -7 -8 -9 -10 -11 -12 12 -14 -15
leaf_value=-0.020293209977133971 0.00036863482502591397 0.006119894995377434 -0.0021774296170197628 -0.0082509961904387828 -0.0032220800269999977 -0.00017096405167142792 0.0093806915712034179 0.0033135942634735438 -0.011574902912324813 -0.0076157900024771607 -0.0051735523072780586 0.0017652989946614296 0.0064337396062282117 -0.010354022736403614
leaf_weight=134.44146061269566 6524.741783849895 92.850559591315687 168.7305880622007 163.33875308930874 1458.7492380198091 3619.0371877970174 165.53432848770171 1685.5989774018526 288.30169952567667 110.87512599676847 129.03616703115404 860.10858297348022 564.50608736276627 59.217179037630558
leaf_count=28215 41440 2146 19137 3507 30818 86968 4241 10243 32978 798 2957 6200 3962 426
internal_value=-3.58373e-05 0.000412242 -0.0114488 -0.000925561 -0.00068464 -0.0010544 0.00402031 0.00118044 -0.00828492 0.000732307 -0.000319482 0.000861904 0.00300552 0.000830954
internal_weight=16025.1 15433.6 591.474 5628.55 5465.21 5077.79 387.421 9805.05 457.032 8119.45 221.887 8008.57 1483.83 919.326
internal_count=274036 193706 80330 130637 127130 117786 9344 63069 52115 52826 5103 52028 10588 6626
cat_boundaries=0 1
cat_threshold=540
is_linear=0
shrinkage=0.03


Tree=112
num_leaves=15
num_cat=1
split_feature=156 152 123 152 106 0 31 104 83 35 58 27 101 122
split_gain=88.0595 21.0273 11.9495 11.0095 10.1907 9.81553 8.94094 10.6876 10.2116 20.5111 17.6559 14.3139 12.5524 10.9323
threshold=-3.4680068003425504 0.032532465394676212 2.6666666666666576 0.0041745393042925327 0.75735294117647067 0 0.3272546419098144 0.6132478632478634 -0.65000000000109126 43.500000000000007 0.06458333333333334 0.22524509803921572 0.043458905958006069 0.11839419978517725
decision_type=2 2 8 2 2 1 2 2 8 10 10 2 10 2
left_child=3 2 -2 -1 5 -4 8 -8 9 13 -11 -12 -13 -3
right_child=1 6 4 -5 -6 -7 7 -9 -10 10 11 12 -14 -15
leaf_value=-0.020111031888971228 -0.0058325881120189025 0.0021422231816219189 -0.0049907634440041777 -0.0091268058368818225 -0.0097197671222721826 0.0035363365359038549 0.0025848347718184341 -0.0082884018269733777 0.00038184534201881368 -0.0037116608405676271 0.011516041445926682 -0.005186225155578093 0.0057653047772623436 -0.00268676570315129
leaf_weight=131.7660485948436 713.61527679720894 1088.5834257286042 143.75429370626807 320.28311075828969 72.709693312644958 418.09194459579885 123.13361698389053 195.8896988928318 10954.823079146445 156.95476016029716 362.6003652960062 100.14354620315135 569.76943696476519 668.24557178840041
leaf_count=28215 36709 8253 7255 40260 3536 21096 1241 1529 111059 1266 2927 992 4087 5611
internal_value=-3.60748e-05 0.000348655 -0.00321128 -0.0128716 -0.000196763 0.00125633 0.000689191 -0.00416404 0.000804938 0.00236816 0.00538365 0.0067996 0.00405046 0.000298224
internal_weight=16020.4 15568.3 1348.17 452.049 634.556 561.846 14220.1 319.023 13901.1 2946.3 1189.47 1032.51 669.913 1756.83
internal_count=274036 205561 68596 68475 31887 28351 136965 2770 134195 23136 9272 8006 5079 13864
cat_boundaries=0 1
cat_threshold=10
is_linear=0
shrinkage=0.03


Tree=113
num_leaves=15
num_cat=0
split_feature=156 156 151 76 139 53 48 112 85 76 123 108 49 117
split_gain=84.2069 19.8356 9.54926 9.48148 9.31725 9.03249 13.3121 15.0889 12.0517 20.6773 13.9891 13.5929 13.3429 12.8882
threshold=-3.4680068003425504 -2.1163955904443141 5.2345784900822947 2368.3333333333335 2473.5000000000005 0.78206400081398908 16.389245633031994 -0.032868751618745286 -0.67119780478788005 2001.6666666666667 3.1666666666666576 0.17156862745098042 16.031364948838021 0.03618297139920678
decision_type=2 2 2 10 2 10 8 10 8 10 10 8 10 10
left_child=2 4 -1 5 -2 8 7 -7 9 10 -3 12 -10 -14
right_child=1 3 -4 -5 -6 6 -8 -9 11 -11 -12 -13 13 -15
leaf_value=-0.0090499988125234184 -0.00097191257421319914 0.0037485654726033208 -0.019393910418160392 -0.0051255195131730529 -0.005511708289966717 0.008714438745321575 -0.0059735240522386726 -0.0027426120207882754 -0.0054394460214935436 0.012583482957632777 -0.00087742739656154853 0.0011710302847632236 -0.0088618184553648938 0.00048710211398221071
leaf_weight=313.42969714803621 1103.5481049786322 1612.3475043904036 133.15878024324775 230.73368136025965 637.25318384123966 149.88965306989849 405.05113808996975 264.62180647999048 549.00780990347266 166.88044254668057 913.88790674507618 7599.4228846114129 128.13341375999153 1808.968873558566
leaf_count=39580 48421 12046 28895 2263 28444 1561 4509 2945 4048 1160 6790 79474 1109 12791
internal_value=-3.64134e-05 0.000337632 -0.0126642 0.000718298 -0.00266668 0.000822993 -0.00220374 0.00155997 0.00101947 0.00279673 0.00207977 0.000541443 -0.00137853 -0.000194643
internal_weight=16016.3 15569.7 446.588 13828.9 1740.8 13598.2 819.563 414.511 12778.6 2693.12 2526.24 10085.5 2486.11 1937.1
internal_count=274036 205561 68475 128696 76865 126433 9015 4506 117418 19996 18836 97422 17948 13900
is_linear=0
shrinkage=0.03


Tree=114
num_leaves=15
num_cat=0
split_feature=156 152 123 152 28 23 89 81 31 76 110 156 82 155
split_gain=80.5104 19.0267 11.3218 10.8 10.4212 8.95397 8.76056 9.26413 9.56865 11.4123 11.1866 12.9151 10.7468 10.1778
threshold=-3.4680068003425504 0.032532465394676212 2.6666666666666576 0.0041745393042925327 4.4900000000000011 0.26429738562091509 0.45962508871599789 -1.1750000000000005 0.26854395604395609 2201.6666666666674 0.9654761904761906 -1.0957304363097344 -0.46666666666533269 0.15394255268913873
decision_type=2 2 8 2 8 2 10 8 2 10 8 2 10 2
left_child=3 2 4 -1 -2 -4 7 -3 9 10 11 -9 -12 -11
right_child=1 6 5 -5 -6 -7 -8 8 -10 13 12 -13 -14 -15
leaf_value=-0.01974820858250511 -0.014242335049244256 0.0030768907771991311 0.0015297445535046553 -0.008756034294392508 -0.0039900491999096156 -0.0074376786574942471 -0.0047553002997866196 5.3552072446161861e-05 -0.001455120016027836 0.0031388268194098299 0.00053556852584707058 0.0026954143914207701 -0.0034415427947342954 -0.0081988225250550339
leaf_weight=126.7092898953706 95.093033257406205 1374.7583052255213 525.26665627164766 314.56798341823742 612.89472724171355 108.03917238023132 250.11002987809479 2687.8903183136135 1907.2213759049773 94.21821179240942 2549.7901834584773 4365.6191951110959 788.1891322042793 212.13354003056884
leaf_count=28215 4716 10457 26464 40260 31993 5423 2966 45139 16864 1057 21334 31756 5293 2099
internal_value=-3.65283e-05 0.000327132 -0.00306863 -0.0124578 -0.005634 -0.00013675 0.000650107 0.000751807 0.000494868 0.000844065 0.00101492 0.00169093 -0.000414732 -0.00472818
internal_weight=16012.5 15571.2 1341.29 441.277 707.988 633.306 14229.9 13979.8 12605.1 10697.8 10391.5 7053.51 3337.98 306.352
internal_count=274036 205561 68596 68475 36709 31887 136965 133999 123542 106678 103522 76895 26627 3156
is_linear=0
shrinkage=0.03


Tree=115
num_leaves=15
num_cat=1
split_feature=156 152 152 28 35 151 105 59 119 51 101 41 138 0
split_gain=76.9625 18.0163 10.6738 10.6349 9.49013 8.47384 9.8046 9.01418 10.5446 9.60545 12.1857 11.4309 9.57286 10.3467
threshold=-3.4680068003425504 0.032532465394676212 0.0041745393042925327 4.4045454545454552 32.500000000000007 0.55920745798214477 0.025969603702224297 0.14891110387543452 0.016047712208447123 0.12648012589829707 0.12497691626774848 0.29166666666666669 0.068995023297797095 0
decision_type=2 2 2 8 8 2 2 8 10 10 10 10 2 1
left_child=2 3 -1 -2 -5 6 -3 8 -7 -9 -11 12 -12 -14
right_child=1 5 -4 4 -6 7 -8 9 -10 10 11 -13 13 -15
leaf_value=-0.019562642841669729 -0.0099090578358025649 0.0019703920471231353 -0.0085765813631449497 -0.0052933146110532552 0.00019251503063174869 -0.00019109228398058294 0.010914127844409751 0.00028434390553836516 -0.0064604662282947639 0.0059452421645104772 -0.00055449220737375257 7.5747740538666499e-05 0.00033327107862867714 0.015088850460151272
leaf_weight=124.25347876921296 160.22123672952875 526.16149382293224 311.87057491904125 448.86175121134147 728.5924111767672 806.1454299595207 128.05051553249359 9967.1303551606834 330.27360698767006 623.35200370848179 112.50112057104707 1557.3499865215272 75.169086281210184 109.08008274435997
leaf_count=28215 7969 2142 40260 23324 37303 6034 522 106286 2516 5703 1080 11045 663 974
internal_value=-3.72967e-05 0.000316268 -0.0122529 -0.00299295 -0.00193904 0.000630057 0.00392637 0.000467113 -0.00207357 0.000701341 0.00236717 0.00112616 0.00636984 0.0103212
internal_weight=16009 15572.9 436.124 1337.68 1177.45 14235.2 654.212 13581 1136.42 12444.6 2477.45 1854.1 296.75 184.249
internal_count=274036 205561 68475 68596 60627 136965 2664 134301 8550 125751 19465 13762 2717 1637
cat_boundaries=0 1
cat_threshold=652
is_linear=0
shrinkage=0.03


Tree=116
num_leaves=15
num_cat=1
split_feature=152 152 151 56 36 32 112 150 105 26 0 88 147 63
split_gain=73.5756 14.5752 14.5494 10.4256 10.2001 10.1868 10.0242 9.85967 9.76496 9.24943 9.02371 8.81639 10.1588 8.81154
threshold=0.01240987691140401 0.0041745393042925327 2.0081915103761951 0.5590277777777779 -294.99999999999994 5.2554347826086962 -0.10416666666664771 0.062622549019607857 0.02321586835051204 0.13693181818181821 0 3.5000000000000004 -0.083719159196486218 5.8333333333333348
decision_type=2 2 2 10 8 8 10 10 2 2 1 2 8 10
left_child=1 -1 8 4 7 -6 -3 10 9 13 11 -4 -13 -2
right_child=2 6 3 -5 5 -7 -8 -9 -10 -11 -12 12 -14 -15
leaf_value=-0.019376048754075538 0.00026645827060622332 -0.0014678861010826239 -0.0036497761864807913 -0.0080319466544823987 -0.0030962982614785471 -0.00013180291156318692 -0.010880919853188594 0.0091576706132592001 0.0031176471766473 -0.0074693071275212242 -0.0050296099749292996 0.020336040123251544 -0.0031998213956157865 0.0028139390130590483
leaf_weight=121.86725364346057 6535.3947699889541 164.24163674470037 38.948920945636928 161.7922072391957 1452.4053500974551 3613.9436213597655 277.58791997237131 166.43171217758209 1689.7287834510207 110.42595145106316 128.23797407187521 34.964126262813807 19.254671845585108 1489.1845871061087
leaf_count=28215 41440 19137 883 3507 30818 86968 32978 4241 10243 798 2957 871 392 10588
internal_value=-3.64669e-05 -0.0105386 0.000356794 -0.000859795 -0.000625596 -0.000988287 -0.0075449 0.00397264 0.00105247 0.000618557 -0.000258729 0.0060047 0.0130956 0.000743583
internal_weight=16004.4 563.697 15440.7 5615.98 5454.19 5066.35 441.83 387.837 9824.73 8135.01 221.406 93.1677 54.2188 8024.58
internal_count=274036 80330 193706 130637 127130 117786 52115 9344 63069 52826 5103 2146 1263 52028
cat_boundaries=0 1
cat_threshold=540
is_linear=0
shrinkage=0.03


Tree=117
num_leaves=15
num_cat=0
split_feature=156 156 152 35 137 122 123 103 35 107 43 118 80 36
split_gain=70.6763 16.592 10.3235 8.96763 10.9456 8.49446 13.0819 12.9378 12.6026 12.1233 10.6382 10.2454 12.6642 11.8822
threshold=-3.4680068003425504 -2.1163955904443141 0.0041745393042925327 29.500000000000004 342.50000000000006 0.11839419978517725 -6.8333333333333419 -0.62540772238562181 105.50000000000001 -0.002021942052512687 0.47222222222222227 -0.052356806017498529 -201.66666666666671 -124.99999999999999
decision_type=2 2 2 8 2 2 8 10 10 2 10 8 10 8
left_child=2 3 -1 -2 -5 6 8 9 -3 -7 -9 12 -8 -13
right_child=1 5 -4 4 -6 7 11 10 -10 -11 -12 13 -14 -15
leaf_value=-0.019188486758891673 -0.0050795075619485073 0.0066838540964820614 -0.0082604517102475867 0.0016104270594367791 -0.0047064145521560829 -0.0040093800492354186 -0.0051275903668764524 -0.0011692971687549774 -0.0078010000284840664 0.0023994942234329361 -0.008962260197519013 0.0031917738728719034 0.0052583594185318053 -2.9729488326631322e-05
leaf_weight=119.54857788607478 687.64211054425687 560.69805661961436 307.22066650120541 668.84505496593192 371.77974887052551 297.63124249316752 109.75588581524789 2784.356399923563 47.150825137272477 1787.3311576209962 152.78621431812644 1224.6089239437133 775.57159954868257 6105.1543234884739
leaf_count=28215 30339 5267 40260 29904 16622 3424 1104 29814 506 14522 1408 11050 7824 53777
internal_value=-3.63626e-05 0.000299014 -0.0118693 -0.00245983 -0.000681173 0.000645688 0.0012056 -0.000338646 0.00539945 0.00146251 -0.00161815 0.000886019 0.00390681 0.000513917
internal_weight=16000.1 15573.3 426.769 1728.27 1040.62 13845 8822.94 5022.11 607.849 2084.96 2937.14 8215.09 885.327 7329.76
internal_count=274036 205561 68475 76865 46526 128696 79528 49168 5773 17946 31222 73755 8928 64827
is_linear=0
shrinkage=0.03


Tree=118
num_leaves=15
num_cat=0
split_feature=156 156 152 118 155 27 9 8 53 13 140 27 102 35
split_gain=67.5848 13.8605 13.0627 12.3609 12.3641 10.4912 14.4165 9.98166 9.92422 9.66358 10.7027 9.62168 14.6631 12.0162
threshold=-3.3112801037930706 -1.203109991342201 0.0041745393042925327 -0.038216463850335454 0.36486195457532639 0.27831196581196588 52.250000000000007 3.5000000000000004 0.69480519480475789 0.2752525252525253 0.087759648116971581 0.22944819819819823 0.43095238095238103 35.500000000000007
decision_type=2 2 2 8 2 2 2 2 8 2 2 2 8 10
left_child=2 5 -1 7 11 -2 -7 8 9 10 -3 12 13 -5
right_child=1 3 -4 4 -6 6 -8 -9 -10 -11 -12 -13 -14 -15
leaf_value=-0.019000012584637054 -0.00045123691199771697 0.0081250497990849255 -0.0074604965489062794 0.0012516159721400243 0.0085897399282809685 0.011538239278520468 -0.0056729276787907783 0.0011486825174927494 -0.0043189125297523048 0.0096921437066895787 -0.0071241013992838073 -0.0004874957411197758 -0.00021343534852266325 0.0060520836863146238
leaf_weight=117.29546745540574 4198.5502792890184 67.30864105373621 401.965426906012 1074.2902941741049 153.56035543978214 33.297899727709591 607.14495190046728 721.09068110957742 61.367961395531893 430.32533634826541 68.448983684182167 5046.1390118300915 2183.2333515584469 832.54362480342388
leaf_count=28215 108219 471 48287 7665 672 788 14375 5679 451 2878 449 34163 16018 5706
internal_value=-3.66906e-05 0.000325123 -0.0105274 0.000930259 0.000537811 -0.001004 -0.00453451 0.00359808 0.00632047 0.00755558 0.000492597 0.000388617 0.00146736 0.00337843
internal_weight=15996.6 15477.3 519.261 10638.3 9289.77 4838.99 640.443 1348.54 627.451 566.083 135.758 9136.21 4090.07 1906.83
internal_count=274036 197534 76502 74152 64224 123382 15163 9928 4249 3798 920 63552 29389 13371
is_linear=0
shrinkage=0.03


Tree=119
num_leaves=15
num_cat=1
split_feature=156 151 35 107 0 14 95 122 76 57 53 76 84 140
split_gain=64.6749 15.2221 10.5861 10.0846 9.13511 8.99469 8.84552 8.74727 14.2275 12.1762 11.6956 12.8882 11.3336 11.1265
threshold=-3.4680068003425504 3.1245627302238765 41.500000000000007 0.014983437607078905 0 0.2678571428571429 0.94281045751633996 0.11839419978517725 2468.3333333333335 0.31253815628815579 0.79084967320037947 2036.6666666666667 -0.26408389030836771 0.06914131810152789
decision_type=2 2 8 2 1 2 2 2 10 8 10 10 10 2
left_child=-1 7 4 -4 5 -3 -6 8 9 -2 11 13 -9 -11
right_child=1 2 3 -5 6 -7 -8 12 -10 10 -12 -13 -14 -15
leaf_value=-0.011477502955032777 0.0018148302213653242 0.0091729195354923673 0.001163109860520629 -0.0075711123930482897 -0.00013884396484919982 -0.0035611533859957745 -0.010448779197628513 0.00067313057034504883 -0.011915963621318134 0.0015172950055780438 -0.0065812126948368637 0.013592627375760979 -0.0022465452116234592 -0.0037888942106836811
leaf_weight=417.61081354459748 7113.8467002473772 50.716308504808694 694.63601047499105 127.96475438866764 97.210027422290295 193.15075446898118 317.33772679930553 3237.0490491967648 59.517841886729002 941.16795223578811 264.71927363239229 46.105157718062401 1878.8645601533353 551.5924893245101
leaf_count=68475 65167 2542 34134 6096 4811 9611 15943 29639 615 8399 2667 341 20970 4626
internal_value=-3.56759e-05 0.000281883 -0.00259594 -0.00030685 -0.00538531 -0.000514925 -0.00793566 0.000586752 0.0011503 0.00125737 -0.000938247 8.66288e-05 -0.000402579 -0.000461592
internal_weight=15991.5 15573.9 1481.02 822.601 658.415 243.867 414.548 14092.9 8976.95 8917.43 1803.58 1538.87 5115.91 1492.76
internal_count=274036 205561 73137 40230 32907 12153 20754 132424 81815 81200 16033 13366 50609 13025
cat_boundaries=0 1
cat_threshold=581
is_linear=0
shrinkage=0.03


Tree=120
num_leaves=15
num_cat=0
split_feature=151 151 77 76 122 103 107 31 28 137 107 151 118 36
split_gain=62.2212 20.8285 16.0197 9.22445 8.64171 13.7754 16.5782 11.7588 11.7902 23.5099 11.5991 12.1454 11.9208 12.9553
threshold=4.7591779066044522 3.4672959664678489 75.000000000000014 2368.3333333333335 0.11839419978517725 -0.60793432081427945 -0.002021942052512687 0.24642857142857147 3.5131578947368425 68.500000000000014 -0.005150742352766329 2.5376494037109896 -0.045719545421914302 -184.99999999999997
decision_type=2 2 8 10 2 10 2 2 10 2 2 2 8 8
left_child=1 3 -3 4 10 6 -6 8 9 -7 -1 12 -12 -14
right_child=-2 2 -4 -5 5 7 -8 -9 -10 -11 11 -13 13 -15
leaf_value=0.0031650490891347795 -0.014439853088419576 -0.0088308961733502989 -0.0010388132252539281 -0.0051304749267131484 -0.0045684846220590321 0.0057557326735094153 0.002512930280280577 -0.0040771458202428978 0.0019214020122087093 -0.0054905596356572984 0.004456662250337572 -0.0028953207426727543 0.003908024643356477 -7.7957565082529881e-05
leaf_weight=1994.1294364370406 250.42396226152778 363.40649705659598 650.23201742582023 242.91315225511789 338.44309567287564 208.04356179758906 1890.0051119402051 1135.3787988312542 1034.1717519667 668.83771032840014 780.73531764000654 787.98074413649738 851.47285871207714 4791.6899753808975
leaf_count=27747 50281 25090 45112 2678 4508 2421 16796 11981 14885 7843 5898 18539 6042 34215
internal_value=-3.55886e-05 0.000207153 -0.00392044 0.000495012 0.000594589 -0.00037294 0.00141409 -0.00168067 -0.00023623 -0.00277041 0.00114867 0.000585718 0.00101847 0.000532236
internal_weight=15987.9 15737.4 1013.64 14723.8 14480.9 5274.88 2228.45 3046.43 1911.05 876.881 9206.01 7211.88 6423.9 5643.16
internal_count=274036 223755 70202 153553 150875 58434 21304 37130 25149 10264 92441 64694 46155 40257
is_linear=0
shrinkage=0.03


Tree=121
num_leaves=15
num_cat=0
split_feature=151 151 76 35 35 76 123 63 98 147 87 80 132 62
split_gain=59.5545 19.6994 8.73052 9.1957 13.2084 14.3114 20.2694 13.0378 10.7097 10.4821 15.3608 13.001 12.7187 10.886
threshold=4.7591779066044522 3.4672959664678489 2368.3333333333335 32.500000000000007 69.500000000000014 1470.8333333333337 9.166666666666659 1.5833333333333337 -0.26509859625668447 -0.08870080097957117 0.44591840349069883 -24.166666666666739 0.094463738508682352 5.5000000000000009
decision_type=2 2 10 10 10 10 10 8 8 8 10 10 2 10
left_child=1 2 3 7 -5 6 -6 -1 -8 10 -9 -12 13 -13
right_child=-2 -3 -4 4 5 -7 8 9 -10 -11 11 12 -14 -15
leaf_value=-0.0046995028417277807 -0.014224435822331224 -0.0038214732608470412 -0.0050018679441183505 0.002772382801202337 -0.0051902331857742708 0.0014570818015005749 -0.0048242411690538741 0.0064720186570845096 0.0087891983765478882 0.00079738183794379421 -0.0059676730275956894 -0.0047617093260196195 0.014500008968503049 0.0022062156356509699
leaf_weight=501.05534698069096 246.87130252597854 1009.892803308554 242.08257545158267 3228.2558565530926 771.61736971326172 2032.6550325434655 62.977378807961941 162.64713155478239 158.59057537838817 6097.2066334076226 657.1892893537879 381.83311711251736 34.109037524089217 397.48251156695187
leaf_count=3172 50281 70202 2678 33943 9020 20977 619 2876 1907 57480 8910 4787 491 6693
internal_value=-3.53833e-05 0.000200529 0.00047993 0.00057662 0.00144231 1.65788e-05 -0.00290937 -8.25328e-05 0.00485924 0.000225241 -0.00189847 -0.00288023 -0.000322899 -0.00123324
internal_weight=15984.5 15737.6 14727.7 14485.6 6254.1 3025.84 993.185 8231.52 221.568 7730.47 1633.26 1470.61 813.425 779.316
internal_count=274036 223755 153553 150875 66466 32523 11546 84409 2526 81237 23757 20881 11971 11480
is_linear=0
shrinkage=0.03


Tree=122
num_leaves=15
num_cat=0
split_feature=151 151 31 35 83 56 59 16 26 27 35 138 63 76
split_gain=56.9958 18.609 8.65639 9.73758 15.4193 15.9285 14.4543 16.2275 12.3012 11.4345 11.3692 11.3128 14.7103 11.4691
threshold=4.7591779066044522 3.4672959664678489 0.3272546419098144 32.500000000000007 -0.65000000000109126 0.58578431372549034 0.14891110387543452 -6.6458333333333419 0.10440891472868219 0.28297101449275369 83.500000000000014 0.062097338145725246 5.5833333333333348 1735.0000000000002
decision_type=2 2 2 10 8 8 10 2 2 2 10 2 10 10
left_child=1 2 3 -1 5 6 9 -8 -9 -5 -6 -12 13 -13
right_child=-2 -3 -4 4 10 -7 7 8 -10 -11 11 12 -14 -15
leaf_value=-0.00010399826184998403 -0.014009580112476546 -0.0037222533136979279 -0.0042829244514643022 0.0036854208303631576 0.0016549781681415836 -0.0056028493507772155 0.0016853668590872319 0.012292594225935078 0.0023939023677711801 -0.0065937936521153259 -0.0070240199563635251 -0.0052706857408893063 0.0044343815266135083 0.0014385387815213494
leaf_weight=8186.3529235068709 243.42040897440165 1006.1652804119512 322.82584327086806 281.30597782507539 3158.0976457092911 126.71763203293085 342.57124318741262 461.6541737858206 159.17333707585931 130.11558763682842 257.33065779320896 516.53513571806252 395.2041493114084 394.13480788655579
leaf_count=84262 50281 70202 2940 2046 35696 1102 3200 3735 1291 890 3128 5344 5975 3944
internal_value=-3.47958e-05 0.000194484 0.000465503 0.000576231 0.00146919 0.00410147 0.00504674 0.00703078 0.00987103 0.00031694 0.000621699 -0.00146169 -0.000298285 -0.0023907
internal_weight=15981.6 15738.2 14732 14409.2 6222.84 1501.54 1374.82 963.399 620.828 411.422 4721.3 1563.2 1305.87 910.67
internal_count=274036 223755 153553 150613 66351 12264 11162 8226 5026 2936 54087 18391 15263 9288
is_linear=0
shrinkage=0.03


Tree=123
num_leaves=15
num_cat=0
split_feature=151 151 77 154 76 53 48 147 44 86 39 123 35 58
split_gain=54.5366 17.5759 15.4599 8.43044 8.30896 8.5205 15.6061 12.4454 11.9882 11.7178 11.4743 10.9632 10.8638 15.2592
threshold=4.7591779066044522 3.4672959664678489 75.000000000000014 1.642850023690644 2368.3333333333335 0.68752104377199441 16.512208721352689 0.065702352214960555 0.22500000000000003 -0.73825379525169399 2.7750000000000004 3.3333333333333433 49.500000000000007 0.080128205128205135
decision_type=2 2 8 2 10 10 8 8 10 8 8 10 10 10
left_child=1 4 -3 -4 5 9 7 8 -7 11 -11 12 -1 -14
right_child=-2 2 3 -5 -6 6 -8 -9 -10 10 -12 -13 13 -15
leaf_value=0.002631740484343744 -0.013795367495231156 -0.0084910713421067832 -0.010544875430616133 0.0003754703299007283 -0.0049031930069109476 0.0034895157939137601 -0.0047684940522377131 -0.0097626141865591112 -0.0047194952570225072 -0.0026774116727799791 0.00075167575590280263 -0.00027798198822771381 -0.00095349043563053553 0.012295121854303185
leaf_weight=777.30627226643264 240.0683008057531 357.69222231861204 56.216952105052769 588.6381461918354 241.44583416543901 792.85380170680583 715.53178842179477 75.193103078752756 185.89458587020636 947.61952217854559 10037.726808955893 579.08633315004408 103.74658379144967 279.57409138046205
leaf_count=5664 50281 25090 4532 40580 2678 10719 8703 859 1454 6904 109512 4242 803 2015
internal_value=-3.44228e-05 0.000188416 -0.00362527 -0.000794607 0.000451299 0.000545469 -0.00139714 0.000926503 0.00188267 0.000816924 0.000452628 0.00309372 0.0047581 0.00880848
internal_weight=15978.6 15738.5 1002.55 644.855 14736 14494.5 1769.47 1053.94 978.748 12725.1 10985.3 1739.71 1160.63 383.321
internal_count=274036 223755 70202 45112 153553 150875 21735 13032 12173 129140 116416 12724 8482 2818
is_linear=0
shrinkage=0.03


Tree=124
num_leaves=15
num_cat=0
split_feature=151 152 77 121 151 51 122 76 15 109 117 45 101 105
split_gain=52.1701 16.6772 11.7456 12.5956 9.16135 9.03552 8.12934 9.8753 10.177 13.5916 12.1939 11.8515 11.5764 10.595
threshold=4.7591779066044522 0.02724131283028423 75.000000000000014 0.0043384152079804263 3.4672959664678489 -0.068163776040970916 0.11894717209037943 2468.3333333333335 1.5138888888888895 -0.11249999999999936 0.060379471724763795 0.35416666666666669 0.029909892509137555 -0.00072369282287760423
decision_type=2 2 8 10 2 8 2 10 2 10 10 10 8 2
left_child=1 2 3 -1 -5 -6 7 8 9 10 11 -3 -10 -11
right_child=-2 6 -4 4 5 -7 -8 -9 12 13 -12 -13 -14 -15
leaf_value=-0.010886574276163732 -0.01358187789692389 -0.00026448396504062476 -0.00094510993017504123 0.013392924003244754 0.0084392562441068259 -0.0077439442869272996 -0.00054972152138706815 -0.0096189898914712732 -0.0084005516288257372 0.00068730385877151245 0.0017808071946327343 -0.009463983463362682 4.5393086603233439e-05 0.006115539757159452
leaf_weight=269.34443827811629 236.81211001100019 2917.300917962566 739.25383029971272 21.205198958516121 29.134827078320086 97.404794394038618 4814.5099488273263 63.994825692847371 192.07261219248176 528.02849192172289 4616.7518369052559 116.77937587350607 495.13287444040179 838.43768127448857
leaf_count=17734 50281 31093 48426 759 2180 6671 52138 730 2680 8222 36665 876 4331 11250
internal_value=-3.46855e-05 0.000181881 -0.00326248 -0.00719443 -8.0481e-05 -0.00351839 0.00045807 0.000954852 0.00103932 0.00130842 0.000812117 -0.000663382 -0.00244425 0.0040482
internal_weight=15976.2 15739.4 1156.34 417.089 147.745 126.54 14583 9768.5 9704.5 9017.3 7650.83 3034.08 687.205 1366.47
internal_count=274036 223755 75770 27344 9610 8851 147985 95847 95117 88106 68634 31969 7011 19472
is_linear=0
shrinkage=0.03


Tree=125
num_leaves=15
num_cat=0
split_feature=152 152 145 154 109 49 106 50 115 147 20 110 39 55
split_gain=49.6747 13.3105 11.0337 12.667 11.0737 10.957 14.5396 12.5057 11.6074 18.5925 14.9844 12.7969 12.0705 10.7132
threshold=0.01240987691140401 0.0041745393042925327 0.19375000000000003 1.4693127104713464 -0.44285714285714256 15.935039603714056 0.97140522875817004 0.12084027558887024 0.12066778708566139 -0.08870080097957117 5.7639318885448931 0.93095238095238109 4.5500000000000007 0.15362762237782593
decision_type=2 2 2 2 10 8 2 10 10 8 10 10 10 8
left_child=1 -1 3 -2 5 6 -5 13 9 -9 11 -11 -10 -7
right_child=2 -3 -4 4 -6 7 -8 8 12 10 -12 -13 -14 -15
leaf_value=-0.017967138004324559 0.0075103087396340175 -0.0061699520206257583 -0.00049608095969856636 0.00011635444501559495 0.0047719370803512799 0.0056144251577730257 -0.0076224350433568323 -0.0059757214296103237 0.00022988634008535441 0.0134462448806858 -0.00076619668183733119 0.0042109384944660124 0.0090908008221473983 -0.0007012615328481636
leaf_weight=106.16199153009802 253.29657418653369 415.98897955799475 8003.6517670331523 673.58393762260675 584.26597391441464 247.88482601940632 308.0919376090169 100.58136638626456 1411.708595585078 306.26627260446548 166.42324325069785 266.64023731648922 138.50021895766258 2990.3353122994304
leaf_count=28215 1227 52115 149296 4132 3858 1533 1673 737 7681 1772 977 1482 798 18540
internal_value=-3.4653e-05 -0.00900327 0.000276866 0.00110685 0.000866242 0.000510991 -0.00239057 0.00102208 0.00266079 0.0054697 0.00711465 0.00936509 0.00110108 -0.00019414
internal_weight=15973.4 522.151 15451.2 7447.58 7194.28 6610.02 981.676 5628.34 2390.12 839.911 739.33 572.907 1550.21 3238.22
internal_count=274036 80330 193706 44410 43183 39325 5805 33520 13447 4968 4231 3254 8479 20073
is_linear=0
shrinkage=0.03


Tree=126
num_leaves=15
num_cat=0
split_feature=156 156 118 155 152 138 45 28 76 118 48 126 152 27
split_gain=47.6279 11.7512 11.2177 11.2585 10.0245 9.9392 10.1382 10.0011 9.76552 14.0633 9.45268 9.1045 9.10117 8.87992
threshold=-3.4680068003425504 -1.203109991342201 -0.038216463850335454 0.36486195457532639 0.0041745393042925327 0.098138954951626695 1.0000000180025095e-35 4.7573529411764719 1641.6666666666667 -0.079157575171783859 17.40076642853764 0.93301270189221952 0.019603257802119092 0.22944819819819823
decision_type=2 2 8 2 2 2 10 10 10 10 10 2 2 2
left_child=4 5 8 13 -1 6 10 -8 -3 -10 -2 -9 -7 -4
right_child=1 2 3 -5 -6 12 7 11 9 -11 -12 -13 -14 -15
leaf_value=-0.017774300006777086 -5.2092238576967158e-05 0.0058094693521318578 0.0013086439208993624 0.0081093489817930936 -0.0066736956485798525 -0.0090929872240672512 -0.0053928046214842601 -0.0016401095080116291 -0.0055834000996322283 0.0035780610049191367 -0.010915890342589489 0.0097506401714576984 0.0071230596775350838 -0.00056734235272883743
leaf_weight=104.28562563471496 3099.3750473121181 683.35639691725373 4101.2918108180165 153.11537255346775 285.71042030164972 23.214426037389785 857.5745207904838 622.00079859048128 204.70949090644717 466.73288206011057 58.803446954581887 55.141040586400777 201.58984133042395 5051.8552583158016
leaf_count=28215 86171 5153 29389 672 40260 1582 19183 16938 1498 3277 1790 1587 4158 34163
internal_value=-3.35741e-05 0.000230248 0.000789565 0.000415762 -0.0101904 -0.000981009 -0.00128174 -0.00326928 0.00332459 0.000723941 -0.000305014 -0.000521325 0.00498448 0.000274005
internal_weight=15968.8 15578.8 10661.1 9306.26 389.996 4917.7 4692.89 1534.72 1354.8 671.442 3158.18 677.142 224.804 9153.15
internal_count=274036 205561 74152 64224 68475 131409 125669 37708 9928 4775 87961 18525 5740 63552
is_linear=0
shrinkage=0.03


Tree=127
num_leaves=15
num_cat=1
split_feature=156 156 53 150 130 108 85 49 132 115 2 154 35 117
split_gain=45.4764 11.2445 9.74132 9.92741 9.40682 9.37424 14.0658 11.2139 12.6502 11.8871 11.5162 10.4193 12.6616 9.75343
threshold=-3.4680068003425504 -1.5526074380019355 0.87660256410269255 0.050000000000000003 0.071132478632478638 0.18465909090909094 -0.59531969440369414 15.94873370381538 0.087279411764705897 0.08168331969983457 0 1.925001347811172 49.500000000000007 0.073681063359702301
decision_type=2 2 10 8 2 10 10 10 2 10 9 2 10 10
left_child=-1 4 5 -4 -2 6 11 -8 9 -9 -11 12 -3 -7
right_child=1 2 3 -5 -6 13 7 8 -10 10 -12 -13 -14 -15
leaf_value=-0.010004805788449719 -0.009120772593996013 0.0014868602570656752 0.0036529301370000207 -0.0089547907008593157 -0.00096790774120947103 0.00053919929915291357 -0.006335259354419912 -0.0036001037481964262 -0.0051220730915047929 0.006218901485784272 -0.00031734021409038392 -0.00037838218727445936 0.008169792701232359 0.0029168682805728909
leaf_weight=386.30045372946188 117.81077000359073 1135.037898555398 71.525683924555779 166.51205862499774 3330.8301613656804 3616.3732882402837 408.11322042532265 427.01418571174145 466.13372122868896 379.25594767928123 608.72498188540339 1815.9979536086321 317.91819443553686 2717.4371604248881
leaf_count=68475 4464 6460 420 1778 106721 33579 2856 3048 3291 2616 3814 13939 1623 20952
internal_value=-3.33023e-05 0.000223344 0.000653152 -0.00517445 -0.00128472 0.000776172 -0.000123144 -0.00191964 -0.000919124 0.000504634 0.00230605 0.00113796 0.00301768 0.00156379
internal_weight=15965 15578.7 12130 238.038 3448.64 11892 5558.2 2289.24 1881.13 1415 987.981 3268.95 1452.96 6333.81
internal_count=274036 205561 94376 2198 111185 92178 37647 15625 12769 9478 6430 22022 8083 54531
cat_boundaries=0 1
cat_threshold=212
is_linear=0
shrinkage=0.03


Tree=128
num_leaves=15
num_cat=0
split_feature=151 152 77 109 122 32 31 104 22 102 62 5 153 9
split_gain=44.656 14.0419 10.9425 7.96349 7.78454 7.84416 7.63367 10.4439 8.67717 13.6144 12.0653 10.9182 10.1187 9.6325
threshold=4.7591779066044522 0.032532465394676212 160.00000000000003 -1.2119429590017827 0.11573063237910401 4.6770833333333348 0.3272546419098144 0.6132478632478634 0.10335738068812432 0.93541666666666679 1.5000000000000002 1450.0000000000002 0.41703437195795318 52.250000000000007
decision_type=2 2 8 8 2 8 2 2 2 10 8 2 2 2
left_child=1 2 -1 -4 -2 -6 8 -8 10 -10 12 -11 -3 -12
right_child=4 6 3 -5 5 -7 7 -9 9 11 13 -13 -14 -15
leaf_value=-0.0054882943962863955 -0.0044269343802214867 -0.0038041547402185376 -0.0079690873993785716 0.00081708827759885752 0.0069572865469615698 -0.018217570761361532 0.0026281329284766862 -0.0081334947009691332 0.0014707988333842656 0.0007504058157756417 0.0041389309123581932 0.018998705093560886 0.0020924361055934346 0.00025895313877227137
leaf_weight=646.61105545563623 83.061149027431384 1097.3968697600067 91.186425855383277 724.82106210757047 4.4627669465262434 138.63914731564 122.82192641682923 194.84149653278291 3468.9411868192255 51.463966742157936 603.80447727255523 58.458015292882919 331.89690461196005 8342.2955905403942
leaf_count=38212 18119 7669 4833 43745 900 31262 1241 1529 31158 611 6600 732 1836 85589
internal_value=-3.29166e-05 0.000163292 -0.00262099 -0.000290864 -0.0128446 -0.0168469 0.000451084 -0.00404171 0.000557591 0.00182802 0.000117365 0.0115711 -0.00242739 0.000527317
internal_weight=15960.7 15734.5 1462.62 816.007 226.163 143.102 14271.9 317.663 13954.3 3578.86 10375.4 109.922 1429.29 8946.1
internal_count=274036 223755 86790 48578 50281 32162 136965 2770 134195 32501 101694 1343 9505 92189
is_linear=0
shrinkage=0.03


Tree=129
num_leaves=15
num_cat=0
split_feature=151 151 77 144 31 104 35 83 58 75 56 122 26 63
split_gain=42.7255 13.4382 13.7987 8.27483 7.73844 9.11948 8.75632 13.8131 19.4848 14.1203 12.3392 12.6405 11.5197 10.8857
threshold=4.7591779066044522 3.4672959664678489 75.000000000000014 0.043021378193473951 0.3272546419098144 0.6132478632478634 32.500000000000007 -0.65000000000109126 0.069047619047619066 1650.0000000000002 0.58578431372549034 0.12274756493506495 0.14549731182795703 1.5833333333333337
decision_type=2 2 8 2 2 2 10 8 10 10 8 2 2 8
left_child=1 4 -3 -4 6 -6 13 8 9 -8 11 12 -10 -1
right_child=-2 2 3 -5 5 -7 7 -9 10 -11 -12 -13 -14 -15
leaf_value=-0.0044654389823856619 -0.012638802540305239 -0.0078777708278206585 0.00070689043385409388 -0.009553797096652588 0.0020518787297374324 -0.0079519688287281454 -0.010542623819976619 0.00053477374232644283 0.0084618216358871498 0.0031933064632784234 -0.004118951625857477 -0.00074616272347069695 -0.0039426149141147124 0.0001225999144073692
leaf_weight=480.27082376182079 223.35101339267567 347.77241528918967 573.81952214753255 65.447737541981041 126.05063008889556 195.38252251781523 119.61838081292808 4728.6546901073307 900.98101691529155 124.14264724589884 104.09688207507133 193.54997701197863 64.214573668316007 7711.2463945690542
leaf_count=3057 50281 25090 40934 4178 1357 1583 1029 54087 7099 1058 877 1729 472 81205
internal_value=-3.23218e-05 0.000158485 -0.00320365 -0.000538542 0.000386526 -0.00411237 0.00049093 0.00133663 0.00382326 -0.00376759 0.00531551 0.00620487 0.00758885 -0.000154068
internal_weight=15958.6 15735.2 987.04 639.267 14748.2 321.433 14426.8 6235.26 1506.6 243.761 1262.84 1158.75 965.196 8191.52
internal_count=274036 223755 70202 45112 153553 2940 150613 66351 12264 2087 10177 9300 7571 84262
is_linear=0
shrinkage=0.03


Tree=130
num_leaves=15
num_cat=0
split_feature=151 156 35 114 13 138 104 111 123 122 32 150 31 67
split_gain=40.8342 12.8305 8.55199 8.71958 9.71989 8.44534 9.06781 9.52071 9.78281 7.76502 7.71157 7.51339 7.44558 7.20359
threshold=4.7591779066044522 -2.1163955904443141 29.500000000000004 -0.21428571428572807 0.25833333333333336 0.084091966173361538 0.87867647058823539 -0.040245848047951387 -4.6666666666666563 0.11573063237910401 4.6770833333333348 -0.17142857142857137 0.19174208144796381 1.0000000180025095e-35
decision_type=2 2 8 8 2 2 2 10 10 2 8 10 2 8
left_child=1 2 11 4 -4 6 7 8 -6 -2 -11 -1 -5 -3
right_child=9 13 3 12 5 -7 -8 -9 -10 10 -12 -13 -14 -15
leaf_value=0.001129950504491247 -0.0040544712936321442 0.0018364415088113677 -0.0066672160085088075 0.013092262268035507 -0.00057760592772831834 -0.0044483212397583892 -0.0051115072321132925 -0.0031596928776999448 0.029627664272937618 0.0070052647156470613 -0.017880661908220571 -0.0062010411485959784 -0.0018475329057336223 0.00012559805666295537
leaf_weight=154.35838613379747 81.669220893876627 2750.9340816466138 25.249832797795534 16.086750343441963 11.213771951384841 17.279796312563121 9.9720187876373512 10.317694378085433 35.833406084217131 4.4377482587005934 134.46519477153197 578.8665589611046 992.84875956270844 11132.987989842892
leaf_count=7771 18119 33846 1275 1001 600 818 489 394 1846 900 31262 29936 50929 94850
internal_value=-3.27824e-05 0.000152672 -0.00218257 -0.000514808 0.00697823 0.0114409 0.0155859 0.0194976 0.024029 -0.0124306 -0.0164803 -0.00466601 -0.00142102 0.000466197
internal_weight=15956.5 15735.9 1852.03 1118.8 109.867 84.6167 67.3369 57.3649 47.0472 220.572 138.903 733.225 1008.94 13883.9
internal_count=274036 223755 95059 57352 5422 4147 3329 2840 2446 50281 32162 37707 51930 128696
is_linear=0
shrinkage=0.03


Tree=131
num_leaves=15
num_cat=0
split_feature=151 152 77 53 48 103 76 76 109 84 75 123 147 32
split_gain=39.0576 12.3142 8.9941 7.9265 14.017 10.8908 11.6061 10.802 10.2922 10.5795 13.3121 10.2254 9.60685 9.0257
threshold=4.7591779066044522 0.021910014734660515 125.00000000000001 0.68752104377199441 16.306120423154375 -1.1813204182053478 2201.6666666666674 1470.8333333333337 -4.030104166666665 -0.60652514855533457 1950.0000000000002 -5.1666666666666563 0.065702352214960555 6.8786764705882364
decision_type=2 2 8 10 8 8 10 10 8 8 10 10 8 10
left_child=1 2 -1 5 12 7 8 -3 9 10 11 -7 -5 -10
right_child=-2 3 -4 4 -6 6 -8 -9 13 -11 -12 -13 -14 -15
leaf_value=-0.0069868544106020999 -0.012226989518990816 0.00036108486682242126 -0.00067935697939233372 0.0023396618981091767 -0.0038117963885057971 0.0087882535000661233 -0.0047395613164417129 0.0099282320842130657 0.00064731811274014862 -0.0034691633112322916 0.011647410688004831 -0.0021341867179178321 -0.0090762492772746492 0.0035002262048569178
leaf_weight=343.48439962230623 217.91424921038561 206.76602792926133 478.93498109327629 772.94701515138149 1021.4967612521723 77.055733093991876 361.80714424885809 205.98996019922197 9550.2457467522472 1014.1662731729448 82.749964447692037 461.78598765097558 57.70799177698791 1101.3632879527286
leaf_count=26557 50281 1394 36090 10248 12972 485 3899 1176 104055 6847 455 2831 680 16066
internal_value=-3.18255e-05 0.000148532 -0.00339165 0.000346963 -0.0014821 0.000607722 0.000447959 0.00531639 0.0006063 -0.00159948 0.00146089 -0.000376536 0.00139964 0.000946813
internal_weight=15954.4 15736.5 822.419 14914.1 1852.15 13061.9 12649.2 412.756 12287.4 1635.76 621.592 538.842 830.655 10651.6
internal_count=274036 223755 62647 161108 23900 137208 134638 2570 130739 10618 3771 3316 10928 120121
is_linear=0
shrinkage=0.03


Tree=132
num_leaves=15
num_cat=0
split_feature=151 151 109 105 9 96 147 150 10 125 75 80 8 13
split_gain=37.324 11.8158 10.7098 16.3431 13.752 15.4139 10.7699 9.98249 9.93009 10.0024 9.89951 9.55709 9.07961 9.03604
threshold=4.7591779066044522 1.8794359129669858 -1.2119429590017827 -0.014636954497883622 52.250000000000007 0.36038961038961043 -0.041698054955171891 0.45069444444444456 511.00000000000006 0.68301270189221941 1350.0000000000002 508.33333333333343 2.5000000000000004 0.83974358974358987
decision_type=2 2 8 2 2 2 8 10 2 2 10 10 2 2
left_child=1 11 4 -4 5 -3 7 -6 12 -10 -9 13 -8 -1
right_child=-2 2 3 -5 6 -7 8 10 9 -11 -12 -13 -14 -15
leaf_value=0.00027031398616915214 -0.01202130394681363 0.00062258299559758278 -0.0045924360619566569 0.0008173095303619796 -0.0063713479043877967 0.020496776675167725 0.0056166132640367043 -0.0083417534100868537 0.00027561155043955281 0.01803774352330461 0.0052634457346365689 0.010810265868859019 -0.0029543768492056085 0.002626847690649831
leaf_weight=7142.0035788565874 215.29026246885769 159.37073192652315 565.68090168712661 3723.0710822474211 936.40867066383362 30.419123405124992 113.20944062061608 55.47160228015855 73.858243909198791 31.989647611044347 137.65961369825527 70.980566769838333 868.36915569286793 1828.6083392873406
leaf_count=43586 50281 3026 20298 104162 17914 540 1916 1185 1252 545 2833 445 15103 10950
internal_value=-3.11381e-05 0.000144184 -0.000810042 9.02518e-05 -0.00240496 0.00507596 -0.00307519 -0.00510781 -0.000923077 0.00721632 0.00103617 0.000850981 -0.00189619 0.000754263
internal_weight=15952.4 15737.1 6695.51 4288.75 2406.76 189.79 2216.97 1129.54 1087.43 105.848 193.131 9041.59 981.579 8970.61
internal_count=274036 223755 168774 124460 44314 3566 40748 21932 18816 1797 4018 54981 17019 54536
is_linear=0
shrinkage=0.03


Tree=133
num_leaves=15
num_cat=0
split_feature=152 152 77 122 103 107 31 24 137 58 67 53 83 57
split_gain=35.8448 12.9754 8.33103 7.9119 10.5124 13.0558 12.593 14.8913 11.4068 10.5389 9.53089 15.4131 13.922 10.3861
threshold=0.0058871222594964329 0.021910014734660515 125.00000000000001 0.11894717209037943 -0.60793432081427945 -0.002021942052512687 0.24642857142857147 3.3038461538461541 72.500000000000014 0.79285714285714304 1.0000000180025095e-35 0.68093964858659706 -0.65000000000109126 0.012499999999979158
decision_type=2 2 8 2 10 2 2 10 2 8 8 10 8 10
left_child=-1 2 -2 10 5 -5 7 8 -6 -9 13 -12 -13 -3
right_child=1 3 -4 4 6 -7 -8 9 -10 -11 11 12 -14 -15
leaf_value=-0.013137877167278759 -0.0068346713987603004 0.00097783853758170048 -0.00088545225951547812 -0.0044830902384887491 0.0042784238155508776 0.0019951702839934781 -0.0043919141476100017 0.0020412327952615927 -0.0075552719668058495 -0.0067589911891024774 0.00077967429291125087 -0.0001695333027933745 -0.0081578710233077018 0.0053160709533940469
leaf_weight=170.5640760094393 356.639720920939 1349.928310982883 504.94136968068779 318.09269119426608 82.18541058152914 1754.2792143262923 1060.0326285054907 1268.6288443496451 334.95969314686954 120.73853852413595 7061.297887455672 457.19606764055789 330.01463325880468 778.9988827034831
leaf_count=43464 29105 20027 40359 4457 827 16018 11609 18381 3754 2271 64256 4167 3934 11407
internal_value=-2.94651e-05 0.000124584 -0.00342286 0.000332721 -0.000648019 0.000975738 -0.00182088 -0.000288502 -0.00515623 0.00121245 0.000818439 0.000333511 -0.00360833 0.00259134
internal_weight=15948.5 15777.9 861.581 14916.4 4938.92 2072.37 2866.55 1806.51 417.145 1389.37 9977.44 7848.51 787.211 2128.93
internal_count=274036 230572 69464 161108 57317 20475 36842 25233 4581 20652 103791 72357 8101 31434
is_linear=0
shrinkage=0.03


Tree=134
num_leaves=15
num_cat=0
split_feature=152 152 77 89 24 48 149 124 31 111 117 48 137 75
split_gain=34.3074 12.2673 7.94319 7.72733 8.32807 8.23795 7.40605 9.70643 10.4216 12.7458 14.9025 12.5595 10.2353 9.74099
threshold=0.0058871222594964329 0.021910014734660515 125.00000000000001 0.45962508871599789 7.506756756756757 16.124698826506737 1.0000000180025095e-35 -0.74999999999999989 0.22029411764705883 -0.14219042853127398 0.060379471724763795 16.201911830846083 756.50000000000011 1650.0000000000002
decision_type=2 2 8 10 8 8 2 8 2 8 10 8 2 10
left_child=-1 2 -2 6 5 -5 -3 13 -9 -10 -11 12 -12 -8
right_child=1 3 -4 4 -6 -7 7 8 9 10 11 -13 -14 -15
leaf_value=-0.012931842505266113 -0.0066810249279206854 0.00072695745126775447 -0.00086038430761933274 0.0026178762747496877 0.007583395374661561 -0.0095606483249378853 -0.0015838279739442654 0.0034529914223693126 0.01180298508396045 -0.007386116041114838 -0.0076736324015932679 0.00063640941855493984 0.0039048077262498881 0.0074299031370565682
leaf_weight=168.35583816608414 354.27752750786021 12094.004148212261 504.50735182361677 60.002113167196512 31.317645087838173 178.50691415928304 200.15914962440729 276.35699457675219 38.928676234558225 502.2135154157877 346.14911655895412 908.36203155852854 74.996977493166924 208.53961279056966
leaf_count=43464 29105 129053 40359 815 622 2332 2359 3326 703 6110 3483 9137 748 2420
internal_value=-2.97449e-05 0.000120073 -0.00333506 0.000322104 -0.00457282 -0.00652326 0.000416847 -0.00104632 -0.00185471 -0.00266006 -0.00306081 -0.00136278 -0.00554838 0.00311566
internal_weight=15946.7 15778.3 858.785 14919.5 269.827 238.509 14649.7 2555.71 2147.01 1870.65 1831.72 1329.51 421.146 408.699
internal_count=274036 230572 69464 161108 3769 3147 157339 28286 23507 20181 19478 13368 4231 4779
is_linear=0
shrinkage=0.03


Tree=135
num_leaves=15
num_cat=1
split_feature=152 156 144 53 87 75 76 86 108 152 13 32 3 138
split_gain=32.8354 11.7394 9.90569 8.24357 12.2914 11.4236 9.80964 9.16392 11.82 10.8304 18.656 11.1517 10.644 11.5235
threshold=0.0058871222594964329 -2.8618833197882751 0.032241985761766477 0.68752104377199441 0.33333333333030174 2050.0000000000005 2201.6666666666674 -0.73825379525169399 0.11324786324786326 0.24701531374281144 0.83974358974358987 6.6055555555555561 0 0.074027912386121358
decision_type=2 2 2 10 8 10 10 8 8 2 2 10 1 2
left_child=-1 2 -2 6 -5 -6 7 -3 -9 11 -11 -10 13 -13
right_child=1 3 -4 4 5 -7 -8 8 9 10 -12 12 -14 -15
leaf_value=-0.012726848721490366 -0.00048820171886645086 0.0027183052198278572 -0.0078277813475946204 0.010864008322952317 -0.0028877476625174723 0.0042016732311887448 -0.0041510723117412192 -0.0020762588049243434 -0.00016120533802665532 0.0012658436075476879 0.008777063031518071 0.004012227386855023 0.0056404818943017587 -0.0054406746930342857
leaf_weight=166.20992669090629 375.01831689244136 1727.6733507383615 284.28206571796909 54.479437017813325 1616.0816227020696 220.45962110068649 372.42318479064852 1510.7215136140585 6797.1251696823165 1405.4445926249027 364.97978046536446 231.98218576330692 613.33984606061131 204.07426099292934
leaf_count=43464 36882 12943 20341 1165 22664 2705 4190 10368 92806 6482 1644 4260 10526 3596
internal_value=-2.9203e-05 0.000116518 -0.00375667 0.000288976 -0.00155612 -0.00200958 0.000554212 0.000695204 0.000377863 0.000766013 0.00287504 0.000285571 0.00314091 -0.000445539
internal_weight=15944.3 15778.1 659.3 15118.8 1891.02 1836.54 13227.8 12855.3 11127.7 9616.95 1770.42 7846.52 1049.4 436.056
internal_count=274036 230572 57223 173349 26534 25369 146815 142625 129682 119314 8126 111188 18382 7856
cat_boundaries=0 1
cat_threshold=2
is_linear=0
shrinkage=0.03


Tree=136
num_leaves=15
num_cat=0
split_feature=152 156 35 27 102 16 75 102 15 89 49 54 81 20
split_gain=31.6276 14.3272 8.2405 13.5748 16.7772 14.2277 12.2048 11.1169 11.4957 10.8248 14.6361 19.1486 14.9035 13.1069
threshold=0.0041745393042925327 -2.8618833197882751 32.500000000000007 0.22524509803921572 0.38675213675213682 -7.6568627450980378 1450.0000000000002 0.98437500000000011 2.1899038461538471 0.065634365634365602 16.159121417653903 0.42261904761904767 -1.0500000000000005 3.0217391304347831
decision_type=2 2 10 2 10 2 10 10 2 10 8 10 8 10
left_child=-1 -2 9 4 6 -5 -4 8 -7 10 11 -3 -12 -13
right_child=1 2 3 5 -6 7 -8 -9 -10 -11 12 13 -14 -15
leaf_value=-0.016307113324410077 -0.0039821925045638376 -0.0036896647935110395 0.00079199269268225144 -0.0025624430385274475 0.00050909025754336111 0.001288781430562283 0.0072809050083669008 0.012362425015674349 -0.0089251524033694719 -0.0023326589795745509 0.0086313420731746193 -0.01109148607443277 0.00070437268561998677 0.0063020927296572613
leaf_weight=91.697688176995143 729.40473618032411 1380.1768615180627 381.17523545026779 1322.0174107449129 1427.1749469731003 2485.8299786401913 839.91534706670791 63.477430823259056 88.390347784385085 1884.6035869969055 208.85278897173703 30.708763048052788 4711.3828660016879 295.85471687186509
leaf_count=28215 72472 13664 5139 15101 22468 24995 8434 1003 1013 25023 1384 222 50763 4140
internal_value=-2.83851e-05 8.11291e-05 0.000280906 0.00107458 0.00273068 -3.91502e-05 0.00528952 0.00123287 0.000888394 -0.000336069 0.000235714 -0.00214648 0.00106607 0.00425121
internal_weight=15940.7 15849 15119.6 6607.98 2648.27 3959.72 1221.09 2637.7 2574.22 8511.58 6626.98 1706.74 4920.24 326.563
internal_count=274036 245821 173349 78153 36041 42112 13573 27011 26008 95196 70173 18026 52147 4362
is_linear=0
shrinkage=0.03


Tree=137
num_leaves=15
num_cat=0
split_feature=152 156 49 77 144 153 89 24 48 101 144 35 27 102
split_gain=30.4486 13.5458 7.98014 10.1431 9.25957 10.0014 7.9007 7.96 7.96752 7.84884 8.5633 7.64833 11.6897 14.57
threshold=0.0041745393042925327 -2.8618833197882751 16.923923897479355 125.00000000000001 0.045178308518216963 0.37894738988107363 0.45962508871599789 7.506756756756757 16.124698826506737 0.014962130810701709 0.032241985761766477 32.500000000000007 0.22524509803921572 0.38675213675213682
decision_type=2 2 10 8 2 2 10 8 8 10 2 10 2 10
left_child=-1 2 3 -2 5 -5 11 8 -8 10 -7 -3 13 -13
right_child=1 6 -4 4 -6 9 7 -9 -10 -11 -12 12 -14 -15
leaf_value=-0.016112607212773331 -0.0092946837767527001 -0.00022928295092988429 0.0057521247866317779 -0.0035985584850984202 -0.012488841312520364 0.0093070127481179477 0.0023430474550257168 0.0067228160927136904 -0.0095515587705566098 0.017524406737782539 -0.0059074679052428343 0.0051325356677203874 9.7496821652490014e-05 0.00062134802793341619
leaf_weight=90.22400850080885 259.85865416377783 8383.4068666463718 58.237267468590289 231.97091873269528 46.796352548059076 50.260627367068082 61.524384326301515 35.579359547235072 180.61495446134359 25.790087629109621 53.665302633773535 1181.0589814372361 3872.1542404200882 1407.1946905488148
leaf_count=28215 26078 93249 5743 24810 3005 6369 906 868 2562 2179 4288 12850 40876 22038
internal_value=-2.79597e-05 7.87602e-05 -0.00388009 -0.00482725 -0.00175671 7.38709e-05 0.000272637 -0.00460883 -0.00656892 0.00633355 0.00169638 0.000368526 0.00114301 0.00269758
internal_weight=15938.3 15848.1 726.579 668.342 408.483 361.687 15121.5 277.719 242.139 129.716 103.926 14843.8 6460.41 2588.25
internal_count=274036 245821 72472 66729 40651 37646 173349 4336 3468 12836 10657 169013 75764 34888
is_linear=0
shrinkage=0.03


Tree=138
num_leaves=15
num_cat=0
split_feature=152 152 105 101 24 87 139 154 122 103 34 31 24 148
split_gain=29.3115 12.9456 8.09253 12.2495 10.1624 9.57248 8.39007 7.75996 7.21258 9.80153 12.4029 11.6313 14.1118 11.0691
threshold=0.0041745393042925327 0.021910014734660515 -0.0027145762147173717 -0.09999157009910381 12.519230769230772 0.49832205920150352 1618.5000000000002 2.0685014115702494 0.11894717209037943 -0.60793432081427945 0.21490147783251232 0.24642857142857147 3.3038461538461541 -0.49696691305265023
decision_type=2 2 2 8 8 8 2 2 2 10 2 2 10 8
left_child=-1 2 -2 4 6 -5 -4 -8 -3 10 -10 12 -11 -12
right_child=1 8 3 5 -6 -7 7 -9 9 11 13 -13 -14 -15
leaf_value=-0.015918216798577398 -0.0068065579501692336 0.00075424855103188397 -0.00017761367470662024 -0.010310688341480368 -0.0043682971167147457 -0.00063347035205613817 0.027638006135438223 0.002262275108898224 -0.0051617109969389731 -0.0050557869978321256 -0.0034022130581964935 -0.0042566136347030091 0.0011493605527334145 0.0028173215750353182
leaf_weight=88.791019978467375 354.10684755444527 9988.4949791515246 27.891020917333663 110.79197150701657 36.00379726011306 350.65376874757931 23.375853443518281 19.161121942102909 249.60279221460223 415.97955195140094 295.90108463540673 1056.1979380352423 1391.4314450602978 1528.1752408891916
leaf_count=28215 33203 103791 2728 10764 3990 29677 2584 1767 3338 4581 3218 11609 20652 13919
internal_value=-2.74947e-05 7.65052e-05 -0.00334422 -0.00106564 0.0074733 -0.00320841 0.013231 0.0197771 0.000290953 -0.000645773 0.000921188 -0.00177937 -0.000308626 0.00178887
internal_weight=15936.6 15847.8 921.984 567.878 106.432 461.446 70.428 42.537 14925.8 4937.29 2073.68 2863.61 1807.41 1824.08
internal_count=274036 245821 84713 51510 11069 40441 7079 4351 161108 57317 20475 36842 25233 17137
is_linear=0
shrinkage=0.03


Tree=139
num_leaves=15
num_cat=0
split_feature=152 152 19 24 10 145 150 109 54 145 49 67 87 154
split_gain=28.2134 12.2648 8.62579 8.52135 15.5902 11.298 11.2635 7.90872 9.19596 7.22452 12 9.63768 10.4371 9.46479
threshold=0.0041745393042925327 0.018178758054825953 0.18357843137254906 6.7533783783783798 449.00000000000006 0.73030303030303034 0.265984015984016 1.6625000000000003 0.22649572649572652 0.14835164835164838 15.834022221310686 0.41666666666666669 0.83739651415999117 2.1009462155641714
decision_type=2 2 2 10 2 2 8 10 10 2 8 10 10 2
left_child=-1 2 -2 -4 -5 -6 7 -7 -9 10 11 -3 -13 -12
right_child=1 9 3 4 5 6 -8 8 -10 -11 13 12 -14 -15
leaf_value=-0.015724009310587757 -0.011444207012605848 0.0027254750165707684 -0.0050709155981352666 -0.0092202173140723525 -0.0028868976050642637 0.002056612457153684 0.00038821786226828911 0.00035974469078593171 0.030827312171634983 -0.00026695868480396606 0.0024673048069901514 -0.010882147511387198 -0.0014437153938232031 -0.00019619725480333439
leaf_weight=87.397532599745318 96.441692414227873 187.22752702236176 371.85339999571443 66.2450644178316 68.102366895414889 22.19699112791568 49.660776886157691 11.550852018874137 30.220289368648082 9230.9955440852791 3439.4296814054251 162.55919335782528 273.18523348122835 1837.2734252586961
leaf_count=28215 10583 1119 36551 7463 6003 2360 6035 1237 3602 140001 17121 876 1420 11450
internal_value=-2.73798e-05 7.39765e-05 -0.00372077 -0.00227704 0.00196279 0.00643144 0.0117017 0.0187426 0.0247233 0.000257123 0.00107573 -0.00281692 -0.00520979 0.00154198
internal_weight=15934.3 15846.9 716.271 619.83 247.976 181.731 113.629 63.9681 41.7711 15130.7 5899.68 622.972 435.744 5276.7
internal_count=274036 245821 73834 63251 26700 19237 13234 7199 4839 171987 31986 3415 2296 28571
is_linear=0
shrinkage=0.03


Tree=140
num_leaves=15
num_cat=0
split_feature=152 156 49 77 144 153 53 48 44 150 103 76 110 110
split_gain=27.1547 11.6415 7.65158 9.80068 9.15233 9.49311 7.52405 14.0714 12.7682 15.649 9.94012 10.6109 10.4823 9.93174
threshold=0.0041745393042925327 -2.8618833197882751 16.923923897479355 125.00000000000001 0.045178308518216963 0.37894738988107363 0.68752104377199441 16.319802211933467 0.22500000000000003 0.18733288770053477 -1.1813204182053478 2201.6666666666674 0.94281045751633996 0.96291208791208804
decision_type=2 2 10 8 2 2 10 8 8 8 8 10 10 10
left_child=-1 2 3 -2 5 -5 10 8 9 -8 12 13 -3 -12
right_child=1 6 -4 4 -6 -7 7 -9 -10 -11 11 -13 -14 -15
leaf_value=-0.01553004855204361 -0.00898241543286828 -0.00063821181782347156 0.0058007498523819376 -0.0033387363388792885 -0.012275044426780702 0.0063573650415703516 0.0091539757906019172 -0.0038714974025244693 -0.0060313283907776471 -0.00015232525903629806 0.00089306195407469881 -0.0045940539159242868 0.0088583381439815319 -0.001329193388198494
leaf_weight=86.042382908286527 255.91114177554846 173.81207655183971 58.139034965075552 229.6245202398859 46.094965512864292 129.62324054352939 232.04572312533855 1022.9012593831867 159.04789100587368 474.45541255176067 10275.58475439623 363.87798288930207 240.71949230600148 2182.4426807258278
leaf_count=28215 26078 1283 5743 24810 3005 12836 2953 14232 1312 8037 126093 4142 1308 13989
internal_value=-2.71703e-05 7.16271e-05 -0.00361718 -0.00455553 -0.00153983 0.00027438 0.00025049 -0.00151361 0.00129141 0.00303103 0.000503603 0.000352789 0.00499322 0.000502629
internal_weight=15930.3 15844.3 719.393 661.254 405.343 359.248 15124.9 1888.45 865.549 706.501 13236.4 12821.9 414.532 12458
internal_count=274036 245821 72472 66729 40651 37646 173349 26534 12302 10990 146815 144224 2591 140082
is_linear=0
shrinkage=0.03


Tree=141
num_leaves=15
num_cat=0
split_feature=152 152 104 109 10 145 125 87 129 50 58 100 109 116
split_gain=26.133 11.1986 11.4412 9.93127 10.3161 9.66288 8.49602 7.05829 7.51394 7.03568 13.9286 17.6587 13.4726 12.0209
threshold=0.0041745393042925327 0.04877635246685396 0.35912698412698418 -1.6249999999999996 441.00000000000006 0.39444444444444454 -0.93301270189221919 1.0733333333343278 15.500000000000002 0.1683429088269284 0.18465909090909094 0.81534090909090928 -2.5458333333333325 -0.062499999999988627
decision_type=2 2 2 8 2 2 2 8 2 10 8 8 10 10
left_child=-1 2 6 -4 -5 -6 -2 8 -8 10 11 -3 13 -13
right_child=1 9 3 4 5 -7 7 -9 -10 -11 -12 12 -14 -15
leaf_value=-0.0153363953209421 0.0055439881852128248 -0.0057697427042685953 -0.0056062680623355154 -0.0046761433544128322 -0.0061241348449875624 0.0023857562002708231 -0.0043956520605276288 0.01016697787463061 -0.012244984572648993 0.0017002451532163833 0.00056729165194924344 -0.0086128830049320496 0.005680769442132548 0.00015809568951019381
leaf_weight=84.724450785201043 54.614194928202778 757.37674496695399 269.53186667896807 274.19044967368245 118.69640033971518 1215.3947174008936 560.69256327021867 11.620036093983797 134.61704907985404 2996.7917682826519 8387.1215956136584 166.84424861520529 278.65668349340558 618.22031878307462
leaf_count=28215 3128 6603 9939 16036 2944 64007 30040 568 8182 20538 76589 984 2189 4074
internal_value=-2.71773e-05 6.91135e-05 -0.0017092 -0.000438929 0.000470868 0.00156894 -0.00477245 -0.00566808 -0.00614183 0.000426091 5.00958e-05 -0.00231704 0.000187353 -0.00183247
internal_weight=15929.1 15844.4 2639.36 1877.81 1608.28 1334.09 761.544 706.93 695.31 13205 10208.2 1821.1 1063.72 785.065
internal_count=274036 245821 134844 92926 82987 66951 41918 38790 38222 110977 90439 13850 7247 5058
is_linear=0
shrinkage=0.03


Tree=142
num_leaves=15
num_cat=0
split_feature=152 53 48 103 156 44 147 56 139 112 54 48 63 119
split_gain=25.2231 9.65003 10.2946 9.50474 9.43647 11.9413 10.2975 9.56498 9.32945 9.53647 9.05509 10.6015 10.2004 10.1945
threshold=0.0058871222594964329 0.68752104377199441 16.306120423154375 -1.1813204182053478 -2.9355019112486889 0.22500000000000003 0.065702352214960555 -0.060661764705882353 1143.5000000000002 0.066666666666700777 0.70294117647058829 17.023691646339994 5.8333333333333348 -0.087346526929850801
decision_type=2 10 8 8 2 10 8 10 2 10 10 8 10 10
left_child=-1 3 4 8 -3 6 7 -6 -2 -10 -5 12 -12 -14
right_child=1 2 -4 10 5 -7 -8 -9 9 -11 11 -13 13 -15
leaf_value=-0.011533979873257917 0.010967521315983272 -0.0088036028439504241 -0.0037702322765984738 2.5410855647952271e-05 -0.0046209710137466468 -0.0057237588626422205 -0.0089044209677335302 0.0055246954777501585 0.0055147316012238764 -0.0052746888309175392 0.0014618465179702072 -0.0040961710364052955 -0.0042947586132949991 0.010377597063919853
leaf_weight=154.63410598761402 130.38051532674581 74.315021858084947 1100.511846663896 12403.608842205256 85.872912717983127 155.91175308544189 45.421205456368625 570.83741287793964 181.82048727525398 103.62532694311813 452.04725402640179 143.48076555132866 41.26369840465486 283.17568123759702
leaf_count=43464 835 7262 20382 168501 1633 1296 618 8983 1064 739 6081 2519 1503 9156
internal_value=-2.74994e-05 9.61637e-05 -0.00182524 0.000382134 0.000493873 0.00143655 0.00311299 0.00412446 0.00476796 0.00153006 0.000240045 0.00308705 0.00446686 0.00840418
internal_weight=15926.9 15772.3 2032.87 13739.4 932.358 858.043 702.132 656.71 415.826 285.446 13323.6 919.967 776.487 324.439
internal_count=274036 230572 40174 190398 19792 12530 11234 10616 2638 1803 187760 19259 16740 10659
is_linear=0
shrinkage=0.03


Tree=143
num_leaves=15
num_cat=0
split_feature=152 152 89 35 27 102 138 117 148 63 154 104 33 56
split_gain=24.4215 10.6052 7.7307 7.33981 12.8273 14.63 12.2807 13.2358 10.8033 10.12 9.9919 14.2095 13.5503 12.6841
threshold=0.0041745393042925327 0.018178758054825953 -0.23184142246642242 32.500000000000007 0.22524509803921572 0.38675213675213682 0.078051985513284836 0.062255216597918668 0.37278465319464743 1.5833333333333337 1.9916262844249777 0.31534090909090912 1.5000000000000002 0.36931818181818193
decision_type=2 2 8 10 2 8 2 10 8 8 2 2 2 8
left_child=-1 2 -2 9 5 8 -6 -8 10 -3 11 -5 -13 -14
right_child=1 3 -4 4 6 -7 7 -9 -10 -11 -12 12 13 -15
leaf_value=-0.014996407593550457 0.0035391918296883117 -0.0044056145530659094 -0.0047979319344997511 -0.0031216574819622491 -0.0014084724202249575 0.00051337752857062669 -0.0018316390506191709 0.004036495639863363 -0.0019684204522798835 -8.4115454601103916e-05 0.0031168818290734138 0.0044997408781118535 0.018632946441145916 0.0016285099518847893
leaf_weight=82.491364727495238 108.16507373377681 504.29556445311755 601.6344444938004 68.406390223652124 2447.5338526302949 1424.7589596910402 517.32765703089535 987.46575155481696 166.98666039854288 8027.3982359962538 543.42079288512468 194.5073487861082 199.44650539848953 52.131069911643863
leaf_count=28215 10704 3243 63130 795 26235 21801 6881 8317 2329 92178 6433 1621 1701 453
internal_value=-2.74189e-05 6.46302e-05 -0.0034805 0.000234186 0.00098412 0.00259279 -0.000100066 0.00202094 0.00497602 -0.000346837 0.00608436 0.00904161 0.0109477 0.0153992
internal_weight=15926 15843.5 709.8 15133.7 6601.98 2649.66 3952.33 1504.79 1224.9 8531.69 1057.91 514.491 446.085 251.578
internal_count=274036 245821 73834 171987 76566 35133 41433 15198 13332 95421 11003 4570 3775 2154
is_linear=0
shrinkage=0.03


Tree=144
num_leaves=15
num_cat=0
split_feature=152 156 80 52 121 139 35 128 147 22 27 51 11 86
split_gain=23.5003 10.2852 8.84942 11.9554 11.6459 11.4615 8.81735 9.57783 10.4037 9.17241 10.8565 13.2249 10.312 11.8582
threshold=0.0041745393042925327 -1.5526074380019355 308.33333333333343 0.87083333333333346 -0.016701534170153413 6348.5000000000009 15.500000000000002 0.07728157800291123 -0.1555950961097399 0.048703352308665411 0.22029411764705883 -0.11363102147377425 -10.499999999999998 -0.4719840906072022
decision_type=2 2 10 10 8 2 8 8 10 2 2 8 10 8
left_child=-1 6 3 5 -5 -3 7 -2 -9 -8 12 -12 -11 -14
right_child=1 2 -4 4 -6 -7 9 8 -10 10 11 -13 13 -15
leaf_value=-0.014803929582726071 0.0037072515956334765 0.00039537516928507988 0.0045809555887506917 0.0091167784080158111 -0.0046044234705076058 0.0061198083159334175 -0.010776049071679516 -0.011401930366161533 -0.0023306140838574027 -0.011114769735274416 0.0063228117500567062 -0.0022160294693037621 0.011062284610169261 0.0015016444865625742
leaf_weight=81.270615504356101 90.297838887665421 10725.302763517946 441.77913613244891 47.011192936450243 636.05052233859897 309.4481342472136 64.205775673966855 199.69151830347255 263.33689662721008 33.775657147634774 162.89710891339928 2041.3189275893383 126.79485467541963 700.61908134492114
leaf_count=28215 3874 82313 3559 431 5637 2436 3264 10491 9385 1680 9604 75863 4582 32702
internal_value=-2.65902e-05 6.31478e-05 0.000483969 0.000323847 -0.00348446 0.000563995 -0.00132256 -0.00476175 -0.00647784 -0.000694689 -0.000432087 -0.00154652 0.00239794 0.00313763
internal_weight=15923.8 15842.5 12159.6 11717.8 683.062 11034.8 3682.94 553.326 463.028 3129.61 3065.41 2204.22 861.19 827.414
internal_count=274036 245821 94376 90817 6068 84749 151445 23750 19876 127695 124431 85467 38964 37284
is_linear=0
shrinkage=0.03


Tree=145
num_leaves=15
num_cat=0
split_feature=151 122 53 55 137 20 55 48 102 112 48 76 100 156
split_gain=22.4978 9.01717 8.97043 12.14 11.2472 10.8756 11.4299 9.55163 9.49448 12.0801 11.8391 10.3578 9.85904 9.22415
threshold=4.7591779066044522 0.11573063237910401 0.68752104377199441 0.68164821289883559 234.50000000000003 9.2041666666666675 0.56981190106246993 16.306120423154375 0.93933823529411775 -0.032868751618745286 16.306120423154375 2241.6666666666674 0.54006410256410264 -2.9355019112486889
decision_type=2 2 10 10 2 10 10 8 10 10 10 10 10 2
left_child=2 -2 3 5 -5 8 -7 13 11 -10 -11 -1 -12 -4
right_child=1 -3 7 4 -6 6 -8 -9 9 10 12 -13 -14 -15
leaf_value=0.00040815610723286843 -0.001057653588447285 -0.014469412383277506 -0.0091345883784326697 0.00043388875582935413 0.013119542064882021 -0.0073891175364990394 0.006142150693043147 -0.0036371958277183428 0.0011189377102897935 -0.0011254268714267982 0.025441853780106789 -0.0048202955144026529 0.00046197969693976995 0.0013795711810716069
leaf_weight=12487.700000807177 71.742934164358303 119.2723641556222 67.190293238498271 125.36971208499745 113.4233814436011 281.33988344715908 57.26775834383443 1092.6888985750265 211.25009380746633 33.739133644849062 46.384439785033464 335.60895965155214 19.239646324887872 859.30368900112808
leaf_count=156842 18119 32162 6214 2957 2806 9053 2338 19623 4646 969 1305 4195 277 12530
internal_value=-2.63077e-05 -0.0098759 0.00010259 0.00037802 0.00687868 0.000255278 -0.00493714 -0.00175672 0.000394624 0.00545389 0.0133146 0.000265846 0.0195668 0.000483688
internal_weight=15921.5 191.015 15730.5 13711.3 238.793 13472.5 338.608 2019.18 13133.9 310.613 99.3632 12823.3 65.6241 926.494
internal_count=274036 50281 223755 185388 5763 179625 11391 38367 168234 7197 2551 161037 1582 18744
is_linear=0
shrinkage=0.03


Tree=146
num_leaves=15
num_cat=1
split_feature=152 156 105 106 44 154 111 115 57 53 3 56 100 18
split_gain=22.0342 9.68424 8.82882 9.89093 13.158 10.0217 10.6113 9.34023 9.2233 8.78411 12.649 15.8496 13.9887 10.7193
threshold=0.0041745393042925327 -0.67294447324242579 0.02321586835051204 0.64495798319327746 1.0000000180025095e-35 2.1259972414438724 0.30523033261486976 0.10043382016674515 0.23013618326107618 0.79084967320037947 0 0.36038961038961054 0.56458333333333344 0.065503432494279187
decision_type=2 2 2 2 10 2 10 10 10 10 1 10 8 2
left_child=-1 9 -3 8 -5 6 7 -6 -4 -2 11 12 13 -11
right_child=1 2 3 4 5 -7 -8 -9 -10 10 -12 -13 -14 -15
leaf_value=-0.014483626043320133 -0.00037415735429336165 0.0003269661835463283 0.010385509202271919 -0.0024439248451747888 0.0026760358606118494 -0.0007510107806471296 -0.00072565105532452503 0.013128944687107569 -0.0017385182093328905 -0.0031763893750529921 -0.0089212448303762192 -0.0077711896179263008 -0.0036936838772254205 0.014671804534092701
leaf_weight=79.305039672413841 7358.6290478520095 6386.207399263978 229.4230984672904 437.41814817488194 132.82603889703751 249.76566325128078 127.2224205583334 204.45636393874884 68.383640609681606 34.864973452407867 258.83163722790778 147.91643176972866 105.65916051296517 99.308642404619604
leaf_count=28215 178339 37671 1353 2501 675 1651 585 994 403 2079 9218 3372 2368 4612
internal_value=-2.54238e-05 6.05922e-05 0.000809554 0.00291062 0.00160205 0.00407911 0.00661852 0.00930168 0.00765167 -0.000672654 -0.00398429 -0.000479226 0.00421079 0.0101809
internal_weight=15920.2 15840.9 7835.7 1449.5 1151.69 714.27 464.505 337.282 297.807 8005.21 646.581 387.749 239.833 134.174
internal_count=274036 245821 45833 8162 6406 3905 2254 1669 1756 199988 21649 12431 9059 6691
cat_boundaries=0 1
cat_threshold=1
is_linear=0
shrinkage=0.03


Tree=147
num_leaves=15
num_cat=2
split_feature=152 152 28 2 36 21 17 101 153 97 0 50 128 20
split_gain=21.1984 9.44449 10.2894 8.25909 10.537 7.0397 8.62376 14.4627 12.2496 13.0608 12.4067 9.28638 9.10585 9.02004
threshold=0.0041745393042925327 0.032532465394676212 4.4045454545454552 0 -74.999999999999986 18.500000000000004 5.5000000000000009 -0.09999157009910381 0.32730644829256944 0.21825396825396828 1 -0.27973393193699797 0.073123104045329693 5.4624765478424022
decision_type=2 2 8 9 8 2 2 8 2 2 1 8 10 10
left_child=-1 2 -2 5 -5 6 7 11 -8 10 -10 -4 -12 -14
right_child=1 -3 3 4 -6 -7 8 -9 9 -11 12 -13 13 -15
leaf_value=-0.01429271605817029 -0.0089397424565533842 0.00029986773488998182 -0.0059065968471732041 0.016486339672749765 0.00078442333544760981 -0.010721008229288391 -0.0023284142466234955 -0.0065520293223917357 -0.0013923884301374394 -0.0053899105735430745 -0.0020295142859567288 0.010357730336738549 -0.0033692700906694092 0.027531498039894683
leaf_weight=78.171033727237955 163.9403717322275 14302.942789539695 36.570528764743358 30.429829319473356 262.36312491912395 71.733829370234162 288.81970098661259 449.67037130100653 45.429556185845286 41.410707392264158 11.572801437694578 75.515705665573478 6.2560114264488211 52.278063156176358
leaf_count=28215 9853 136965 3457 2058 17896 5544 19269 31946 3429 3339 817 6949 379 3920
internal_value=-2.48308e-05 5.90427e-05 -0.0021647 -0.00126726 0.00304142 -0.00246708 -0.00175489 -0.00418132 0.00133948 0.00770356 0.0124766 0.00498033 0.0181556 0.0242153
internal_weight=15917.1 15838.9 1535.99 1372.05 292.793 1079.26 1007.52 561.757 445.767 156.947 115.536 112.086 70.1069 58.5341
internal_count=274036 245821 108856 99003 19954 79049 73505 42352 31153 11884 8545 10406 5116 4299
cat_boundaries=0 1 2
cat_threshold=209 11
is_linear=0
shrinkage=0.03


Tree=148
num_leaves=15
num_cat=0
split_feature=152 50 112 11 116 53 118 48 150 44 21 7 40 16
split_gain=20.3925 9.12977 12.7052 12.5329 10.8066 8.417 10.1114 9.9898 9.93552 13.6231 9.67964 15.8051 10.9454 11.445
threshold=0.0041745393042925327 -0.12346336204268658 -0.29322876197875297 11.500000000000002 -0.10249999999998634 0.68752104377199441 -0.045719545421914302 16.319802211933467 0.18733288770053477 0.22500000000000003 5.5000000000000009 4.5000000000000009 1.0000000180025095e-35 3.7573529411764643
decision_type=2 8 10 10 10 10 8 8 8 10 2 2 10 2
left_child=-1 2 -2 -4 -5 6 10 8 9 -7 11 -3 -12 -14
right_child=1 5 3 4 -6 7 -8 -9 -10 -11 12 -13 13 -15
leaf_value=-0.014102500733111359 0.0028049067062828918 9.0376119901140879e-06 -0.006962664691953311 -0.0068751248854196818 0.016099775566358495 0.0083504812861307093 0.00020731469059652246 -0.0035865672287856802 -0.0016918725865296168 -0.0047659275991039423 0.0049256130485470949 0.011307466067250345 -0.0056277816008160134 0.0027934133726281751
leaf_weight=77.067780966171995 223.44657112564892 193.99882941599935 498.61295649502426 20.244043457321823 29.470293445046991 238.4116710848175 11750.723849424161 1044.8639348349534 563.98487216280773 87.858950256835669 386.53736400650814 246.88758225925267 283.16049506235868 270.11057256208733
leaf_count=28215 5792 2775 21332 577 1216 4201 157232 19597 13790 554 7592 3429 4295 3439
internal_value=-2.43766e-05 5.74049e-05 -0.00309319 -0.00550738 0.00731916 0.000221708 0.000494328 -0.00161782 0.000713967 0.00476423 0.00290854 0.00649981 0.00114815 -0.00155129
internal_weight=15915.4 15838.3 771.774 548.327 49.7143 15066.5 13131.4 1935.12 890.255 326.271 1380.69 440.886 939.808 553.271
internal_count=274036 245821 28917 23125 1793 216904 178762 38142 18545 4755 21530 6204 15326 7734
is_linear=0
shrinkage=0.03


Tree=149
num_leaves=15
num_cat=1
split_feature=152 112 69 119 50 123 0 112 35 27 102 16 138 28
split_gain=19.6809 9.48165 8.67802 7.34581 7.08552 9.4508 9.73322 9.6356 8.40347 11.3081 13.5554 11.4624 14.0688 12.0403
threshold=0.01240987691140401 -0.16666666666664767 3.5000000000000004 0.071938810780735232 -0.12346336204268658 9.166666666666659 0 -0.27900432900431343 32.500000000000007 0.22524509803921572 0.06458333333333334 -8.190909090909086 0.067059692414632041 4.8047619047619055
decision_type=2 8 8 10 8 10 1 10 10 2 8 2 2 10
left_child=1 -1 -3 -4 5 7 -7 -2 -6 10 -10 12 -11 -14
right_child=4 2 3 -5 8 6 -8 -9 9 11 -12 -13 13 -15
leaf_value=0.0040828492660982922 0.0010759414751354988 -0.010529208135530098 -0.0040920376174356232 0.012477486138951497 -0.00031412798497561267 -0.00374496105579582 0.012164967667744591 -0.0070204408809160105 0.014225126610088634 -0.0072244101977392864 0.0022563049182163833 0.0012465958901655776 -0.0020304115058594973 0.006297866236892654
leaf_weight=62.026797703932971 194.22919883951545 276.33301290660165 103.33702224539593 15.281392758246509 8527.6881026709452 52.320861258544028 47.557884586974978 377.19912369921803 74.072321601212025 349.12255150824785 2412.4786836104468 2536.988441709429 700.4388460367918 184.89567519631237
leaf_count=9788 3756 51447 16787 2308 102560 1095 972 9174 864 4346 34633 26198 7092 3016
internal_value=-2.36616e-05 -0.00605837 -0.00774216 -0.000796327 0.000160452 -0.00281972 0.00516284 -0.00431134 0.00029848 0.00113203 0.00269601 9.42859e-05 -0.00226041 -0.000215163
internal_weight=15914 456.978 394.951 118.618 15457 671.307 99.8787 571.428 14785.7 6258 2486.55 3771.45 1234.46 885.335
internal_count=274036 80330 70542 19095 193706 14997 2067 12930 178709 76149 35497 40652 14454 10108
cat_boundaries=0 1
cat_threshold=203
is_linear=0
shrinkage=0.03


Tree=150
num_leaves=15
num_cat=0
split_feature=152 105 10 125 109 156 101 58 123 138 148 144 112 35
split_gain=19.2072 8.78345 9.90146 16.6929 14.2749 14.5468 13.0479 12.6662 11.7926 11.2056 11.2746 10.5954 10.4922 10.4573
threshold=0.0041745393042925327 -0.013818257193432505 451.00000000000006 0.25000000000000011 -0.5513354700854699 -1.2769777946146632 -0.014051387512184101 0.63961038961038974 -7.3333333333333419 0.084878886933199241 1.1072790751592645 0.16773627551006801 -0.049224386724404205 15.500000000000002
decision_type=2 2 2 2 10 2 8 10 8 2 10 2 10 10
left_child=-1 -2 3 6 5 9 -3 -8 11 -4 -11 12 -7 -6
right_child=1 2 4 -5 13 8 7 -9 -10 10 -12 -13 -14 -15
leaf_value=-0.013809825587182451 -0.0022995649950396063 -0.0063110239660623497 -0.0034775074526957168 -0.0040137556763210451 -0.0016738975559481926 0.0016545729548593381 0.0006901891603609228 0.010761626546909934 0.00041335375739035967 0.0041763351439192114 -0.011583260809139361 -6.9648526131464603e-05 0.014533877861628443 0.003548061029036017
leaf_weight=75.420065987389535 1292.040855593048 207.16662062192336 1430.3885624748655 1182.2347917002626 404.64447224931791 98.38627178221941 1546.7535552233458 106.44669541809708 6837.3438955917954 327.18667284864932 31.816763676237315 175.65628243982792 135.68105681985617 2061.1116569768637
leaf_count=28215 33773 8260 37089 22082 11448 803 22011 2574 45626 8137 755 849 1146 51268
internal_value=-2.23531e-05 5.63127e-05 0.000267743 -0.00125021 0.000670381 0.000116798 0.000524042 0.00142961 0.000715602 -0.00229415 0.00237109 0.0055667 0.00954596 0.00268617
internal_weight=15912.3 15836.9 14544.8 3042.6 11502.2 9036.46 1860.37 1653.2 7247.07 1789.39 359.003 409.724 234.067 2465.76
internal_count=274036 245821 212048 54927 157121 94405 32845 24585 48424 45981 8892 2798 1949 62716
is_linear=0
shrinkage=0.03


Tree=151
num_leaves=15
num_cat=0
split_feature=152 145 153 63 104 155 48 35 9 114 80 114 140 140
split_gain=18.4735 8.59111 10.203 10.1745 14.7268 10.0986 9.73289 9.23687 9.08226 8.04243 7.94937 10.151 10.9126 9.37086
threshold=0.0041745393042925327 0.19375000000000003 0.5972509909368876 6.166666666666667 0.67156862745098056 0.14020483418431798 15.663902129602656 21.500000000000004 55.250000000000007 -0.13210550887019959 -58.33333333333325 -0.062499999999977254 0.073435167910447782 0.087759648116971581
decision_type=2 2 2 10 2 2 8 10 2 10 8 8 2 2
left_child=-1 2 3 6 5 8 9 -6 -5 -2 11 -8 -13 -14
right_child=1 -3 -4 4 7 -7 10 -9 -10 -11 -12 12 13 -15
leaf_value=-0.013621624320569287 -0.011138965654797547 -0.00060541273674202519 0.0092829369193522648 0.00099523201039847979 0.00090600343977797983 0.0028376864378818999 0.0043704181129173882 0.011214435912088526 -0.013082031478629094 -0.0016136453165371293 -0.00021488372542676908 -0.0047479281750035908 0.0073741496619134849 -0.00018566207290100355
leaf_weight=74.391158263431862 96.303044740110636 8361.9320028780494 110.34975962527096 80.479347012937069 115.0757797062397 420.47757825255394 914.93593942373991 249.51176652684808 65.5946214646101 305.47416267544031 4132.7828847803175 289.82262247800827 194.0142515450716 499.59426434338093
leaf_count=28215 591 201411 650 585 720 2763 5343 1588 493 1790 24170 1766 1136 2815
internal_value=-2.20045e-05 5.47092e-05 0.000792948 0.000647115 0.00355194 0.000475335 0.000219368 0.00812513 -0.00595576 -0.00421552 0.000524533 0.00212332 -1.51656e-06 0.00204028
internal_weight=15910.7 15836.3 7474.42 7364.07 931.139 566.552 6432.93 364.588 146.074 401.777 6031.15 1898.37 983.431 693.609
internal_count=274036 245821 44410 43760 6149 3841 37611 2308 1078 2381 35230 11060 5717 3951
is_linear=0
shrinkage=0.03


Tree=152
num_leaves=15
num_cat=0
split_feature=156 10 123 114 156 138 108 112 87 154 102 119 112 52
split_gain=17.8159 8.01383 8.109 7.13578 6.77181 9.30345 9.78764 11.4056 12.8547 13.4774 10.8821 10.061 9.88784 8.95501
threshold=-3.4680068003425504 455.00000000000006 -1.0000000180025095e-35 -0.017499999999949976 -0.45473615711494725 0.051659517113567741 0.14495798319327732 0.13956679894181437 0.843611111111083 1.5511502758327356 0.087121212121212141 -0.097304414335651276 -0.011886724386727108 0.67708333333333337
decision_type=2 2 10 8 2 2 8 10 10 2 8 10 8 10
left_child=1 -1 3 -3 -2 -6 7 8 -7 -10 -8 -11 -12 -14
right_child=4 2 -4 -5 5 6 10 -9 9 11 12 -13 13 -15
leaf_value=-0.01239216168921832 -0.00040665273573285807 0.012351369453336701 -0.008350557448239506 -0.0023346569412125446 -0.0056471514884122503 -0.004730582363588135 0.0075150140678298108 0.0048096310196863532 0.0092291030942405067 0.006559400403810184 0.0032746243380630041 -0.0013821644415057679 0.00081939246914005726 -0.0055497116594249146
leaf_weight=123.4959604756441 9001.0851643551141 30.198886410566047 100.53992239013314 76.654457535361871 177.43801265954971 628.92352622747421 283.7961396202445 316.88816279172897 123.65195782482624 145.65338216722012 1600.0467758700252 1341.6438094750047 1748.9405801445246 208.90216951072216
leaf_count=27162 169672 5857 20208 15248 1003 3310 1606 1718 518 791 9017 7015 9665 1246
internal_value=-2.1642e-05 -0.00675592 -0.00279027 0.00282542 0.000127771 0.000858551 0.00105175 -0.000385555 -0.00114765 0.000281877 0.0020061 -0.000546706 0.00153697 0.000102779
internal_weight=15907.9 330.889 207.393 106.853 15577 6575.88 6398.45 2556.76 2239.87 1610.95 3841.69 1487.3 3557.89 1957.84
internal_count=274036 68475 41313 21105 205561 35889 34886 13352 11634 8324 21534 7806 19928 10911
is_linear=0
shrinkage=0.03


Tree=153
num_leaves=15
num_cat=1
split_feature=152 105 10 125 101 101 98 144 58 100 104 148 0 96
split_gain=17.3962 8.13346 9.19911 15.758 14.0278 12.252 12.2302 12.5269 11.9391 10.8479 10.3028 10.1548 9.86514 9.35163
threshold=0.0041745393042925327 -0.013818257193432505 451.00000000000006 0.25000000000000011 -0.1282502174770431 -0.014051387512184101 -0.33070415695415689 0.037802968217359158 0.63961038961038974 0.19375000000000003 0.9104278074866311 0.66022679171480092 0 0.19375000000000003
decision_type=2 2 2 2 8 8 10 2 10 10 2 10 1 2
left_child=-1 -2 3 5 6 -3 -4 10 -7 12 -8 13 -9 -5
right_child=1 2 4 11 -6 8 7 9 -10 -11 -12 -13 -14 -15
leaf_value=-0.013333285412788755 -0.0022172041152604335 -0.0061335444850566263 -0.0067658116464144706 -0.0039978591934523829 0.0004751514238010286 0.00066844582239883397 0.021374977103925007 0.0075821307517498111 0.010415251767562049 0.016217285465400924 -0.0049564440173582051 -0.0096883218923521884 -0.006952196280005667 0.0031448868280398255
leaf_weight=72.859125219518319 1288.789460367756 205.73446576553397 37.673443824518472 772.78744111210108 11230.212495929096 1547.0096938440111 74.655161960516125 49.501996829174459 107.28763246722519 31.039982618298382 9.8793076323345286 208.89876113831997 71.870813624002039 196.62197414366528
leaf_count=28215 33773 8260 1061 13214 145998 22011 6392 911 2574 664 740 6679 1355 2189
internal_value=-2.09512e-05 5.28752e-05 0.000256123 -0.00120827 0.000643927 0.000514066 0.00716367 0.00964935 0.00138847 0.00381131 0.0180145 -0.00389936 -0.000796207 -0.00252328
internal_weight=15904.8 15832 14543.2 3038.34 11504.8 1860.03 274.621 236.947 1654.3 152.413 84.5345 1178.31 121.373 969.409
internal_count=274036 245821 212048 54927 157121 32845 11123 10062 24585 2930 7132 22082 2266 15403
cat_boundaries=0 1
cat_threshold=837
is_linear=0
shrinkage=0.03


Tree=154
num_leaves=15
num_cat=0
split_feature=152 122 76 77 86 154 53 55 48 116 98 50 13 118
split_gain=16.7336 8.92215 6.90465 7.75893 15.2228 10.5648 10.4628 11.9353 11.6915 9.31485 9.25306 8.10934 9.87567 8.54513
threshold=0.01240987691140401 0.10673047031132034 2368.3333333333335 295.00000000000006 -0.51595795007912471 1.642850023690644 0.68752104377199441 0.68164821289883559 16.512208721352689 -0.17829632173381352 -0.014194288826641725 -0.12346336204268658 0.82843137254901966 -0.045719545421914302
decision_type=2 2 10 10 8 2 10 10 8 10 8 8 2 8
left_child=1 -1 3 6 -5 -6 7 11 -8 -7 -9 12 -2 -13
right_child=2 -3 -4 4 5 9 8 10 -10 -11 -12 13 -14 -15
leaf_value=0.0077215331090347778 -0.006275817410668536 -0.0068035146671652086 -0.0046612973900424627 0.0067774742433215542 -0.0087252809348259477 -0.0043346965019716481 -0.00010233465164021179 -0.0064432112526244369 -0.0052430036493460556 0.0026739610676671816 0.01021847868383376 0.0027735512828603098 0.0043740849743905581 6.1015509475616315e-05
leaf_weight=29.355786416679621 322.1885423604399 419.51344560505822 249.10521663632244 450.83400817401707 90.859541532583535 201.16710635181516 955.563555913046 25.587443800643086 668.35870033409446 806.21881416905671 158.53681093361229 1148.5284221703187 90.364990090951324 10287.445970333181
leaf_count=4854 6874 75476 3315 4773 1645 3224 15044 399 10204 13554 2841 14605 1908 115320
internal_value=-2.02489e-05 -0.00563461 0.000148121 0.000231427 0.00223289 0.000301132 2.19804e-06 0.000308129 -0.0022467 0.00123132 0.00759209 0.000185481 -0.00387146 0.000336715
internal_weight=15903.6 448.869 15454.8 15205.7 1549.08 1098.25 13656.6 12032.7 1623.92 1007.39 184.124 11848.5 412.554 11436
internal_count=274036 80330 193706 190391 23196 18423 167195 141947 25248 16778 3240 138707 8782 129925
is_linear=0
shrinkage=0.03


Tree=155
num_leaves=15
num_cat=0
split_feature=151 122 85 53 87 55 137 20 32 116 126 41 55 107
split_gain=16.1601 8.923 7.72614 7.07007 11.5025 10.9564 10.4665 9.8672 11.4028 11.5225 13.207 12.3093 10.9261 9.509
threshold=4.7591779066044522 0.11573063237910401 -0.46570755388772034 0.68752104377199441 0.33333333333030174 0.68164821289883559 234.50000000000003 9.2041666666666675 6.6770833333333348 0.037698412698385191 -0.24999999999999994 0.36666666666666675 0.56981190106246993 -0.017474706533204053
decision_type=2 2 8 10 8 10 2 10 10 10 2 10 10 2
left_child=3 -2 -3 5 13 7 -7 8 -1 -10 11 -11 -9 -5
right_child=1 2 -4 4 -6 6 -8 12 9 10 -12 -13 -14 -15
leaf_value=6.2133357624953437e-05 6.8918275685204733e-05 0.0070760612622513316 -0.015445807803250571 -0.0080124894218840167 -0.0020545239949231525 0.00027824707802154476 0.01244956566404651 -0.0071693071909422965 0.005121544125519864 0.010900158460491569 -0.0055437536207180917 -0.004711271609221193 0.0060545451957825626 0.013155291509431715
leaf_weight=11928.185666293371 68.513757136184722 6.8239090659189969 103.72566185100004 14.027712909039108 1928.8597363657318 125.81837413832545 115.02734563685954 278.8533984310925 812.06519863428548 103.89754212414846 231.52958805253729 62.58811853453517 57.401409623678774 64.891317033674568
leaf_count=144125 18119 1829 30333 815 34943 2957 2806 9053 14740 3030 5442 897 2338 2609
internal_value=-1.9956e-05 -0.00862415 -0.0133763 8.61592e-05 -0.00156977 0.000330019 0.00648034 0.000213004 0.00034529 0.00310152 -0.00105622 0.00512692 -0.00474974 0.00871399
internal_weight=15902.2 179.063 110.55 15723.1 2007.78 13715.4 240.846 13474.5 13138.3 1210.08 398.015 166.486 336.255 78.919
internal_count=274036 50281 32162 223755 38367 185388 5763 179625 168234 24109 9369 3927 11391 3424
is_linear=0
shrinkage=0.03


Tree=156
num_leaves=15
num_cat=0
split_feature=152 50 112 121 96 99 35 76 81 121 63 123 12 123
split_gain=15.9849 7.77302 11.4073 13.7353 9.9524 8.51511 7.64115 11.9698 11.2049 10.0573 9.65195 9.29352 11.563 10.7388
threshold=0.0041745393042925327 -0.12346336204268658 -0.29322876197875297 0.020502311895754521 0.30384615384615393 -0.31953552728024676 32.500000000000007 1408.3333333333337 0.99999999999999656 0.0041580221300138321 1.5833333333333337 12.333333333333316 15.500000000000002 10.833333333333345
decision_type=2 8 10 10 2 10 10 10 8 10 8 10 2 10
left_child=-1 2 4 -4 -2 -5 10 8 -8 -10 -3 13 -13 -9
right_child=1 6 3 5 -6 -7 7 11 9 -11 -12 12 -14 -15
leaf_value=-0.012932131154736121 -0.00087774356696510903 -0.0043727426464010262 -0.0069156146337775405 -0.0089096307032919837 0.012972393894500745 0.011837889033949348 -0.001485074343790342 0.001918349324232804 -0.00092670721978255861 0.020476188793467257 -0.00012676299054988129 -0.0069363849176874957 0.0041190315764085255 0.01026236359160229
leaf_weight=70.812454010359943 176.34796045534313 497.03354124678299 479.30858279927634 12.130789475049822 47.709216990508139 50.481336086057127 1810.8551852174569 4038.8561623143032 36.067303199786693 25.623944802675396 8189.9434989527799 213.09510680940002 123.36356456484646 129.86993394372985
leaf_count=28215 4653 3213 20781 565 1139 1779 29126 54804 768 517 122188 2675 1953 1660
internal_value=-1.9108e-05 5.08407e-05 -0.00286753 -0.00518029 0.00270033 0.00687309 0.000201932 0.000989273 -0.00102092 0.0102293 -0.000376819 0.00182541 -0.00288009 0.00221416
internal_weight=15901.5 15830.7 765.978 541.921 224.057 62.6121 15064.7 6377.73 1872.55 61.6912 8686.98 4505.18 336.459 4168.73
internal_count=274036 245821 28917 23125 5792 2344 216904 91503 30411 1285 125401 61092 4628 56464
is_linear=0
shrinkage=0.03


Tree=157
num_leaves=15
num_cat=0
split_feature=152 150 13 99 41 62 81 138 109 100 122 84 35 53
split_gain=15.3713 7.59401 11.1233 16.1544 11.9909 12.2547 10.8677 9.87444 9.76082 9.64099 10.6231 10.5376 10.2919 9.5725
threshold=0.0041745393042925327 0.27311577311577317 0.19375000000000003 0.036202883003170434 0.22500000000000003 9.5000000000000018 -1.2000000000000008 0.066198824649528892 -5.1857638888888884 0.40312500000000007 0.11949061083531191 0.2963731279469804 20.500000000000004 0.68093964858659706
decision_type=2 10 2 10 10 10 8 2 10 8 2 8 10 10
left_child=-1 6 3 -3 5 9 -2 -5 -6 10 11 12 -4 -9
right_child=1 2 4 7 8 -7 -8 13 -10 -11 -12 -13 -14 -15
leaf_value=-0.012748533102997169 0.003312900116709348 -0.0047522882708276194 -0.00055071922276963788 0.014188554287737652 0.0087477250951051091 -0.0048525608964947254 0.00010324430848740675 0.0082732461083968988 -0.004752935334402783 8.2115159168988505e-05 -0.0027386958372058851 -0.00066758779500062401 0.021409172384106476 -0.003932301497406779
leaf_weight=69.907120903255418 1016.3349782414734 152.1363759948872 23.776112569728866 93.96359741454944 36.820644796825945 323.50803787983023 11969.107353036525 110.11831761430949 1175.5962011395022 660.68152779317461 59.277987964451313 43.331377406371757 71.054148147348315 94.999593218788505
leaf_count=28215 7539 5210 810 1892 286 16814 172504 1627 17202 12929 2656 1911 2285 2156
internal_value=-1.8104e-05 5.01275e-05 -0.00134942 0.00290495 -0.00216436 -7.11997e-06 0.000357988 0.00684096 -0.00424103 0.00187157 0.00743095 0.0116351 0.0165801 0.00273755
internal_weight=15900.6 15830.7 2845.26 451.218 2394.05 1181.63 12985.4 299.082 1212.42 858.121 197.44 138.162 94.8303 205.118
internal_count=274036 245821 65778 10885 54893 37405 180043 5675 17488 20591 7662 5006 3095 3783
is_linear=0
shrinkage=0.03


Tree=158
num_leaves=15
num_cat=0
split_feature=152 105 109 115 101 100 122 106 56 23 150 101 137 108
split_gain=14.7804 7.479 9.20772 14.2646 15.0014 14.4269 14.2668 11.5358 14.0311 10.7183 14.6664 10.4354 14.8686 12.7572
threshold=0.0041745393042925327 -0.013818257193432505 -0.38656249999999964 -0.0064950266718085447 -0.10498073381035687 0.18465909090909094 0.11915390733744284 0.3708333333333334 -0.16666666666666666 0.20396452790818989 0.45069444444444456 1.0000000180025095e-35 144.50000000000003 0.43095238095238103
decision_type=2 2 10 10 10 10 2 2 8 2 10 8 2 10
left_child=-1 -2 11 4 5 7 -7 9 -9 -4 -11 12 13 -3
right_child=1 2 3 -5 -6 6 -8 8 -10 10 -12 -13 -14 -15
leaf_value=-0.012566049046022877 -0.0021304302832781934 -0.014732899717901912 -0.0062698627276581622 0.0039373152839530627 -0.0021153979487907454 0.019740025416340564 -0.0031717162335727503 -0.010786042446675408 0.0049505917157079823 0.020971702307583859 -0.0085143141799240412 9.9373336054178217e-05 -0.00063045208652600022 0.0005763703142714423
leaf_weight=69.025911742588505 1285.3640841355082 142.13922116812319 20.419045641086996 1381.8054091029335 1064.8047456468921 72.288171502528712 28.81225126539357 91.908022547606379 84.944963995134458 48.422572240699083 10.88678811280988 11054.978475967655 473.17398464330472 69.583490800578147
leaf_count=28215 33773 2037 1376 28585 34236 3148 1693 3567 3902 2575 761 121179 7712 1277
internal_value=-1.70581e-05 4.95072e-05 0.000244159 0.00178372 -0.000327541 0.00486576 0.0136443 0.000844206 -0.00343142 0.00936993 0.0149331 -0.000125401 -0.00367788 -0.0099962
internal_weight=15898.6 15829.5 14544.2 2804.29 1422.49 357.682 101.1 256.581 176.853 79.7284 59.3094 11739.9 684.897 211.723
internal_count=274036 245821 212048 79843 51258 17022 4841 12181 7469 4712 3336 132205 11026 3314
is_linear=0
shrinkage=0.03


Tree=159
num_leaves=15
num_cat=0
split_feature=156 156 122 83 31 105 35 153 49 41 107 147 135 9
split_gain=14.3353 7.25723 6.98779 8.64585 6.62781 10.1158 7.6074 10.3234 10.6869 9.3668 13.6757 10.7298 12.3672 10.7249
threshold=-3.0094098589568143 -4.8020008729355483 0.10797727272727274 0.21250000000031835 0.3272546419098144 0.0015763292109108598 32.500000000000007 0.28628881444853987 16.770821728976447 0.45000000000000007 0.027036064230341317 -1.0000000180025095e-35 8.5000000000000018 56.750000000000007
decision_type=2 2 2 10 2 2 10 2 8 10 2 10 2 2
left_child=1 -1 3 -3 6 -6 -2 8 -8 10 11 -10 -13 -12
right_child=4 2 -4 -5 5 -7 7 -9 9 -11 13 12 -14 -15
leaf_value=-0.01555567416466285 -0.00033191389086521556 -0.0043596798805961975 -0.0044234128040323388 0.015458356663711949 0.00331133130544066 -0.007509708442391949 0.00091410887001866514 0.0021911142701169389 -0.00645178576212657 -0.0062146562613614072 0.0016702853906587268 0.010434524999559935 -0.0081214831546122749 0.018977891067842399
leaf_weight=34.664958878420293 8438.7585498709232 30.230410500662401 543.68318968219683 23.777089850977063 106.09052714984864 218.1067236084491 2250.5237573813647 3340.8378220889717 255.74553086794913 406.17205862235278 102.1580031812191 76.342674733139575 36.671741489320993 34.449040651321411
leaf_count=14068 98238 3542 71781 3192 1309 1885 30918 36894 5219 3996 1247 796 478 473
internal_value=-1.69552e-05 -0.00438958 -0.00337698 0.00582893 0.000168303 -0.00397878 0.000262184 0.00103213 -0.000196944 -0.00291044 -0.0001522 -0.00316168 0.00416724 0.00748069
internal_weight=15898.2 632.356 597.691 54.0075 15265.9 324.197 14941.7 6502.9 3162.06 911.539 505.367 368.76 113.014 136.607
internal_count=274036 92583 78515 6734 181453 3194 178259 80021 43127 12209 8213 6493 1274 1720
is_linear=0
shrinkage=0.03


Tree=160
num_leaves=15
num_cat=1
split_feature=156 10 121 107 131 31 105 105 156 140 0 58 112 44
split_gain=13.6479 7.55464 10.6886 8.18393 7.92859 6.30871 8.96356 6.98153 11.2073 8.85499 11.1308 8.74449 9.60881 8.53695
threshold=-3.4680068003425504 455.00000000000006 -0.0042463036422646944 0.0051774685360395792 4.5000000000000009 0.3272546419098144 0.0015763292109108598 0.02321586835051204 -1.0189662490042708 0.11010176784844485 0 0.67708333333333337 -0.23470441595441113 1.0000000180025095e-35
decision_type=2 2 10 2 2 2 2 2 2 2 1 10 8 10
left_child=1 3 -3 4 -1 7 -7 -2 9 10 -9 -12 -13 -10
right_child=5 2 -4 -5 -6 6 -8 8 13 -11 11 12 -14 -15
leaf_value=-0.016249985972684761 -5.5614476557792963e-05 0.005562029235542062 -0.0075188464858167887 0.0070087490929163923 0.0062645815676629904 0.0028969890816233565 -0.0072650107192671247 -0.010090162318539455 0.00072522819590668396 0.0098970628220646385 -0.0031404371933991932 -0.0058027041749648877 0.01296111525981445 0.0050754654983567989
leaf_weight=99.437457425054163 13142.543096855748 82.422036849427968 120.13112720358185 10.075932304374872 8.1251225825399143 107.49424904864281 217.83783637033775 125.85024770721793 788.46085000038147 35.446351433172822 237.64743027556688 25.964930697344244 60.33612243225798 834.87713242322206
leaf_count=23481 182292 16582 24731 1912 1769 1405 1933 2592 5054 701 4497 583 1547 4957
internal_value=-1.65235e-05 -0.00600598 -0.00217954 -0.0116029 -0.0139907 0.000112256 -0.00392765 0.000202209 0.00179823 -0.00215399 -0.00339242 -0.00015673 0.00729245 0.00298853
internal_weight=15896.6 320.192 202.553 117.639 107.563 15576.5 325.332 15251.1 2108.58 485.245 449.799 323.948 86.3011 1623.34
internal_count=274036 68475 41313 27162 25250 205561 3338 202223 19931 9920 9219 6627 2130 10011
cat_boundaries=0 1
cat_threshold=70
is_linear=0
shrinkage=0.03


Tree=161
num_leaves=15
num_cat=0
split_feature=152 156 63 150 14 104 56 82 59 110 98 154 19 149
split_gain=13.4708 7.13815 9.17968 11.1605 12.1135 10.248 9.92702 11.0469 10.1628 12.1897 13.4529 12.3917 10.0547 9.85375
threshold=0.0041745393042925327 -0.67294447324242579 2.8333333333333335 -0.012499999999999982 0.59821428571428581 0.73205128205128212 0.36038961038961054 -0.35000000000066694 0.49040404040564084 0.80277777777777792 0.13756492675312967 2.0826384122702293 0.18357843137254906 0.040000000000000001
decision_type=2 2 8 8 2 2 10 8 10 10 10 2 2 2
left_child=-1 2 3 4 -2 -6 7 8 9 -4 13 -12 -10 -11
right_child=1 -3 6 -5 5 -7 -8 -9 12 10 11 -13 -14 -15
leaf_value=-0.012141127169681975 -0.0049200342466432581 0.0006884243144147646 -0.0015076389430901187 -0.005814682275573955 0.0094730428729072978 -0.001930765392697034 -0.0034608236654677326 -0.00044308169226693622 -0.0075956196125121257 0.0041777410123873164 0.024568886668582351 -0.00069367578857837885 0.012451905482776662 -0.0083613442912759441
leaf_weight=67.042730320710689 207.56499999808148 7846.2232160158455 560.4789050326217 599.14256101334468 144.13793453061953 120.21273238677531 726.75495754415169 4887.5524278376251 16.295620883814991 477.070760817267 37.702039926778525 24.941348676104099 130.11392959882505 49.635025227908045
leaf_count=28215 2948 45833 12919 8532 2171 1571 15745 141868 944 6786 627 481 4703 693
internal_value=-1.62861e-05 4.65183e-05 -0.000584608 -0.00314865 0.000310996 0.00446198 -0.000181251 0.000211626 0.00265707 0.00164386 0.00460401 0.0163198 0.00972207 0.00279729
internal_weight=15894.9 15827.8 7981.6 1071.06 471.916 264.351 6910.55 6183.79 1296.24 1149.83 589.349 62.6434 146.41 526.706
internal_count=274036 245821 199988 15222 6690 3742 184766 169021 27153 21506 8587 1108 5647 7479
is_linear=0
shrinkage=0.03


Tree=162
num_leaves=15
num_cat=1
split_feature=152 105 109 35 147 9 153 13 0 109 54 126 137 51
split_gain=12.9494 6.93816 8.9705 12.0677 10.6749 9.74992 9.65384 15.5467 10.5649 10.4602 8.61226 9.68581 8.25458 11.3032
threshold=0.0041745393042925327 -0.013818257193432505 -0.5513354700854699 15.500000000000002 -0.068365920996105459 52.250000000000007 0.31612821231152272 0.82085561497326209 0 -4.030104166666665 0.32291666666666669 0.6830127018922193 120.50000000000001 0.17013400352940763
decision_type=2 2 10 10 8 2 2 2 1 8 10 2 2 8
left_child=-1 12 4 -4 5 -3 -6 -8 9 -9 11 -10 -2 -14
right_child=1 2 3 -5 6 -7 7 8 10 -11 -12 -13 13 -15
leaf_value=-0.011962689796194605 0.001272471615268919 0.0045856450042492322 -0.0025038693826213631 0.0025000857421942353 -0.00059477914444944538 -0.0026038456958862371 0.00038815898960881589 0.00038210493435856911 0.0072932177069834226 0.011328532310727472 -0.0035597274190225367 -0.0037329213643638149 -0.0046397593812377179 0.00884172954359831
leaf_weight=66.237490993691608 435.35140319936909 171.45199786499143 508.51954450528137 2571.9063884755597 5019.9881861247122 2039.6798929523211 3322.8630765769631 107.17360930237919 253.54203606769443 290.80880361841992 170.72457252559252 87.202536242082715 800.67394252680242 46.419254519511014
leaf_count=28215 9786 2760 15510 69078 53128 30761 32199 589 2406 3295 1392 930 23368 619
internal_value=-1.57652e-05 4.55161e-05 0.00023281 0.0016659 -0.000153959 -0.00201923 0.000294353 0.00134734 0.00478872 0.0083007 0.00170726 0.00443302 -0.00205667 -0.00376001
internal_weight=15892.5 15826.3 14543.9 3080.43 11463.4 2211.13 9252.3 4232.31 909.452 397.982 511.469 340.745 1282.44 847.093
internal_count=274036 245821 212048 84588 127460 33521 93939 40811 8612 3884 4728 3336 33773 23987
cat_boundaries=0 1
cat_threshold=537
is_linear=0
shrinkage=0.03


Tree=163
num_leaves=15
num_cat=1
split_feature=152 89 28 87 154 141 2 106 149 124 32 34 76 139
split_gain=12.68 7.96697 8.87158 9.91294 6.87406 6.47227 6.29514 7.85889 5.98288 9.96945 13.9002 10.7436 10.459 14.8454
threshold=0.018178758054825953 -0.23184142246642242 7.2540322580645169 0.4688888888849761 2.4246864496311145 13.500000000000002 0 0.81009615384615397 1.0000000180025095e-35 -0.74999999999999989 7.6055555555555561 0.33803656597774251 1735.0000000000002 3153.5000000000005
decision_type=2 8 8 10 2 2 9 2 2 8 10 2 10 2
left_child=1 2 -1 -4 6 -5 7 -3 -2 12 11 -11 -10 -14
right_child=8 4 3 5 -6 -7 -8 -9 9 10 -12 -13 13 -15
leaf_value=-0.0063626018437732317 0.00044903204212633972 -0.0081125159828072391 -0.001892183228156699 0.02231878463513632 0.0097013627269443153 -0.0038930899037845986 0.00039737550392461915 0.0059401277968193543 -0.0010126227348596379 -0.0036785627087142832 0.007420440192563502 0.0014413697439417993 0.012793645934948947 -0.0059755731077624462
leaf_weight=41.474525475874543 12514.297014464624 469.16262345504947 36.887759244767949 27.802476848941296 14.327243890380485 5.6275028968229881 133.35726897395216 28.136123131494969 244.20683644432575 1611.4206682983786 120.27496061194688 468.12580068875104 134.89692242816091 40.779112192802131
leaf_count=4232 141989 68838 5168 2636 1340 918 15817 3100 3003 17965 1658 5316 1546 510
internal_value=-1.51736e-05 -0.00376614 0.0032927 0.00910495 -0.00503665 0.0180672 -0.00558907 -0.00702958 0.000175937 -0.00112377 -0.00193367 -0.00252395 0.00303975 0.00830947
internal_weight=15890.8 756.776 111.792 70.3177 644.983 33.43 630.656 497.299 15134 2619.7 2199.82 2079.55 419.883 175.676
internal_count=274036 102049 12954 8722 89095 3554 87755 71938 171987 29998 24939 23281 5059 2056
cat_boundaries=0 1
cat_threshold=209
is_linear=0
shrinkage=0.03


Tree=164
num_leaves=15
num_cat=0
split_feature=156 50 112 121 99 102 128 100 123 56 152 87 54 31
split_gain=12.3735 7.55071 10.7024 13.9985 8.82348 7.5254 9.22783 8.91332 7.89442 7.76904 7.27992 13.4026 17.537 9.72759
threshold=-4.6651954996555949 -0.12346336204268658 -0.29322876197875297 0.020502311895754521 -0.31953552728024676 0.94281045751633996 0.13695553746683634 0.54006410256410264 -5.1666666666666563 -0.6201923076923076 0.063566368367825213 0.43775252525180502 0.36931818181818188 0.25337837837837845
decision_type=2 8 10 10 10 10 8 10 10 10 2 8 8 2
left_child=-1 2 -2 -4 -5 10 7 8 -7 -10 13 12 -12 -3
right_child=1 5 3 4 -6 6 -8 -9 9 -11 11 -13 -14 -15
leaf_value=-0.013744451058785646 0.0025636754301036038 -0.00051040262793494305 -0.0068022671716770457 -0.009030151570673885 0.011995238335441867 -0.0026058359162754734 -0.0071615325641001572 -0.0043786788648262362 -0.0039841068628034921 0.014596989193251888 -0.0033557658808419637 0.00030662382780224484 0.015949961471861271 -0.005322513813393972
leaf_weight=43.851075121900067 224.94379267678596 2571.4157099656295 483.8763333982788 12.29976665554568 51.567696822108701 32.760022346395999 35.281297408277169 39.97377184429206 16.844458523206413 140.47565207653679 61.505447972565889 11649.717314943671 95.338339637964964 429.1208935379982
leaf_count=18132 6067 111037 24572 689 2064 1086 1041 545 606 3942 545 87954 887 14869
internal_value=-1.39602e-05 3.70018e-05 -0.00282647 -0.0050494 0.00699876 0.000186462 0.0050559 0.00725325 0.00984079 0.0124339 9.4176e-05 0.00042971 0.00874723 -0.00122166
internal_weight=15889 15845.1 772.688 547.744 63.8675 15072.4 265.335 230.054 190.08 157.32 14807.1 11806.6 156.844 3000.54
internal_count=274036 255904 33392 27325 2753 222512 7220 6179 5634 4548 215292 89386 1432 125906
is_linear=0
shrinkage=0.03


Tree=165
num_leaves=15
num_cat=0
split_feature=156 10 125 101 77 58 19 107 98 110 48 110 35 137
split_gain=11.9504 7.30868 14.9256 13.4485 11.5651 9.57388 9.55802 9.82877 13.2237 9.34142 9.12484 9.11725 11.064 10.7972
threshold=-4.6651954996555949 451.00000000000006 0.25000000000000011 -0.014051387512184101 485.00000000000006 0.71008403361344552 0.20341435185185189 0.00065320161205253979 0.21262693903318905 0.72474747474747481 16.880377006959289 0.91987179487179505 15.500000000000002 148.50000000000003
decision_type=2 2 2 8 10 10 2 2 8 10 10 10 8 2
left_child=-1 2 3 -2 11 6 9 -8 -9 -4 -10 12 -5 -13
right_child=1 -3 5 4 -6 -7 7 8 10 -11 -12 13 -14 -15
leaf_value=-0.013576704919607323 -0.006178990106734031 0.00036039462434505259 -0.002476836717537045 -0.0046596194483794831 0.015915465986086685 -0.011532832243060754 -0.0079742488144395173 -0.0034637465318808035 0.011557680991225417 0.013665631752505085 -0.0066952555707396628 0.002807683100423417 0.003397849576676994 -0.0061463959454274237
leaf_weight=43.255482491804287 231.10418972489424 12641.765475651482 61.514804091537371 165.59187123226002 32.537019341951236 115.81779538770206 322.56145585491322 588.97266298369505 84.007060772739351 45.049696024740115 21.855808645952493 191.74131674016826 1056.4827219997533 285.03828576672822
leaf_count=18132 11160 192264 2826 3003 741 5991 7904 6116 1703 815 301 1430 19404 2246
internal_value=-1.39541e-05 3.58795e-05 -0.00124093 0.000390118 0.0013125 -0.00379658 -0.00285802 -0.00376432 -0.00168275 0.0051915 0.00742604 0.000895968 0.0022628 -0.00256963
internal_weight=15887.3 15844 3202.27 1962.5 1731.39 1239.78 1123.96 1017.4 694.836 106.565 105.863 1698.85 1222.07 476.78
internal_count=274036 255904 63640 37984 26824 25656 19665 16024 8120 3641 2004 26083 22407 3676
is_linear=0
shrinkage=0.03


Tree=166
num_leaves=15
num_cat=0
split_feature=156 50 112 121 96 116 28 102 128 100 123 56 151 87
split_gain=11.5416 6.99966 10.135 13.2459 9.45393 9.17663 9.76931 7.07378 8.74308 8.40341 7.37574 7.29803 6.78095 11.5677
threshold=-4.6651954996555949 -0.12346336204268658 -0.29322876197875297 0.020502311895754521 0.30384615384615393 -0.10249999999998634 7.488095238095239 0.94281045751633996 0.13695553746683634 0.54006410256410264 -5.1666666666666563 -0.6201923076923076 2.6137328127880433 0.44591840349069883
decision_type=2 8 10 10 2 10 10 10 8 10 10 10 2 8
left_child=-1 2 4 -4 -2 -5 -7 12 9 10 -9 -12 13 -3
right_child=1 7 3 5 -6 6 -8 8 -10 -11 11 -13 -14 -15
leaf_value=-0.013409920110278924 -0.00097314576886234989 0.0074896074644333049 -0.0066203316253009657 -0.0055550439464443985 0.012461392812769236 0.020382461728607387 -0.0061043218751085371 -0.0025408075001329359 -0.0070307414480117857 -0.0042942997782036089 -0.0039214896387843234 0.014069103061783163 -0.0012643568201846666 0.00027120240892229908
leaf_weight=42.675061654765159 176.89440621109679 188.25493557751179 480.66035794001073 25.085252691991627 48.363633060129359 29.638993520988151 9.528529081027953 32.66643227962777 35.067191538168117 39.853414474753663 16.779459783341736 142.04328351351433 2707.2411740194075 11911.991418998688
leaf_count=18132 4902 1791 24572 807 1165 1218 728 1086 1041 545 606 3942 120959 92542
internal_value=-1.40454e-05 3.4685e-05 -0.00272696 -0.00490074 0.00250921 0.00678143 0.0140328 0.000178356 0.00489023 0.0070153 0.00951006 0.011994 8.87195e-05 0.00039264
internal_weight=15886.7 15844.1 770.171 544.913 225.258 64.2528 39.1675 15073.9 266.41 231.343 191.489 158.823 14807.5 12100.2
internal_count=274036 255904 33392 27325 6067 2753 1946 222512 7220 6179 5634 4548 215292 94333
is_linear=0
shrinkage=0.03


Tree=167
num_leaves=15
num_cat=0
split_feature=151 53 55 20 137 32 116 126 67 115 105 139 48 56
split_gain=11.2194 6.83104 11.1607 10.9064 10.8895 10.5893 13.2326 11.8331 11.9207 11.058 10.4246 10.6721 10.6817 11.5086
threshold=5.5347719124473356 0.68752104377199441 0.68164821289883559 9.320381231671556 234.50000000000003 6.6770833333333348 0.037698412698385191 -0.24999999999999994 0.58333333333333337 0.048144924750499744 -0.0056408615926664884 314.50000000000006 16.162326000695646 1.0000000180025095e-35
decision_type=2 10 10 10 2 10 10 2 10 10 2 2 8 10
left_child=1 2 3 5 -4 -1 -7 8 9 -8 -3 -12 13 -13
right_child=-2 10 4 -5 -6 6 7 -9 -10 -11 11 12 -14 -15
leaf_value=1.8239344262108999e-05 -0.01374582548779135 -0.0052110383874919 0.00014449694536918003 -0.005024226996982995 0.012299277994777686 0.0050749266263535224 0.0019188889395935708 -0.0056657733740667513 -0.0082406350159219786 0.019342618006747168 -0.0088789205104881381 -0.003974247742188069 -0.0016129887853589826 0.0060617313293110141
leaf_weight=11979.026326480787 38.366674514021724 513.88670586468652 130.34215742885135 341.6423510031309 120.85827437974513 825.95682106353343 93.904725060099736 236.55389961926267 38.760272413026541 38.75373296556063 105.8789476188831 123.97824202640913 885.72634370229207 411.35799278086051
leaf_count=155102 17301 16593 4183 16453 4132 16674 3602 6774 475 773 2338 4775 16118 8743
internal_value=-1.36168e-05 3.25983e-05 0.000272568 0.000152927 0.00635596 0.000292336 0.0029211 -0.00146476 0.00432196 0.00845677 -0.0015809 -0.000320377 0.000403375 0.00369253
internal_weight=15885 15846.6 13805.8 13554.6 251.2 13213 1233.93 407.973 171.419 132.658 2040.83 1526.94 1421.06 535.336
internal_count=274036 256735 208168 199853 8315 183400 28298 11624 4850 4375 48567 31974 29636 13518
is_linear=0
shrinkage=0.03


Tree=168
num_leaves=15
num_cat=0
split_feature=156 10 123 115 9 126 13 84 35 35 27 121 8 13
split_gain=10.8578 6.81594 12.7952 11.6626 10.0731 10.6289 9.41312 9.25467 8.79617 13.171 17.4923 14.1035 13.5567 12.2445
threshold=-4.6651954996555949 451.00000000000006 -2.8333333333333424 -0.025555750452758725 56.750000000000007 1.0000000180025095e-35 0.78174603174603186 -0.96570753056281833 32.500000000000007 69.500000000000014 0.29724702380952389 0.0087912512558930376 4.5000000000000009 0.44097222222222227
decision_type=2 2 8 8 2 2 2 10 10 10 2 8 2 2
left_child=-1 2 -2 6 5 -5 -4 -6 13 -10 -11 -12 -13 -3
right_child=1 8 3 4 7 -7 -8 -9 9 10 11 12 -14 -15
leaf_value=-0.013119265524410673 -0.0043579340064077588 -0.0018918617051574616 -0.010673583464367984 0.0020672610456208885 -0.0047358599541906651 -0.0022250816000766479 0.0032609757600801218 0.012860522202142861 0.0026476244487734198 0.00085657816682952837 -0.0092500326681180297 -0.0040532948665413081 0.012068274711764736 0.00066303423144697536
leaf_weight=41.690259812865406 834.70690844627097 2807.8378221404273 138.82930586393923 1097.1742683518678 27.479344800347462 958.85204752231948 52.756394398398697 88.791608221363276 2865.5261241188273 2298.2177244704217 296.76464861561544 135.17785084247589 53.420425871154293 4187.2127650061157
leaf_count=18132 17668 42492 7709 16899 419 16775 2728 1442 43481 39446 3559 1304 879 61103
internal_value=-1.35101e-05 3.33548e-05 -0.00120054 -6.51842e-05 0.000578747 6.38593e-05 -0.0068783 0.00863586 0.000346545 0.00122547 -0.000244903 -0.00532979 0.00106583 -0.000364364
internal_weight=15884.4 15842.7 3198.59 2363.88 2172.3 2056.03 191.586 116.271 12644.2 5649.11 2783.58 485.363 188.598 6995.05
internal_count=274036 255904 63640 45972 35535 33674 10437 1861 192264 88669 45188 5742 2183 103595
is_linear=0
shrinkage=0.03


Tree=169
num_leaves=15
num_cat=0
split_feature=156 48 100 76 114 47 77 86 114 150 22 114 123 34
split_gain=10.6201 8.24375 7.42238 6.48956 7.85702 7.96036 6.81192 12.6268 8.08579 10.9073 8.65288 8.41422 9.38905 8.30207
threshold=-2.8618833197882751 16.880377006959289 0.48611111111111116 2368.3333333333335 -0.071428571428543808 0.11805555555555557 295.00000000000006 -0.51595795007912471 -0.1597222222221944 -0.09513035983624217 0.085651676829268317 -0.11110796882855992 -5.3333333333333419 0.26020833333333343
decision_type=2 10 10 10 10 10 10 8 10 8 2 10 10 2
left_child=1 -1 -3 6 -5 -6 -2 -8 9 10 -9 -10 -13 -14
right_child=3 2 -4 4 5 -7 7 8 11 -11 -12 12 13 -15
leaf_value=-0.0045520908694635905 2.6765319673565043e-05 -0.0021455562429298046 0.014074556667228634 0.0034590998031792685 -0.012696723728690226 -5.9702702881936701e-05 0.0062827248635176384 -0.0023059851307888984 0.0086236256131270572 -0.0076858267014230271 0.014644338452780186 0.008402465915670081 0.0015640127103500384 -0.0059985571577246353
leaf_weight=672.50349651416764 13386.942419311032 52.2519384494517 28.981361999409273 69.476435828022659 100.26110178418458 73.685381981544197 447.24921576492488 63.902672683820128 124.22631335817277 194.6463395729661 28.199810288846493 96.805285282433033 357.82813520729542 186.88189339265227
leaf_count=90769 150406 7086 2832 856 1348 784 4429 966 1646 2761 377 1572 6024 2180
internal_value=-1.36437e-05 -0.00345353 0.00493307 0.000160972 -0.00455269 -0.00777328 0.000242553 0.00214938 0.000329335 -0.00384632 0.00420797 0.00193686 0.000474548 -0.00112182
internal_weight=15883.8 753.737 81.2333 15130.1 243.423 173.946 14886.7 1499.74 1052.49 286.749 92.1025 765.742 641.515 544.71
internal_count=274036 100687 9918 173349 2988 2132 170361 19955 15526 4104 1343 11422 9776 8204
is_linear=0
shrinkage=0.03


Tree=170
num_leaves=15
num_cat=0
split_feature=151 53 55 20 55 32 116 126 67 115 87 75 16 102
split_gain=10.4588 6.47725 10.5933 10.1274 10.2098 10.0163 12.3358 11.2322 11.384 10.3856 9.40439 9.71273 11.8618 9.8781
threshold=5.5347719124473356 0.68752104377199441 0.68164821289883559 9.320381231671556 0.56981190106246993 6.6770833333333348 0.037698412698385191 -0.24999999999999994 0.58333333333333337 0.048144924750499744 0.33333333333030174 2050.0000000000005 24.620192307692324 0.37867647058823534
decision_type=2 10 10 10 10 10 10 2 10 10 8 10 2 10
left_child=1 2 3 5 -5 -1 -7 8 9 -8 -3 12 -12 -13
right_child=-2 10 -4 4 -6 6 7 -9 -10 -11 11 13 -14 -15
leaf_value=1.5369167988945526e-05 -0.013407807073035417 0.0070926447896947058 0.0061805960217441369 -0.0072339000723897805 0.0053516073692910209 0.0049083065931575806 0.0018786792872136943 -0.0055173425519166796 -0.0080967091892693369 0.018707204584680982 -0.0039274855856230671 0.0073623350367233486 0.0025718753923787527 -0.0052750994379774261
leaf_weight=11978.962861157488 37.288044737884775 93.335616818629205 252.18687295098789 278.95080844359472 60.631189148873091 828.98622737405822 94.012208782369271 235.3991103975568 38.548773311078548 39.34472989034839 1415.8386367063504 165.0391626835335 295.99600176536478 67.982469700975344
leaf_count=155102 17301 7463 8315 12510 3943 16674 3602 6774 475 773 31514 2162 5444 1984
internal_value=-1.26905e-05 3.14826e-05 0.000265006 0.000148237 -0.00485547 0.000282172 0.00283617 -0.00140578 0.00421532 0.0082331 -0.00154082 -0.00200626 -0.00279109 0.0035794
internal_weight=15882.5 15845.2 13807 13554.8 339.582 13215.3 1236.29 407.305 171.906 133.357 2038.19 1944.86 1711.83 233.022
internal_count=274036 256735 208168 199853 16453 183400 28298 11624 4850 4375 48567 41104 36958 4146
is_linear=0
shrinkage=0.03


Tree=171
num_leaves=15
num_cat=0
split_feature=151 10 125 101 77 148 13 55 89 13 126 101 139 145
split_gain=10.115 6.23848 14.1512 12.0043 10.905 10.2435 8.79452 10.4709 13.0389 12.1743 13.1028 10.3758 10.084 9.6536
threshold=5.5347719124473356 451.00000000000006 0.25000000000000011 -0.014051387512184101 485.00000000000006 0.66022679171480092 0.44949494949494956 0.38746438746481243 -0.021781363864579375 0.71825396825396837 0.6830127018922193 0.024312892698461992 1206.5000000000002 0.095454545454545472
decision_type=2 2 2 8 10 10 2 8 8 2 2 10 2 2
left_child=1 2 3 -1 6 -4 -5 11 12 13 -11 -8 -9 -10
right_child=-2 -3 5 4 -6 -7 7 8 9 10 -12 -13 -14 -15
leaf_value=-0.0058028303165913366 -0.013248157933666765 0.00033056197375377905 -0.002294134387578738 0.0034038950485258158 0.015417971262425377 -0.009294630945244688 0.0083095342891531532 0.017347375008204789 0.0070388906299902352 0.0070372317027208942 -0.0073307257831000524 -0.0062758731204410915 0.0016713120406997011 -0.009076857844136952
leaf_weight=228.86838566372171 36.793552226386964 12649.236629436491 1013.114380693296 711.81139555037953 32.971192497061566 221.29983027186245 36.710033159237355 56.756722610211 29.283275738358498 194.5044514585752 64.910041451686993 354.9189762105234 83.522513137664646 167.19424392306246
leaf_count=11103 17301 192913 17501 10981 744 8215 787 770 143 3591 1307 3785 1214 3681
internal_value=-1.20944e-05 3.11414e-05 -0.00114997 0.00043641 0.00130333 -0.00364567 0.000897026 -0.000933325 0.00156411 -0.000963094 0.00323792 -0.00465259 0.00907689 -0.00634605
internal_weight=15881.9 15845.1 3195.87 1961.45 1732.58 1234.41 1699.61 987.8 596.171 455.892 259.414 391.629 140.279 196.478
internal_count=274036 256735 63822 38106 27003 25716 26259 15278 10706 8722 4898 4572 1984 3824
is_linear=0
shrinkage=0.03


Tree=172
num_leaves=15
num_cat=0
split_feature=156 53 55 137 20 102 112 100 76 55 32 50 116 103
split_gain=9.88803 6.3693 10.4592 10.1577 9.28948 10.1622 10.8508 9.36479 9.17653 9.175 9.15967 8.89667 8.8676 10.4652
threshold=-4.8020008729355483 0.68752104377199441 0.68164821289883559 234.50000000000003 9.320381231671556 0.93933823529411775 -0.029629629629615312 0.66145833333333337 2241.6666666666674 0.56981190106246993 6.8786764705882364 -0.20989609762115966 0.034678499604967793 0.012586053457861736
decision_type=2 10 10 2 10 10 10 10 10 10 10 8 10 10
left_child=-1 2 4 -4 5 8 -7 -8 10 -6 11 -2 -12 -14
right_child=1 -3 3 -5 9 6 7 -9 -10 -11 12 -13 13 -15
leaf_value=-0.014051221216935228 -0.0071078475997593486 -0.0015309600544375578 0.00012867761818120805 0.011806407767882105 -0.006921426646662978 0.0013493506400286662 0.016196636765853256 -0.0049104244873772757 -0.0046512966923285774 0.0049680127809806126 0.0047695807783896659 0.00011560503579508501 0.0028229138791316341 -0.0072152654806636558
leaf_weight=30.020562230609357 140.56041119829752 2038.1582951634191 131.20833067572676 122.78906897292472 277.96171144372784 218.1828455242794 87.552657323656604 15.935573317576198 335.47155544906855 61.430929448688403 725.60521779512055 11321.893002012745 241.84933275636286 132.21588554093614
leaf_count=14068 3465 49871 4362 4295 12986 5574 3175 205 4458 4221 13693 143168 5187 5308
internal_value=-1.16101e-05 2.82394e-05 0.000259722 0.00611756 0.000143347 0.000271548 0.005417 0.0127363 0.000137075 -0.00465022 0.000270343 1.78526e-05 0.00286653 -0.000866534
internal_weight=15880.8 15850.8 13812.7 253.997 13558.7 13219.3 321.671 103.488 12897.6 339.393 12562.1 11462.5 1099.67 374.065
internal_count=274036 259968 210097 8657 201440 184233 8954 3380 175279 17207 170821 146633 24188 10495
is_linear=0
shrinkage=0.03


Tree=173
num_leaves=15
num_cat=0
split_feature=156 145 154 63 104 49 49 140 57 52 112 106 58 151
split_gain=9.58768 6.17678 10.3358 10.1207 12.068 11.5641 11.285 10.5873 13.1762 12.0338 13.4255 10.0585 9.79831 9.40317
threshold=-4.8020008729355483 0.19375000000000003 1.4693127104713464 6.166666666666667 0.67156862745098056 15.935039603714056 16.65737044764683 0.050884201810260682 0.21562349687368018 0.71825396825396837 -0.02222222222216411 0.97140522875817004 0.17156862745098042 1.2946333325561217
decision_type=2 2 2 10 2 8 10 2 8 10 10 2 10 2
left_child=-1 2 -2 5 6 11 12 8 -7 -9 -11 -4 13 -5
right_child=1 -3 3 4 -6 7 -8 9 -10 10 -12 -13 -14 -15
leaf_value=-0.013900866210454301 0.0064458758732372475 -0.00053213949177420311 -0.00088837245249735709 0.0041507351935262749 0.0074769972243672184 -0.0012634017163692481 -0.0057480027331900385 0.0006405329476442521 0.010455890399427204 0.00015663554970698262 -0.010147485115899836 -0.0076060325627805448 0.0066999800301453891 -0.0097756701103725481
leaf_weight=29.603495685616508 252.40267191641033 8365.6782776631881 614.24391064047813 77.466011613607407 364.05148424580693 143.73912011086941 164.94254672527313 4625.1755161732435 190.74796850979328 253.85887940973043 190.61300648376346 286.37027388811111 252.07024439796805 69.544059175997972
leaf_count=14068 1227 215558 3709 371 2296 894 1165 26985 1194 1556 1162 1554 1765 532
internal_value=-1.14616e-05 2.75962e-05 0.000652984 0.000437909 0.00333648 4.32535e-06 0.000539499 0.000531186 0.00558169 0.000182479 -0.00444933 -0.00311401 0.00325225 -0.00273238
internal_weight=15880.5 15850.9 7485.23 7232.82 928.074 6304.75 564.023 5404.13 334.487 5069.65 444.472 900.614 399.08 147.01
internal_count=274036 259968 44410 43183 6129 37054 3833 31791 2088 29703 2718 5263 2668 903
is_linear=0
shrinkage=0.03


Tree=174
num_leaves=15
num_cat=0
split_feature=156 49 77 58 138 28 147 31 105 35 49 63 97 58
split_gain=9.40916 7.90292 8.47853 8.88936 6.53021 8.1145 6.31431 6.13652 8.53976 6.76909 10.3371 9.48679 9.4633 8.37274
threshold=-2.8618833197882751 16.923923897479355 125.00000000000001 0.71825396825396837 0.077782169521299974 7.0161290322580649 -0.14114406280748423 0.3272546419098144 0.0015763292109108598 32.500000000000007 16.87979445926673 1.5833333333333337 0.36931818181818188 0.080128205128205135
decision_type=2 10 8 8 2 10 10 2 2 10 8 8 2 10
left_child=1 2 -1 4 -4 -6 -3 9 -9 11 13 -2 -12 -11
right_child=7 6 3 -5 5 -7 -8 8 -10 10 12 -13 -14 -15
leaf_value=-0.0082640522965995843 -0.0043554745978851882 -0.0033280873731451155 -0.0010366249333268681 -0.0046474513530342012 0.01528318950663733 -0.0063491133613892041 0.013329910800928855 0.0028650783033010263 -0.0071189005418772419 -0.0018405886867347483 -0.00071990803661915292 -6.7365057971583808e-05 -0.010422130893864442 0.0019712825373320642
leaf_weight=263.80945608229376 478.43438607733697 28.504548479686491 94.609914420871064 271.28617971809581 48.194902832387015 11.466112990397958 30.44105992722325 105.69796773511916 215.73612336628139 571.43365545198321 1132.0504456199706 7882.2737392066047 83.647082687355578 4660.544247418642
leaf_count=35839 3080 3671 11238 39644 5519 1456 3320 1269 1862 5893 13247 90833 1173 55992
internal_value=-1.1569e-05 -0.00326144 -0.00418878 -0.0014671 0.0040418 0.0106854 0.00623348 0.000152239 -0.00385448 0.000243022 0.000972283 -0.000320109 -0.00150637 0.00155088
internal_weight=15878.1 748.312 689.367 425.557 154.271 59.661 58.9456 15129.8 321.434 14808.4 6447.68 8360.71 1215.7 5231.98
internal_count=274036 100687 93696 57857 18213 6975 6991 173349 3131 170218 76305 93913 14420 61885
is_linear=0
shrinkage=0.03


Tree=175
num_leaves=15
num_cat=1
split_feature=151 105 145 122 102 108 132 85 5 100 101 0 20 55
split_gain=9.2064 6.59924 8.74772 8.13645 14.4831 13.4119 10.502 12.3794 10.0343 9.9019 17.5057 12.3885 9.50341 15.031
threshold=5.5347719124473356 -0.014636954497883622 0.55050505050505061 0.11894717209037943 0.35912698412698418 0.61651583710407254 0.078867874967165755 0.90340047890822472 1250.0000000000002 0.18465909090909094 -0.10498073381035687 0 9.320381231671556 0.6121212121239904
decision_type=2 2 2 2 10 10 2 10 2 10 10 1 10 10
left_child=1 2 -1 5 8 -3 7 -7 -5 11 -11 -8 -12 -14
right_child=-2 3 -4 4 -6 6 9 -9 -10 10 12 -13 13 -15
leaf_value=-0.00052462207249009171 -0.01280465695689244 0.00026710493831069276 -0.0062538061408587481 -0.0025104779251631406 -0.0027867624783483266 -0.004680275873014136 0.0051372094586442348 0.011066153742915674 0.001527383069207009 0.019788878475184069 0.0063073895406872624 -0.0080822044678465002 -0.0095324481274816041 0.0092790795465172472
leaf_weight=879.31549621885642 35.467343454016373 8445.4693770690355 316.49073147960007 720.42001747875474 1949.7610885894392 221.05696251126938 117.46672936924733 40.770452897064388 2233.2901044627652 65.328578653745353 631.06310129328631 91.033372316509485 82.514493879396468 48.446806182386354
leaf_count=11331 17301 95866 22982 10770 45448 7177 5319 1722 29556 2966 14209 4216 2829 2344
internal_value=-1.17052e-05 2.90203e-05 -0.00209964 0.000204783 -0.000790404 0.000706079 0.00352728 -0.00176156 0.000534826 0.00487017 0.00632011 -0.00092136 0.0048057 -0.00233503
internal_weight=15877.9 15842.4 1195.81 14646.6 4903.47 9743.15 1297.68 261.827 2953.71 1035.85 827.353 208.5 762.024 130.961
internal_count=274036 256735 34313 222422 85774 136648 40782 8899 40326 31883 22348 9535 19382 5173
cat_boundaries=0 1
cat_threshold=565
is_linear=0
shrinkage=0.03


Tree=176
num_leaves=15
num_cat=1
split_feature=156 105 53 150 151 118 129 14 40 117 100 9 59 0
split_gain=8.98602 6.21015 7.89647 8.49711 8.74108 7.74665 11.4293 20.4103 16.6498 10.3237 11.7217 9.93002 11.5421 9.72384
threshold=-4.8020008729355483 -0.013818257193432505 0.81251780626795778 0.54504870129870142 3.0563541271966739 -0.038216463850335454 5.5000000000000009 0.53571428571428581 1.0000000180025095e-35 0.075681203312905163 0.4393382352941177 57.250000000000007 0.44814814815132803 0
decision_type=2 2 10 8 2 8 2 2 10 10 10 2 10 1
left_child=-1 2 3 -2 -5 6 7 -3 9 10 13 -10 -13 -8
right_child=1 5 -4 4 -6 -7 8 -9 11 -11 -12 12 -14 -15
leaf_value=-0.013587472492419145 -0.0021127320739220668 -0.00086292481856829891 -0.0089782277704171225 0.010117441415081328 -0.004731255744806772 -7.6556978614949524e-05 0.0098417956411201522 0.00954289154399178 -0.0035107823186636381 0.0096578313480613059 -0.0066197592921841989 -0.0027225128342196624 0.016452055169129665 -0.001637108535200155
leaf_weight=28.758270291727968 1031.0769347476307 294.46537330863066 115.27325681084767 94.095654038712382 42.26787627581507 12529.624144195346 120.42937317141332 377.95775410835631 737.06319664162584 192.67970129172318 105.62025563861243 53.782484194263816 37.240454255370423 116.45629683881998
leaf_count=14068 27040 5333 4933 1258 3841 186648 3794 6444 11652 2108 1618 546 860 3893
internal_value=-1.13317e-05 2.61289e-05 -0.00196259 -0.00116476 0.00550212 0.000203107 0.0019124 0.00506661 0.000318396 0.00437482 0.0011223 -0.00233443 0.00634015 0.0047629
internal_weight=15876.8 15848 1282.71 1167.44 136.364 14565.3 2035.69 672.423 1363.27 535.186 342.506 828.086 91.0229 236.886
internal_count=274036 259968 37072 32139 5099 222896 36248 11777 24471 11413 9305 13058 1406 7687
cat_boundaries=0 1
cat_threshold=628
is_linear=0
shrinkage=0.03


Tree=177
num_leaves=15
num_cat=0
split_feature=156 53 105 139 48 56 58 16 103 110 139 32 59 119
split_gain=8.71504 5.91961 9.43827 10.1351 9.81028 11.0314 14.0928 9.74275 8.2636 10.1609 8.97816 9.31755 8.54914 8.72303
threshold=-4.8020008729355483 0.68752104377199441 -0.0056408615926664884 314.50000000000006 16.162326000695646 1.0000000180025095e-35 0.37980769230769235 27.083916083916083 -1.1813204182053478 0.94281045751633996 1299.5000000000002 4.7596153846153859 0.14891110387543452 1.0000000180025095e-35
decision_type=2 10 2 2 8 10 10 2 8 10 2 8 8 10
left_child=-1 8 -3 -4 5 -5 7 -7 9 10 -2 -12 13 -10
right_child=1 2 3 4 -6 6 -8 -9 12 -11 11 -13 -14 -15
leaf_value=-0.013440094434618376 0.0069773569383272758 -0.004950177673349038 -0.0086521920988049325 -0.0039418965883040299 -0.0015169875031552742 -0.0015667942874191033 0.012565530475823358 0.012025705443155935 -0.00049621152347191814 0.0081332427096596199 -0.013519673689838292 0.0022646632816311326 0.00034263146070706492 -0.006166642594141198
leaf_weight=28.37176924617961 62.804438755614683 509.49726193351671 105.07770813116804 123.92383229732513 883.43026013066992 211.84204754140228 155.80700082378462 45.242882430087775 723.69036115682684 242.08043752191588 53.659939686767757 58.838404270354658 12316.04945971421 355.77715178974904
leaf_count=14068 477 17101 2402 5069 16379 2562 5886 472 5903 1315 382 471 198731 2818
internal_value=-1.06146e-05 2.61142e-05 -0.00147842 -0.000281848 0.00042139 0.00356587 0.00587842 0.00135637 0.000249115 0.00433117 -0.00114644 -0.00596903 0.000117222 -0.00242401
internal_weight=15876.1 15847.7 2034.82 1525.32 1420.25 536.816 412.892 257.085 13812.9 417.383 175.303 112.498 13395.5 1079.47
internal_count=274036 259968 49871 32770 30368 13989 8920 3034 210097 2645 1330 853 207452 8721
is_linear=0
shrinkage=0.03


Tree=178
num_leaves=15
num_cat=1
split_feature=152 116 2 102 150 147 154 137 76 114 79 138 82 63
split_gain=8.50697 8.57787 11.1216 6.79897 6.63304 6.51841 6.32673 6.47866 6.08992 7.36293 5.93534 7.7336 7.61858 9.52498
threshold=0.01240987691140401 -0.11967959124209811 0 0.21651785714285718 0.18768939393939396 -0.44664357242794489 2.4462945366407971 20.500000000000004 2468.3333333333335 -0.071428571428543808 295.00000000000006 0.044183753038851435 -0.58333333333331427 10.583333333333334
decision_type=2 8 9 10 8 10 2 2 10 10 10 2 8 10
left_child=1 5 -3 4 -4 -1 7 -5 10 -10 11 -2 -12 -14
right_child=8 2 3 6 -6 -7 -8 -9 9 -11 12 -13 13 -15
leaf_value=-0.0079997984749104328 -0.0077230420641816629 0.0087871202435309739 0.015668928042904012 0.0064418211944957645 -0.0034248577398888502 0.0096619059159261684 0.0097274491934470405 -0.011811656418920341 0.0044955562762380987 -0.010756974629970552 0.0083023889479740438 7.9494835343292959e-05 7.5370552786947406e-05 0.012810640010299834
leaf_weight=13.516064392286351 100.24096243456006 23.584898593602702 4.6825939327245578 9.6406334993662295 82.508954805205576 50.507139137713239 3.1006832483690223 234.76234694477171 30.851409051567316 79.743986258283257 154.46274153422564 14416.371398484334 628.79962590988725 42.724617891013622
leaf_count=2944 1401 3852 717 1805 14227 8310 390 48085 445 1140 1500 178780 9243 1197
internal_value=-1.06978e-05 -0.00413701 -0.00593102 -0.00734192 -0.000250012 0.00512256 -0.00996292 -0.0107608 0.000105968 -0.00647341 0.000159671 1.76999e-05 0.00260998 0.00114783
internal_weight=15875.5 422.303 358.28 334.695 87.1915 64.0232 247.504 244.403 15453.2 110.595 15342.6 14516.6 825.987 671.524
internal_count=274036 80330 69076 65224 14944 11254 50280 49890 193706 1585 192121 180181 11940 10440
cat_boundaries=0 1
cat_threshold=264
is_linear=0
shrinkage=0.03


Tree=179
num_leaves=15
num_cat=0
split_feature=151 50 112 121 96 116 28 140 115 100 98 110 87 6
split_gain=8.3087 5.8403 9.17473 11.5124 9.06824 8.4169 8.79393 6.14357 6.11355 12.4535 13.3142 10.5277 7.70302 6.65923
threshold=5.5347719124473356 -0.12346336204268658 -0.29322876197875297 0.020502311895754521 0.30384615384615393 -0.10249999999998634 7.488095238095239 0.060315901082109345 -0.10713815504005877 0.28991596638655465 -0.20907347282347277 0.28869047619047622 0.54929029304184962 4.5000000000000009
decision_type=2 8 10 10 2 10 10 2 8 10 10 10 10 2
left_child=1 2 4 -4 7 -5 -7 -1 9 10 11 -3 -12 -11
right_child=-2 8 3 5 -6 6 -8 -9 -10 13 12 -13 -14 -15
leaf_value=0.0059766655468008684 -0.012328896796682703 -0.012257325086899827 -0.0062017678977579543 -0.0054951641169285982 0.012182023651752135 0.01917527753536637 -0.0059342835594928265 -0.0047899576262528457 8.6369363064543788e-05 0.0074981071226413367 0.020545032557730294 0.009718462940446081 -0.0014816215113625725 -0.0089158452593112794
leaf_weight=60.04935773066245 34.117764120688662 25.305030958144926 476.24478597380221 25.0012497829739 48.708415342029184 30.05416959465947 9.3623111658962426 116.70172341214493 14869.689089452848 19.303378005744889 65.752023175475188 23.562406375771388 15.02255601948127 55.331827782792971
leaf_count=2101 17301 1035 24405 808 1166 1203 707 2853 214757 760 4117 465 498 1860
internal_value=-9.30111e-06 2.88728e-05 -0.00250057 -0.0045838 0.00246942 0.00629003 0.0132194 -0.000950716 0.000159788 0.00513254 0.010338 -0.00186738 0.016858 -0.00412625
internal_weight=15874.2 15840.1 766.122 540.663 225.459 64.4177 39.4165 176.751 15074 204.277 129.642 48.8674 80.7746 74.6352
internal_count=274036 256735 33243 27123 6120 2718 1910 4954 223492 8735 6115 1500 4615 2620
is_linear=0
shrinkage=0.03


Tree=180
num_leaves=15
num_cat=0
split_feature=156 10 125 101 58 148 156 80 91 104 35 35 67 83
split_gain=8.10697 5.88932 13.366 11.5668 10.5229 9.76243 8.8877 8.82536 9.59925 12.8598 8.37724 12.3373 16.8096 12.2172
threshold=-4.8020008729355483 451.00000000000006 0.25000000000000011 -0.014051387512184101 0.63961038961038974 0.66022679171480092 -4.3195713098835729 -70.833333333333357 1.0000000180025095e-35 0.23431372549019611 32.500000000000007 69.500000000000014 1.0000000180025095e-35 0.13333333333325001
decision_type=2 2 2 8 10 10 2 8 2 2 10 10 10 8
left_child=-1 2 3 -2 7 -4 -3 8 9 -5 -8 -12 13 -13
right_child=1 6 5 4 -6 -7 10 -9 -10 -11 11 12 -14 -15
leaf_value=-0.013094826366395381 -0.005714952079556565 0.013341556219228681 -0.0022346344131974165 0.0068531532888675833 0.0094602979577864052 -0.0090905595659181351 -0.00042654657417133101 0.0017249860819825878 0.003819013211513836 -0.0099881440862435947 0.0025016475535294957 0.0069659983103412546 -0.0016892727254030416 -0.00075554579165347925
leaf_weight=27.492207450908609 228.20294506335631 31.985236998763867 1011.4678988668602 39.520267032436095 115.6644992439542 219.52002664038446 6977.186473031994 1287.7983846924035 97.50356297660619 192.17190821887925 2866.2999067925848 403.02803393709473 2050.5037984049413 325.22164466208778
leaf_count=14068 11739 10216 17814 554 3011 8516 99268 19904 1215 2382 41902 9018 23590 10839
internal_value=-8.58921e-06 2.64773e-05 -0.00112201 0.000418838 0.00126882 -0.00355196 0.000317154 0.00060131 -0.00367807 -0.00687345 0.000268352 0.00112609 -0.00029862 0.00357206
internal_weight=15873.6 15846.1 3191.85 1960.86 1732.66 1230.99 12654.2 1616.99 329.196 231.692 12622.2 5645.05 2778.75 728.25
internal_count=274036 259968 65135 38805 27066 26330 194833 24055 4151 2936 184617 85349 43447 19857
is_linear=0
shrinkage=0.03


Tree=181
num_leaves=15
num_cat=0
split_feature=151 150 13 99 41 62 13 118 21 40 103 108 16 85
split_gain=7.89268 6.02223 11.1323 14.2301 11.2068 10.8899 9.83039 11.5468 15.8436 10.5543 12.6569 13.1426 10.7841 9.71036
threshold=5.5347719124473356 0.27311577311577317 0.19375000000000003 0.036202883003170434 0.22500000000000003 9.5000000000000018 0.53137254901960795 -0.038216463850335454 5.5000000000000009 1.0000000180025095e-35 0.037859477277991611 0.53229166666666672 1.1339285714285838 -0.59531969440369414
decision_type=2 10 2 10 10 10 2 8 2 10 8 10 2 8
left_child=1 6 3 -3 5 -4 13 8 -8 10 -10 -12 -11 -1
right_child=-2 2 4 -5 -6 -7 7 -9 9 12 11 -13 -14 -15
leaf_value=0.0015643896045833166 -0.012094641899885333 -0.004177735406817519 0.0018124789180576552 0.0067126061871366953 -0.0040525419491066776 -0.0045140339381964179 0.0097577726159449648 0.00060507231545737659 0.013665292491366521 -0.0073683870060625416 -0.010268874543581868 0.0062389640699098223 0.0028156098438111539 -0.001205990573792212
leaf_weight=1477.8453918568557 33.479255337268114 151.99311605200637 859.90013308485504 299.8060923316516 1206.0471306620166 325.04715392820071 294.68157118977979 5826.6808419669978 95.061080448445864 161.20815294468775 52.375586592359468 107.06878288846929 187.13191407243721 4795.0701461260905
leaf_count=12176 17301 5839 21438 5803 17663 19801 4657 79893 1326 2643 717 3629 2500 78650
internal_value=-8.37069e-06 2.85932e-05 -0.00121845 0.00303239 -0.00203558 4.22966e-05 0.000302442 0.00109819 0.0042369 0.00136682 0.00583932 0.000399619 -0.00200706 -0.000551138
internal_weight=15873.4 15839.9 2842.79 451.799 2390.99 1184.95 12997.1 6724.21 897.527 602.846 254.505 159.444 348.34 6272.92
internal_count=274036 256735 70544 11642 58902 41239 186191 95365 15472 10815 5672 4346 5143 90826
is_linear=0
shrinkage=0.03


Tree=182
num_leaves=15
num_cat=0
split_feature=152 128 53 116 102 67 82 19 81 57 52 10 56 89
split_gain=7.75589 9.2294 9.55596 8.25951 11.3572 10.1153 8.00834 10.5404 7.66537 6.66306 6.62577 6.59997 6.74346 5.59037
threshold=0.018178758054825953 0.14214507139459878 0.68093964858659706 -0.077833832833840669 0.55718954248366026 1.0000000180025095e-35 -0.26666666666581779 0.16801075268817206 0.30000000000000077 1.0000000180025095e-35 0.32291666666666669 453.00000000000006 -0.2696969696969696 0.25388618989262374
decision_type=2 10 10 8 8 10 10 2 8 8 8 2 10 8
left_child=1 2 3 9 5 6 -5 -8 -9 11 -7 -1 -13 -14
right_child=-2 -3 -4 4 -6 10 7 8 -10 -11 -12 12 13 -15
leaf_value=-0.0032247789385792839 0.00013917123978979306 -0.0082577924153449944 -0.0074518521207112319 -0.0030142994644684834 -0.003522403233735056 0.010385124412131394 -0.0061270842104160081 0.034555021498233779 -0.002025840549076805 -0.0068694816067543032 -0.010395027149908698 0.0034488832632626918 0.029434571482352102 -0.00087191719999721599
leaf_weight=13.958310973714104 15137.23436199408 198.93898198893294 130.96296317386441 9.3353275932604429 264.95525971264578 7.9539862860692692 3.8005103556206477 16.97497997561004 4.2536038785474402 9.4934156127274019 21.327967520104721 28.636301432969045 18.703756780712869 5.5342335457680774
leaf_count=1773 171987 31936 19931 1018 34754 752 506 1956 534 985 2142 3056 2040 666
internal_value=-8.22156e-06 -0.00298651 -0.00085808 0.00146451 -0.000721825 0.00938498 0.0177728 0.0237502 0.0294213 0.00944974 -0.00314463 0.0126021 0.0165696 0.0248267
internal_weight=15872.1 734.83 535.891 404.928 328.602 63.6464 34.3644 25.0291 21.2286 76.326 29.282 66.8326 52.8743 24.238
internal_count=274036 102049 70113 50182 41662 6908 4014 2996 2490 8520 2894 7535 5762 2706
is_linear=0
shrinkage=0.03


Tree=183
num_leaves=15
num_cat=1
split_feature=156 105 109 115 101 122 100 147 105 0 9 106 153 13
split_gain=7.57672 5.67391 9.00272 10.3232 12.9297 13.0768 13.7031 9.90173 9.80962 9.73353 9.25632 9.04433 8.95694 14.2219
threshold=-4.8020008729355483 -0.013818257193432505 -0.5513354700854699 -0.0064950266718085447 -0.10498073381035687 0.12339043934788617 0.18465909090909094 -0.068365920996105459 -0.0016669909197083094 0 52.250000000000007 0.30277777777777787 0.31612821231152272 0.82085561497326209
decision_type=2 2 10 10 10 2 10 8 2 1 2 2 2 2
left_child=-1 -2 7 4 5 6 9 10 -6 11 -3 -4 -9 -14
right_child=1 2 3 -5 8 -7 -8 12 -10 -11 -12 -13 13 -15
leaf_value=-0.012776416894386322 -0.0018773706448021081 0.0044344172989928586 0.0086437730805865292 0.0032761115180000465 -0.0059122353198060255 -0.0090760577345277756 0.015440850517147475 -0.00061782642533465566 0.00010050949147613539 0.0062387035844001064 -0.0025618594640686751 -0.010992720649790143 0.00033417997088282594 0.0045375260006907331
leaf_weight=26.711957238498144 1279.2502989282366 172.02720679040067 16.731423375546001 1612.9612470583525 342.49907986982726 42.227888322900981 93.905038880649954 5022.1539558824152 769.01732383458875 159.90515675954521 2036.505222287029 60.235511672915891 3324.4074244784424 912.31862784223631
leaf_count=14068 37072 2787 1267 33024 14044 3917 4959 54375 24326 8752 30897 3051 32740 8757
internal_value=-7.29372e-06 2.62979e-05 0.000195259 0.00162621 -0.000181278 0.00454372 0.00660076 -0.000192878 -0.00180629 0.00238536 -0.00199067 -0.00542101 0.000238477 0.00125213
internal_weight=15870.9 15844.1 14564.9 3097.48 1484.52 373.005 330.777 11467.4 1111.52 236.872 2208.53 76.9669 9258.88 4236.73
internal_count=274036 259968 222896 93340 60316 21946 18029 129556 38370 13070 33684 4318 95872 41497
cat_boundaries=0 1
cat_threshold=138
is_linear=0
shrinkage=0.03


Tree=184
num_leaves=15
num_cat=0
split_feature=50 156 67 48 122 81 14 150 144 150 115 99 147 132
split_gain=7.40063 8.36907 10.6084 9.91765 8.77663 8.02932 7.6806 11.0502 7.46901 7.45503 6.55944 6.32879 6.32266 6.10916
threshold=-0.12346336204268658 -2.510821082402797 1.0000000180025095e-35 15.3710913069462 0.10797727272727274 3.1999999999999997 0.46428571428571436 -1.0000000180025095e-35 0.03325375200167139 0.18733288770053477 0.053874030330189275 -0.16176836452684382 -0.21070467061834577 0.090283241542092871
decision_type=8 2 10 10 2 8 2 10 2 10 10 10 8 2
left_child=1 4 3 -3 8 10 9 -8 -1 -5 -4 -9 -13 -6
right_child=-2 2 5 6 13 -7 7 11 -10 -11 -12 12 -14 -15
leaf_value=0.01392024259454072 0.0001415466330219837 -0.0096266245906911248 -0.0093000365380283435 -0.0087743286235698725 -0.010929121513425153 0.0079724330835676278 0.016503847114451586 -0.0059005557750984369 -0.0087622071219075875 0.0084435198095615116 0.00050210364471292329 0.015958065678239763 -0.002589651789064677 0.0064205772317775904
leaf_weight=18.331191544653851 15088.102487590397 30.532266434282064 179.4899779483676 43.810334808193147 188.76712004293222 27.997646308504045 74.349826920777559 43.45629236381501 8.7311285214964283 22.476739896461368 87.658244710415602 21.395543062128127 23.749928542412817 10.407110613421535
leaf_count=2763 231587 555 2744 829 29058 377 1357 771 565 429 1105 379 468 1049
internal_value=-7.06476e-06 -0.0028261 -0.000775878 0.00353836 -0.007494 -0.00456051 0.00577533 0.00904822 0.00608719 -0.00245532 -0.006228 0.00130817 0.00798819 -0.00963639
internal_weight=15869.3 781.153 554.917 259.771 226.237 295.146 229.239 162.952 27.0623 66.2871 267.148 88.6018 45.1455 199.174
internal_count=274036 42449 9014 4788 33435 4226 4233 2975 3328 1258 3849 1618 847 30107
is_linear=0
shrinkage=0.03


Tree=185
num_leaves=15
num_cat=0
split_feature=156 53 49 118 56 116 56 103 56 150 128 32 89 85
split_gain=7.27144 5.53745 9.31981 13.8783 11.8903 13.0621 9.45024 9.09504 11.314 8.80609 8.8029 9.11794 8.76331 7.79351
threshold=-4.8020008729355483 0.78206400081398908 16.219581476296302 0.014587358470170857 -1.0000000180025095e-35 -1.0000000180025095e-35 0.22649572649572652 -0.9581488895761181 0.40588235294117653 0.15257936507936512 0.17976396805225958 6.3405797101449286 0.37024891774891783 -0.67119780478788005
decision_type=2 10 8 10 10 10 10 8 8 8 10 10 10 8
left_child=-1 13 3 4 -3 10 12 8 -4 -8 11 -6 -7 -2
right_child=1 2 7 -5 5 6 9 -9 -10 -11 -12 -13 -14 -15
leaf_value=-0.012584847302492867 0.0015772565709301939 -0.0093470081029850549 0.0085187240687812499 -0.007666443187430514 0.0198112577053298 0.00059464693994306403 0.0069794930223591256 -0.0072070638764886834 -0.004597628905786611 -0.0083656415183978421 -0.0028782172709064494 -0.0019868629219014357 0.021559362862619957 -0.00016121051236078676
leaf_weight=26.256146197556518 2866.4980474926997 38.734326263424009 79.935895544942468 106.72006298508495 85.09587933216244 44.435171187855303 35.89575010840781 378.60028471692931 142.26056397589855 91.89395961817354 21.472584188333713 17.766748781199567 16.141655924031511 11916.717950209626
leaf_count=14068 24931 1987 1498 2377 1977 2017 446 11205 1697 2485 945 844 1163 206396
internal_value=-6.52228e-06 2.62094e-05 -0.00205385 0.00115239 0.00403459 0.00604413 0.000824753 -0.00446738 0.000361333 -0.00377485 0.0130114 0.0162725 0.00935124 0.000177139
internal_weight=15868.4 15842.2 1058.95 458.156 351.436 312.702 188.367 600.797 222.196 127.79 124.335 102.863 60.5768 14783.2
internal_count=274036 259968 28641 14241 11864 9877 6111 14400 3195 2931 3766 2821 3180 231327
is_linear=0
shrinkage=0.03


Tree=186
num_leaves=15
num_cat=0
split_feature=151 35 147 151 128 9 80 32 76 15 49 32 113 144
split_gain=7.08087 5.65918 12.1644 9.73292 9.14014 8.93077 9.8955 9.18679 8.52226 8.50176 12.7112 13.1344 12.5919 11.7563
threshold=5.5347719124473356 16.500000000000004 -0.1555950961097399 2.4973207021709536 0.079205766657689428 52.250000000000007 -148.33333333333323 6.3405797101449286 1701.6666666666667 -1.1213235294117643 15.935039603714056 6.3405797101449286 0.081122663862724195 0.052485557478752241
decision_type=2 8 10 2 8 2 8 10 10 2 10 8 10 2
left_child=1 2 3 8 -5 6 7 -3 -1 -4 -11 12 -12 -13
right_child=-2 5 9 4 -6 -7 -8 -9 -10 10 11 13 -14 -15
leaf_value=0.0032835488643006326 -0.011608107451452489 0.012498021721228669 -0.0047101451840464732 0.0069172723338161808 -0.012293980371390378 5.7302592546907362e-05 0.0016128736190672197 -0.0058581801641609437 -0.0087655994059338341 -0.0040750608104361515 -0.004267413302507685 0.01526848174259083 0.003066447566033297 0.0032995500481419453
leaf_weight=131.84769532084465 32.204575168667361 131.90157439874019 315.35199672949966 15.454458840074947 184.54627913201693 12628.679421453387 736.30872755718883 20.238778006285429 67.821472980082035 385.83679848082829 353.51563077734318 89.283828966319561 477.02825989597477 297.10738014033996
leaf_count=1271 17301 2352 4602 961 11815 198911 14762 716 642 5106 4999 4083 3868 2647
internal_value=-6.27655e-06 2.82822e-05 -0.0013364 -0.00599598 -0.0104305 0.000263508 0.00314496 0.00974955 -0.00113569 -0.000326518 0.000571654 0.0020766 -7.54895e-05 0.00653245
internal_weight=15867.1 15834.9 2317.79 399.67 200.001 13517.1 888.449 152.14 199.669 1918.12 1602.77 1216.94 830.544 386.391
internal_count=274036 256735 39994 14689 12776 216741 17830 3068 1913 25305 20703 15597 8867 6730
is_linear=0
shrinkage=0.03


Tree=187
num_leaves=15
num_cat=0
split_feature=156 10 125 77 110 13 55 89 145 111 102 119 31 148
split_gain=6.88984 5.48602 12.5838 10.946 12.6682 11.0781 10.2314 11.0934 12.3468 13.4051 12.7422 9.81764 9.73548 9.17416
threshold=-4.8020008729355483 451.00000000000006 0.25000000000000011 485.00000000000006 0.28869047619047622 0.44949494949494956 0.38746438746481243 -0.021781363864579375 0.095454545454545472 0.10043404087148629 0.43095238095238103 -0.087346526929850801 0.2245689655172414 0.66022679171480092
decision_type=2 2 2 10 8 2 8 8 2 10 8 10 2 10
left_child=-1 2 3 4 -2 -6 11 -8 -9 10 -10 -7 -5 -4
right_child=1 -3 13 12 5 6 7 8 9 -11 -12 -13 -14 -15
leaf_value=-0.01233673290800843 -0.01011198918249012 0.00030571670445112757 -0.0021726837272144904 -0.0046926465870961113 0.0033103405492879443 0.0057565290215369656 0.0076044586996750815 0.0091470699221015694 0.01034604717956087 -0.010747078459493173 -0.0032215718907629238 -0.0067553631492040887 0.019579109830974609 -0.008845971054144388
leaf_weight=25.680280891363509 90.316176495398395 12653.485418650205 1009.6071209911024 14.498186207143588 762.65129341592547 54.58308285404928 154.52254405838903 71.17312079668045 69.979714733199216 129.85224116244353 218.60723928944208 361.55330245324876 32.725847295601852 217.29461540759075
leaf_count=14068 6461 194833 17814 772 12761 667 2427 348 2028 1781 5928 4553 1079 8516
internal_value=-6.3299e-06 2.53114e-05 -0.00108408 0.000409719 6.9386e-06 0.000586714 -0.00139124 0.000981957 -0.00127204 -0.00329946 0.000417085 -0.00497104 0.0127926 -0.00344715
internal_weight=15866.5 15840.8 3187.36 1960.46 1913.24 1822.92 1060.27 644.135 489.612 418.439 288.587 416.136 47.224 1226.9
internal_count=274036 259968 65135 38805 36954 30493 17732 12512 10085 9737 7956 5220 1851 26330
is_linear=0
shrinkage=0.03


Tree=188
num_leaves=15
num_cat=1
split_feature=50 123 0 99 122 56 11 118 8 150 21 53 35 16
split_gain=6.75156 8.10689 8.43831 8.38389 7.56369 6.7419 6.57127 6.1127 13.67 11.373 8.43472 10.6427 7.83422 7.55157
threshold=-0.12346336204268658 9.166666666666659 0 -0.36320096937165663 0.11652964413532312 -0.87083333333333324 4.5000000000000009 -0.045719545421914302 3.5000000000000004 -0.52366946778711465 1.5000000000000002 0.68752104377199441 97.500000000000014 -9.2403846153846114
decision_type=8 10 1 8 2 8 8 8 2 8 2 8 10 2
left_child=1 3 4 6 -3 -5 -1 8 9 -2 -11 12 -12 -10
right_child=7 2 -4 5 -6 -7 -8 -9 13 10 11 -13 -14 -15
leaf_value=0.0060411241977744827 -0.009781254358025928 0.018304185307862566 -0.0029789429862405446 0.0096418916973079732 -0.0035620242248534861 -0.0061619066224412157 -0.0090977741385829015 -7.3959080506586289e-05 -0.0044247354793858348 -0.0060051613131912691 0.0095335828915363123 -0.0031673101871480375 -0.0019634700309365213 0.0013119023405322036
leaf_weight=101.22402298205998 30.667046703980304 35.699029760318808 66.135882064234465 12.409187086159363 13.870045808958819 529.51810335088521 18.99564595555421 13480.081062185811 285.71112306090072 38.212600448401645 477.59521380986553 75.492387293255888 54.633539288188331 645.44431864097714
leaf_count=6831 446 1307 3255 322 685 28907 1142 203307 6754 740 6011 1351 641 12337
internal_value=-6.30083e-06 -0.00270476 0.00423611 -0.00398459 0.0110658 -0.00555008 0.00290519 0.000135366 0.00187489 0.0050703 0.0059814 0.00686159 0.00833193 -0.000490542
internal_weight=15865.7 777.852 115.705 662.147 49.5691 541.927 120.22 15087.8 1607.76 676.601 645.934 607.721 532.229 931.155
internal_count=274036 42449 5247 37202 1992 29229 7973 231587 28280 9189 8743 8003 6652 19091
cat_boundaries=0 1
cat_threshold=564
is_linear=0
shrinkage=0.03


Tree=189
num_leaves=15
num_cat=0
split_feature=156 102 27 150 13 99 41 138 109 53 62 101 76 84
split_gain=6.6548 5.47491 8.93041 5.93631 9.6691 12.7007 10.8154 10.5831 9.62941 9.26515 9.2499 10.6951 20.1807 9.53166
threshold=-4.8020008729355483 0.060661764705882359 0.22524509803921572 0.27311577311577317 0.19375000000000003 0.036202883003170434 0.22500000000000003 0.066198824649528892 -4.8529513888888882 0.68093964858659706 9.5000000000000018 0.031736303843741667 1558.3333333333337 0.39389504470489645
decision_type=2 8 2 10 2 10 10 2 10 10 10 8 10 8
left_child=-1 2 -2 -3 5 -5 10 -7 -8 -9 11 12 -6 -14
right_child=1 3 -4 4 6 7 8 9 -10 -11 -12 -13 13 -15
leaf_value=-0.012178510960810372 0.015383255658757354 0.00024746436158187661 -0.00079227844396275208 -0.0040860033381797736 -0.0033857934834144086 0.013782549691848526 0.0070377649352138701 0.0074363317262219316 -0.0046586584796747153 -0.0046546945139713481 -0.0042073673779383968 -0.0017396279408449422 0.012101772879055244 -0.0020122401930066855
leaf_weight=25.321370683494024 39.569357241038233 12927.317155195517 67.125193377025425 151.53327155299485 160.07173165061977 94.070295933750458 54.046656468883157 109.50336877861992 1129.6876838306198 91.56276953080669 322.5161415837938 419.94232424010988 224.93887881236151 47.739188659703359
leaf_count=14068 522 187437 642 6056 5845 1930 434 1614 17021 2175 20751 6945 6321 2275
internal_value=-6.30011e-06 2.46621e-05 0.00636338 -2.43448e-05 -0.00127141 0.00271329 -0.00203829 0.00623306 -0.00404324 0.00198935 6.71357e-06 0.0016458 0.00487925 0.00965468
internal_weight=15864.9 15839.6 106.695 15732.9 2805.61 446.67 2358.94 295.136 1183.73 201.066 1175.21 852.692 432.75 272.678
internal_count=274036 259968 1164 258804 71367 11775 59592 5719 17455 3789 42137 21386 14441 8596
is_linear=0
shrinkage=0.03


Tree=190
num_leaves=15
num_cat=1
split_feature=151 35 147 151 128 35 9 36 106 104 76 0 48 49
split_gain=6.48837 5.35107 11.5169 9.22586 8.8381 8.45363 8.434 8.40371 13.8504 8.34768 8.1324 7.99085 8.83686 8.56768
threshold=5.5347719124473356 16.500000000000004 -0.1555950961097399 2.4973207021709536 0.079205766657689428 7.5000000000000009 52.250000000000007 -124.99999999999999 0.68990384615384626 0.90312500000000007 1701.6666666666667 0 16.644012329376832 15.935039603714056
decision_type=2 8 10 2 8 10 2 8 2 2 10 1 10 10
left_child=1 2 3 10 -5 -4 7 8 -3 -9 -1 12 -7 -13
right_child=-2 6 5 4 -6 11 -8 9 -10 -11 -12 13 -14 -15
leaf_value=0.0031769773755310465 -0.011225959566528507 0.00021513716912774998 0.0055635388827162315 0.0068062752132161848 -0.012059865248031489 -0.00074164613473196137 5.5117890004627804e-05 0.0031568503193233409 0.01606458726375418 -0.0045612858628166809 -0.0086071444002050832 -0.0073470926432114203 0.0064847614212834104 -0.0010666954284998364
leaf_weight=132.18801028653979 31.249225753475912 95.55402871966362 182.67236197227612 15.540671540191395 182.19542298605666 476.97684690274764 12627.589999366901 557.68295720010065 89.167664356180467 147.62884448911063 67.421095237135887 246.14919108618051 206.98014715511817 804.97305893909652
leaf_count=1271 17301 2768 2842 961 11815 6311 198911 12159 934 1969 642 3217 2641 10294
internal_value=-5.67677e-06 2.70733e-05 -0.00130083 -0.00584966 -0.0102018 -0.000320256 0.000255686 0.00305323 0.0084978 0.00148002 -0.00112669 -0.000982089 0.00151577 -0.00259575
internal_weight=15864 15832.7 2315.1 397.345 197.736 1917.75 13517.6 890.033 184.722 705.312 199.609 1735.08 683.957 1051.12
internal_count=274036 256735 39994 14689 12776 25305 216741 17830 3702 14128 1913 22463 8952 13511
cat_boundaries=0 1
cat_threshold=225
is_linear=0
shrinkage=0.03


Tree=191
num_leaves=15
num_cat=0
split_feature=156 102 27 103 148 57 101 75 140 98 128 48 87 118
split_gain=6.30751 5.26941 19.8872 11.3291 7.04408 7.01173 10.8565 18.1283 14.7364 13.4995 10.4277 8.7852 7.46195 8.1216
threshold=-4.8020008729355483 0.06458333333333334 0.22944819819819823 -1.2753882748096304 -0.060900503621420903 0.32766122766118627 0.04752526004904889 2150.0000000000005 0.054029207487255052 0.1152653183329254 0.061490761781564644 16.423934043740292 0.76797850298074399 0.029181937351161421
decision_type=2 8 2 10 10 10 10 10 2 10 10 10 10 10
left_child=-1 2 3 -2 -4 -3 10 8 9 -8 11 -7 -11 -14
right_child=1 5 4 -5 -6 6 7 -9 -10 12 -12 -13 13 -15
leaf_value=-0.011936076085148689 -0.0017077916682663649 0.00010611478197793284 -0.0052427367332514834 0.015269720662838382 0.0030692497928212765 -0.0086572782668650327 -0.0055005206885768224 0.013696103526440682 -0.0051616785978829526 -0.0029469280099362178 -0.009700402146016961 0.0086419333723296559 0.014444083179637256 0.00030060969153515739
leaf_weight=24.783441768726334 43.867978076683357 14197.329249129049 174.11886440450326 122.39716633060016 164.47058823984116 28.606408229679801 94.917725417297333 59.723667031154037 447.94981699855998 42.291698409477249 248.39727296424098 53.410562916891649 108.24330984824337 52.861166020156816
leaf_count=14068 517 241243 2167 1691 847 417 832 447 4019 627 4748 746 1048 619
internal_value=-5.69006e-06 2.42538e-05 0.00299473 0.0110197 -0.00124625 -7.63785e-05 -0.00232799 -0.000413012 -0.00178979 0.00327817 -0.00677845 0.00220257 0.00747129 0.0102243
internal_weight=15863.4 15838.6 504.855 166.265 338.589 15333.7 1136.4 805.987 746.264 298.314 330.414 82.017 203.396 161.104
internal_count=274036 259968 5222 2208 3014 254746 13503 7592 7145 3126 5911 1163 2294 1667
is_linear=0
shrinkage=0.03


Tree=192
num_leaves=15
num_cat=1
split_feature=156 49 77 144 153 100 80 111 0 147 76 114 47 77
split_gain=6.22485 7.45962 8.1613 8.68872 8.93022 11.0214 8.4827 7.70788 8.1483 5.79011 5.78477 7.34323 7.69974 6.00694
threshold=-2.8618833197882751 16.923923897479355 125.00000000000001 0.045178308518216963 0.36061877803980896 0.48611111111111116 308.33333333333343 -0.21432233837236597 0 -0.14114406280748423 2368.3333333333335 -0.071428571428543808 0.11805555555555557 295.00000000000006
decision_type=2 10 8 2 2 10 10 10 1 10 10 10 10 10
left_child=1 2 -1 4 -4 7 -7 8 -6 -3 13 -12 -13 -2
right_child=10 9 3 -5 5 6 -8 -9 -10 -11 11 12 -14 -15
leaf_value=-0.0076555531870945532 3.4452402850590405e-07 -0.0028848067110671502 -0.0031534905781125514 -0.011630942879121158 -0.0031968843769804916 0.022038276392335052 -0.0052707234350188661 -0.0080775366144061507 0.012966257132012923 0.013251326119760654 0.0033829298939847766 -0.012361147434749824 8.5435095529934953e-05 0.00199115081986167
leaf_weight=256.37146412977017 13384.812997931615 27.806166835944168 216.15497271250933 44.063521667500027 42.70139315945562 32.013058568234555 6.7289127575932062 41.819633753155358 34.080738671822473 30.52051950909663 69.605492115952075 98.892911912873387 73.326850667595863 1503.8641557982191
leaf_count=35839 150406 3671 32988 3079 6391 3193 743 6003 5460 3320 856 1348 784 19955
internal_value=-5.45739e-06 -0.00267841 -0.00360149 -0.000933253 0.000729152 0.00587326 0.0171479 0.000678583 0.00598834 0.00654223 0.000126428 -0.00433792 -0.00747945 0.000203232
internal_weight=15862.8 732.26 673.934 417.562 373.499 157.344 38.742 118.602 76.7821 58.3267 15130.5 241.825 172.22 14888.7
internal_count=274036 100687 93696 57857 54778 21790 3936 17854 11851 6991 173349 2988 2132 170361
cat_boundaries=0 1
cat_threshold=163
is_linear=0
shrinkage=0.03


Tree=193
num_leaves=15
num_cat=1
split_feature=50 112 121 96 99 116 28 102 155 34 2 112 106 109
split_gain=6.0933 9.27795 11.2075 8.41452 8.3326 7.78356 7.94566 5.93065 9.17146 10.5298 8.44188 9.24291 6.04979 8.1
threshold=-0.12346336204268658 -0.29322876197875297 0.020502311895754521 0.30384615384615393 -0.31953552728024676 -0.10249999999998634 7.488095238095239 0.94281045751633996 0.22097931566515078 0.27066256830601099 0 0.0055555555555126075 0.46770833333333339 -0.11249999999999936
decision_type=8 10 10 2 10 10 10 10 2 2 9 10 2 10
left_child=1 3 -3 -1 -4 -6 -7 -2 10 -10 12 -12 -9 -14
right_child=7 2 4 -5 5 6 -8 8 9 -11 11 -13 13 -15
leaf_value=-0.00088126297226877716 4.6695654629814548e-05 -0.0062317534401830502 -0.0092670170626188864 0.011731823379240671 -0.0028302737860101857 0.023152349133610986 -0.0039864496358159359 -0.0043336331447609818 -0.010679288938815572 0.01165661826370986 0.0058709280431195098 0.029660456588384745 -0.0037840466028878825 0.013319566637795641
leaf_weight=176.43237453885376 14818.076939943363 482.90445923130028 12.590220386511644 49.290809837519191 20.347339730826207 25.207045751158148 7.6579730137018478 62.091179745038971 50.458582919556648 12.914704871363936 46.756411144859158 16.325188714079559 32.050965999020264 48.930871515884064
leaf_count=5327 223722 32484 896 1197 629 1157 759 2312 1878 299 1264 702 370 1040
internal_value=-5.18737e-06 -0.00257455 -0.00464422 0.00243245 0.00600032 0.0108561 0.0175611 0.000129121 0.00441936 -0.0047677 0.00737534 0.0146647 0.00201938 0.00701683
internal_weight=15862 774.43 548.707 225.723 65.8026 53.2124 32.865 15087.6 269.528 63.3733 206.155 63.0816 143.073 80.9818
internal_count=274036 42449 35925 6524 3441 2545 1916 231587 7865 2177 5688 1966 3722 1410
cat_boundaries=0 1
cat_threshold=212
is_linear=0
shrinkage=0.03


Tree=194
num_leaves=15
num_cat=2
split_feature=151 105 109 115 10 54 0 31 118 1 128 116 114 107
split_gain=6.04342 5.27164 9.51332 9.56377 16.0227 17.4673 10.2381 10.7182 10.2042 9.30059 11.1838 9.94725 9.60614 9.21472
threshold=5.5915465080447468 -0.014636954497883622 -0.38656249999999964 -0.0064950266718085447 449.00000000000006 0.5590277777777779 0 0.26854395604395609 -0.088558015607168264 1 0.18897766794648821 0.17471688034188451 -0.067025613275609422 0.014983437607078905
decision_type=2 2 10 10 2 10 1 2 10 1 8 10 10 2
left_child=1 -1 -3 4 -4 8 -7 9 -6 10 11 -8 -11 -5
right_child=-2 2 3 13 5 6 7 -9 -10 12 -12 -13 -14 -15
leaf_value=-0.0018829866667332755 -0.011390507081451371 -0.00019292278648299084 -0.0065684777033745449 0.0050590028421155101 0.0062892162742454339 -0.00081713055520894762 0.018298753646453184 -0.0068950140312677008 -0.0030020060955732626 -0.0071876707984327454 -0.00335491791583571 -0.0053605749245374673 0.010015265374176446 -0.00021539769560757971
leaf_weight=1187.6397942462936 26.83757052605506 11800.973518528161 256.466198202339 981.10069833649322 113.93498769798316 146.54314426763449 171.8351051468635 24.963149401708506 604.82589235343039 46.414074631524272 23.854730821680278 11.016474197851492 40.934696692158468 423.73785051493905
leaf_count=34719 15373 135194 15343 23237 3311 6979 8076 780 17777 1873 1560 729 2586 6499
internal_value=-3.57488e-06 2.64868e-05 0.000183087 0.00173526 1.31531e-05 0.00150274 0.00593491 0.00869798 -0.00143074 0.0105735 0.0135906 0.016575 0.00105721 0.00348263
internal_weight=15861.1 15834.2 14646.6 2845.63 1440.79 1184.32 465.561 319.018 718.761 294.055 206.706 182.852 87.3488 1404.84
internal_count=274036 258663 223944 88750 59014 43671 22583 15604 21088 14824 10365 8805 4459 29736
cat_boundaries=0 1 2
cat_threshold=706 9
is_linear=0
shrinkage=0.03


Tree=195
num_leaves=15
num_cat=0
split_feature=156 138 102 27 53 105 54 65 140 59 115 28 119 89
split_gain=5.91175 5.18311 5.33662 7.74925 5.70212 9.02588 8.9574 11.3599 11.8205 10.4243 15.6407 10.5203 9.70241 9.2408
threshold=-4.8020008729355483 0.044183753038851435 0.060661764705882359 0.22524509803921572 0.68093964858659706 -0.0056408615926664884 0.70294117647058829 1.0000000180025095e-35 0.053371897905840564 0.40625890313337248 -0.0064950266718085447 1.7638888888888891 -0.10067168670110124 0.080903050322693168
decision_type=2 2 8 2 10 2 10 10 2 8 8 10 10 10
left_child=-1 -2 3 -3 6 -6 13 8 -8 -10 -11 -12 -13 -4
right_child=1 2 4 -5 5 -7 7 -9 9 10 11 12 -14 -15
leaf_value=-0.011645918269726396 -0.0061093753673186176 0.014741796491009278 0.00032183359845751796 -0.00046999237850798691 -0.0047934595550693871 -0.0002821348363213535 0.0099051901677769689 -0.0019044562553624173 -0.0050921977066649259 -0.0023514447498826515 -0.0035211475397945694 0.0012970397256514279 0.021482513625196528 -0.0023032284645240044
leaf_weight=24.158071024459787 108.00407480157446 39.453039326705039 11269.357984089642 65.506422518286854 519.67008580546826 1582.9241603882983 266.42482906684745 277.63519453664776 122.83667658560444 124.75049111351836 25.665037605213001 31.764896367210895 66.931557405623607 1336.4508118546801
leaf_count=14068 2069 505 160147 619 17522 34031 7616 4495 1313 6629 552 613 1421 22436
internal_value=-3.78313e-06 2.49785e-05 7.28798e-05 0.00637631 2.44605e-05 -0.00142319 0.000250893 0.00309053 0.00525675 0.0016722 0.00510749 0.0120375 0.0160141 4.11214e-05
internal_weight=15861.5 15837.4 15729.4 104.959 15624.4 2102.59 13521.8 916.009 638.373 371.949 249.112 124.361 98.6965 12605.8
internal_count=274036 259968 257899 1124 256775 51553 205222 22639 18144 10528 9215 2586 2034 182583
is_linear=0
shrinkage=0.03


Tree=196
num_leaves=15
num_cat=1
split_feature=50 123 0 99 121 28 13 63 103 80 52 58 119 89
split_gain=5.75866 7.37697 7.9546 7.84972 8.54948 7.26765 6.00547 5.81543 14.5097 9.06139 10.0824 8.42673 10.6142 10.3499
threshold=-0.12346336204268658 9.166666666666659 0 -0.36320096937165663 0.0087912512558930376 3.2071428571428577 0.53589743589743599 2.5833333333333335 -1.1813204182053478 -66.666666666666615 0.12916666666666668 0.55050505050505061 -0.097304414335651276 -0.22526699284511784
decision_type=8 10 1 8 8 10 2 8 8 10 8 10 8 8
left_child=1 3 5 4 -1 -3 -7 8 -2 10 -10 12 13 -11
right_child=7 2 -4 -5 -6 6 -8 -9 9 11 -12 -13 -14 -15
leaf_value=0.0066693204498027058 0.0057284336777243382 0.02150060505396947 -0.0029233621678718645 -0.0052661357541979844 -0.010244510426284421 -0.0092637132920881365 0.0098072063896567953 0.00044532332943866582 0.0065460820722274297 -0.0039628233874094993 -0.00071515479858068928 -0.0085304800427615686 -0.0029021278137477502 0.0076996453184190522
leaf_weight=99.226759409997612 254.64701489778236 20.487279096269049 65.961119844927453 536.42292493314017 20.871538709499873 13.575530486763457 16.071914771921001 11677.337404967868 201.25865231151693 97.756981774931774 831.91581684711855 184.73289568477776 1673.2756701266626 167.60392227105331
leaf_count=6629 1432 726 3255 29229 1344 598 668 206191 1376 756 6180 2034 12194 1424
internal_value=-3.47716e-06 -0.00250431 0.00409699 -0.0037371 0.00291883 0.0106876 0.000896203 0.00012694 -0.000960143 -0.00152427 0.000772744 -0.00263952 -0.00201698 0.00342112
internal_weight=15861.1 772.617 116.096 656.521 120.098 50.1347 29.6474 15088.5 3411.19 3156.54 1033.17 2123.37 1938.64 265.361
internal_count=274036 42449 5247 37202 7973 1992 1266 231587 25396 23964 7556 16408 14374 2180
cat_boundaries=0 1
cat_threshold=564
is_linear=0
shrinkage=0.03


Tree=197
num_leaves=15
num_cat=0
split_feature=151 76 114 36 94 82 145 10 110 147 107 81 139 138
split_gain=5.70676 5.12472 6.26998 5.33263 10.1388 8.44095 8.20866 11.0416 9.63051 11.1218 8.25843 7.41051 8.28672 11.3032
threshold=5.5915465080447468 2468.3333333333335 -0.10588989441930606 -224.99999999999997 0.2752525252525253 -0.63333333333503095 0.42261904761904767 483.00000000000006 0.18465909090909094 -0.091101928110181973 0.0060249740636870589 1.1750000000000009 3675.5000000000005 0.069521405926761787
decision_type=2 10 8 8 2 8 2 2 10 8 2 8 2 2
left_child=1 3 -3 4 11 -6 -7 10 -9 -10 -8 12 13 -1
right_child=-2 2 -4 -5 5 6 7 8 9 -11 -12 -13 -14 -15
leaf_value=0.01036816156065355 -0.011141785689495117 0.0056965726430135448 -0.0092016215294427849 -6.1727040592824865e-05 0.015300666577566863 0.00045411052334201076 -0.0043638553209432336 -0.0030877912412081944 0.032771867961816345 -0.00067902359350076043 0.013996674647271669 -0.0087720662110106293 -0.0067662174069447615 -0.0011178741576711739
leaf_weight=108.34250291285571 26.288758457754739 22.25963595113717 90.931948150624521 14831.888210377772 54.212062152801082 257.43896214244887 56.231757694506086 10.235566545859909 22.739716409356333 10.940020300098693 17.129072104464285 70.824467403464951 82.454056308721192 198.95638336113188
leaf_count=1878 15373 432 1728 238046 543 2422 3528 697 1027 338 631 2478 1645 3270
internal_value=-3.07037e-06 2.59493e-05 -0.00594808 7.45901e-05 0.00231092 0.00554782 0.00360221 0.00967763 0.0193713 0.0250451 0.00157146 -0.000783457 0.000939495 0.00322576
internal_weight=15860.9 15834.6 113.192 15721.4 889.505 428.927 374.715 117.276 43.9153 33.6797 73.3608 460.577 389.753 307.299
internal_count=274036 258663 2160 256503 18457 9186 8643 6221 2062 1365 4159 9271 6793 5148
is_linear=0
shrinkage=0.03


Tree=198
num_leaves=15
num_cat=0
split_feature=152 89 28 81 19 34 119 147 94 137 106 35 35 112
split_gain=5.64255 7.3065 9.27593 9.2733 5.75723 8.05503 8.91774 6.8454 6.16605 5.71451 5.67936 11.2947 13.4459 8.01708
threshold=0.018178758054825953 -0.23184142246642242 7.2540322580645169 1.1750000000000009 0.18357843137254906 0.19752141982864138 0.03975357975358141 -0.21922018734702911 0.12132352941176472 1044.5000000000002 0.34495192307692313 188.50000000000003 133.50000000000003 -0.36105098605097879
decision_type=2 8 8 10 2 2 10 10 2 2 2 10 8 10
left_child=1 2 -1 -4 -3 6 7 -6 -9 -7 11 12 13 -2
right_child=10 4 3 -5 5 9 -8 8 -10 -11 -12 -13 -14 -15
leaf_value=-0.0058878622023099403 0.012389808452289137 -0.010585718262209068 0.017760285605039894 -0.0021661662728922298 -0.0012051629943611742 -0.004678435343709212 -0.008037936903973697 -0.0038838300284785832 0.023532072567725482 0.0082753337705643391 -8.3182757586770759e-05 -0.013600454154352222 0.015781879229774354 0.0011605662503405474
leaf_weight=40.388023640145548 44.700443860143423 82.707157128839754 38.11036524490919 29.930782350478694 20.246333585004322 449.61960002721753 16.190537462942302 4.4739065308822346 22.412745004985482 19.334332825499587 13459.151792582124 27.289635681547225 47.723755578510463 1558.1507762139663
leaf_count=4232 721 13850 4443 4279 4195 62072 2341 611 3042 2984 141576 537 851 28302
internal_value=-2.08671e-06 -0.00256289 0.00421141 0.0101868 -0.00382912 -0.00251789 0.00653164 0.0122687 0.0192129 -0.00390443 0.000122713 0.00176043 0.00213459 0.0015857
internal_weight=15860.4 723.414 108.429 68.0411 614.985 532.277 63.3235 47.133 26.8867 468.954 15137 1677.86 1650.57 1602.85
internal_count=274036 102049 12954 8722 89095 75245 10189 7848 3653 65056 171987 30411 29874 29023
is_linear=0
shrinkage=0.03


Tree=199
num_leaves=15
num_cat=0
split_feature=53 112 94 145 82 32 149 57 137 63 76 36 154 57
split_gain=5.50785 8.55414 11.0781 9.60982 7.77881 11.5554 9.49456 9.19109 8.85651 8.61897 8.54725 10.158 10.1065 10.0076
threshold=0.78206400081398908 -0.016666666666613612 0.21825396825396828 0.07417582417582419 -0.46666666666533269 5.2554347826086962 0.040000000000000001 0.26111111111121471 84.500000000000014 1.8333333333333337 2036.6666666666667 -224.99999999999997 1.7271110081475349 0.10416666666666673
decision_type=10 8 2 2 8 10 2 10 2 8 10 10 2 10
left_child=4 2 -2 -3 5 6 10 9 -9 -6 11 -1 13 -13
right_child=1 3 -4 -5 7 -7 -8 8 -10 -11 -12 12 -14 -15
leaf_value=0.009425385567974438 0.0054972415817282775 0.0072991395789690156 -0.0038523262284822801 -0.0053369305329677421 -0.0031826912378026886 0.0054238590377756659 -0.003927502513280709 0.0038213950042954147 -0.010110421874518494 7.8799176756106214e-05 0.0060278700169616355 0.0075097256507043759 -0.00056319259921608898 0.00042017479250403624
leaf_weight=100.21337417792529 229.91349280439317 46.561180137097836 199.27473313780501 584.80365598527715 775.40182936366182 500.66169331246056 356.30152934754733 46.684698760975152 141.21647947852034 9414.7960107786348 277.81398522888776 297.83826368534938 2464.445031710784 423.94281309330836
leaf_count=888 5906 250 5646 21119 5930 6919 3646 618 2084 191421 2271 1900 22384 3054
internal_value=-1.27189e-06 -0.00207416 0.00117268 -0.0042573 0.000149226 0.00120078 0.000642869 -0.000299837 -0.0066224 -0.00017369 0.00111429 0.00067343 0.000355288 0.00343896
internal_weight=15859.9 1060.55 429.188 631.365 14799.3 4421.22 3920.55 10378.1 187.901 10190.2 3564.25 3286.44 3186.23 721.781
internal_count=274036 32921 11552 21369 241115 41062 34143 200053 2702 197351 30497 28226 27338 4954
is_linear=0
shrinkage=0.03


Tree=200
num_leaves=15
num_cat=2
split_feature=156 81 128 153 24 149 150 0 29 138 99 128 29 2
split_gain=5.53212 5.02789 8.953 8.91307 9.36124 8.17612 7.1278 10.8809 8.96881 9.0404 7.47128 7.24129 6.87447 10.8297
threshold=-4.8020008729355483 -1.1750000000000005 0.058348901915936072 0.29174904617558722 2.6754385964912282 0.016675936225435676 0.30205415499533156 0 1.5000000000000002 0.074748915690427839 0.13016225886182306 0.13128839265900955 1.5000000000000002 1
decision_type=2 8 8 2 10 2 8 1 2 2 10 10 2 9
left_child=-1 2 -2 4 -4 -6 8 -8 9 -5 -11 -9 13 -3
right_child=1 12 3 6 5 -7 7 11 -10 10 -12 -13 -14 -15
leaf_value=-0.011352339585660173 0.012226957616426884 0.0028293118856037255 -0.0082624418420281648 -0.0021736931365543876 0.0025540139020083135 -0.0080781197439073749 -0.0095397612132308747 -0.0029874213668515752 0.0090621653918781398 -0.0011255265047684859 0.0096444448820894903 0.0089500292086601759 -0.0010941677609526393 -9.0302373143634905e-05
leaf_weight=23.544948940281756 54.132283158134669 1298.9157168703387 136.6788785092067 237.79423625394702 321.20500851189718 65.776701580034569 72.379418830387294 80.279588982928544 228.96039717271924 85.124675398226827 149.35115839960054 76.476272826083004 4644.3313947131392 8383.2187257332262
leaf_count=14068 574 20893 1241 1593 3718 716 1066 1182 1516 580 967 1058 79822 145042
internal_value=-7.68308e-07 2.68385e-05 0.00166561 0.00115158 -0.00194388 0.00051283 0.00289707 -0.00161755 0.00437526 0.00189399 0.00590191 0.00293842 -0.000147238 0.000307976
internal_weight=15858.2 15834.6 1508.16 1454.03 523.661 386.982 930.366 229.135 701.23 472.27 234.476 156.756 14326.5 9682.13
internal_count=274036 259968 14211 13637 5675 4434 7962 3306 4656 3140 1547 2240 245757 165935
cat_boundaries=0 1 2
cat_threshold=200 392
is_linear=0
shrinkage=0.03


Tree=201
num_leaves=15
num_cat=0
split_feature=10 152 123 16 9 125 5 99 84 99 138 102 28 148
split_gain=5.38475 13.4179 11.5876 9.9555 8.52504 11.9212 10.7436 9.77943 9.36755 9.2784 8.8079 8.62956 10.1214 10.7328
threshold=451.00000000000006 0.0077983361164995187 -2.8333333333333424 -8.190909090909086 56.750000000000007 0.25000000000000011 1450.0000000000002 0.19202089465108924 -0.90777426536438977 0.067772263781888706 0.081702445457867909 0.56458333333333344 4.8047619047619055 -0.21861891684238796
decision_type=2 2 8 2 2 2 2 10 8 10 2 10 10 10
left_child=1 -1 3 -3 5 6 -4 9 -6 10 -8 12 -7 -14
right_child=-2 2 4 -5 8 11 7 -9 -10 -11 -12 -13 13 -15
leaf_value=-0.013336306304963659 0.00027680596724000882 -0.0052144293575060018 -0.0012774209200331825 0.0037765738497501445 -0.0062775218445321685 -0.003621118605721489 0.0076050981364193292 0.011409498646290425 0.01125711579271868 -0.0028677792500705224 -0.0011842991742712793 -0.009502265634995205 -0.0060872946083411978 0.010411184326175148
leaf_weight=63.726046928321011 12665.926167689497 691.13864120980725 688.05040323548019 120.26811206713319 25.253633245360106 467.3849996603094 290.58175952965394 114.5474832826294 100.75309683848172 203.86137259844691 149.03142050513998 141.44884066283703 40.74090563133359 94.20652528014034
leaf_count=20346 202854 12106 10974 1699 315 6264 5299 1211 1744 2460 2702 3460 783 1819
internal_value=-9.03992e-07 -0.00109935 -0.000787517 -0.00383741 0.00029889 -0.000160411 0.00142502 0.00385518 0.00744896 0.00228114 0.00468468 -0.00321006 -0.00153745 0.00531958
internal_weight=15856.9 3190.99 3127.27 811.407 2315.86 2189.85 1446.07 758.022 126.007 643.475 439.613 743.781 602.332 134.947
internal_count=274036 71182 50836 13805 37031 34972 22646 11672 2059 10461 8001 12326 8866 2602
is_linear=0
shrinkage=0.03


Tree=202
num_leaves=15
num_cat=3
split_feature=151 76 87 50 0 36 82 2 139 84 153 94 34 0
split_gain=5.25931 5.00174 8.56497 8.24016 6.83052 5.62148 10.3015 9.49165 10.6329 9.06723 9.13815 8.1881 7.59116 7.21692
threshold=5.5915465080447468 2368.3333333333335 0.78433862433909496 0.067063791636346806 0 -224.99999999999997 -0.58333333333331427 1 3675.5000000000005 -0.56863481128894566 0.33115956764440213 0.32291666666666669 0.25192307692307697 2
decision_type=2 10 8 8 1 8 8 9 2 10 2 2 2 1
left_child=1 5 4 -4 -3 6 -1 -8 9 -9 13 -10 -12 -11
right_child=-2 2 3 -5 -6 -7 7 8 11 10 12 -13 -14 -15
leaf_value=0.0092051011200318892 -0.010792517518426151 -0.0054782637678371954 -0.012799085850370743 9.8794695508976885e-05 0.0086961466260734865 -4.2349044416550899e-05 0.012186897407361284 -0.010012376596011327 -0.012839462615431138 0.0037826599566096915 0.011851941350210476 0.0036037942005061612 -0.0019115774073134376 -0.0041798608024573901
leaf_weight=149.42497669893783 25.541849640547298 31.537120101973414 96.63819907407742 73.83708397753071 49.775181047152728 14722.664681791211 35.827000768505968 41.231111270259134 76.255231243441813 187.22693827096373 118.01051237131469 31.032810310018249 44.339961276622489 173.05374071607366
leaf_count=1537 15373 808 1321 699 1459 236549 851 587 2100 3930 3625 841 590 3766
internal_value=-1.08564e-06 2.65254e-05 -0.00404651 -0.00765649 0.00353569 9.61826e-05 0.00243745 0.000845532 -0.000187944 0.00151148 0.00267459 -0.00822464 0.0082492 -6.67626e-05
internal_weight=15856.4 15830.9 251.788 170.475 81.3123 15579.1 856.402 706.977 671.15 563.862 522.631 107.288 162.35 360.281
internal_count=274036 258663 4287 2020 2267 254376 17827 16290 15439 12498 11911 2941 4215 7696
cat_boundaries=0 1 2 3
cat_threshold=658 256 572
is_linear=0
shrinkage=0.03


Tree=203
num_leaves=15
num_cat=0
split_feature=156 108 85 67 133 27 130 124 152 49 123 151 24 59
split_gain=5.25527 11.4452 11.1997 10.0798 9.63966 10.3051 12.445 9.6499 9.63614 9.43718 10.0174 9.58718 8.88506 8.77742
threshold=-0.8324463741746323 0.17156862745098042 -0.81283091524771101 0.83333333333333337 2.5000000000000004 0.27113095238095242 0.08855014895729893 -1.7499999999999998 0.46570839807042735 15.94873370381538 -4.8333333333333419 1.6581827230727291 4.4037037037037043 0.3402777777797989
decision_type=2 10 8 10 2 2 2 10 2 8 10 2 10 10
left_child=4 2 -2 8 -1 6 -6 -7 13 10 -4 -11 -13 -3
right_child=1 3 9 -5 5 7 -8 -9 -10 11 -12 12 -14 -15
leaf_value=-5.5394320053988397e-05 0.002121921034858777 0.0036278800939032367 0.0037531587678213945 -0.0022086705463113315 -0.0027422450016692215 0.0051844575374611884 0.005515100890225934 -0.0077165307160250423 0.012149306307831757 -0.00011778730682466076 -0.0073910391034664813 -0.0073431175550636935 0.0038580644926094233 0.00064813576824762913
leaf_weight=5702.212124044192 1056.4435059763491 1539.3284903354943 79.578615110367537 532.31492173671722 726.47523267625365 48.533888507750817 196.32557588908821 433.82741508539766 70.471463993191719 2628.1224888190627 370.8942340426147 302.2105466350913 69.65018954500556 2099.958728082478
leaf_count=176693 5733 10040 474 3104 26633 1291 5622 10040 288 14049 2187 2916 681 14285
internal_value=-1.06962e-06 0.000490822 -0.000561208 0.00160657 -0.000606333 -0.00281787 -0.000925383 -0.00630126 0.00216071 -0.00138834 -0.00536485 -0.000767518 -0.00517687 0.00191821
internal_weight=15856.3 8748.97 4506.9 4242.07 7107.37 1405.16 922.801 482.361 3709.76 3450.46 450.473 2999.98 371.861 3639.29
internal_count=274036 53757 26040 27717 220279 43586 32255 11331 24613 20307 2661 17646 3597 24325
is_linear=0
shrinkage=0.03


Tree=204
num_leaves=15
num_cat=0
split_feature=53 49 104 112 56 104 99 85 56 21 28 82 32 35
split_gain=5.19955 8.31822 12.7309 9.48507 8.2309 11.9165 8.51697 7.90158 11.0548 8.15278 7.33015 6.99844 10.8718 9.2509
threshold=0.78206400081398908 16.219581476296302 0.23431372549019611 -0.029629629629615312 -1.0000000180025095e-35 0.78869047619047628 0.20049171884707645 -0.87098242932673497 0.40588235294117653 3.5000000000000004 5.3245614035087732 -0.46666666666533269 5.2554347826086962 34.500000000000007
decision_type=10 8 2 10 8 2 8 8 8 2 8 8 10 10
left_child=11 2 -2 4 -4 6 -6 8 9 -3 -5 12 13 -1
right_child=1 7 3 10 5 -7 -8 -9 -10 -11 -12 -13 -14 -15
leaf_value=-0.00081928011735916723 -0.009237189598272303 -0.0032897579731527354 -0.0050164407233207328 0.0050052252503303436 0.021899003588058269 -0.0012939374949327757 -0.0013868217723539845 -0.007448348999396389 -0.0049388431892041932 0.012467033034463998 -0.0048357113613037711 -0.0002809500925626769 0.0052304838110756461 0.0020858149571847235
leaf_weight=2008.2148501425982 74.930771352024749 39.419989987276495 22.702804915956222 109.69212918647099 63.103692856850103 39.604997760499828 15.169237993424757 316.4835466009099 179.29851893545128 62.578182519064285 135.26182722114027 10372.330262772855 502.46894439472817 1912.7237934849691
leaf_count=17068 3270 695 1201 1594 2275 1537 211 11321 2279 1252 7286 200053 6919 17075
internal_value=-8.40684e-07 -0.00201718 0.00100017 0.00326127 0.00905488 0.0120253 0.0178889 -0.00430901 -0.000578706 0.00673635 -0.000394341 0.000145272 0.00114228 0.00060044
internal_weight=15854 1058.25 460.465 385.535 140.581 117.878 78.2729 597.78 281.297 101.998 244.954 14795.7 4423.41 3920.94
internal_count=274036 32921 17374 14104 5224 4023 2486 15547 4226 1947 8880 241115 41062 34143
is_linear=0
shrinkage=0.03


Tree=205
num_leaves=15
num_cat=1
split_feature=50 123 13 99 121 56 0 53 58 100 49 35 58 55
split_gain=5.11356 7.03374 7.79872 7.37615 8.21781 6.37418 6.1062 6.25683 6.02705 17.3909 12.4122 15.3398 10.4119 9.84122
threshold=-0.12346336204268658 9.166666666666659 0.37980769230769235 -0.36320096937165663 0.0087912512558930376 -0.87083333333333324 0 0.32007575757468965 0.17156862745098042 0.75735294117647067 16.509440127061684 71.500000000000014 0.12916666666666668 0.13394660894846314
decision_type=8 10 2 8 8 8 1 10 8 10 10 10 10 8
left_child=1 3 -3 4 -1 -5 -4 -8 9 12 -11 -12 -2 -10
right_child=8 2 6 5 -6 -7 7 -9 13 10 11 -13 -14 -15
leaf_value=0.0065222486915417792 -0.0020771160279345066 -0.0056785455092623277 0.014775568465039855 0.00963273004654756 -0.010095350589604275 -0.0056769657762051669 -0.010283550572704237 0.0072958166538893325 0.0039982479722183882 -0.0015548984586322952 0.0040272736565568424 -0.0034361390660645548 -0.0086868906784431238 0.00025144243416968338
leaf_weight=99.609030853840522 643.23021609068383 37.972403551219031 34.356288348906673 12.409630356822163 20.638394222944044 520.26675056910608 18.004175115609542 25.781082674860954 656.37521951564122 1572.8256534760585 1064.4777707891772 309.15293412830215 317.52102121606003 10520.551541275228
leaf_count=6629 9208 1836 1332 322 1344 28907 521 1558 7595 11977 7961 2548 3228 189070
internal_value=-6.52995e-07 -0.00236288 0.00407545 -0.00357366 0.00286679 -0.00506624 0.0089665 -0.000608689 0.000122009 -0.000890107 0.000258187 0.00232857 -0.00436156 0.000476541
internal_weight=15853.2 769.038 116.114 652.924 120.247 532.676 78.1415 43.7853 15084.1 3907.21 2946.46 1373.63 960.751 11176.9
internal_count=274036 42449 5247 37202 7973 29229 3411 2079 231587 34922 22486 10509 12436 196665
cat_boundaries=0 1
cat_threshold=564
is_linear=0
shrinkage=0.03


Tree=206
num_leaves=15
num_cat=0
split_feature=151 58 129 98 54 148 49 105 44 140 34 45 155 7
split_gain=5.05545 5.03725 10.5275 9.12143 10.5159 8.92563 8.9566 8.43907 10.1226 15.2301 12.9198 11.103 10.8766 10.5047
threshold=5.5915465080447468 0.06458333333333334 2.5000000000000004 0.035110394317983636 0.34313725490196084 -0.10125991080652358 16.85986744705588 0.02321586835051204 1.0000000180025095e-35 0.093207705829657067 0.24090608465608468 0.10555555555555557 0.15188213447804613 3.5000000000000004
decision_type=2 8 2 8 10 8 10 2 10 2 2 10 2 2
left_child=1 2 -1 4 5 -4 -7 -3 9 10 -9 13 -10 -11
right_child=-2 7 3 -5 -6 6 -8 8 12 11 -12 -13 -14 -15
leaf_value=-0.0080916511957047493 -0.010626236485738695 -0.00013135756570203401 0.0075516746012916853 -0.0090786566472680283 0.012098490929366299 -0.0069648284399943033 0.0048503307790489971 0.0039380569196218723 -0.00073072069352240619 -0.00094863045597948529 -0.0050641167576062221 -0.0070566179024548533 0.0063563925719239325 0.011489481167867825
leaf_weight=194.71567444805987 25.195670166518539 13284.945195207838 78.202173070749268 66.294707141816616 59.610309174284339 166.02894488605671 72.206010086112656 186.2917426652275 273.71641208836809 86.292485291836783 499.64344655594323 43.581711931037717 638.05340633052401 177.90415458567441
leaf_count=2201 15373 232392 1008 926 726 1902 687 2965 2645 949 5489 426 4453 1894
internal_value=-4.44646e-07 2.65156e-05 -0.00255552 6.69091e-05 0.00196561 -0.000404376 -0.00330862 0.000137215 0.0019961 -0.000105704 -0.00258728 0.00528812 0.00425143 0.00759422
internal_weight=15852.7 15827.5 637.058 442.342 376.047 316.437 238.235 15190.4 1905.48 993.714 685.935 307.778 911.77 264.197
internal_count=274036 258663 7450 5249 4323 3597 2589 251213 18821 11723 8454 3269 7098 2843
is_linear=0
shrinkage=0.03


Tree=207
num_leaves=15
num_cat=0
split_feature=10 152 123 16 9 125 84 15 122 102 28 21 123 27
split_gain=5.05232 12.7369 11.0181 9.42242 8.03847 11.2722 8.89111 8.70234 13.1866 8.23685 9.54977 8.10548 7.34772 9.83238
threshold=451.00000000000006 0.0077983361164995187 -2.8333333333333424 -8.190909090909086 56.750000000000007 0.25000000000000011 -0.90777426536438977 0.71651785714285776 0.12729377104377107 0.56458333333333344 4.8047619047619055 7.5000000000000009 -7.3333333333333419 0.3272546419098144
decision_type=2 2 8 2 2 2 8 2 2 10 10 2 8 2
left_child=1 -1 3 -3 5 7 -6 8 -4 10 -7 -10 13 -2
right_child=12 2 4 -5 6 9 -8 -9 11 -11 -12 -13 -14 -15
leaf_value=-0.013079907640043161 0.0038362078230955148 -0.005088217130405602 0.00072929344605533503 0.0036535797756971186 -0.0061741353935750049 -0.0035232718174290668 0.010906169662740231 -0.0039063005926206623 0.010315883130714179 -0.0092969825872678338 0.0051525563997108356 -0.0035864878501839508 7.8445133068653913e-05 -0.009358164028047249
leaf_weight=62.548338191932999 763.88629878323991 688.51664119586349 967.99684179620817 120.5752028375864 25.137644470669329 466.18803597707301 101.50987733434886 221.79064183216542 219.93898412585258 140.28919489542022 135.45866420352831 37.200822511687875 11860.639349443023 40.261227451264858
leaf_count=20346 14933 12106 14683 1699 315 6264 1744 3372 3910 3460 2602 681 187385 536
internal_value=-5.60253e-07 -0.00106532 -0.000763465 -0.00374268 0.000294928 -0.000152245 0.00722117 0.00138742 0.00238141 -0.00312289 -0.00149212 0.00821778 0.000268334 0.00301634
internal_weight=15851.9 3187.15 3124.6 809.092 2315.51 2188.86 126.648 1446.93 1225.14 741.936 601.647 257.14 12664.8 804.148
internal_count=274036 71182 50836 13805 37031 34972 2059 22646 19274 12326 8866 4591 202854 15469
is_linear=0
shrinkage=0.03


Tree=208
num_leaves=15
num_cat=0
split_feature=35 147 128 123 150 106 140 140 49 118 103 7 94 128
split_gain=4.97499 11.2116 9.59737 11.7282 9.0218 8.44917 10.8061 13.7726 12.3184 9.94093 9.61998 8.89128 7.81511 9.12743
threshold=16.500000000000004 -0.08870080097957117 0.07728157800291123 0.83333333333334292 0.09661478227654699 0.32843137254901966 0.075683877347611297 0.08081055778201171 16.29932389291935 -0.015124133148052958 0.24266278053876134 3.5000000000000004 0.32291666666666669 0.11978004471360588
decision_type=8 10 8 10 10 2 2 2 10 10 10 2 2 10
left_child=1 2 3 -1 -5 -3 9 -8 -9 11 -10 -7 -4 -14
right_child=-2 5 12 4 -6 6 7 8 10 -11 -12 -13 13 -15
leaf_value=-0.0050112575851929035 0.00021907473615984701 0.0066408555276128945 -0.007637028868154253 0.023374678595205103 -0.0023162684820887194 0.013875051193288511 0.011742663946111398 -0.0041370158113906595 0.004751316973586224 -0.005954720348166076 -0.0074139734331488891 -0.0023305437757214515 -0.0079422275724955384 0.0042151012515438263
leaf_weight=43.845906754373573 13535.41719334689 147.25967900606338 451.94871010887437 20.300172809744254 15.077505682711488 33.563107608701102 88.07279103982728 342.07064700254705 421.56814667128492 422.3508361998247 53.891036316636018 72.539164520218037 76.065097742131911 127.82348205335438
leaf_count=1632 230282 3515 17012 571 601 450 805 2979 3512 4652 671 908 2383 4063
internal_value=-1.16709e-06 -0.00128125 -0.00430202 0.00488806 0.014996 0.00015016 -0.000578198 0.00140849 0.000103672 -0.00392766 0.00318786 0.00387938 -0.00549663 -0.000553909
internal_weight=15851.8 2316.38 735.061 79.2236 35.3777 1581.32 1434.06 905.603 817.53 528.453 475.459 106.102 655.837 203.889
internal_count=274036 43754 26262 2804 1172 17492 13977 7967 7162 6010 4183 1358 23458 6446
is_linear=0
shrinkage=0.03


Tree=209
num_leaves=15
num_cat=0
split_feature=138 35 76 35 121 89 32 55 49 98 150 50 56 125
split_gain=4.91476 5.14482 10.0898 10.3084 18.3899 10.345 9.97845 10.5475 9.21883 14.7372 19.1149 13.8362 15.5065 13.4968
threshold=0.044183753038851435 32.500000000000007 1408.3333333333337 69.500000000000014 0.020502311895754521 -0.44834220266912567 7.6754385964912286 0.62503006253003457 16.159121417653903 0.056497651143790857 0.27311577311577317 0.12084027558887024 0.36038961038961054 1.0000000180025095e-35
decision_type=2 10 10 10 10 8 10 10 8 10 10 10 10 2
left_child=-1 8 3 5 -5 -3 -7 -8 9 -2 -11 12 -10 -13
right_child=1 2 -4 4 -6 6 7 -9 11 10 -12 13 -14 -15
leaf_value=-0.0059839220767602527 -0.0032103403324619151 0.016381854093618888 0.0014036693294403025 -0.0053115561185778743 0.0047671258227224194 -0.00061458775519256646 0.013328824800166533 -0.007040527911293927 -0.00014031770293986619 0.0082975081098084404 -0.0026989760705593696 0.0049297619653896931 -0.006055500790422645 -0.00021221011440503758
leaf_weight=107.60002254776191 1927.1362450434826 22.628334200824611 4853.2999577923911 789.04653319425415 191.83898907364346 960.45273363951128 77.999445987283252 19.858920795377344 4106.7006792234024 245.16705986578017 302.11733878822997 907.4902566280216 426.86023841926362 912.8730607049074
leaf_count=2178 27256 236 80056 17051 4042 17342 2538 1454 80290 7334 12401 7872 6175 7811
internal_value=-5.76019e-07 4.59746e-05 0.000657974 -0.00109477 -0.00329828 0.000922559 0.000367691 0.00880881 -0.000433699 -0.00198121 0.00231706 0.000172199 -0.000715398 0.00237051
internal_weight=15851.1 15743.5 6915.12 2061.82 980.886 1080.94 1058.31 97.8584 8828.34 2474.42 547.284 6353.92 4533.56 1820.36
internal_count=274036 271858 122719 42663 21093 21570 21334 3992 149139 46991 19735 102148 86465 15683
is_linear=0
shrinkage=0.03


Tree=210
num_leaves=15
num_cat=0
split_feature=81 128 153 24 112 121 126 24 109 84 123 137 15 55
split_gain=4.88668 8.44722 8.37955 8.89411 8.07689 8.11026 8.8892 6.75351 6.59523 11.8654 13.2353 10.9887 10.4463 8.96091
threshold=-1.1750000000000005 0.058348901915936072 0.29174904617558722 2.6754385964912282 0.24768518518516205 0.00785857650146673 -0.24999999999999994 4.1277173913043486 -4.030104166666665 -0.56863481128894566 4.3333333333333153 104.50000000000001 -0.48529411764705793 0.12508903133857532
decision_type=8 8 2 10 10 8 2 10 8 8 10 2 2 8
left_child=1 -1 3 -3 5 6 -5 -8 9 10 11 -2 -13 -11
right_child=8 2 -4 4 -6 -7 7 -9 -10 13 -12 12 -14 -15
leaf_value=0.011844710740949527 0.0097833474340325317 -0.0080686951568839822 0.0028061868043351358 0.0070597319442858714 0.01044975873319471 -0.0081485669348396218 0.0034224625225723945 -0.0092668577840863253 6.6967714071345684e-05 0.0016730038505161251 -0.0056207170695326608 -0.0085538937081896874 0.0031299821812851001 -0.0053178563463091638
leaf_weight=54.513645614963025 155.56073696119711 135.90377614367753 930.635737815639 120.38748623570427 47.27508187154308 92.890392791479826 57.762774976436049 68.651516409474425 12619.582447150024 198.0585213615559 181.16683112410828 73.666306013707072 294.09551990777254 820.01711598713882
leaf_count=577 1018 1241 8036 1307 731 1031 493 880 248351 1336 1131 483 1780 5641
internal_value=-1.39628e-07 0.00161564 0.00111493 -0.00188958 0.000500658 -0.00126733 0.00164109 -0.00372069 -0.000171543 -0.00190437 0.00107726 0.00348801 0.000546087 -0.0039533
internal_weight=15850.2 1508.02 1453.51 522.871 386.967 339.692 246.802 126.414 14342.1 1722.57 704.489 523.323 367.762 1018.08
internal_count=274036 14296 13719 5683 4442 3711 2680 1373 259740 11389 4412 3281 2263 6977
is_linear=0
shrinkage=0.03


Tree=211
num_leaves=15
num_cat=1
split_feature=118 80 8 119 89 112 149 138 104 73 120 35 0 75
split_gain=4.86026 11.7779 8.91884 13.5415 14.0877 10.7223 9.78996 12.3032 8.70541 8.36578 7.96714 9.90634 7.15959 10.3599
threshold=-0.052356806017498529 -333.33333333333331 3.5000000000000004 -0.045916700013307145 -0.28332575512722563 -0.36105098605097879 0.021717506631299763 0.085729151181804686 0.68990384615384626 2.5000000000000004 6.5000000000000009 69.500000000000014 0 1850.0000000000002
decision_type=8 10 2 10 10 10 2 2 2 10 8 10 1 10
left_child=1 -1 3 4 -3 8 7 10 -4 -6 11 -5 13 -7
right_child=-2 2 5 6 9 12 -8 -9 -10 -11 -12 -13 -14 -15
leaf_value=-0.0085998700095103256 -0.00017924507999388692 -0.0081316178668989665 0.017966991450742677 0.022382093142612119 0.0084899563040734451 -0.00036479533664764092 -0.0027422901991970483 -0.001977521071556439 0.00084696940304408621 -0.0016202521894626146 0.0027438709511085129 0.001627612457213395 -0.0036171889083839084 0.011470713484592263
leaf_weight=82.719200585153885 14206.818117016228 94.728192034410313 37.034761876566336 108.27571230777539 166.58438075543381 351.80423026718199 40.888553723227233 40.863366364967078 58.205671516014263 116.96264307864476 41.591327969334088 27.851471568457782 408.77109658124391 66.850810921052471
leaf_count=2406 237579 1271 913 1908 3395 9268 497 696 921 1600 733 465 10707 1677
internal_value=-3.67361e-08 0.00153704 0.00215117 0.004835 0.00110753 0.000248444 0.00991167 0.0123028 0.00904306 0.00444764 0.0154847 0.0187188 -0.000906849 0.00181465
internal_weight=15849.9 1643.13 1560.41 637.746 378.275 922.667 259.47 218.582 95.2404 283.547 177.719 136.127 827.426 418.655
internal_count=274036 36457 34051 10565 6266 23486 4299 3802 1834 4995 3106 2373 21652 10945
cat_boundaries=0 1
cat_threshold=632
is_linear=0
shrinkage=0.03


Tree=212
num_leaves=15
num_cat=0
split_feature=156 156 151 10 80 123 89 120 154 147 104 150 25 116
split_gain=4.82961 5.96192 8.67913 6.59708 4.9713 5.88454 4.96324 10.9823 8.19552 8.02798 7.17778 6.24639 6.23274 7.20478
threshold=-4.6651954996555949 -4.3195713098835729 4.8445806323270011 449.00000000000006 -179.1666666666666 6.3333333333333153 0.44482290857290868 3.5000000000000004 2.0874899894146641 -0.27640504486930689 0.41987179487179493 0.73849789915966402 12.500000000000002 -0.088067537621075817
decision_type=2 2 2 2 8 10 10 8 2 10 2 8 2 10
left_child=-1 3 6 -2 -5 -6 12 8 -8 -9 11 -11 -3 -14
right_child=1 2 -4 4 5 -7 7 9 -10 10 -12 -13 13 -15
leaf_value=-0.0096040305790077787 -0.0049614510588411364 0.0002104147583438487 -0.0098587394178754686 -0.0038462769883868798 0.024544398921807386 -0.0039935859451857543 0.0086872385199270163 0.0071070361099896439 -0.0042914718117013553 0.005539046896356533 -0.013422445824036608 -0.010520751235563331 0.0055209501527314171 -0.0064549666138107534
leaf_weight=31.976197032490745 11.313620372675357 15098.155564133078 65.025864129071124 4.4803366186097264 17.961219816003002 3.4418809097260228 77.357081077527255 18.654861511895433 70.405329425353557 40.838525916449726 123.15159402228892 20.855813017114997 43.67737815529108 222.33543263329193
leaf_count=18132 4052 212954 17030 1415 5427 1092 1642 740 1519 1022 2204 611 862 5334
internal_value=9.13463e-07 2.94109e-05 -4.06642e-06 0.0101516 0.0161542 0.0202006 4.60714e-05 -0.00340539 0.0026776 -0.00770287 -0.00961876 -0.000885826 0.000128225 -0.00429887
internal_weight=15849.6 15817.7 15780.5 37.1971 25.8834 21.4031 15715.4 351.263 147.762 203.501 184.846 61.6943 15364.2 266.013
internal_count=274036 255904 243918 11986 7934 6519 226888 7738 3161 4577 3837 1633 219150 6196
is_linear=0
shrinkage=0.03


Tree=213
num_leaves=15
num_cat=0
split_feature=76 114 102 27 103 57 5 117 19 103 137 69 101 86
split_gain=4.80189 5.98789 4.9651 18.7663 11.0072 6.6123 11.4214 10.0001 9.2017 9.00517 8.5437 8.45385 7.14432 7.09356
threshold=2468.3333333333335 -0.10588989441930606 0.06458333333333334 0.22944819819819823 -1.2753882748096304 0.32766122766118627 2150.0000000000005 0.086667470958809653 0.19579905992949473 -0.68329368140462687 453.50000000000006 4.5000000000000009 0.1715343285903099 -0.73825379525169399
decision_type=10 8 8 2 10 10 2 10 2 8 2 10 10 8
left_child=2 -2 3 4 -1 13 7 8 -7 -8 12 -10 -9 -4
right_child=1 -3 5 -5 -6 6 9 10 11 -11 -12 -13 -14 -15
leaf_value=-0.0018060799545805914 0.0055510892844314605 -0.0089992624073809944 0.0020635578245228061 -0.0012102976969821464 0.014879400471352755 0.0067410793469963089 0.012208577375923093 -0.0048284321594030703 -0.0089570052759106247 -0.0032518523970793286 0.0056388714635753449 0.0031394140720755743 0.004426354982082421 -0.00010675269164514538
leaf_weight=43.907637576339766 22.381253446917981 90.246636906289496 1503.5153781165136 336.6006068228744 123.00331695575733 33.264295592904091 68.007825013250113 300.49230091134086 397.02931870997418 48.636643666308373 138.3692342217546 51.941068899817765 85.621364911785349 12606.301140811527
leaf_count=524 449 1807 13624 3004 1705 974 539 2772 5775 629 1301 899 572 239462
internal_value=3.99468e-07 -0.00579525 4.73583e-05 0.00293431 0.0107031 -5.08586e-05 -0.00225033 -0.00329656 -0.00634517 0.00612613 -0.000395041 -0.00750133 -0.00268739 0.000126457
internal_weight=15849.3 112.628 15736.7 503.512 166.911 15233.2 1123.36 1006.72 482.235 116.644 524.483 448.97 386.114 14109.8
internal_count=274036 2256 271780 5233 2229 266547 13461 12293 7648 1168 4645 6674 3344 253086
is_linear=0
shrinkage=0.03


Tree=214
num_leaves=15
num_cat=0
split_feature=58 21 16 98 54 148 48 102 105 44 140 34 13 85
split_gain=4.7482 10.1467 10.9515 8.7222 9.91442 8.45908 13.1658 8.28663 8.05729 9.52006 14.2613 12.2199 11.0553 12.3178
threshold=0.06458333333333334 2.5000000000000004 15.289915966386561 0.035110394317983636 0.34313725490196084 -0.10125991080652358 16.926952312895356 0.14642857142857144 0.02321586835051204 1.0000000180025095e-35 0.093207705829657067 0.24090608465608468 0.39444444444444454 -1.0000000180025095e-35
decision_type=8 2 2 8 10 8 10 10 2 10 2 2 2 10
left_child=1 2 -1 4 5 7 -7 -3 -2 10 11 -10 13 -12
right_child=8 3 -4 -5 -6 6 -8 -9 9 -11 12 -13 -14 -15
leaf_value=-0.01272410987507765 -0.00015378034972240122 -0.003213229379407238 0.0016194984604783326 -0.0089066088837865768 0.011716916810452728 -0.0082563620319976681 0.0055546661139139683 0.014192580671996824 0.0038112380379110495 0.0041085815739721806 0.005420083818476141 -0.0049391005317151035 0.0091735312164321781 -0.012501619076672811
leaf_weight=126.21911871992052 13304.773743572528 34.145533364731818 67.835274875164032 65.872262691962533 60.087882666382939 151.77588518639095 85.974664399283938 44.473405032418668 186.83605797204655 913.2977887991583 69.144471064209938 498.09717486286536 195.60980118764564 44.108192605548538
leaf_count=1565 247710 386 645 927 728 1782 810 621 2983 7102 567 5501 2056 653
internal_value=1.05152e-06 -0.0025072 -0.0079536 6.46898e-05 0.00191562 -0.000392059 -0.0032288 0.00732934 0.00010835 0.00192402 -0.000114826 -0.00252166 0.00509215 -0.00220563
internal_weight=15848.3 636.384 194.054 442.33 376.457 316.369 237.751 78.6189 15211.9 1907.09 993.796 684.933 308.862 113.253
internal_count=274036 7464 2210 5254 4327 3599 2592 1007 266572 18862 11760 8484 3276 1220
is_linear=0
shrinkage=0.03


Tree=215
num_leaves=15
num_cat=0
split_feature=31 104 32 118 62 58 91 17 103 139 96 58 138 89
split_gain=4.76547 8.78376 6.44827 5.99786 9.48509 8.69164 8.50096 7.7908 12.3991 11.5339 11.0282 10.7559 10.9404 11.589
threshold=0.3272546419098144 0.6132478632478634 3.035714285714286 -0.045719545421914302 10.500000000000002 0.19375000000000003 1.0000000180025095e-35 7.5000000000000009 0.062786867842935079 661.50000000000011 0.48529411764705888 0.60555555555555574 0.072209296663221859 -0.20037989372925272
decision_type=2 2 10 8 10 8 2 2 8 2 2 8 2 10
left_child=3 2 -2 4 7 -6 -7 8 11 -9 -10 12 -1 -14
right_child=1 -3 -4 -5 5 6 -8 9 10 -11 -12 -13 13 -15
leaf_value=0.011463900228616762 0.0085125780807232179 -0.0073643182659631498 -0.0036253580355498313 -0.00013836378304459123 0.012083615548624051 -0.0084967259881545184 0.0042175906985007089 -0.010599832685582653 -0.0012034544481316586 0.0016368515360791985 0.015755420340315494 0.0186469193492164 0.01004532399961958 -0.0052414684852360423
leaf_weight=135.81489462952595 60.991700370097533 193.22425058041699 69.031308526056819 13695.277044322109 14.359877276001496 172.06111573043745 53.050564809702337 60.565200496930629 310.61035966058262 830.54053639492486 23.626114021637477 64.359147310722619 54.519343178719282 109.70808277628385
leaf_count=1211 676 1710 1141 230167 262 10231 2956 1025 5649 16305 340 1015 363 985
internal_value=1.09456e-06 -0.00352165 0.00235991 7.77729e-05 0.00168394 -0.00372389 -0.00542413 0.00252575 0.0048626 0.000643463 0.000620535 0.00857514 0.00562978 0.000249353
internal_weight=15847.7 323.247 130.023 15524.5 1829.22 239.472 225.112 1589.74 698.638 891.106 334.236 364.401 300.042 164.227
internal_count=274036 3527 1817 270509 40342 13449 13187 26893 9563 17330 5989 3574 2559 1348
is_linear=0
shrinkage=0.03


Tree=216
num_leaves=15
num_cat=0
split_feature=10 111 59 125 58 19 112 13 34 55 119 126 13 112
split_gain=4.75954 12.0637 13.0787 11.406 9.96548 9.80565 9.65135 9.49171 11.4337 9.9244 15.3282 9.79658 13.1807 9.28333
threshold=451.00000000000006 -0.10371424495199925 0.63859321506242861 0.25000000000000011 0.70294117647058829 0.20341435185185189 -0.36105098605097879 0.44949494949494956 0.21490147783251232 0.38746438746481243 -0.087346526929850801 0.6830127018922193 0.71825396825396837 0.066666666666700777
decision_type=2 8 10 2 10 2 10 2 2 8 10 2 2 10
left_child=1 6 3 7 5 -5 -1 8 -3 10 -9 12 13 -11
right_child=-2 2 -4 4 -6 -7 -8 9 -10 11 -12 -13 -14 -15
leaf_value=0.0054304432657893455 0.00026319384071615685 -0.0043144706448463351 0.01220281053966347 0.0062789857920868596 -0.01401803779886315 -0.0033387154231744494 -0.010710775591938429 0.0085477537395853235 0.0048729688437500161 -0.0062688168503648393 -0.0070091919552009926 -0.0051731696199484997 0.0073551696918895777 0.0064936876965098296
leaf_weight=31.123387867351994 12663.419012788101 138.40550517837983 55.859387373900972 91.810362587915733 57.505078558460809 968.90217826480512 165.59796953143086 54.11568055045791 622.22748827014584 148.65363880631048 359.6351777567761 152.71995374525432 276.34242581960279 60.754001732100733
leaf_count=1158 202854 3485 2480 2762 1711 15077 18443 655 8848 2634 4444 3151 5054 1280
internal_value=2.29866e-06 -0.00103182 -0.000538502 -0.000842217 -0.00320387 -0.0024303 -0.00795325 0.000628856 0.00315011 -0.00121237 -0.00474659 0.00113431 0.00321294 -0.00237956
internal_weight=15847.1 3183.65 2986.93 2931.07 1118.22 1060.71 196.721 1812.85 760.633 1052.22 413.751 638.47 485.75 209.408
internal_count=274036 71182 51581 49101 19550 17839 19601 29551 12333 17218 5099 12119 8968 3914
is_linear=0
shrinkage=0.03


Tree=217
num_leaves=15
num_cat=0
split_feature=138 35 76 35 121 89 119 13 80 18 118 63 122 116
split_gain=4.67427 4.94185 9.36237 9.72385 17.4026 9.92203 9.45224 9.69365 10.3755 9.41223 8.93075 8.74048 8.17347 9.42672
threshold=0.044183753038851435 32.500000000000007 1408.3333333333337 69.500000000000014 0.020502311895754521 -0.44834220266912567 -0.20069622507121113 0.18465909090909094 36.66666666666675 0.061189559264013697 0.0021370419738989056 1.5833333333333337 0.12086042458188086 -0.17829632173381352
decision_type=2 10 10 10 10 8 8 2 10 2 8 8 2 8
left_child=-1 11 3 5 -5 -3 -7 8 -8 -9 -6 -2 13 -11
right_child=1 2 -4 4 10 6 7 9 -10 12 -12 -13 -14 -15
leaf_value=-0.00584424290381851 -0.004218872852480543 0.016012926787309006 0.0013648233307480225 -0.0051561936333082495 0.0084125655707352233 0.013381725962733165 0.011438052815312294 -0.0084692986672550308 -0.0053218478740369194 0.011044472417505986 -0.00485316538703277 -0.00018801092378120866 -0.0051761888298453712 0.0001760595834205292
leaf_weight=107.13085406727623 499.17464595078491 22.829762139823288 4856.1183565654792 785.57425257295836 138.92233857838437 33.001300518517382 98.677424941095524 127.92636977043003 36.62833169370424 68.986312487977557 53.463640633155592 8325.2907833207864 193.42340356588829 499.53549429716077
leaf_count=2178 3270 236 80056 17051 3102 715 1816 3152 1029 1320 940 145869 4696 8606
internal_value=2.16213e-06 4.7482e-05 0.00064723 -0.00104286 -0.00318774 0.000914632 0.00036963 -0.000236173 0.00682269 -0.00140479 0.00464167 -0.000422797 -7.80821e-05 0.00174488
internal_weight=15846.7 15739.6 6915.09 2058.97 977.96 1081.01 1058.18 1025.18 135.306 889.872 192.386 8824.47 761.945 568.522
internal_count=274036 271858 122719 42663 21093 21570 21334 20619 2845 17774 4042 149139 14622 9926
is_linear=0
shrinkage=0.03


Tree=218
num_leaves=15
num_cat=0
split_feature=50 154 27 86 116 154 13 148 39 19 115 145 51 100
split_gain=4.70526 7.0314 7.33339 7.264 6.6569 6.55918 6.93898 11.4765 14.2969 9.0987 11.2028 8.31794 14.2552 7.58463
threshold=-0.12346336204268658 1.7586049780652953 0.29568645640074215 -0.44352071807874144 -0.33325892857141065 1.791334307541256 0.85164835164835173 1.4291928474655533 11.100000000000001 0.19579905992949473 0.0060423530386501069 0.22649572649572652 -0.16478686335113932 0.13611111111111115
decision_type=8 2 2 8 10 2 2 10 10 2 10 2 10 10
left_child=1 4 3 -3 -1 -5 7 11 9 -9 -11 -7 13 -13
right_child=-2 2 -4 5 -6 6 -8 8 -10 10 -12 12 -14 -15
leaf_value=0.004602450854062059 0.00012018130154873884 0.012357238465680058 -0.0093788626239458169 0.012489572657793498 -0.012043296671609586 0.0028521352958395395 0.0048049892838586449 -0.0071510153227766502 -0.008780217118707339 0.017533650554619376 -0.0070798669669857048 -0.0051058908035795797 -0.011996892238369694 0.015345013335629971
leaf_weight=18.804865160025656 15080.124882697244 25.935315381502733 67.875034780823626 17.144227137905546 87.849431223818101 62.327810477465391 111.73056904447731 14.260098833590744 42.947879118146375 69.356706206104718 12.024262889404779 21.259867777349427 196.83109553426038 18.139077754574828
leaf_count=676 231587 1017 1687 1298 7242 432 5909 1248 4820 3321 324 2617 10078 1780
internal_value=2.67344e-06 -0.00226715 -0.00102053 0.000145954 -0.00890278 -0.000718148 -0.00145196 -0.00315753 0.00370937 0.00974786 0.0133611 -0.00637007 -0.0088283 0.00594461
internal_weight=15846.6 766.486 659.832 591.957 106.654 566.022 548.877 437.147 138.589 95.6411 81.381 298.558 236.23 39.3989
internal_count=274036 42449 34531 32844 7918 31827 30529 24620 9713 4893 3645 14907 14475 4397
is_linear=0
shrinkage=0.03


Tree=219
num_leaves=15
num_cat=1
split_feature=76 87 50 77 82 2 154 153 114 119 16 82 77 53
split_gain=4.6993 8.21433 7.84351 5.72821 12.3851 9.8403 8.407 9.04803 9.3952 8.82929 9.63 8.37639 9.00854 7.64026
threshold=2368.3333333333335 0.78433862433909496 0.067063791636346806 295.00000000000006 -0.55833333333430335 0 1.6271661634722758 0.33010400053889227 -0.18749999999997724 0.025297619047626094 21.514705882352931 -0.47500000000025006 505.00000000000006 0.68752104377199441
decision_type=10 8 8 10 8 9 2 2 10 10 2 10 10 10
left_child=3 -2 -3 13 -5 -6 -7 -8 -9 11 -11 -10 -13 -1
right_child=1 2 -4 4 5 6 7 8 9 10 -12 12 -14 -15
leaf_value=0.00013264215022545022 0.0034573936696787396 -0.012554098773144952 5.7600637130734833e-05 0.0061033904693994952 0.010110480598291895 -0.008386942707255738 -0.0015020515201396747 -0.0043945112690493282 -0.0064601526764033416 -0.010054942034358702 0.011832669558075586 0.014849094188691327 -0.0015700190266122547 -0.0020176495418783953
leaf_weight=12277.875659851474 81.525208310340531 95.723536916659214 73.845252316910774 417.32967513799667 59.027991881943308 95.723600956727751 751.29400802345481 72.63796272163745 16.004461956443265 38.7449965296546 12.857162825996054 142.74777951801661 33.836239799275063 1676.8944423890207
leaf_count=185948 2397 1331 702 5034 1566 3274 19822 1985 253 1523 340 4798 1751 43312
internal_value=2.76444e-06 -0.00395045 -0.00750353 7.01499e-05 0.00173884 0.000193443 -0.000513191 0.000294082 0.00442861 0.00715561 -0.00316474 0.00994971 0.0118263 -0.00012764
internal_weight=15846.1 251.094 169.569 15595 1640.2 1222.87 1163.85 1068.12 316.829 244.191 51.6022 192.588 176.584 13954.8
internal_count=274036 4430 2033 269606 40346 35312 33746 30472 10650 8665 1863 6802 6549 229260
cat_boundaries=0 1
cat_threshold=256
is_linear=0
shrinkage=0.03


Tree=220
num_leaves=15
num_cat=0
split_feature=151 58 100 35 48 35 11 136 50 16 111 154 150 147
split_gain=4.62948 4.82694 16.3258 11.4403 15.732 18.9913 11.2309 10.1998 11.5639 9.41165 9.14204 10.4884 13.8766 10.4832
threshold=5.5915465080447468 0.17156862745098042 0.75735294117647067 71.500000000000014 16.62797607826451 50.500000000000007 1.0000000180025095e-35 0.078191056910569115 0.089911642737745559 5.8786764705882328 0.19961111501250745 2.1009462155641714 0.050000000000000003 0.031691377197868568
decision_type=2 8 10 10 10 10 8 2 10 2 10 2 8 10
left_child=1 2 7 4 5 -4 -5 -1 -9 -10 -6 12 -12 -13
right_child=-2 -3 3 6 10 -7 -8 8 9 -11 11 13 -14 -15
leaf_value=-0.0091518289352159107 -0.010260724139406714 0.00032840173990052391 -0.002438031551900143 -0.0086480369833603857 0.0083345451834054146 0.0070175617521985598 -0.00033059606332370105 -0.0091697745453634995 -0.003665747047418367 0.0040411022738540614 0.0070803706201144302 -0.00663841061183916 -0.006221230168306658 0.0069034749912684143
leaf_weight=261.38080274255481 24.454900593264028 11916.457180510042 1145.1386200530687 214.63483823148999 298.08641991927288 214.07465411326848 405.15957744698972 151.96721861115657 296.51225561962929 248.04248263372574 366.47005326021463 171.52310018055141 74.364881238434464 57.399686239659786
leaf_count=2940 15373 223796 8112 1898 2825 1695 3539 2068 4427 2959 1919 1244 637 604
internal_value=2.79956e-06 2.83678e-05 -0.000885023 0.000226315 0.00119344 -0.000888442 -0.00334722 -0.00425468 -0.00226275 -0.000141083 0.00408612 0.00205413 0.00470563 -0.00302722
internal_weight=15845.7 15821.2 3904.75 2946.85 2327.06 1359.21 619.794 957.903 696.522 544.555 967.844 669.758 440.835 228.923
internal_count=274036 258663 34867 22473 17036 9807 5437 12394 9454 7386 7229 4404 2556 1848
is_linear=0
shrinkage=0.03


Tree=221
num_leaves=15
num_cat=0
split_feature=81 128 152 24 121 114 55 150 150 156 49 144 124 145
split_gain=4.68724 8.0074 8.07569 7.69694 8.85815 11.7958 9.7829 9.10465 8.1397 8.85519 7.76366 7.31171 7.28876 6.95599
threshold=-1.1750000000000005 0.058348901915936072 0.41314440273845981 2.3484848484848491 0.004106793496593133 0.13389155982905551 0.60000000000157649 0.28337789661319085 0.54504870129870142 -1.203109991342201 15.863674998749049 0.16309807859948247 0.75000000000000011 0.07417582417582419
decision_type=8 8 2 10 8 10 10 8 10 2 10 2 10 2
left_child=1 -1 3 13 7 12 -7 11 10 -10 -9 -5 -6 -3
right_child=-2 2 -4 4 5 6 -8 8 9 -11 -12 -13 -14 -15
leaf_value=0.01151972977178801 -0.00016592198541259275 0.0034879354370866904 0.0060571329260457269 0.011213415345207598 -0.0079695421985151449 0.014398170529051272 -0.0042757646642115578 0.0044459727949884599 -0.0054402407466835135 0.0098047908988985483 -0.011152390291043673 0.00227872229082959 0.0029810359298557379 -0.0062225806644633872
leaf_weight=54.836738183628768 14337.479044261738 78.557539895176888 230.82523527741432 159.48839532351121 198.12542914354708 45.818347328109667 33.850710904342122 32.557476353016682 42.867676374386065 75.981924399733543 73.877400344819762 174.61215274035931 64.661915189120919 241.91285932972096
leaf_count=577 259740 369 951 1989 2049 555 651 470 1237 656 969 865 676 2282
internal_value=1.99873e-06 0.00158446 0.00109567 9.6658e-05 0.00151818 -0.00222192 0.00704347 0.00380611 -0.000842799 0.00431264 -0.00642119 0.0068424 -0.00525955 -0.0037927
internal_weight=15845.5 1507.97 1453.14 1222.31 901.841 342.456 79.6691 559.385 225.284 118.85 106.435 334.101 262.787 320.47
internal_count=274036 14296 13719 12768 10117 3931 1206 6186 3332 1893 1439 2854 2725 2651
is_linear=0
shrinkage=0.03


Tree=222
num_leaves=15
num_cat=1
split_feature=102 27 150 6 24 87 48 56 0 19 150 55 24 67
split_gain=4.60874 7.33821 4.9152 9.77528 11.2733 11.077 13.4291 15.9443 15.032 10.6763 10.5063 10.417 10.1497 10.4045
threshold=0.060661764705882359 0.22524509803921572 0.27311577311577317 6.5000000000000009 4.9183333333333339 0.910000000000461 16.162326000695646 -0.064583333333333312 0 0.36778579356270819 0.36709401709401718 0.62503006253003457 8.6273148148148167 1.0000000180025095e-35
decision_type=8 2 10 2 8 10 8 10 1 2 10 10 8 10
left_child=1 -1 -2 5 9 6 7 -4 -8 -5 -9 12 13 -6
right_child=2 -3 3 4 11 -7 8 10 -10 -11 -12 -13 -14 -15
leaf_value=0.013828896527376533 0.00020467412576772998 -0.00074625480670618418 -0.0077159000538791116 -0.0071883919545504722 0.0086064455470945649 0.006558196215339534 0.0010396950254463414 -0.0032182956716861732 -0.0080356044760745461 0.004774182313078682 0.0095180493944762839 -0.0041328148354620479 -0.0060725117924856978 -0.00053971467785883607
leaf_weight=40.838703800109215 12935.581435594126 66.894217392196879 73.739437015145086 554.11237507639453 211.69230309326667 227.95382529299241 347.19047328457236 67.172683422570117 282.82215886516497 65.644858127692714 242.62196903547738 413.98752479453105 95.979425647878088 217.84742672822904
leaf_count=530 194081 643 3412 7433 6710 3070 9524 1744 7532 919 8528 21135 4485 4290
internal_value=2.76758e-06 0.00579367 -4.23572e-05 -0.00117831 -0.0027489 0.000803553 -0.000567475 0.00377107 -0.00323493 -0.00583844 0.00673534 -0.000651128 0.00213021 0.00410614
internal_weight=15844.1 107.733 15736.3 2800.76 1559.26 1241.5 1013.55 383.534 630.013 619.757 309.795 939.507 525.519 429.54
internal_count=274036 1173 272863 78782 44972 33810 30740 13684 17056 8352 10272 36620 15485 11000
cat_boundaries=0 1
cat_threshold=285
is_linear=0
shrinkage=0.03


Tree=223
num_leaves=15
num_cat=1
split_feature=58 21 16 98 54 10 0 83 35 13 94 27 118 34
split_gain=4.52621 9.62605 10.3916 8.31792 9.38714 8.05374 9.25847 7.60283 14.3806 11.9407 12.6483 12.3 9.39228 10.1177
threshold=0.06458333333333334 2.5000000000000004 15.289915966386561 0.035110394317983636 0.34313725490196084 455.00000000000006 0 -0.65000000000109126 43.500000000000007 0.93933823529411775 0.24264705882352944 0.22524509803921572 0.024817408482391282 0.26020833333333343
decision_type=8 2 2 8 10 2 1 8 10 2 2 2 10 2
left_child=1 2 -1 4 5 -3 -7 8 -2 11 -11 12 13 -10
right_child=7 3 -4 -5 -6 6 -8 -9 9 10 -12 -13 -14 -15
leaf_value=-0.012450600627458239 -0.00020588190732880688 0.0085069171943928865 0.001541226873473613 -0.0087360869628870415 0.011357973643851384 0.0055537232702858597 -0.0059005534259709159 -0.00021762339090826611 0.0031966744309972158 0.022780173752909295 0.00163950988307209 0.00057691691580360365 -0.0049979202772334414 0.013911552460119487
leaf_weight=125.08642665972002 1762.6307833003812 57.592800673213787 67.91895051614847 65.44458865316119 60.536670863861218 68.723406536504626 190.08980852062814 12323.166537890094 161.70924960111734 45.582350756041706 48.279750524670817 661.0978172122268 39.651395183173008 166.13660672819242
leaf_count=1565 16729 754 645 927 728 753 2092 239196 2267 391 444 5768 491 1286
internal_value=2.65887e-06 -0.00244819 -0.00777078 5.26436e-05 0.00185448 -0.000395569 -0.00273411 0.000107365 0.00148945 0.00411928 0.0136303 0.00306794 0.00735072 0.00899755
internal_weight=15843.6 635.393 193.005 442.387 376.943 316.406 258.813 15208.3 2885.09 1122.46 93.8621 1028.6 367.497 327.846
internal_count=274036 7464 2210 5254 4327 3599 2845 266572 27376 10647 835 9812 4044 3553
cat_boundaries=0 1
cat_threshold=70
is_linear=0
shrinkage=0.03


Tree=224
num_leaves=15
num_cat=2
split_feature=76 87 50 0 50 77 82 2 154 153 145 116 128 94
split_gain=4.50797 7.853 7.48854 6.52284 5.4685 5.3416 11.3323 9.38197 8.0148 8.51329 9.42845 10.4051 8.78692 13.1771
threshold=2368.3333333333335 0.78433862433909496 0.067063791636346806 0 -0.032774721799963651 295.00000000000006 -0.55833333333430335 1 1.6271661634722758 0.33010400053889227 0.42261904761904767 -0.18747768979386589 0.11115493681645543 0.16025641025641027
decision_type=10 8 8 1 10 10 8 9 2 2 2 10 10 2
left_child=5 3 -3 -2 -5 -1 -7 -8 -9 -10 11 -11 -12 -14
right_child=1 2 -4 4 -6 6 7 8 9 10 12 -13 13 -15
leaf_value=-0.00012163781922476798 -0.0054320468544187175 -0.012326518264472822 2.0090203136232125e-05 -0.0026941226642433497 0.015013093009501269 0.0058439317238131554 0.0098550516527115377 -0.0082030185051589471 -0.0014529212494019997 -0.010570763399901385 0.0010332982020366322 0.0039442510527053732 -0.0051309575669426033 0.024022652155132343
leaf_weight=13950.19850588229 31.462921423721127 94.909104307298549 73.884833680815063 17.429193546064198 32.875531270168722 419.12997614627238 59.469110470497981 95.146640673046932 750.27681647869758 43.633294359780848 49.733058601035737 168.96746969688684 12.310304749174973 43.146168316481635
leaf_count=229260 837 1331 702 795 765 5034 1566 3274 19822 487 3185 1816 1215 3947
internal_value=3.5584e-06 -0.00387228 -0.00736156 0.00335528 0.00838449 6.95044e-05 0.00168 0.000199103 -0.000493195 0.000293162 0.0042952 0.000464916 0.0110125 0.0178365
internal_weight=15842.6 250.562 168.794 81.7676 50.3047 15592 1641.81 1222.68 1163.21 1068.07 317.79 212.601 105.19 55.4565
internal_count=274036 4430 2033 2397 1560 269606 40346 35312 33746 30472 10650 2303 8347 5162
cat_boundaries=0 1 2
cat_threshold=658 256
is_linear=0
shrinkage=0.03


Tree=225
num_leaves=15
num_cat=1
split_feature=151 63 103 80 13 0 128 20 48 112 151 24 56 82
split_gain=4.48353 4.68256 12.7181 9.9024 11.7341 11.719 8.38877 8.25113 8.01953 10.2976 9.10014 8.31615 7.31609 7.76134
threshold=5.5915465080447468 2.5833333333333335 -1.1813204182053478 -66.666666666666615 0.56696428571428581 0 0.08645419488162058 3.0217391304347831 15.611804723628333 1.0000000180025095e-35 0.85418893014450192 3.0217391304347831 0.60555555555555574 -0.71666666666624212
decision_type=2 8 8 10 2 1 10 10 8 8 2 10 10 8
left_child=1 2 -1 4 6 -6 -4 -7 -5 10 11 -10 13 -3
right_child=-2 12 3 8 5 7 -8 -9 9 -11 -12 -13 -14 -15
leaf_value=0.0053264878172208149 -0.010129910895826934 0.002349706013670095 0.0040665556522507095 -0.0095069380830527968 0.007608831775824958 -0.0089044865324406954 -0.0040681060553961531 0.002909647065809613 0.0051715862146939542 -0.0082159401712875793 -0.0025293810460402461 -0.0033720301447839134 -0.004409659424453035 0.00011722825224093961
leaf_weight=255.19010925898328 24.196413589292206 1604.3366951120552 139.91469748830423 128.0571641838178 304.33785885665566 70.237924536224455 431.29898158623837 128.40918043791316 293.36617539823055 207.47014804719947 1405.6037805492524 141.15204690396786 274.44981374649797 10434.498442764394
leaf_count=1435 15373 18055 1085 1133 2214 449 3209 1045 1230 1660 12539 600 3623 210386
internal_value=3.86608e-06 2.89492e-05 -0.000936127 -0.0014501 0.000898389 0.00417801 -0.00202251 -0.00152799 -0.00260785 -0.00211038 -0.00136113 0.00237631 0.000304468 0.00041729
internal_weight=15842.5 15818.3 3505.04 3249.85 1074.2 502.985 571.214 198.647 2175.65 2047.59 1840.12 434.518 12313.3 12038.8
internal_count=274036 258663 26599 25164 8002 3708 4294 1494 17162 16029 14369 1830 232064 228441
cat_boundaries=0 1
cat_threshold=440
is_linear=0
shrinkage=0.03


Tree=226
num_leaves=15
num_cat=0
split_feature=118 80 8 112 89 112 16 35 13 124 23 150 117 141
split_gain=4.50057 11.1622 8.05447 10.8367 11.7434 10.0291 8.55221 8.2228 8.16659 8.90366 8.35076 7.37019 7.82014 7.16716
threshold=-0.052356806017498529 -333.33333333333331 3.5000000000000004 -0.26666666666661359 -0.30934187959857595 -0.36105098605097879 -29.261363636363622 97.500000000000014 0.93933823529411775 -2.7499999999999996 0.32785560344827591 -0.15138782785841606 0.069864663086877971 8.5000000000000018
decision_type=8 10 2 10 8 10 2 10 2 10 2 8 10 2
left_child=1 -1 3 -3 -5 7 -6 -4 9 -7 -10 12 -8 -11
right_child=-2 2 5 4 6 8 11 -9 10 13 -12 -13 -14 -15
leaf_value=-0.0084178770108665982 -0.00016943373636947587 -0.0036761867279487509 0.013428109179636412 -0.0026390074420824267 -0.0030966139545010977 0.010300291807979766 0.010086520813673044 -0.0039530508564718549 -0.00046094139639549317 -0.0012252574422829642 0.01808375538658108 0.011453875092553426 -0.0081852990360820662 -0.0090135498547774754
leaf_weight=82.135161463287659 14197.504376468481 107.5268926511053 69.44070731906686 99.2888130688807 44.998444385360926 36.511444904957898 22.461246594320983 26.526384447235614 47.374821216450073 601.65936427842826 24.451994331669994 332.65691942139529 33.223341803415678 115.98162159265485
leaf_count=2406 237579 1683 1327 1260 1170 1623 541 507 1422 7747 317 5465 446 10543
internal_value=3.17764e-06 0.00148168 0.00207731 0.00462076 0.00635056 0.000265564 0.00842967 0.00873884 -0.00085722 -0.00182746 0.00788569 0.00983075 -0.000238649 -0.00264273
internal_weight=15841.7 1644.24 1562.1 640.156 532.629 921.946 433.34 95.9671 825.979 754.152 71.8268 388.342 55.6846 717.641
internal_count=274036 36457 34051 10565 8882 23486 7622 1834 21652 19913 1739 6452 987 18290
is_linear=0
shrinkage=0.03


Tree=227
num_leaves=15
num_cat=1
split_feature=31 104 27 156 118 62 0 58 17 102 139 109 109 14
split_gain=4.48405 8.39517 6.43882 6.23164 5.57153 8.71529 8.49741 9.31168 7.18071 11.4881 10.9901 10.086 8.87647 11.4237
threshold=0.3272546419098144 0.6132478632478634 0.31881313131313133 -0.54602744406097525 -0.045719545421914302 10.500000000000002 0 0.20714285714285716 7.5000000000000009 0.54772727272727284 661.50000000000011 -0.33333333333333254 0.33379629629629642 0.40178571428571436
decision_type=2 2 2 2 8 10 1 8 2 8 2 10 10 2
left_child=4 3 -3 -2 5 8 -7 -8 9 -1 -10 -11 -12 -14
right_child=1 2 -4 -5 -6 6 7 -9 10 11 12 -13 13 -15
leaf_value=0.0087744439933167117 -0.003896173952273476 -4.8896359117946197e-05 -0.011108351333772042 0.0080205404341815115 -0.00013050057337826951 0.0025544541744007515 0.010594288562944445 -0.010982751142554191 -0.010395591424143093 -0.0027298430475347357 -0.00038653771260365567 0.0068370894061006828 -0.0030119679442123593 0.010557948504992355
leaf_weight=315.57378026889637 64.426656004041433 73.564845198416151 118.77989425801206 65.628131374716759 13688.400945580215 108.2527505250182 8.6593950544483942 121.20452880917583 60.042947293375619 235.72206654283218 597.5059039935004 149.61158172693104 73.858452825224958 159.96347820130177
leaf_count=2968 1410 682 1028 407 230167 6146 153 7150 1025 2689 8410 3906 2550 5345
internal_value=3.66005e-06 -0.00341786 -0.00718805 0.00232478 7.79731e-05 0.00162541 -0.00357487 -0.0080409 0.00242919 0.00466769 0.000620876 0.00110166 0.00158669 0.00634838
internal_weight=15841.2 322.4 192.345 130.055 15518.8 1830.39 238.117 129.864 1592.28 700.907 891.371 385.334 831.328 233.822
internal_count=274036 3527 1710 1817 270509 40342 13449 7303 26893 9563 17330 6595 16305 7895
cat_boundaries=0 1
cat_threshold=824
is_linear=0
shrinkage=0.03


Tree=228
num_leaves=15
num_cat=0
split_feature=138 62 145 53 54 55 65 111 119 119 16 109 119 128
split_gain=4.44754 4.8015 5.63726 4.62395 9.28698 9.8806 11.2292 9.91422 10.747 10.5335 10.4786 10.1733 9.43805 9.01898
threshold=0.044183753038851435 4.5000000000000009 0.2817460317460318 0.68093964858659706 0.71008403361344552 0.40833333333315153 1.0000000180025095e-35 0.22158127617202208 -0.10067168670110124 -0.024654236694671747 14.710084033613443 -1.4999999999999996 0.3044734432234199 0.068549035777890524
decision_type=2 8 2 10 10 10 10 10 8 10 2 10 10 10
left_child=1 -1 -3 4 12 -6 7 8 11 13 -11 -7 -2 -10
right_child=3 2 -4 -5 5 6 -8 -9 9 10 -12 -13 -14 -15
leaf_value=-0.011089849592349075 -1.6295340585138003e-05 0.0089211582414205296 -0.0066228212266449676 -0.0012430544423828278 -0.0055594383459801021 0.010863891233732121 -0.0012751006882157747 -0.0027939627243895957 -0.0018432539572092116 0.010451012450792043 -0.0011386742080594574 -0.0063446273476294168 0.011978547790420497 0.022352353137482732
leaf_weight=52.106655670097098 12632.192006921396 24.20656381547451 30.334817237104289 2141.0610878531588 92.07173196808435 32.13603024603799 236.19675632368308 83.566404679790139 13.87193675606977 213.1366399776889 97.479200101806782 74.950507990317419 44.315622018883005 73.363750946358778
leaf_count=541 187886 197 1440 58677 1750 388 3868 663 334 9022 3388 2577 806 2499
internal_value=3.66883e-06 -0.00571057 0.000712145 4.78021e-05 0.000252269 0.00314296 0.00419648 0.00636961 0.00792302 0.0101201 0.00692897 -0.000480166 3.97451e-05 0.0187989
internal_weight=15841 106.648 54.5414 15734.3 13593.3 916.773 824.701 588.504 504.938 397.852 310.616 107.087 12676.5 87.2357
internal_count=274036 2178 1637 271858 213181 24489 22739 18871 18208 15243 12410 2965 188692 2833
is_linear=0
shrinkage=0.03


Tree=229
num_leaves=15
num_cat=0
split_feature=10 152 123 16 9 114 84 153 139 56 98 123 27 102
split_gain=4.41066 11.7177 10.2985 8.97171 7.67773 9.57544 8.4468 7.67175 10.2185 7.25717 7.31459 6.95192 9.29673 7.84075
threshold=451.00000000000006 0.0077983361164995187 -2.8333333333333424 -8.190909090909086 56.750000000000007 1.0000000180025095e-35 -0.90777426536438977 0.36221517699566258 200.50000000000003 0.08333333333333337 -0.33070415695415689 -7.3333333333333419 0.3272546419098144 0.93933823529411775
decision_type=2 2 8 2 2 8 8 2 2 8 10 8 2 10
left_child=1 -1 3 -3 5 -4 -6 -7 -9 10 -10 12 -2 -13
right_child=11 2 4 -5 6 7 -8 8 9 -11 -12 13 -14 -15
leaf_value=-0.012659335833369862 0.0037195033171750357 -0.0049137237229063971 -0.0026767718149954232 0.0036156751415695461 -0.0060306012237705429 -5.8497624680633155e-05 0.010642855586155483 -0.0094090695720612256 0.00052443346961390845 0.0031031937707812663 0.016584291381123665 -6.4924334029314181e-05 -0.0091481131372804503 0.0044597206118105956
leaf_weight=60.690017407177947 765.38234832067974 684.79118986567482 811.9238732708618 120.62076737266034 24.956312458030879 972.38355007674545 102.06491527240723 28.447151297703385 36.642454363405704 259.50655606016517 77.473304967395961 11516.038247023826 39.90383084921632 340.31689505558461
leaf_count=20346 14933 12106 11605 1699 315 16171 1744 483 448 4559 1706 174495 536 12890
internal_value=4.24866e-06 -0.000992008 -0.000705462 -0.00359358 0.000316714 -0.000121519 0.00707602 0.00140053 0.00480432 0.00620791 0.0120875 0.000255299 0.00292626 7.0419e-05
internal_weight=15841.1 3179.5 3118.81 805.412 2313.4 2186.38 127.021 1374.45 402.069 373.622 114.116 12661.6 805.286 11856.4
internal_count=274036 71182 50836 13805 37031 34972 2059 23367 7196 6713 2154 202854 15469 187385
is_linear=0
shrinkage=0.03


Tree=230
num_leaves=15
num_cat=0
split_feature=102 27 81 109 148 89 98 81 59 136 136 14 56 137
split_gain=4.43355 16.5243 10.5224 7.41547 6.20797 5.87062 10.3161 13.1822 16.9015 10.473 9.41949 11.9442 11.3162 9.78279
threshold=0.06458333333333334 0.22944819819819823 -0.90000000000000202 -2.8499999999999988 -0.060900503621420903 0.021931509290106625 -0.014194288826641725 1.2500000000000038 0.49629629629453126 0.087675233644859837 0.086632302405498296 0.73214285714285732 0.11764705882352937 229.50000000000003
decision_type=8 2 10 10 10 10 10 8 10 2 2 2 10 2
left_child=1 2 -1 -4 -3 6 10 8 -8 -9 -2 13 -13 -12
right_child=5 4 3 -5 -6 -7 7 9 -10 -11 11 12 -14 -15
leaf_value=0.0012744590103505289 -0.00048533346604527389 -0.0049525916084866544 0.0050319803897343595 0.023214543126786277 0.002865949087792025 -0.0010044295488509053 0.001806419382805816 -0.011896839321408467 0.011567608892055169 0.0080396289086726302 0.0024504431407199314 0.0058983465149885011 -0.0017421949282906046 -0.0026603228126412548
leaf_weight=77.45318668812979 7737.7145520059858 172.46238396666013 46.148291223216802 45.680852934485301 164.60112139675766 4450.9006807988044 548.52276300953235 68.345627007656731 214.51263716560788 21.123694652807899 643.11505711416248 756.56361007585656 217.90644332580268 676.07545668829698
leaf_count=920 115979 2171 362 960 847 105565 7098 4097 8715 631 7244 9257 2062 8128
internal_value=3.9912e-06 0.00272469 0.00995322 0.0160665 -0.00117506 -8.84196e-05 0.000287044 0.00342562 0.0047207 -0.00671133 1.55996e-05 0.00169768 0.00418929 -0.000169249
internal_weight=15841.1 506.346 169.282 91.8291 337.064 15334.8 10883.9 852.505 763.035 89.4693 10031.4 2293.66 974.47 1319.19
internal_count=274036 5260 2242 1322 3018 268776 163211 20541 15813 4728 142670 26691 11319 15372
is_linear=0
shrinkage=0.03


Tree=231
num_leaves=15
num_cat=0
split_feature=81 128 153 24 149 149 150 106 104 129 120 100 109 84
split_gain=4.45394 7.57797 7.57219 8.22432 7.7229 6.42589 8.16601 7.28425 6.43372 6.35351 6.56935 8.12193 6.29387 10.9829
threshold=-1.1750000000000005 0.058348901915936072 0.29174904617558722 2.6754385964912282 0.016675936225435676 -0.099796143753944272 0.28337789661319085 0.80277777777777792 0.57417582417582425 2.5000000000000004 1.0000000180025095e-35 0.98437500000000011 -4.030104166666665 -0.56863481128894566
decision_type=8 8 2 10 2 2 8 2 2 2 10 10 8 8
left_child=1 -1 3 -3 -5 8 9 -8 -4 -7 -11 -12 13 -2
right_child=12 2 5 4 -6 6 7 -9 -10 10 11 -13 -14 -15
leaf_value=0.011189455535786638 0.0010143694540363951 -0.0077644513832738271 0.018700917046035024 0.0024775537081292479 -0.0078815019104888639 0.00061125020355003255 -0.0082848627197168283 0.0023998369246185881 -0.00099726325390553545 0.013942500087745334 -0.0014085349544313414 0.0086281537207867961 7.4132969307245879e-05 -0.003828414682272208
leaf_weight=55.162375069456175 704.48862410150468 134.63661539694294 27.323541309218854 321.55517487612087 65.259445999399759 342.10322193009779 101.6910131087061 102.79393828264438 20.813759250217117 67.390450013801455 132.8527446341468 135.83291324740276 12613.386767725111 1015.3209356670268
leaf_count=577 4412 1241 605 3725 717 2144 1787 1012 333 400 1044 711 248351 6977
internal_value=4.91088e-06 0.00154777 0.0010709 -0.00179062 0.000500899 0.00267694 0.00197856 -0.00311676 0.0119703 0.0035491 0.00638575 0.0038534 -0.0001588 -0.00185304
internal_weight=15840.6 1507.42 1452.25 521.451 386.815 930.802 882.664 204.485 48.1373 678.179 336.076 268.686 14333.2 1719.81
internal_count=274036 14296 13719 5683 4442 8036 7098 2799 938 4299 2155 1755 259740 11389
is_linear=0
shrinkage=0.03


Tree=232
num_leaves=15
num_cat=0
split_feature=35 103 81 104 108 128 118 23 9 80 149 87 116 48
split_gain=4.37889 10.6489 12.464 11.2391 12.2279 11.0723 9.25071 8.42779 7.69614 8.66894 9.414 7.48249 9.67754 13.944
threshold=16.500000000000004 0.24266278053876134 0.2249999999999979 0.59687500000000016 0.58578431372549034 0.15420288251283507 -0.057967598572145097 0.29568645640074215 52.250000000000007 -148.33333333333323 -0.098214285714285698 0.79999999999896931 0.075416666666671989 16.802017559543419
decision_type=8 8 8 2 10 10 10 2 2 8 2 10 10 10
left_child=1 2 6 4 5 -4 7 -1 9 10 -2 -8 13 -13
right_child=8 -3 3 -5 -6 -7 11 -9 -10 -11 -12 12 -14 -15
leaf_value=-0.0013911114307768508 -0.0064627279553833928 -0.005834062310941174 0.024893554997429276 -0.0020317213806478182 -0.0049647862156416431 0.00072395136685687227 -0.0035437773886899094 0.014758845818933896 2.0201751550404895e-05 0.0014441946526090039 0.011809485496912289 -0.0045645211271023479 0.004988720078056781 0.005512290239018584
leaf_weight=50.434952673269436 20.607430308475159 359.0939292490948 48.483468010090292 64.753658686298877 19.424117579706945 24.585087422747165 848.26347264647484 46.863766538444906 12635.712332447874 739.54426545940805 133.74021237122361 423.35560202086344 267.08184871124104 157.98078804602847
leaf_count=1091 826 14246 958 1401 1430 447 15993 477 210520 16296 2640 3424 2904 1383
internal_value=5.54495e-06 -0.00119716 -0.000305813 0.00740823 0.0133784 0.0182697 -0.00103779 0.00731986 0.000212018 0.00287838 0.00901355 -0.00157702 0.00041679 -0.00175633
internal_weight=15839.9 2310.32 1951.23 157.246 92.4927 73.0686 1793.98 97.2987 13529.6 893.892 154.348 1696.68 848.418 581.336
internal_count=274036 43754 29508 4236 2835 1405 25272 1568 230282 19762 3466 23704 7711 4807
is_linear=0
shrinkage=0.03


Tree=233
num_leaves=15
num_cat=0
split_feature=50 156 67 48 122 81 144 14 86 56 13 107 132 35
split_gain=4.37107 6.4874 9.65982 9.60318 8.01383 7.58169 7.40376 6.94172 6.81771 6.42007 7.54661 9.94645 5.75062 5.90567
threshold=-0.12346336204268658 -2.510821082402797 1.0000000180025095e-35 15.3710913069462 0.10797727272727274 3.1999999999999997 0.03325375200167139 0.46428571428571436 0.37517180723613525 -0.59411764705882331 0.70294117647058829 -0.0098490422620857426 0.090283241542092871 113.50000000000001
decision_type=8 2 10 10 2 10 2 2 10 10 2 2 2 10
left_child=1 4 3 -3 6 8 -1 -5 -4 -9 11 -11 13 -6
right_child=-2 2 5 7 12 -7 -8 9 -10 10 -12 -13 -14 -15
leaf_value=0.014184235798527076 0.00011945162623374832 -0.0093513731788641471 -0.0018867260947622384 -0.0020530258026440289 -0.01191356537249022 0.0080806339256760378 -0.0085675297546626249 0.015860819309883253 -0.011805680512990508 -0.0037240988018608463 -0.0038039687056258421 0.019095576067520836 0.0067905858498434222 0.002557073680907514
leaf_weight=18.13046706723981 15075.120416856953 30.055947513319552 173.43310943804681 65.279456931166351 154.26846622151788 27.839835809543729 8.5254731090972182 59.049111121334136 89.167671701870859 21.646608911454678 54.201340495608747 28.201789364218712 10.156140811275689 24.302871646010317
leaf_count=2763 231587 555 2452 1258 25625 372 565 1025 1402 453 1013 484 1049 3433
internal_value=6.31413e-06 -0.00218468 -0.000399987 0.00370684 -0.00641058 -0.00405682 0.00644266 0.00589581 -0.00571069 0.00898224 0.00357202 0.0106169 -0.00856667 -0.00989863
internal_weight=15839.4 764.258 548.875 258.434 215.383 290.441 26.6559 228.378 262.601 163.099 104.05 49.8484 188.727 178.571
internal_count=274036 42449 9014 4788 33435 4226 3328 4233 3854 2975 1950 937 30107 29058
is_linear=0
shrinkage=0.03


Tree=234
num_leaves=15
num_cat=0
split_feature=58 100 49 35 55 103 58 106 105 128 81 32 130 94
split_gain=4.39353 15.3053 11.2375 13.3665 10.6977 11.216 9.82717 9.78032 9.27628 9.06702 8.87302 8.79241 9.00277 8.46814
threshold=0.17156862745098042 0.75735294117647067 16.509440127061684 71.500000000000014 0.13394660894846314 0.69670064265417553 0.12916666666666668 0.37867647058823534 0.0079719368662108884 0.070767238037165753 -1.3999999999999948 2.0416666666666674 0.075592939878654189 0.32291666666666669
decision_type=8 10 10 10 8 8 10 2 2 10 8 10 2 2
left_child=1 6 -3 11 5 -2 7 9 -7 -1 13 -4 -13 -6
right_child=4 2 3 -5 10 8 -8 -9 -10 -11 -12 12 -14 -15
leaf_value=-0.0076621092414537366 0.0055879106190404359 -0.001518536793826212 0.0015457999884479134 -0.0032227544218409818 0.0068971348349043124 -0.008670197615339997 -0.0083585242448966611 -0.0034323264498534859 0.0061315722449578362 0.011230601052694736 -9.0267860850751192e-05 -0.0023063767605747952 0.0090776802557119441 -0.004562407838553645
leaf_weight=19.404016366344877 584.19000943913125 1569.8322971228044 658.71051392739173 307.52710386831313 278.79309151589405 91.930653323768638 314.44135606451891 551.22118241025601 46.182568070013076 69.676560429623351 10876.590635139612 69.447510079015046 339.66350258747116 61.169219566509128
leaf_count=479 6083 11977 4676 2548 2975 2351 3228 7129 756 1600 226248 505 2780 701
internal_value=6.45249e-06 -0.000865819 0.000209489 0.00217697 0.000292116 0.00379254 -0.00413485 -0.00191682 -0.00360494 0.00660413 6.19376e-05 0.00375517 0.00713199 0.00472956
internal_weight=15838.8 3899.92 2945.18 1375.35 11938.9 722.303 954.743 640.302 138.113 89.0806 11216.6 1067.82 409.111 339.962
internal_count=274036 34922 22486 10509 239114 9190 12436 9208 3107 2079 229924 7961 3285 3676
is_linear=0
shrinkage=0.03


Tree=235
num_leaves=15
num_cat=1
split_feature=76 87 50 155 124 77 86 2 44 112 32 109 35 89
split_gain=4.29254 7.52012 6.86825 5.6904 5.23431 5.0108 10.6866 9.95158 7.79033 7.28588 11.1832 12.3331 11.3602 11.6965
threshold=2368.3333333333335 0.7949224386743482 0.067063791636346806 0.15075841296348055 0.75000000000000011 295.00000000000006 -0.51595795007912471 0 0.55000000000000016 0.329166666666661 2.5277777777777781 -2.6181186868686863 28.500000000000004 -0.30934187959857595
decision_type=10 8 8 2 10 10 8 9 10 10 10 10 10 10
left_child=5 3 -3 -2 -5 9 8 -8 -7 -1 12 -12 -11 -14
right_child=1 2 -4 4 -6 6 7 -9 -10 10 11 -13 13 -15
leaf_value=-0.00023683082291801086 0.011555032044430733 -0.01228110272355677 -0.00020520748472362143 -0.0070284758400756811 0.0084092618591256503 0.0065596864652683138 0.010135577294471497 -0.00063863583929951685 -0.0061011389364452103 -0.0057722488875232977 0.020458777930745794 0.0034692723474119566 0.020306733111711463 1.7151184638454546e-05
leaf_weight=13529.391828241292 26.948750992072746 89.946403630077839 71.979496443411335 46.24454566964414 14.830193753703496 428.76069042005111 57.732469831593335 1119.9672666206025 36.799940780852921 140.95554536546115 45.595374427270144 127.75756968313362 22.878679914399981 78.779424651293084
leaf_count=220346 720 1257 681 1345 427 5449 1621 33016 260 2229 651 4081 303 1650
internal_value=6.21012e-06 -0.00378032 -0.00738561 0.00296159 -0.00236091 7.04994e-05 0.00162955 8.99843e-05 0.00539972 -0.000114766 0.00372548 0.00921128 -0.000502355 0.00660735
internal_weight=15838.6 249.949 161.926 88.0235 61.0747 15588.6 1643.26 1177.7 465.561 13945.4 415.967 173.353 242.614 101.658
internal_count=274036 4430 1938 2492 1772 269606 40346 34637 5709 229260 8914 4732 4182 1953
cat_boundaries=0 1
cat_threshold=264
is_linear=0
shrinkage=0.03


Tree=236
num_leaves=15
num_cat=0
split_feature=58 21 16 98 54 148 48 102 105 15 44 106 140 13
split_gain=4.30539 9.10918 9.90335 7.93711 8.87361 8.01852 12.4257 7.79243 6.97824 9.42699 8.40919 8.00995 12.5812 13.3437
threshold=0.06458333333333334 2.5000000000000004 15.289915966386561 0.035110394317983636 0.34313725490196084 -0.10125991080652358 16.926952312895356 0.14642857142857144 0.02321586835051204 1.4472222222222231 0.36666666666666675 0.81980519480519487 0.093207705829657067 0.39444444444444454
decision_type=8 2 2 8 10 8 10 10 2 2 10 2 2 2
left_child=1 2 -1 4 5 7 -7 -3 -2 10 11 12 -10 -14
right_child=8 3 -4 -5 -6 6 -8 -9 9 -11 -12 -13 13 -15
leaf_value=-0.012178435185721499 -0.00013469179700955155 -0.00314864670097499 0.0014971051585056347 -0.0085683092110797315 0.011007642859607033 -0.0080737472547278057 0.0053443281148726467 0.013701997887307799 -0.00027690184442239076 0.0094278065124999456 0.0062140211506758018 -0.002363386409781342 -0.0015149833577234777 0.011474788593463526
leaf_weight=124.01166091661435 13294.168762178975 34.062947666738182 67.959834513370879 65.012685396359302 60.969103172537871 150.92958600330167 86.302042560419068 45.019182786112651 665.16351563436911 120.80990904837381 243.80194364360068 585.32205434807111 103.99524376506452 190.6079539131606
leaf_count=1565 247710 386 645 927 728 1782 810 621 8198 1140 1567 4820 1131 2006
internal_value=7.53138e-06 -0.00238493 -0.00757952 4.43607e-05 0.00179936 -0.000393528 -0.00316488 0.00709913 0.000109591 0.00179794 0.00120856 0.000366582 0.00204223 0.00703814
internal_weight=15838.1 634.267 191.971 442.296 377.283 316.314 237.232 79.0821 15203.9 1909.7 1788.89 1545.09 959.767 294.603
internal_count=274036 7464 2210 5254 4327 3599 2592 1007 266572 18862 17722 16155 11335 3137
is_linear=0
shrinkage=0.03


Tree=237
num_leaves=15
num_cat=0
split_feature=31 104 27 32 81 128 145 20 99 110 102 27 31 31
split_gain=4.28724 8.03859 6.13903 6.0476 5.34895 8.11156 8.21171 12.1351 8.46363 7.7928 8.66737 13.6096 8.93638 9.60919
threshold=0.3272546419098144 0.6132478632478634 0.31881313131313133 3.035714285714286 -1.1499999999999948 0.058348901915936072 0.07417582417582419 7.6708333333333343 0.15180616303647793 0.9654761904761906 0.06458333333333334 0.22944819819819823 0.31742424242424244 0.26854395604395609
decision_type=2 2 2 10 8 8 2 10 10 10 8 2 2 2
left_child=4 3 -3 -2 5 -1 8 -8 -7 10 11 -6 13 -12
right_child=1 2 -4 -5 9 6 7 -9 -10 -11 12 -13 -14 -15
leaf_value=0.011549395094619436 0.0082108489541421817 -7.2931439185868849e-05 -0.010887183550723016 -0.0035402803026460808 0.014226250353673628 -0.00040646255363826686 -0.00091287493625689313 0.011397813293529202 0.0083824625192108013 -0.0017420054992028778 0.00027805912388786317 -0.00060126254120427939 0.0074279050801507387 -0.0026505400690011983
leaf_weight=57.536519171088003 61.287824885803275 73.578315207501873 118.03002650744747 68.759109448990785 85.716262900736183 161.95548555254936 1052.5062513621524 62.282307261484675 231.93252708017826 2193.4758708347799 10313.80159980082 122.08877701009624 132.34024476399645 1102.4349974686047
leaf_count=606 676 682 1028 1141 1431 756 11060 1488 1072 14422 221478 1393 1493 15310
internal_value=7.88546e-06 -0.00334148 -0.00704126 0.00227414 8.04794e-05 0.00173416 0.00124982 -8.2892e-05 0.00488637 -0.00010685 0.000200064 0.00606085 8.68797e-05 -7.85468e-06
internal_weight=15837.7 321.655 191.608 130.047 15516.1 1566.21 1508.68 1114.79 393.888 13949.9 11756.4 207.805 11548.6 11416.2
internal_count=274036 3527 1710 1817 270509 14982 14376 12548 1828 255527 241105 2824 238281 236788
is_linear=0
shrinkage=0.03


Tree=238
num_leaves=15
num_cat=2
split_feature=53 16 49 118 56 116 56 0 128 32 150 39 87 0
split_gain=4.30347 7.86141 8.66025 13.0398 12.2914 10.2232 9.29653 9.22262 11.242 8.59325 7.81974 7.58748 10.407 7.5969
threshold=0.78206400081398908 -34.866071428571409 16.219581476296302 0.014587358470170857 -1.0000000180025095e-35 -1.0000000180025095e-35 0.22649572649572652 0 0.19625413653549997 6.2052631578947377 0.15257936507936512 2.9000000000000004 0.74889249639363709 1
decision_type=10 2 8 10 10 10 10 1 10 10 8 10 8 1
left_child=-1 -2 3 4 -3 7 -7 -6 9 -9 -8 -4 13 -13
right_child=1 2 11 -5 5 6 10 8 -10 -11 -12 12 -14 -15
leaf_value=0.00014137596834255011 -0.010215611209678642 -0.0089951929091667653 -0.012613106864338173 -0.0068810230537701125 -0.0049775411096306902 0.010595307826167726 0.0072124907315585214 0.024174963806929791 -0.0041345576995583787 0.00067763773982901481 -0.0076020799521054946 0.0019288872496130303 0.002021078476206663 -0.0094829741544648679
leaf_weight=14786.074570850236 77.166240931604989 36.742781842127442 57.046854667481966 96.392396256909706 16.546729738591239 56.360877897473983 34.143669641576707 72.265062819235027 14.807644639280623 17.737011028104462 81.717073960229754 68.499446977395564 259.21378157217987 163.03821205685381
leaf_count=241115 3884 2365 490 2300 541 3763 408 1813 839 941 2369 2430 4127 6651
internal_value=8.75384e-06 -0.00183162 -0.00102294 0.00213969 0.00495662 0.00705513 0.00200451 0.0132137 0.0154732 0.0203026 -0.00290998 -0.00347787 -0.00207336 -0.00650129
internal_weight=15837.8 1051.68 974.512 426.713 330.321 293.578 172.222 121.356 104.81 90.0021 115.861 547.798 490.751 231.538
internal_count=274036 32921 29037 15339 13039 10674 6540 4134 3593 2754 2777 13698 13208 9081
cat_boundaries=0 1 2
cat_threshold=832 786
is_linear=0
shrinkage=0.03


Tree=239
num_leaves=15
num_cat=1
split_feature=151 63 103 137 133 48 121 147 106 89 104 0 123 16
split_gain=4.20499 4.32858 11.854 9.91369 11.4263 11.2193 9.13947 8.84729 8.77453 10.6503 10.8144 7.81589 9.94982 8.96118
threshold=5.5915465080447468 2.5833333333333335 -1.1813204182053478 292.50000000000006 4.5000000000000009 15.611804723628333 -0.018331821084114661 0.10320952957620953 0.35912698412698418 -0.32265504759596136 0.33854166666666669 0 1.6666666666666858 9.8786764705882337
decision_type=2 8 8 2 2 10 8 8 2 8 2 1 10 2
left_child=1 2 -1 6 5 -5 -4 11 -8 10 -10 -7 -13 -14
right_child=-2 -3 3 4 -6 7 8 -9 9 -11 -12 12 13 -15
leaf_value=0.0051454645656602675 -0.0098700923779874543 0.00029656784799331703 -0.011068070157455598 -0.0073267876676934756 -0.0070904914520401379 -0.00070790376500286072 0.0072870656726714963 -0.006809742856614464 -0.0080012959960428093 -0.0037891794862498791 0.0048564796260471945 0.008469836592917385 -0.0034990944035078156 0.0056436173007377837
leaf_weight=255.47472996031865 23.692796398187056 12313.604614885291 98.635100961546414 101.87419556546956 140.39486508932896 321.25575287349056 69.165058064972982 72.086916262982413 60.558020139811561 1414.5280605916632 260.28000457864255 348.07152879564092 169.33096521254629 188.85538045386784
leaf_count=1435 15373 232064 869 910 1194 2361 741 700 416 10790 1808 2700 1371 1304
internal_value=7.67207e-06 3.18101e-05 -0.000896809 -0.00139399 0.000578061 0.00155053 -0.00277808 0.00246052 -0.00223744 -0.00267625 0.0021806 0.00319951 0.00489656 0.00135453
internal_weight=15837.8 15814.1 3500.51 3245.04 1341.87 1201.47 1903.17 1099.6 1804.53 1735.37 320.838 1027.51 706.258 358.186
internal_count=274036 258663 26599 25164 10540 9346 14624 8436 13755 13014 2224 7736 5375 2675
cat_boundaries=0 1
cat_threshold=198
is_linear=0
shrinkage=0.03


end of trees

feature_importances:
odds_win_share=376
odds_log_win=317
odds_relative_to_favorite=142
days_since_last_start=75
recent3_early_pct=59
odds_favorite_share=58
recent3_speed=57
horse_win_rate_field_gap=53
horse_recent5_avg_finish_field_gap=52
horse_weight_vs_field=50
recent3_distance_m=50
odds_concentration=47
prior_speed_relative=45
prior_speed=44
body_load_ratio=42
horse_number_pct=41
prior_finish_pct=41
form_speed_trend=41
horse_distance_top3_rate=40
recent3_closing3f_z_field_rank=40
racecourse=38
horse_course_top3_rate=36
body_weight_vs_recent3=35
matchup_prior_early_pct=35
odds_entropy=35
horse_course_avg_finish=34
prior_position_gain=32
recent3_result_strength_field_rank=32
form_surprise_last3=32
matchup_horse_top3_rate=31
horse_win_rate_field_rank=30
horse_top3_rate_field_rank=30
recent3_past_popularity=29
relative_early=29
recent3_closing3f_z_field_gap=28
gate_course_bias_rate=28
horse_distance_avg_finish=27
distance_abs_change=27
form_speed_last10=27
matchup_recent3_speed_relative=26
recent3_late_pct=25
prior_closing3f_relative=25
recent3_speed_relative_field_rank=25
market_rank_fraction=25
horse_weight=24
distance_vs_recent3=24
form_surprise_last10=24
field_speed_std=24
pace_course_style_rate=23
recent3_result_strength=22
prior_placed=21
recent3_speed_relative_field_gap=21
horse_surface_avg_finish=20
form_surprise_trend=20
history_exact_2_last5=19
prior_early_pct=19
gate_course_bias_starts=19
weight_carried=18
horse_recent5_avg_finish=18
recent3_speed_relative=18
form_surprise_last5=18
recent3_placed=17
closing_pressure_fit=17
recent3_result_strength_field_gap=17
body_change_pct=17
prior_closing3f_z=16
relative_late=16
horse_top3_rate_field_gap=16
pace_course_style_starts=16
matchup_recent3_closing3f_z=16
recent3_position_gain=15
recent3_closing3f_relative=15
form_speed_last5=15
market_share=15
recent3_finish_pct=14
horse_recent5_avg_finish_field_rank=14
month_sin=14
race_class=13
prior_late_pct=13
body_load_change=13
fit_course_starts=13
age=12
weight_carried_vs_field=12
horse_avg_finish=12
prior_past_popularity=12
recent5_closing3f_z=12
horse_top3_rate=11
distance_change_m=11
horse_number=10
horse_wet_prior_top3_rate=10
horse_recent5_top3_rate=10
recent5_closing3f_relative=10
recent3_closing3f_z=10
front_pressure_share=10
gate_pct=9
horse_surface_starts=9
horse_surface_top3_rate=9
prior_distance_m=9
front_under_pressure=9
month_cos=9
fit_course_rate=8
horse_win_rate=7
horse_distance_win_rate=7
history_exact_2_last10=7
horse_course_starts=6
fit_surface_rate=6
fit_surface_starts=5
fit_distance_rate=5
fit_wet_rate=5
distance_m=4
horse_weight_change=4
horse_starts=4
gate=3
horse_surface_win_rate=3
horse_wet_prior_starts=3
horse_recent5_win_rate=3
stalk_style=3
body_change_abs=3
fit_wet_starts=3
sex=2
field_size=2
history_exact_3_last5=2
history_exact_3_last10=2
recent3_won=2
prior_class_tier=2
known_style_share=2
closer_pressure_help=2
form_speed_last3=2
market_rank=2
going=1
horse_distance_starts=1
horse_course_win_rate=1
same_course_as_last=1
history_exact_1_last10=1
recent5_max_class=1
shortening=1
expected_front_count=1
history_coverage=1
fit_distance_starts=1

parameters:
[boosting: gbdt]
[objective: binary]
[metric: binary_logloss]
[tree_learner: serial]
[device_type: cpu]
[data_sample_strategy: bagging]
[data: ]
[valid: ]
[num_iterations: 240]
[learning_rate: 0.03]
[num_leaves: 15]
[num_threads: 2]
[seed: 20260925]
[deterministic: 0]
[force_col_wise: 0]
[force_row_wise: 0]
[histogram_pool_size: -1]
[max_depth: -1]
[min_data_in_leaf: 400]
[min_sum_hessian_in_leaf: 0.001]
[bagging_fraction: 1]
[pos_bagging_fraction: 1]
[neg_bagging_fraction: 1]
[bagging_freq: 0]
[bagging_seed: 8810]
[bagging_by_query: 0]
[feature_fraction: 0.85]
[feature_fraction_bynode: 1]
[feature_fraction_seed: 17836]
[extra_trees: 0]
[extra_seed: 27358]
[early_stopping_round: 0]
[early_stopping_min_delta: 0]
[first_metric_only: 0]
[max_delta_step: 0]
[lambda_l1: 0]
[lambda_l2: 15]
[linear_lambda: 0]
[min_gain_to_split: 0]
[drop_rate: 0.1]
[max_drop: 50]
[skip_drop: 0.5]
[xgboost_dart_mode: 0]
[uniform_drop: 0]
[drop_seed: 13805]
[top_rate: 0.2]
[other_rate: 0.1]
[min_data_per_group: 100]
[max_cat_threshold: 32]
[cat_l2: 10]
[cat_smooth: 10]
[max_cat_to_onehot: 4]
[top_k: 20]
[monotone_constraints: ]
[monotone_constraints_method: basic]
[monotone_penalty: 0]
[feature_contri: ]
[forcedsplits_filename: ]
[refit_decay_rate: 0.9]
[cegb_tradeoff: 1]
[cegb_penalty_split: 0]
[cegb_penalty_feature_lazy: ]
[cegb_penalty_feature_coupled: ]
[path_smooth: 0]
[interaction_constraints: ]
[verbosity: -1]
[saved_feature_importance_type: 0]
[use_quantized_grad: 0]
[num_grad_quant_bins: 4]
[quant_train_renew_leaf: 0]
[stochastic_rounding: 1]
[linear_tree: 0]
[max_bin: 127]
[max_bin_by_feature: ]
[min_data_in_bin: 3]
[bin_construct_sample_cnt: 200000]
[data_random_seed: 5102]
[is_enable_sparse: 1]
[enable_bundle: 1]
[use_missing: 1]
[zero_as_missing: 0]
[feature_pre_filter: 1]
[pre_partition: 0]
[two_round: 0]
[header: 0]
[label_column: ]
[weight_column: ]
[group_column: ]
[ignore_column: ]
[categorical_feature: 0,1,2,3,4]
[forcedbins_filename: ]
[precise_float_parser: 0]
[parser_config_file: ]
[objective_seed: 25095]
[num_class: 1]
[is_unbalance: 0]
[scale_pos_weight: 1]
[sigmoid: 1]
[boost_from_average: 1]
[reg_sqrt: 0]
[alpha: 0.9]
[fair_c: 1]
[poisson_max_delta_step: 0.7]
[tweedie_variance_power: 1.5]
[lambdarank_truncation_level: 30]
[lambdarank_norm: 1]
[label_gain: ]
[lambdarank_position_bias_regularization: 0]
[eval_at: ]
[multi_error_top_k: 1]
[auc_mu_weights: ]
[num_machines: 1]
[local_listen_port: 12400]
[time_out: 120]
[machine_list_filename: ]
[machines: ]
[gpu_platform_id: -1]
[gpu_device_id: -1]
[gpu_device_id_list: ]
[gpu_use_dp: 0]
[num_gpu: 1]

end of parameters

pandas_categorical:[["\u4e2d\u5c71", "\u4eac\u90fd", "\u4e2d\u4eac", "\u6771\u4eac", "\u5c0f\u5009", "\u962a\u795e", "\u798f\u5cf6", "\u65b0\u6f5f", "\u51fd\u9928", "\u672d\u5e4c"], ["\u826f", "\u7a0d\u91cd", "\u91cd", "\u4e0d\u826f"], ["\u672a\u52dd\u5229", "\u65b0\u99ac", "500\u4e07\u5186\u4ee5\u4e0b", "1000\u4e07\u5186\u4ee5\u4e0b", "\u30aa\u30fc\u30d7\u30f3", "1600\u4e07\u5186\u4ee5\u4e0b", "1\u52dd\u30af\u30e9\u30b9", "2\u52dd\u30af\u30e9\u30b9", "3\u52dd\u30af\u30e9\u30b9"], ["\u7261", "\u725d", "\u305b\u3093"], ["\u30c0\u30fc\u30c8", "\u829d"]]
