tree
version=v4
num_class=1
num_tree_per_iteration=1
label_index=0
max_feature_idx=157
objective=binary sigmoid:1
feature_names=racecourse going race_class sex surface distance_m horse_number gate age weight_carried horse_weight horse_weight_change field_size horse_number_pct gate_pct weight_carried_vs_field horse_weight_vs_field horse_starts horse_win_rate horse_top3_rate horse_avg_finish horse_surface_starts horse_surface_win_rate horse_surface_top3_rate horse_surface_avg_finish horse_distance_starts horse_distance_win_rate horse_distance_top3_rate horse_distance_avg_finish horse_course_starts horse_course_win_rate horse_course_top3_rate horse_course_avg_finish horse_wet_prior_starts horse_wet_prior_top3_rate days_since_last_start distance_change_m same_surface_as_last same_course_as_last horse_recent5_avg_finish horse_recent5_win_rate horse_recent5_top3_rate history_exact_1_last5 history_exact_1_last10 history_exact_2_last5 history_exact_2_last10 history_exact_3_last5 history_exact_3_last10 prior_speed recent3_speed prior_speed_relative recent3_speed_relative prior_early_pct recent3_early_pct prior_late_pct recent3_late_pct prior_position_gain recent3_position_gain prior_finish_pct recent3_finish_pct prior_race_first3_laps recent3_race_first3_laps prior_past_popularity recent3_past_popularity prior_won recent3_won prior_placed recent3_placed class_tier prior_class_tier class_change class_rise class_drop recent5_max_class class_vs_recent_max prior_distance_m recent3_distance_m distance_abs_change stretching_out shortening distance_vs_recent3 prior_closing3f_relative recent3_closing3f_relative recent5_closing3f_relative prior_closing3f_z recent3_closing3f_z recent5_closing3f_z recent3_result_strength expected_front_count relative_early front_style stalk_style closer_style front_pressure_count front_pressure_share known_style_share front_under_pressure closer_pressure_help relative_late closing_pressure_fit recent3_speed_relative_field_rank recent3_speed_relative_field_gap recent3_closing3f_z_field_rank recent3_closing3f_z_field_gap horse_win_rate_field_rank horse_win_rate_field_gap horse_top3_rate_field_rank horse_top3_rate_field_gap horse_recent5_avg_finish_field_rank horse_recent5_avg_finish_field_gap recent3_result_strength_field_rank recent3_result_strength_field_gap form_surprise_last3 form_speed_last3 form_surprise_last5 form_speed_last5 form_surprise_last10 form_speed_last10 form_speed_trend form_surprise_trend body_change_abs body_change_pct body_load_ratio body_weight_vs_recent3 body_load_change month_sin month_cos history_coverage field_speed_std fit_surface_starts fit_surface_rate fit_distance_starts fit_distance_rate fit_course_starts fit_course_rate fit_wet_starts fit_wet_rate gate_course_bias_starts gate_course_bias_rate pace_course_style_starts pace_course_style_rate market_rank market_logrank market_inv_rank market_share market_rank_fraction market_field_size matchup_recent3_speed_relative matchup_recent3_closing3f_z matchup_horse_top3_rate matchup_prior_early_pct odds_log_win odds_win_share odds_favorite_share odds_entropy odds_concentration odds_relative_to_favorite odds_log_rank
feature_infos=-1:3:0:5:2:7:1:4:6:9:8 -1:0:1:2:3 -1:0:6:7:1:4:8:2:3 -1:0:1:2 -1:0:1 [1000:3600] [1:18] [1:8] [2:12] [48:61] [330:630] [-41:66] [6:18] [0.055555555555555552:1.8571428571428572] [0.125:1] [-6.5:5.6666666666666643] [-134.80000000000001:144] [0:63] [0.021739130434782608:0.30645161290322581] [0.065217391304347824:0.53947368421052633] [1:18] [0:58] [0.0234375:0.30645161290322581] [0.073770491803278687:0.53749999999999998] [1:18] [0:42] [0.025000000000000001:0.2878787878787879] [0.10576923076923077:0.53749999999999998] [1:18] [0:28] [0.03125:0.28846153846153844] [0.11538461538461539:0.48529411764705882] [1:18] [0:53] [0.068181818181818177:0.54166666666666663] [5:1421] [-2450:1800] [0:1] [0:1] [1:18] [0:1] [0:1] [0:1] [0:1] [0:1] [0:1] [0:1] [0:1] [9.5029239766081872:18.55287569573284] [12.13040181947872:18.337422007073958] [-6.9423703952012517:1.1341058823831283] [-4.2074191558726852:1.1341058823827552] [0.055555555555555552:1] [0.055555555554747116:1] [0.055555555555555552:1] [0.055555555554747116:1] [-0.94444444444444442:0.94444444444444442] [-0.94117647058828879:0.92307692307713296] [0.055555555555555552:1] [0.055555555554747116:1] none none [1:18] [1:18] [0:1] [0:1] [0:1] [0:1] [0:5] [0:5] [-4:5] [0:5] [0:4] [0:5] [-4:5] [1000:4250] [1000:4083.3333333333335] [0:2450] [0:1800] [0:2450] [-2553.3333333333335:1833.3333333333333] [-5.7000000000000028:54.599999999999994] [-5.6999999999970896:19.75] [-5.6999999999970896:19.75] [-3.2366676446401446:4.192845441090129] [-3.1333674587876885:3.994316821317625] [-3.1333674587876885:3.994316821317625] [0:1.3444444444467081] [0:13] [-0.67867717599860455:0.73602092352092352] [0:1] [0:1] [0:1] [0:13] [0:0.88888888888888884] [0:1] [0:0.88888888888888884] [0:0.875] [-0.66727369852369844:0.75207977207977206] [-2.1141725904487561:2.3639198347164592] [0.055555555555555552:1] [-3.8076498989771101:0.89892100784001938] [0.055555555555555552:1] [-3.3045906330170953:3.8636832713113201] [0.055555555555555552:1] [-0.12709450894934768:0.16237569746940256] [0.055555555555555552:1] [-0.24885103688940197:0.28188066654714361] [0.055555555555555552:1] [-9.7564102564102573:11.854166666666668] [0.055555555555555552:1] [-0.74320725767110063:0.69515079365049526] [-0.94444444444434339:0.9375] [-4.2074191558726852:1.1341058823827552] [-0.94444444444434339:0.9375] [-4.2074191558726852:1.1341058823827552] [-0.94444444444434339:0.9375] [-4.2074191558726852:1.1341058823827552] [-1.5977401817788026:0.87644971519572812] [-0.59194711538464162:0.58293350168346736] [0:66] [-0.098086124401913874:0.12313432835820895] [0.087859424920127799:0.16470588235294117] [-54:60.666666666666686] [-9:9] [-1:1] [-1:1] [0:1] [0:1.0663214950185125] [0:58] [0.048854961832061068:0.17692307692307691] [0:42] [0.057142857142857148:0.16179775280898878] [0:28] [0.062745098039215685:0.14252873563218391] [0:53] [0.048484848484848485:0.15876288659793814] [0:1638] [0.033333333333333333:0.1358288770053476] [0:10622] [0.040776699029126215:0.14260869565217391] [1:18] [0:2.8903717578961645] [0.055555555555555552:1] [0.015853995665515534:0.40816326530612251] [0.055555555555555552:1] [6:18] [-4.266637659251046:1.3242605931873186] [-3.9595811133816214:5.5182091120204859] [-0.3529411764705882:0.28975095785440608] [-0.94444444444444442:0.94444444444444442] [0.095310179804324935:6.9076552739818036] [0.00078014041891180815:0.84650491007700301] [0.12819785060390484:0.87912931330524346] [0.53965722126137028:2.6275239866908153] [0.083596587701826056:0.77734917385331703] [-6.5153962178984584:0] [0:2.8903717578961645]
tree_sizes=1743 1795 1798 1806 1787 1800 1806 1808 1799 1804 1797 1794 1792 1798 1809 1798 1802 1804 1803 1800 1805 1810 1808 1811 1807 1808 1807 1813 1817 1806 1809 1823 1817 1820 1816 1813 1814 1814 1817 1833 1821 1812 1802 1818 1816 1830 1819 1820 1807 1834 1821 1814 1833 1810 1812 1809 1820 1814 1822 1814 1812 1815 1816 1815 1826 1817 1821 1814 1827 1810 1826 1825 1821 1832 1840 1827 1831 1819 1837 1846 1845 1818 1822 1822 1845 1828 1830 1841 1825 1834 1845 1833 1837 1841 1829 1834 1842 1832 1836 1856 1830 1829 1844 1830 1843 1839 1832 1847 1825 1835 1834 1831 1836 1857 1856 1847 1828 1841 1851 1845 1842 1814 1827 1848 1849 1846 1849 1847 1841 1828 1857 1849 1828 1838 1837 1848 1843 1824 1837 1824 1841 1840 1853 1861 1820 1812 1816 1831 1834 1850 1836 1838 1830 1828 1826 1816 1815 1817 1840 1852 1819 1826 1822 1819 1824 1836 1848 1822 1829 1839 1837 1850 1813 1824 1810 1846 1801 1847 1834 1809 1833 1835 1822 1814 1817 1811 1810 1808 1813 1832 1843 1801 1811 1831 1842 1836 1808 1810 1811 1835 1819 1816 1831 1839 1813 1818 1830 1817 1841 1841 1819 1807 1831 1821 1838 1833 1806 1815 1808 1811 1835 1823 1812 1803 1799 1838 1823 1822 1811 1815 1804 1803 1831 1808 1821 1822 1826 1811 1815 1823

Tree=0
num_leaves=15
num_cat=0
split_feature=152 152 152 155 152 154 151 152 155 151 154 123 42 152
split_gain=12752.5 1453.26 1339.85 405.086 218.128 169.137 124.083 84.4191 49.2145 44.9955 42.7046 38.5427 30.6284 29.574
threshold=0.06830590478145572 0.02114318502212691 0.14157481290980548 0.16883184509694052 0.045622487434631244 1.8005263131333182 4.6303503656575673 0.096645139476576908 0.29514862277192327 3.1925297413228297 1.8612575538598153 -9.6666666666666838 1.0000000180025095e-35 0.086390984872955698
decision_type=2 2 2 2 2 2 2 2 2 2 2 8 10 2
left_child=1 6 5 11 9 13 -1 -7 -6 -3 -5 -4 -9 -2
right_child=2 4 3 10 8 7 -8 12 -10 -11 -12 -13 -14 -15
leaf_value=-2.5732018603833597 -2.529343316713307 -2.5569544686207526 -2.5465660371128718 -2.4865541718105235 -2.5493738456560529 -2.5403554600090454 -2.5812779333332103 -2.525317306306651 -2.5309261554839848 -2.5641733599237657 -2.5006303535263412 -2.514746226642707 -2.5359957551729497 -2.5093791386153166
leaf_weight=3656.413871973753 155.98176643252373 1432.6170496344566 40.521714806556702 972.0515328347683 1619.3926357626915 1089.859697073698 3773.0815243721008 864.77633088827133 127.1335257589817 1785.2364751696587 831.2989539206028 1222.897048830986 461.90729543566704 351.613091558218
leaf_count=54501 2325 21354 604 14489 24138 16245 56240 12890 1895 26610 12391 18228 6885 5241
internal_value=-2.5516 -2.56897 -2.51572 -2.50188 -2.55638 -2.53041 -2.57735 -2.53392 -2.54787 -2.561 -2.49257 -2.5157 -2.52882 -2.5147
internal_weight=18384.8 12393.9 5990.91 3066.77 4964.38 2924.14 7429.5 2416.54 1746.53 3217.85 1803.35 1263.42 1326.68 507.595
internal_count=274036 184738 89298 45712 73997 43586 110741 36020 26033 47964 26880 18832 19775 7566
is_linear=0
shrinkage=1


Tree=1
num_leaves=15
num_cat=0
split_feature=152 152 152 154 154 152 152 151 152 154 151 153 104 81
split_gain=11846.3 1464.7 1132.79 326.569 179.628 154.916 128.499 92.0003 40.9828 35.8856 34.1221 32.4111 28.1651 25.2192
threshold=0.059336613533021415 0.14157481290980548 0.018895518052587035 2.0484530748301237 1.8005263131333182 0.034835010130559833 0.096645139476576908 4.6303503656575673 0.086390984872955698 1.8612575538598153 1.4468497739944199 0.35795470260283774 0.64495798319327746 0.8249999999999994
decision_type=2 2 2 2 2 2 2 2 2 2 2 2 2 10
left_child=2 4 7 9 8 -4 -6 -1 -2 -3 -5 -7 -8 -12
right_child=1 3 5 10 6 11 12 -9 -10 -11 13 -13 -14 -15
leaf_value=-0.02215665576086541 0.021547019348719117 0.059722248293000546 -0.012352479150794887 0.038921095508394787 0.0089738199581172202 -0.0039485377153944505 0.025544689033379264 -0.029539950482512661 0.039593673929847077 0.047121547866741609 0.0282212150642954 0.0036248984475491463 0.015737902962487067 -0.00069794918786687983
leaf_weight=3159.5063164234161 265.48891998827457 1027.7175236493349 2465.7853431850672 714.58572056144476 1578.3053781092167 1593.682019084692 790.74213156104088 3678.2952815294266 364.49971899390221 875.17472286522388 552.97617994248867 730.02973383665085 561.76230071485043 27.750908605754375
leaf_count=47974 3900 14494 37177 10311 23355 23786 11542 56240 5241 12518 7988 10876 8233 401
internal_value=-4.84155e-06 0.0315385 -0.0183582 0.0462514 0.0181853 -0.00713813 0.014922 -0.0261844 0.0326664 0.0543408 0.0338815 -0.00156124 0.0216887 0.0268565
internal_weight=18386.3 6759 11627.3 3198.21 3560.8 4789.5 2930.81 6837.8 629.989 1902.89 1295.31 2323.71 1352.5 580.727
internal_count=274036 97983 176053 45712 52271 71839 43130 104214 9141 27012 18700 34662 19775 8389
is_linear=0
shrinkage=0.03


Tree=2
num_leaves=15
num_cat=0
split_feature=151 152 152 155 144 151 151 155 151 104 123 155 84 35
split_gain=11039.6 1381.34 1009.16 285.323 188.556 120.582 92.9104 72.7201 60.2354 36.5261 32.8096 32.4086 28.7593 22.2299
threshold=2.6497083809956692 0.14157481290980548 0.018895518052587035 0.16883184509694052 0.07701055138646222 3.1925297413228297 4.6303503656575673 0.28067672134826954 2.0856528016791152 0.81009615384615397 -9.6666666666666838 0.28942880160359347 0.093008166475538709 98.500000000000014
decision_type=2 2 2 2 2 2 2 2 2 2 8 2 8 10
left_child=1 4 6 10 8 11 -2 13 -1 -5 -3 -4 -12 -6
right_child=2 3 5 9 7 -7 -8 -9 -10 -11 12 -13 -14 -15
leaf_value=0.020279298124531973 -0.021912837317179197 0.0040614901698743091 -0.0039564337784599619 0.053996804141850839 0.022920731628857657 -0.012694204946860861 -0.029404080642545641 0.039700483720344765 0.008707984632816284 0.040929756868976319 0.035672473717798019 0.0084374512166763092 0.023063315936123829 0.0081626116798313771
leaf_weight=525.07759664952755 3099.8945205956697 41.899520188570023 2161.4582148268819 1411.1182283833623 1075.7469643056393 2172.8332422971725 3585.8995515108109 263.09528249502182 1859.3239763900638 571.29039392620325 955.67691362649202 194.00553168356419 344.1388563066721 124.07353095710278
leaf_count=7529 47974 604 32371 19135 15410 33137 56240 3712 27288 7745 13393 2878 4835 1785
internal_value=-8.92451e-06 0.029026 -0.0185908 0.0431679 0.016687 -0.00762009 -0.0259876 0.0251546 0.011367 0.0505668 0.0317977 -0.00288869 0.0326353 0.0215142
internal_weight=18385.5 7171.44 11214.1 3324.12 3847.32 4528.3 6685.79 1462.92 2384.4 1982.41 1341.72 2355.46 1299.82 1199.82
internal_count=274036 101436 172600 45712 55724 68386 104214 20907 34817 26880 18832 35249 18228 17195
is_linear=0
shrinkage=0.03


Tree=3
num_leaves=15
num_cat=0
split_feature=152 152 152 155 152 152 152 155 155 155 155 155 152 105
split_gain=10300 1172.88 1032.07 261.791 141.585 125.59 93.5145 75.306 64.012 31.7943 31.5738 29.8471 28.6295 29.4171
threshold=0.057407164585244877 0.13656856474610526 0.018895518052587035 0.16883184509694052 0.096645139476576908 0.034835010130559833 0.0077983361164995187 0.15597578303162216 0.22525760322425215 0.29514862277192327 0.20667262876402046 0.25289135602172036 0.18500241897974226 -1.0000000180025095e-35
decision_type=2 2 2 2 2 2 2 2 2 2 2 2 2 2
left_child=2 4 6 12 8 -4 -1 -6 -2 -7 -5 -9 -3 -14
right_child=1 3 5 10 7 9 -8 11 -10 -11 -12 -13 13 -15
leaf_value=-0.029247321827740744 0.0076231772282341782 0.023864180853312399 -0.011885890539136267 0.04035175566765925 0.014126453979481628 -0.0030066741495650444 -0.021655586008781341 0.024291999087386211 0.020244163039040561 0.010140393089128534 0.051040588715884176 0.039686886743615403 0.043597923551036345 0.028045111125238963
leaf_weight=3510.9176260381937 1648.3671226501465 694.36540907621384 2415.561550617218 928.30945024639368 636.4036398679018 2003.1994527950883 3026.784646064043 717.15137035399675 464.19726230949163 165.73031750321388 1211.8585961610079 194.25226762890816 260.30124226212502 505.52470543980598
leaf_count=56473 24021 9574 37177 12218 8988 30040 47741 10068 6578 2429 15673 2635 3540 6881
internal_value=-1.27196e-05 0.0277479 -0.0181482 0.039889 0.0156918 -0.00720184 -0.0257902 0.0225824 0.0105196 -0.00193934 0.0467174 0.0281627 0.0295075 0.0340674
internal_weight=18382.9 7260.73 11122.2 3600.36 3660.37 4584.49 6537.7 1547.81 2112.56 2168.93 2140.17 911.404 1460.19 765.826
internal_count=274036 100176 173860 47886 52290 69646 104214 21691 30599 32469 27891 12703 19995 10421
is_linear=0
shrinkage=0.03


Tree=4
num_leaves=15
num_cat=0
split_feature=151 151 151 154 154 151 151 151 151 104 155 104 84 144
split_gain=9638.03 1065.42 973.302 251.724 118.437 113.22 95.9201 68.9568 55.8862 32.6593 29.0414 26.7447 26.4662 25.4393
threshold=2.6497083809956692 1.8325494627242667 3.7412339808651516 2.0019646614755104 1.8005263131333182 3.1925297413228297 4.6303503656575673 2.0856528016791152 1.4468497739944199 0.66145833333333337 0.28942880160359347 0.81009615384615397 0.67082467295555104 0.098537378838069858
decision_type=2 2 2 2 2 2 2 2 2 2 2 2 10 2
left_child=1 3 5 11 13 10 -4 9 -5 -6 -2 -1 -10 -3
right_child=2 4 6 8 7 -7 -8 -9 12 -11 -12 -13 -14 -15
leaf_value=0.046794009651274358 -0.0037476993362800621 0.019435043739327983 -0.021379885802799457 0.03383434404651945 0.022181976655351762 -0.012288146493648103 -0.02913382298666746 0.007712472080413149 0.02401590085963267 0.010220323735849853 0.0079249276365316555 0.035707848484767955 0.0047206368942604915 0.033772898215291017
leaf_weight=1502.3661895766854 2146.9259717911482 397.71349105983973 2984.2150260210037 956.52626417577267 579.2056715413928 2128.3416852355003 3408.2505408599973 1891.187585555017 902.44155229628086 381.05247291177511 196.49043436348438 585.1728944554925 77.726686544716358 240.22923015803099
leaf_count=18859 32371 5499 47950 12549 7994 33161 56240 27352 12186 5329 2878 7406 1067 3195
internal_value=-1.47859e-05 0.0260801 -0.0180729 0.0365853 0.01386 -0.00730235 -0.0255726 0.0111392 0.0283558 0.0176655 -0.0027248 0.0439633 0.02258 0.0254861
internal_weight=18377.8 7513.62 10864.2 4024.23 3489.39 4471.76 6392.47 2851.45 1936.69 960.258 2343.42 2087.54 980.168 637.943
internal_count=274036 101436 172600 52067 49369 68410 104190 40675 25802 13323 35249 26265 13253 8694
is_linear=0
shrinkage=0.03


Tree=5
num_leaves=15
num_cat=0
split_feature=151 152 151 154 144 151 151 154 151 151 153 35 104 104
split_gain=9018.65 963.745 942.994 199.719 117.536 107.125 95.5967 42.4962 41.8169 40.7787 24.9419 24.7947 23.1764 20.2094
threshold=2.6497083809956692 0.018895518052587035 1.7833559100698646 1.996611466501977 0.07701055138646222 3.1925297413228297 4.6303503656575673 1.6271661634722758 2.0856528016791152 1.4468497739944199 0.35795470260283774 75.500000000000014 0.84495192307692324 0.81009615384615397
decision_type=2 2 2 2 2 2 2 2 2 2 2 10 2 2
left_child=2 6 3 13 8 10 -2 -6 -4 -5 -3 12 -9 -1
right_child=1 5 4 9 7 -7 -8 11 -10 -11 -12 -13 -14 -15
leaf_value=0.04436500989874019 -0.021178861024150845 -0.0047456093715240715 0.017368711530879904 0.032039037989428344 0.032712636788163163 -0.011983329611170343 -0.028998957887230795 0.022459872884929011 0.0077390214118600118 0.021997784431229097 0.0018741296758187397 0.0079725840723855051 0.0080733767653145463 0.034122699639350718
leaf_weight=1459.4260841757059 2930.4779780879617 1596.8096270859241 525.61189760267735 1004.2072899788618 244.13968732208014 2104.7630328983068 3322.7412784844637 738.35609991848469 1901.5529868528247 878.62070524692535 741.05035161972046 207.8933974057436 142.37270604819059 573.76594439148903
leaf_count=17553 47974 24190 7184 12801 3188 33137 56240 9986 27288 11602 11059 2855 1950 7029
internal_value=-1.76493e-05 -0.0178144 0.0247671 0.0350584 0.0139518 -0.00709659 -0.0253936 0.0211054 0.00991824 0.0275642 -0.00264873 0.018093 0.0203084 0.0417457
internal_weight=18371.8 10695.8 7675.95 3916.02 3759.93 4442.62 6253.22 1332.76 2427.16 1882.83 2337.86 1088.62 880.729 2033.19
internal_count=274036 172600 101436 48985 52451 68386 104214 17979 34472 24403 35249 14791 11936 24582
is_linear=0
shrinkage=0.03


Tree=6
num_leaves=15
num_cat=0
split_feature=152 152 152 155 154 152 152 152 155 123 152 155 155 84
split_gain=8434.41 983.176 808.678 158.933 124.498 111.763 96.1682 90.8491 27.7494 27.2495 26.3507 24.384 22.7289 22.4747
threshold=0.057407164585244877 0.018895518052587035 0.14157481290980548 0.16883184509694052 1.8005263131333182 0.036065169011250925 0.0077983361164995187 0.096645139476576908 0.29514862277192327 -10.666666666666655 0.086390984872955698 0.15597578303162216 0.22936716169073168 0.093008166475538709
decision_type=2 2 2 2 2 2 2 2 2 8 2 2 2 8
left_child=1 6 4 9 10 -3 -1 -6 -7 -4 -2 -9 -5 -11
right_child=2 5 3 12 7 8 -8 11 -10 13 -12 -13 -14 -15
leaf_value=-0.028841603150337673 0.017359062386703331 -0.010938580487409453 -0.0010698757773008026 0.03502188404723381 0.0068997511325723949 -0.0024836112838450292 -0.020919368209453074 0.012706100910404224 0.010108824762748518 0.028565931488139087 0.03063677604381412 0.021069437831002631 0.043786809693657593 0.018310440802762919
leaf_weight=3253.6946973800659 318.8597290366888 2487.2336706221104 32.799134641885757 1382.4309549182653 1761.0751510113478 1858.3983891010284 2862.6825891621411 733.75414181500673 157.18492173403502 1070.1805321797729 415.64463093876839 738.7971855700016 913.58801148086786 378.00773319602013
leaf_count=56473 4307 39321 439 16356 25141 28066 47741 9931 2259 13530 5241 9844 10524 4863
internal_value=-2.02759e-05 -0.0173738 0.0237604 0.0336879 0.0142198 -0.00670304 -0.025194 0.0115896 -0.00143417 0.0254977 0.0253355 0.0170722 0.038771 0.0261042
internal_weight=18364.3 10619.2 7745.14 3777.01 3968.13 4502.82 6116.38 3233.63 2015.58 1480.99 734.504 1472.55 2296.02 1448.19
internal_count=274036 173860 100176 45712 54464 69646 104214 44916 30325 18832 9548 19775 26880 18393
is_linear=0
shrinkage=0.03


Tree=7
num_leaves=15
num_cat=0
split_feature=152 152 152 154 152 154 152 152 154 152 144 52 105 39
split_gain=7904.35 966.824 719.127 158.35 107.008 103.725 97.0206 61.9257 25.6341 24.6974 24.0849 23.7441 21.9426 21.7839
threshold=0.057407164585244877 0.018895518052587035 0.13190940246168517 2.0484530748301237 0.036065169011250925 1.8005263131333182 0.0077983361164995187 0.096645139476576908 1.8612575538598153 0.18500241897974226 0.07701055138646222 0.14835164835164838 -1.0000000180025095e-35 8.5500000000000025
decision_type=2 2 2 2 2 2 2 2 2 2 2 8 2 10
left_child=1 6 5 8 -3 -2 -1 -7 -4 11 13 -5 -11 -6
right_child=2 4 3 9 10 7 -8 -9 -10 12 -12 -13 -14 -15
leaf_value=-0.028706359292713229 0.023287452681152173 -0.01071421585406856 0.039415986693608511 0.0068767203512506538 -0.0033188381236821129 0.0066551854724965611 -0.020672934455447219 0.015520700748115243 0.031265728779087121 0.035082590849461866 0.014422710915930488 0.021296381697067192 0.022711988928773283 0.0057378011578811498
leaf_weight=3172.2553700506687 688.99788448214531 2463.8125489540398 1380.485299192369 142.6229654327035 1680.3325135856867 1771.4082882329822 2810.8704396113753 1217.5727446377277 1156.130921959877 290.15617810189724 68.35736832767725 671.67388994991779 576.47329606115818 264.29408328235149
leaf_count=56473 8822 39321 15459 1836 25349 25141 47741 16183 13561 3515 983 8589 7070 3993
internal_value=-2.24678e-05 -0.0171165 0.0226131 0.0310611 -0.00654088 0.0128388 -0.0249934 0.0103261 0.0359069 0.0234956 -0.00139141 0.0189409 0.0273802 -0.00205345
internal_weight=18355.4 10459.9 7895.52 4217.54 4476.8 3677.98 5983.13 2988.98 2536.62 1680.93 2012.98 814.297 866.629 1944.63
internal_count=274036 173860 100176 50030 69646 50146 104214 41324 29020 21010 30325 10425 10585 29342
is_linear=0
shrinkage=0.03


Tree=8
num_leaves=15
num_cat=0
split_feature=152 152 152 154 152 152 152 154 152 154 104 123 24 153
split_gain=7414.37 964.036 625.865 161.418 118.146 97.8547 60.2256 48.5488 41.1319 32.6911 25.6663 23.0025 20.3547 20.344
threshold=0.045622487434631244 0.1185369858508937 0.018895518052587035 1.925001347811172 0.06830590478145572 0.0077983361164995187 0.18500241897974226 1.8536659611573338 0.030340511369926781 1.7165391499882074 0.68465909090909094 -9.6666666666666838 1.966666666666667 0.51851564389571481
decision_type=2 2 2 2 2 2 2 2 2 2 2 8 10 2
left_child=2 4 5 -3 9 -1 -5 -6 -4 -2 -9 -8 -13 -10
right_child=1 3 8 6 7 -7 11 10 13 -11 -12 12 -14 -15
leaf_value=-0.02857101411621548 0.013065399810483741 0.035245334665979844 -0.011835247770155164 0.018950116279879935 0.020698244115728841 -0.020426035260898014 0.0031529951890196168 0.013232395991391066 -0.0060249700639736833 0.0012665118630737411 0.0057472120521753637 0.019199409472923448 0.030883928922546586 0.0074449774763438968
leaf_weight=3092.9352977536619 230.40278527140617 1953.3737044259906 1755.274215746671 1456.5880551636219 575.21212162077427 2760.4502183794975 36.05697575211525 1182.9689335227013 1590.6441812850535 1555.1965478137136 685.122692450881 265.77637533098459 1110.1040156036615 95.212490063160658
leaf_count=56473 3185 21596 28459 18275 7290 47741 441 16133 24612 22848 9427 3130 13006 1420
internal_value=-2.41932e-05 0.0192867 -0.0188295 0.0284401 0.00878603 -0.0247919 0.0236468 0.0130546 -0.00862382 0.00288513 0.0105549 0.0282419 0.0288582 -0.00520528
internal_weight=18345.3 9050.8 9294.52 4821.9 4228.9 5853.39 2868.53 2443.3 3441.13 1785.6 1868.09 1411.94 1375.88 1685.86
internal_count=274036 115331 158705 56448 58883 104214 34852 32850 54491 26033 25560 16577 16136 26032
is_linear=0
shrinkage=0.03


Tree=9
num_leaves=15
num_cat=0
split_feature=152 152 151 155 144 151 151 151 153 152 155 151 105 122
split_gain=6983.18 866.774 621.84 148.672 110.169 77.8693 55.1003 41.1528 40.0331 39.1066 41.6436 24.5153 26.9285 23.0673
threshold=0.045622487434631244 0.1185369858508937 3.8490826385811467 0.16667410127974996 0.065239231439793002 4.6303503656575673 3.2939815763060616 2.4552969699580154 0.41376443347400643 0.19344782932042962 0.28422506276573184 1.4468497739944199 -1.0000000180025095e-35 0.11334682860998652
decision_type=2 2 2 2 2 2 2 2 2 2 2 2 2 2
left_child=2 4 6 11 7 -4 -1 -2 -6 10 -5 12 -3 -13
right_child=1 3 5 9 8 -7 -8 -9 -10 -11 -12 13 -14 -15
leaf_value=-0.0052694186056122354 0.0091410317596499219 0.032441783197782452 -0.020737147431631298 0.023252245001508066 0.010531177099159787 -0.028460439686882586 -0.012600146121493924 0.00087437082227102207 0.019995805625728776 0.034329260849314258 0.04163350088673709 0.0099693388778238599 0.019383999969233949 0.019857836962299012
leaf_weight=1776.7877701930702 854.1791704967618 283.3114722147584 2373.1049145534635 1032.7673251479864 1332.3377794548869 3002.7391335293651 1989.9972349889576 1449.3405833765864 623.71540210396051 1824.038485608995 147.47778698801994 369.69384720921516 536.43213483691216 738.93494748324156
leaf_count=27644 11789 3265 41793 11759 17789 56240 33028 21311 7994 19612 1592 4634 6337 9249
internal_value=-2.69038e-05 0.0184225 -0.0185762 0.0269691 0.00846547 -0.0251183 -0.00917687 0.00397908 0.0136783 0.0312194 0.0260427 0.0201574 0.0243988 0.0167374
internal_weight=18334.9 9192.23 9142.63 4932.66 4259.57 5375.84 3766.79 2303.52 1956.05 3004.28 1180.25 1928.37 819.744 1108.63
internal_count=274036 115331 158705 56448 58883 98033 60672 33100 25783 32963 13351 23485 9602 13883
is_linear=0
shrinkage=0.03


Tree=10
num_leaves=15
num_cat=0
split_feature=152 152 151 155 152 151 151 154 154 151 152 155 151 105
split_gain=6582.39 782.417 613.807 131.175 102.016 78.6327 53.1308 42.3379 34.7225 43.4265 37.3321 28.7752 22.0359 23.8885
threshold=0.045622487434631244 0.1185369858508937 3.8490826385811467 0.16667410127974996 0.06830590478145572 4.6303503656575673 3.2939815763060616 2.0435025635765154 1.7271110081475349 1.3986406674150766 0.46570839807042735 0.29514862277192327 1.4468497739944199 -1.0000000180025095e-35
decision_type=2 2 2 2 2 2 2 2 2 2 2 2 2 2
left_child=2 4 6 12 11 -4 -1 -6 10 -10 -5 -2 13 -3
right_child=1 3 5 8 7 -7 -8 -9 9 -11 -12 -13 -14 -15
leaf_value=-0.0051360985492743894 0.0014873829786178851 0.03073288097867527 -0.020492920482323457 0.03846228811111943 0.016165826552087835 -0.028325137353420054 -0.012361058725482708 0.0081688996567589409 0.030872477360750637 0.021238492525612145 0.020111030591493436 0.014894537756390843 0.016026448561629048 0.018528045645731753
leaf_weight=1768.7345223203301 1652.196850001812 290.80879279971123 2330.1771413274109 728.7474325671792 1192.5845002755523 2927.7756678313017 1968.2559834644198 1301.2351450249553 1250.181477278471 920.36244461685419 179.44022655487061 143.41160184890032 1123.8554407432675 544.93743523210287
leaf_count=27644 24138 3265 41793 7545 15302 56240 33028 17548 13235 10352 1831 1895 13883 6337
internal_value=-2.78811e-05 0.0176157 -0.0183232 0.02562 0.00815742 -0.0249223 -0.00897566 0.0120669 0.0295571 0.0269612 0.0352221 0.00267271 0.0192569 0.0232419
internal_weight=18322.7 9327.76 8994.94 5038.33 4289.43 5257.95 3736.99 2493.82 3078.73 2170.54 908.188 1795.61 1959.6 835.746
internal_count=274036 115331 158705 56448 58883 98033 60672 32850 32963 23587 9376 26033 23485 9602
is_linear=0
shrinkage=0.03


Tree=11
num_leaves=15
num_cat=0
split_feature=152 152 151 155 151 151 151 154 152 155 154 104 122 155
split_gain=6207.84 707.88 606.443 116.394 94.2941 82.129 41.6562 40.4538 30.8666 31.5129 26.7572 22.6915 21.956 21.893
threshold=0.045622487434631244 0.1185369858508937 4.0613043372021433 0.16667410127974996 2.4552969699580154 3.2939815763060616 4.6303503656575673 2.0127692406526707 0.1646155049132276 0.28422506276573184 1.7165391499882074 0.77951388888888895 0.11368092691622105 0.28942880160359347
decision_type=2 2 2 2 2 2 2 2 2 2 2 2 2 2
left_child=2 4 5 12 7 13 -4 -2 9 -5 -6 -9 -3 -1
right_child=1 3 6 8 10 -7 -8 11 -10 -11 -12 -13 -14 -15
leaf_value=-0.0060500345950092157 0.015941768280673865 0.013662102588564387 -0.021441351885917118 0.019134929162681471 0.011689725011995056 -0.013441829547002708 -0.028189456696460214 0.010391064180956335 0.030052491739819269 0.037156770011652684 0.0011132182938092597 0.00179661566922259 0.02093495590689079 0.0053552706924931606
leaf_weight=1605.32813019678 1095.8400098383427 725.16778857260942 1621.6547727920115 737.82063343375921 235.48628693819046 2613.8774719201028 2854.7878150865436 1039.9260624945164 2299.1385570988059 113.22886007279158 1562.6526598855853 384.40669741481543 1264.7711087092757 155.58597465604544
leaf_count=25291 13813 8586 29620 8249 3159 45201 56240 13864 23552 1162 22852 5195 14899 2353
internal_value=-2.86054e-05 0.0168568 -0.0180704 0.0243679 0.00786293 -0.0100748 -0.0258246 0.0115922 0.0280285 0.0221347 0.00258358 0.00811444 0.0184066 -0.0050056
internal_weight=18309.7 9458.44 8851.23 5140.13 4318.31 4374.79 4476.44 2520.17 3150.19 851.049 1798.14 1424.33 1989.94 1760.91
internal_count=274036 115331 158705 56448 58883 72845 85860 32872 32963 9411 26011 19059 23485 27644
is_linear=0
shrinkage=0.03


Tree=12
num_leaves=15
num_cat=0
split_feature=152 152 152 151 154 151 154 151 105 152 155 53 122 86
split_gain=5856.37 644.685 599.494 150.071 79.1012 76.857 48.4836 45.2296 40.2666 33.5134 24.1638 23.3975 21.3473 20.7696
threshold=0.045622487434631244 0.096645139476576908 0.013936205915647789 1.3986406674150766 1.809077832229 3.2939815763060616 1.5902600688429172 4.6303503656575673 0.0014068906450355331 0.063566368367825213 0.15283654434326099 0.28571428571134078 0.11383021196283392 -1.1371521910878071
decision_type=2 2 2 2 2 2 2 2 2 2 2 8 2 8
left_child=2 6 7 8 -5 -4 -2 -1 -3 -8 12 -10 -6 -13
right_child=1 3 5 4 10 -7 9 -9 11 -11 -12 13 -14 -15
leaf_value=-0.021093099676509398 0.018553129837159926 0.03129240525643627 -0.0048770854448003638 0.026747669768364426 0.0068960943992664074 -0.013102800717609442 0.00084189327189997359 -0.028053309528564139 0.016465049819380826 0.007137251561145354 0.018004512682040445 0.011525505406555689 0.014971645191691073 0.027868953102572598
leaf_weight=1644.3000006899238 218.98701702803373 1324.0054363757372 1753.2596888542175 706.1081261113286 502.60410004854202 2530.110500600189 1383.6411880925298 2783.7309522554278 470.02461761236191 1688.7285733520985 1533.9818112701178 109.6131806820631 881.69704787433147 765.73496503382921
leaf_count=30600 2725 13467 27644 7417 6183 44221 20301 56240 4910 22728 17773 1126 10736 7965
internal_value=-3.02861e-05 0.0161384 -0.0178178 0.0217558 0.0176324 -0.00976464 0.00534686 -0.0255487 0.0272246 0.00432 0.0153013 0.0229205 0.012145 0.026051
internal_weight=18296.5 9585.13 8711.4 6293.77 3624.39 4283.37 3291.36 4428.03 2669.38 3072.37 2918.28 1345.37 1384.3 875.348
internal_count=274036 115331 158705 69577 42109 71865 45754 86840 27468 43029 34692 14001 16919 9091
is_linear=0
shrinkage=0.03


Tree=13
num_leaves=15
num_cat=0
split_feature=152 151 151 152 154 151 155 151 35 84 154 155 104 28
split_gain=5527.64 592.461 587.231 96.1638 90.9561 76.5023 43.7056 42.825 28.4873 27.188 24.2397 20.8231 20.7013 27.4522
threshold=0.045622487434631244 4.0613043372021433 1.8325494627242667 0.06830590478145572 2.0484530748301237 3.2939815763060616 0.28067672134826954 4.6303503656575673 99.500000000000014 0.63894632413410046 1.7669551885720913 0.28942880160359347 0.81009615384615397 5.3405797101449286
decision_type=2 2 2 2 2 2 2 2 10 10 2 2 2 10
left_child=1 5 4 10 12 11 8 -3 -5 -6 -4 -1 13 -2
right_child=2 7 3 6 9 -7 -8 -9 -10 -11 -12 -13 -14 -15
leaf_value=-0.0057806228432446052 0.029071266626051879 -0.02096961878595844 0.0098733185068087381 0.010988766013703206 0.018264392084826279 -0.012952300480141968 0.022903505735436248 -0.027916608692609899 0.00053075419492902207 0.003429814182851907 0.0007967714509661488 0.0053401871804438818 0.020934200328387585 0.016509072819331221
leaf_weight=1590.2372617684305 1938.4951683953404 1561.7558450475335 307.39877033233643 2419.1193705201149 1818.5141651257873 2553.2087904140353 256.55883836001158 2714.5612907931209 261.13491503149271 126.67284614592791 1500.7860820516944 155.64976313710213 833.46195867657661 244.97572106122971
leaf_count=25291 19143 29620 4103 30940 20510 45201 2891 56240 3400 1495 21930 2353 8447 2472
internal_value=-3.13072e-05 -0.0175657 0.015462 0.00787922 0.0226674 -0.00965027 0.0112182 -0.0254617 0.00997848 0.017332 0.00240836 -0.00475213 0.0260047 0.0277841
internal_weight=18282.5 8575.41 9707.12 4745 4962.12 4299.1 2936.81 4276.32 2680.25 1945.19 1808.18 1745.89 3016.93 2183.47
internal_count=274036 158705 115331 63264 52067 72845 37231 85860 34340 22005 26033 27644 30062 21615
is_linear=0
shrinkage=0.03


Tree=14
num_leaves=15
num_cat=0
split_feature=152 151 152 154 151 151 151 154 152 35 123 155 152 52
split_gain=5218.64 585.154 540.189 126.479 73.8089 71.0524 43.4047 42.5713 28.7123 26.4346 19.8034 19.7371 18.116 17.6512
threshold=0.045622487434631244 4.0613043372021433 0.096645139476576908 1.913102243455109 3.2939815763060616 1.4468497739944199 4.6303503656575673 1.5902600688429172 0.063566368367825213 69.500000000000014 -9.6666666666666838 0.28942880160359347 0.018895518052587035 0.16025641025641027
decision_type=2 2 2 2 2 2 2 2 2 10 8 2 2 8
left_child=1 4 7 9 11 10 -3 -2 -9 -4 -5 -1 -6 -10
right_child=2 6 3 5 12 -7 -8 8 13 -11 -12 -13 -14 -15
leaf_value=-0.0056371197889903031 0.017160344872207915 -0.02073171696992885 0.026830009176663738 0.00061027029804306754 -0.016038683624884961 0.013033303832881957 -0.027779270182620924 0.00076246634805038295 -0.0004626247191953571 0.017359269600162135 0.021910738357640631 0.0051720938741898047 -0.010483132424288362 0.0078725446264165111
leaf_weight=1582.3017436936498 225.04139548540115 1532.8981896936893 2029.9318905621767 41.172918766736984 975.19463348761201 2417.8259289860725 2647.2352534383535 1386.7185692489147 269.30666538327932 438.71472477912903 1574.3717181310058 156.36357425153255 1549.0677791461349 1442.2325418964028
leaf_count=25291 2725 29620 19955 452 18354 28499 56240 20301 3584 4362 16309 2353 26847 19144
internal_value=-3.3066e-05 -0.0173138 0.0148203 0.0198416 -0.0094428 0.0164428 -0.0252782 0.00495119 0.00398597 0.0252619 0.0213785 -0.00462909 -0.0127115 0.0065684
internal_weight=18268.4 8443.06 9825.32 6502.02 4262.93 4033.37 4180.13 3323.3 3098.26 2468.65 1615.54 1738.67 2524.26 1711.54
internal_count=274036 158705 115331 69577 72845 45260 85860 45754 43029 24317 16761 27644 45201 22728
is_linear=0
shrinkage=0.03


Tree=15
num_leaves=15
num_cat=0
split_feature=151 151 151 151 151 154 151 154 105 151 104 35 53 133
split_gain=4912.06 586.284 492.139 110.523 74.9974 60.1522 43.9715 39.5998 33.1091 30.3253 25.8065 21.4971 20.8778 18.8794
threshold=2.8535883538621087 4.0613043372021433 2.0856528016791152 1.3986406674150766 3.2939815763060616 1.6936169399515857 4.6303503656575673 1.5902600688429172 0.0014068906450355331 2.4973207021709536 0.83854166666666685 84.500000000000014 0.28571428571134078 1.5000000000000002
decision_type=2 2 2 2 2 2 2 2 2 2 2 10 8 2
left_child=2 4 3 8 -2 -5 -3 -4 -1 -9 11 -7 -10 -12
right_child=1 6 7 5 -6 10 -8 9 12 -11 13 -13 -14 -15
leaf_value=0.027139544155610654 -0.0043358659809319784 -0.020493119510426285 0.016564640873708153 0.026473964854150357 -0.012474471664793405 0.016409751343037675 -0.027641212469331457 0.0068040019333756229 0.014014797995002343 0.00094935091206232503 0.004912276322978788 0.0068244406002037602 0.022659600184517036 0.015365081958909784
leaf_weight=1408.0543662384152 1754.024710290134 1504.8248610310256 234.28094694018364 405.36796801537275 2496.2814155034721 2282.3316399157047 2581.7098905742168 1704.6624054685235 492.61436197161674 1493.2599657401443 471.46647460758686 264.72990184277296 924.56036385148764 235.98702368140221
leaf_count=13467 27970 29620 2791 3952 45201 25563 56240 22340 4910 21735 5412 3035 9091 2709
internal_value=-3.55713e-05 -0.0169926 0.0142232 0.0190778 -0.00914288 0.0155059 -0.0250936 0.00500745 0.0235985 0.00408739 0.0140246 0.0154593 0.0198329 0.00864567
internal_weight=18254.2 8336.84 9917.32 6485.11 4250.31 3659.88 4086.53 3432.2 2825.23 3197.92 3254.52 2547.06 1417.17 707.453
internal_count=274036 159031 115005 68139 73171 40671 85860 46866 27468 44075 36719 28598 14001 8121
is_linear=0
shrinkage=0.03


Tree=16
num_leaves=15
num_cat=0
split_feature=152 151 144 151 151 152 153 152 145 104 35 154 104 101
split_gain=4657.52 569.837 453.851 94.3341 70.0505 46.555 45.9949 44.653 32.2833 30.1713 23.368 22.3292 19.7495 19.6835
threshold=0.045622487434631244 4.0613043372021433 0.07701055138646222 1.3986406674150766 3.5010415791527305 0.06830590478145572 0.5268858976673908 0.0071010441150216657 0.14835164835164838 0.52859477124183019 84.500000000000014 2.275344184745427 0.98611111111111127 0.053634715264335248
decision_type=2 2 2 2 2 2 2 2 2 2 10 2 2 8
left_child=1 4 5 8 -1 -2 10 -3 9 13 11 12 -5 -4
right_child=2 7 3 6 -6 -7 -8 -9 -10 -11 -12 -13 -14 -15
leaf_value=-0.0056955593888275181 0.0013940125433427103 -0.027777126014737034 0.011749859551994708 0.016550890626795885 -0.013601039535373685 0.0082491437009033722 0.027729626182495061 -0.020667194936758986 0.029773610245316717 0.017830943646042919 0.0071864879958642167 0.0076007765169902319 0.0031766515321257449 0.027725345597786312
leaf_weight=2439.2652685083449 1684.4144833236933 2333.2871175482869 112.13775436580181 2429.1021691262722 1754.9105073735118 1896.9015358760953 239.48895036429167 1662.1722048632801 528.64859303832054 1547.677247107029 442.57063920050859 368.58208833634853 111.93837540596724 687.62122737616301
leaf_count=40245 24338 52122 1078 26381 32600 24132 2505 33738 4882 15039 5011 4251 1245 6469
internal_value=-3.62061e-05 -0.0168127 0.0136407 0.0183781 -0.00904002 0.00504421 0.0150044 -0.0249076 0.0224914 0.0206728 0.0139758 0.0149663 0.0159838 0.0257429
internal_weight=18238.7 8189.64 10049.1 6467.77 4194.18 3581.32 3591.68 3995.46 2876.08 2347.44 3352.19 2909.62 2541.04 799.759
internal_count=274036 158705 115331 66861 72845 48470 39393 85860 27468 22586 36888 31877 27626 7547
is_linear=0
shrinkage=0.03


Tree=17
num_leaves=15
num_cat=0
split_feature=152 152 152 155 152 152 155 152 152 122 155 104 52 50
split_gain=4405.04 508.69 474.558 102.361 53.1857 48.0171 39.6922 36.7757 32.0762 30.1064 29.1039 21.3355 20.7943 18.9092
threshold=0.042678452167369506 0.013936205915647789 0.096645139476576908 0.15597578303162216 0.02114318502212691 0.0071010441150216657 0.29514862277192327 0.1646155049132276 0.063566368367825213 0.11383021196283392 0.28422506276573184 0.81009615384615397 0.10555555555555557 0.12840297597358766
decision_type=2 2 2 2 2 2 2 2 2 2 2 2 8 10
left_child=1 5 6 9 -3 -1 8 10 -2 13 -5 -9 -13 -4
right_child=2 4 3 7 -6 -7 -8 11 -10 -11 -12 12 -14 -15
leaf_value=-0.027643031936621158 -4.3193714656890088e-05 -0.014314946600907144 0.0035284982158446309 0.014416984830084682 -0.0067188809927003967 -0.020319310403128333 0.014295581211127898 0.023872309938435587 0.0058170594067702202 0.014506358433130109 0.026620905483438061 0.0030220137981686306 0.018873680430613021 0.013551672811726445
leaf_weight=2275.2187626734376 1625.3188722580671 1251.8855212144554 535.23091435432434 1548.8537595272064 2583.9695790596306 1681.4769906364381 291.79092898219824 2070.5166860744357 1725.59790584445 1330.4432845637202 216.758739836514 89.510200433433056 752.01054880768061 244.43921315670013
leaf_count=52122 24074 23901 6104 16802 43623 34718 3488 19003 22533 14872 2063 864 7149 2720
internal_value=-3.66597e-05 -0.0170831 0.0127049 0.0173854 -0.00924407 -0.0246192 0.00394785 0.0198809 0.00298709 0.0117522 0.0161269 0.0220627 0.01727 0.00686741
internal_weight=18223 7792.55 10430.5 6787.76 3835.86 3956.7 3642.71 4677.65 3350.92 2110.11 1765.61 2912.04 841.521 779.67
internal_count=274036 154364 119672 69577 67524 86840 50095 45881 46607 23696 18865 27016 8013 8824
is_linear=0
shrinkage=0.03


Tree=18
num_leaves=15
num_cat=0
split_feature=151 144 152 151 152 154 152 151 145 104 49 144 104 30
split_gain=4171.83 516.516 428.146 77.4349 66.9699 44.729 43.6885 42.8514 28.2886 26.343 19.8485 18.3808 17.0756 15.7818
threshold=3.0228579809699494 0.07701055138646222 0.013420447673330027 1.3986406674150766 0.06830590478145572 1.6105421080976301 0.02114318502212691 4.8445806323270011 0.14835164835164838 0.52859477124183019 16.159121417653903 0.05036278123189173 0.93933823529411775 0.068813131313131326
decision_type=2 2 2 2 2 2 2 2 2 2 10 2 2 2
left_child=1 4 7 8 -1 -5 -4 -2 9 10 -3 -8 -7 -6
right_child=2 3 6 5 13 12 11 -9 -10 -11 -12 -13 -14 -15
leaf_value=0.00010590133764245489 -0.020823834666566857 0.030585077152191477 -0.014285328318798229 0.022611687261869469 0.012973327380967875 0.013172735038596003 -0.0083845533806061329 -0.027921057186069759 0.027210351582110468 0.016273830008884958 0.019054140145130159 -0.00028098234789161719 0.0050657991182598708 0.006150246188800567
leaf_weight=2349.2256439439952 1787.5073517113924 286.72316893935204 1343.2836236841977 469.09479118138552 394.68375746160746 2940.5354033485055 1876.9475982040167 1975.0170850418508 549.31460217386484 1591.3275708854198 541.60515000671148 291.83464150130749 281.27596736699343 1528.652955070138
leaf_count=34802 38252 2599 26092 4769 4934 31720 32403 46397 4882 15039 4948 4876 3125 19198
internal_value=-3.74532e-05 0.0116711 -0.0176212 0.0168857 0.00351229 0.0138642 -0.0100233 -0.0246454 0.0205532 0.0188836 0.0235185 -0.00730354 0.0124917 0.00763996
internal_weight=18207 10932.4 7274.59 6659.88 4272.56 3690.91 3512.07 3762.52 2968.97 2419.66 828.328 2168.78 3221.81 1923.34
internal_count=274036 126016 148020 67082 58934 39614 63371 84649 27468 22586 7547 37279 34845 24132
is_linear=0
shrinkage=0.03


Tree=19
num_leaves=15
num_cat=0
split_feature=151 152 152 154 151 151 152 152 154 35 155 24 34 101
split_gain=3952.78 476.228 423.017 89.9309 44.9028 44.1486 43.4711 42.3507 27.251 20.0063 18.8488 18.7594 17.9733 17.6114
threshold=3.0228579809699494 0.096645139476576908 0.013420447673330027 1.8612575538598153 1.4468497739944199 2.6497083809956692 0.0071010441150216657 0.02114318502212691 1.5902600688429172 69.500000000000014 0.15283654434326099 1.966666666666667 0.25192307692307697 0.078964112535562833
decision_type=2 2 2 2 2 2 2 2 2 10 2 10 2 10
left_child=1 5 6 9 11 8 -2 -4 -1 -3 -6 -5 -11 -13
right_child=2 3 7 4 10 -7 -8 -9 -10 12 -12 13 -14 -15
leaf_value=0.016611866284057867 -0.027374062332106906 0.022469435068162513 -0.014039924647902916 0.010294386441523645 0.0083257765056378094 -0.00078776092698875516 -0.020062392272042873 -0.0071321459861436853 0.0046387091388049332 0.0045048830512370644 0.013509111926899129 0.013368661761245203 0.018460978605239885 0.020901676719570925
leaf_weight=173.67125111818314 2164.4731309190392 1816.7259534299374 1326.2820809297264 373.3299305960536 1380.7444319203496 1617.9767249599099 1515.1139414310455 2154.9639944918454 2277.5886375382543 138.4361190572381 1382.5798656567931 543.2383178845048 250.91110188513994 1074.7692345678806
leaf_count=1893 52122 16287 26092 3580 15846 24580 32527 37279 29966 1293 14917 5224 2282 10148
internal_value=-3.77386e-05 0.011225 -0.0173731 0.0159836 0.0135731 0.00305625 -0.0244571 -0.00981281 0.00558288 0.021052 0.0109781 0.0170652 0.01385 0.0185185
internal_weight=18190.8 11030 7160.83 6960.73 4754.66 4069.24 3679.59 3481.25 2451.26 2206.07 2763.32 1991.34 389.347 1618.01
internal_count=274036 126016 148020 69577 49715 56439 84649 63371 31859 19862 30763 18952 3575 15372
is_linear=0
shrinkage=0.03


Tree=20
num_leaves=15
num_cat=0
split_feature=151 144 152 151 152 151 152 153 105 123 144 104 123 6
split_gain=3745.71 439.066 417.761 65.0516 58.9772 44.0946 41.0367 37.9145 27.3509 19.3313 17.6658 17.6423 17.564 16.8391
threshold=3.0228579809699494 0.07701055138646222 0.013420447673330027 1.4468497739944199 0.06830590478145572 4.8445806323270011 0.02114318502212691 0.5268858976673908 0.0014068906450355331 9.3333333333333446 0.05036278123189173 0.93933823529411775 -7.3333333333333419 13.500000000000002
decision_type=2 2 2 2 2 2 2 2 2 10 2 2 8 2
left_child=1 4 5 8 -1 -2 -4 9 -3 11 -8 12 -5 -10
right_child=2 3 6 7 -6 -7 10 -9 13 -11 -12 -13 -14 -15
leaf_value=6.835344821813031e-05 -0.020350594776749702 0.021475145028753629 -0.01379602192500293 0.0038404151217338077 0.0071135561583671892 -0.027667700234765003 -0.0080336086081764495 0.023598586111307576 0.016435243310040645 0.003549704108651945 -7.057512332565948e-05 0.0040554762484203274 0.013601678303951599 0.0049135285344864311
leaf_weight=2351.6939169503748 1721.1268938072026 1663.5523643270135 1309.7557671666145 192.6252721324563 1946.6990595832467 1877.7631244286895 1851.5748146474361 258.6642682403326 1511.2248466834426 263.99595387279987 289.95428361743689 235.18963100761175 2560.0146900862455 140.47035709023476
leaf_count=34802 38252 14691 26092 2067 24132 46397 32403 2568 13915 2849 4876 2580 27070 1342
internal_value=-3.82913e-05 0.0107994 -0.0171252 0.0155217 0.0032727 -0.0242674 -0.00960487 0.0125614 0.0185857 0.0115791 -0.00696344 0.0122673 0.0129431 0.0155084
internal_weight=18174.3 11124.1 7050.17 6825.74 4298.39 3598.89 3451.28 3510.49 3315.25 3251.83 2141.53 2987.83 2752.64 1651.7
internal_count=274036 126016 148020 67082 58934 84649 63371 37134 29948 34566 37279 31717 29137 15257
is_linear=0
shrinkage=0.03


Tree=21
num_leaves=15
num_cat=0
split_feature=152 152 152 155 151 152 151 151 154 35 39 122 153 104
split_gain=3552.72 453.578 366.81 79.1249 48.0637 41.2275 35.4748 33.1727 23.7032 21.4869 19.129 18.3795 17.0532 16.6938
threshold=0.036065169011250925 0.096645139476576908 0.01240987691140401 0.18774223999511555 2.6497083809956692 0.018895518052587035 4.8445806323270011 1.3479888099339705 1.5902600688429172 71.500000000000014 8.5500000000000025 0.11383021196283392 0.43947506386041491 0.80277777777777792
decision_type=2 2 2 2 2 2 2 2 2 10 10 2 2 2
left_child=2 4 6 7 8 -4 -1 -3 -2 13 -6 -9 -7 -5
right_child=1 3 5 9 10 12 -8 11 -10 -11 -12 -13 -14 -15
leaf_value=-0.020520042405345919 0.015341293645886787 0.016016185151795891 -0.014981696928641833 0.020798137609152435 -0.0023587763460723487 -0.0089325015315475688 -0.027538735830615904 0.0064102256123155605 0.004299881314794929 0.011884761944393789 0.0062086085364045016 0.011720276454891708 -0.0013592513509182692 0.014269602050067316
leaf_weight=1493.0669958218932 178.16511164605618 1198.9150849506259 1145.5757426172495 2071.9374068528414 1636.8282416947186 1876.8969229869545 1830.7415327951312 982.76221830397844 2296.7611550763249 498.86319475620985 258.73266723006964 1755.068819463253 318.61844615265727 615.31581352651119
leaf_count=33933 1893 11218 23884 18386 25101 33686 46397 10794 29966 4607 3964 18942 5635 5630
internal_value=-3.95385e-05 0.010062 -0.0174427 0.0147229 0.00244144 -0.0103514 -0.0244923 0.0117882 0.00518236 0.0182767 -0.00114982 0.00985951 -0.00785013 0.0193908
internal_weight=18158.2 11493.3 6664.9 7122.86 4370.49 3341.09 3323.81 3936.75 2474.93 3186.12 1895.56 2737.83 2195.52 2687.25
internal_count=274036 130501 143535 69577 60924 63205 80330 40954 31859 28623 29065 29736 39321 24016
is_linear=0
shrinkage=0.03


Tree=22
num_leaves=15
num_cat=0
split_feature=152 152 152 154 151 152 152 151 123 154 39 24 104 128
split_gain=3370.19 418.233 362.572 73.2522 45.0222 40.0442 36.2902 35.9773 24.3364 22.0435 18.0049 17.9234 16.7026 18.4924
threshold=0.036065169011250925 0.096645139476576908 0.01240987691140401 1.8612575538598153 2.6497083809956692 0.018895518052587035 0.14157481290980548 4.8445806323270011 -9.6666666666666838 1.5902600688429172 8.5500000000000025 1.966666666666667 0.64495798319327746 0.11700060230403754
decision_type=2 2 2 2 2 2 2 2 8 2 10 10 2 10
left_child=2 4 7 -3 9 -4 12 -1 -8 -2 -6 -10 13 -5
right_child=1 3 5 6 10 -7 8 -9 11 -11 -12 -13 -14 -15
leaf_value=-0.020287118113817705 0.014748920872782921 0.018600244205407592 -0.01473575107214881 0.007042904442069441 -0.0022933272779260328 -0.007670039078464014 -0.0012145537952868938 -0.027408792371582922 0.0091671203737803044 0.0041566995676121264 0.0060017625718489873 0.015389554607000854 0.0044211132699867031 0.015795714184816373
leaf_weight=1465.4948820061982 180.33000045269728 2297.715069770813 1130.2397722192109 580.72323013097048 1633.5138478800654 2180.4088571891189 91.740142434835434 1785.0013943277299 596.98062139004469 2304.9880737662315 260.11570870876312 2577.9464620798826 671.38379997014999 385.27080285549164
leaf_count=33933 1893 19862 23884 6476 25101 39321 935 46397 5722 29966 3964 24561 7743 4278
internal_value=-4.05412e-05 0.00968889 -0.0171963 0.0141275 0.00236575 -0.0101378 0.0119815 -0.0243059 0.0138298 0.00500912 -0.00111567 0.0142682 0.00820198 0.010722
internal_weight=18141.9 11580.7 6561.14 7201.76 4378.95 3310.65 4904.05 3250.5 3266.67 2485.32 1893.63 3174.93 1637.38 965.994
internal_count=274036 130501 143535 69577 60924 63205 49715 80330 31218 31859 29065 30283 18497 10754
is_linear=0
shrinkage=0.03


Tree=23
num_leaves=15
num_cat=0
split_feature=141 156 144 156 156 154 144 153 144 153 144 104 35 37
split_gain=3068.68 423.032 300.604 74.3668 46.0265 42.6393 33.8441 29.6685 28.7016 23.0241 22.491 19.9475 20.2539 21.0489
threshold=6.5000000000000009 -3.233966637592411 0.07701055138646222 -2.5791816380419927 -4.0754590133786008 2.0917769211997883 0.12560197603800521 0.30660343897995629 0.037243976389910304 0.34286957099281451 0.065239231439793002 0.80277777777777792 34.500000000000007 1.0000000180025095e-35
decision_type=2 2 2 2 2 2 2 2 2 2 2 2 8 2
left_child=2 4 10 7 -2 6 -4 -3 -5 -6 -1 12 13 -8
right_child=1 3 5 8 9 -7 11 -9 -10 -11 -12 -13 -14 -15
leaf_value=0.0014947603897681428 -0.027329750078989048 -0.017720043866303679 0.011918368135528257 -0.0085206265579963469 -0.022737492032113202 0.0099161149784476304 0.0021521815112823394 -0.0091567954822662587 -0.0020985343726386942 -0.014754373281012185 0.0063380781078581664 0.012914428010667615 0.015309464014540856 0.0226673162266861
leaf_weight=2454.4988228268921 1513.7499623149633 831.7070493735373 1945.2933071032166 1301.8383842036128 938.15098585560918 2052.3171093314886 50.353677932173014 752.55647842213511 1219.0151386968791 714.9649106785655 1326.9807866103947 874.05004128813744 1043.0495597943664 1106.8482032492757
leaf_count=35091 40121 18081 19860 23280 23379 21179 431 14586 19561 16120 16428 7738 8868 9313
internal_value=-4.16156e-05 -0.0151043 0.0100576 -0.00869926 -0.0233268 0.0137031 0.0152173 -0.0137764 -0.00544586 -0.0194486 0.00321268 0.0172368 0.0188548 0.0218136
internal_weight=18125.4 7271.98 10853.4 4105.12 3166.87 7071.91 5019.59 1584.26 2520.85 1653.12 3781.48 3074.3 2200.25 1157.2
internal_count=274036 155128 118908 75508 79620 67389 46210 32667 42841 39499 51519 26350 18612 9744
is_linear=0
shrinkage=0.03


Tree=24
num_leaves=15
num_cat=0
split_feature=151 152 152 155 151 151 152 155 122 152 104 153 37 32
split_gain=3047.27 409.579 297.743 64.3374 51.2023 36.9459 27.7322 25.8846 25.5573 21.159 19.6284 19.4065 19.3769 19.2248
threshold=3.1925297413228297 0.096645139476576908 0.01240987691140401 0.15597578303162216 2.6497083809956692 4.8445806323270011 0.018895518052587035 0.24654055576928524 0.11383021196283392 0.46570839807042735 0.83854166666666685 0.462102683714325 1.0000000180025095e-35 3.035714285714286
decision_type=2 2 2 2 2 2 2 2 2 2 2 2 2 10
left_child=1 4 5 8 11 -2 -4 12 -3 -9 -6 -1 13 -5
right_child=2 3 6 7 10 -7 -8 9 -10 -11 -12 -13 -14 -15
leaf_value=0.0036849342243611941 -0.019824711602215467 0.0044087992616227535 -0.014260775461867549 0.010422069346020545 -0.00029535924054791013 -0.027150198033399842 -0.0080494364112261643 0.020683814836072255 0.01115411539024171 0.010305261300247025 -0.0078907935887025209 0.011808667137684368 0.014554882038563833 -0.0044648927449121873
leaf_weight=2212.4386959224939 1413.2386588938534 825.8024652376771 1101.6196192651987 588.03582284599543 1907.1482863612473 1698.6851487420499 1786.9287915974855 1057.4701136499643 1422.0809967964888 269.76684445887804 350.08005051314831 291.7732293382287 3103.5801396742463 81.143274053931236
leaf_count=28660 33933 8824 23884 5448 29774 46397 33137 8898 14872 2191 5475 3199 28568 776
internal_value=-4.34646e-05 0.00861755 -0.0174998 0.0130519 0.00175487 -0.0239345 -0.0104797 0.0149293 0.00872175 0.0187131 -0.00151767 0.00469613 0.0135294 0.00855859
internal_weight=18109.8 12109.3 6000.47 7347.88 4761.44 3111.92 2888.55 5100 2247.88 1327.24 2257.23 2504.21 3772.76 669.179
internal_count=274036 136685 137351 69577 67108 80330 57021 45881 23696 11089 35249 31859 34792 6224
is_linear=0
shrinkage=0.03


Tree=25
num_leaves=15
num_cat=0
split_feature=151 152 152 154 151 151 151 152 123 154 104 153 104 152
split_gain=2894.45 378.886 294.327 58.9447 48.0523 37.4937 31.5274 26.9418 22.3439 18.6949 18.6698 17.8585 17.5092 17.6771
threshold=3.1925297413228297 0.096645139476576908 0.01240987691140401 1.913102243455109 2.6497083809956692 5.1038219627132824 1.7316163862908043 0.018895518052587035 -9.6666666666666838 1.5902600688429172 0.83854166666666685 0.37459245623522769 0.80277777777777792 0.11461706856563438
decision_type=2 2 2 2 2 2 2 2 8 2 2 2 2 2
left_child=1 4 5 12 9 -2 8 -4 -5 -1 11 -6 -3 -14
right_child=2 3 7 6 10 -7 -8 -9 -10 -11 -12 -13 13 -15
leaf_value=0.013386668308478804 -0.020559222097014138 0.017428992076536861 -0.014018482859432668 -0.002670397750738102 -0.0021434798732536272 -0.028096644507124211 0.006725053364527403 -0.0078662447508539169 0.012576297278510697 0.0037546479604080607 -0.0077147466449757913 0.0041800874623244173 -0.0024288157716405986 0.012992002334959868
leaf_weight=185.46733016520739 1807.8272536881268 2110.1951895579696 1087.514853104949 84.206217125058174 1352.3054318726063 1236.6115001998842 1530.6775789782405 1774.2315079942346 2924.4585194662213 2328.2698480635881 347.70540533214808 554.35753975436091 69.047289632260799 700.6853468939662
leaf_count=1893 45677 17632 23884 857 21447 34653 17000 33137 27403 29966 5475 8327 697 5988
internal_value=-4.4618e-05 0.00830692 -0.0172553 0.0125408 0.0017003 -0.0237436 0.0103412 -0.0102651 0.0121384 0.0045405 -0.00147574 -0.000286641 0.0159362 0.0115887
internal_weight=18093.6 12187.4 5906.19 7419.27 4768.11 3044.44 4539.34 2861.75 3008.66 2513.74 2254.37 1906.66 2879.93 769.733
internal_count=274036 136685 137351 69577 67108 80330 45260 57021 28260 31859 35249 29774 24317 6685
is_linear=0
shrinkage=0.03


Tree=26
num_leaves=15
num_cat=0
split_feature=152 152 152 155 152 152 152 154 152 122 28 105 24 154
split_gain=2746.29 353.437 289.539 55.9964 44.4894 37.8238 26.1036 24.1164 24.8756 23.5278 20.9965 21.3278 20.8368 18.885
threshold=0.032532465394676212 0.096645139476576908 0.01240987691140401 0.15597578303162216 0.057407164585244877 0.0064598356318393462 0.018895518052587035 1.642850023690644 0.46570839807042735 0.11383021196283392 1.5357142857142858 0.0032668415231732859 9.2264957264957275 1.887963475117773
decision_type=2 2 2 2 2 2 2 2 2 2 10 2 8 2
left_child=2 4 5 9 -2 -1 -4 8 -5 -3 11 -9 -12 -6
right_child=1 3 6 7 13 -7 -8 10 -10 -11 12 -13 -14 -15
leaf_value=-0.026764773166892623 -0.0013159067775748367 0.0039325444488189998 -0.013777578546957037 0.021232962361769803 0.0085645858815159744 -0.019211342940770718 -0.0076818235431553037 0.01236524063648374 0.007881847868391691 0.010350689658839406 0.014885974846033533 0.0048221960207734012 0.0011205465813952779 0.0027278673663909399
leaf_weight=1666.9223898984492 2358.3842699639499 835.29187797009945 1073.8063607513905 677.59951504319906 700.689707480371 1311.9380062445998 1746.6792283020914 1001.1998217478395 183.26639899611473 1445.7177828624845 2691.7801145464182 547.99125178903341 105.36644738912582 1730.6213604733348
leaf_count=47773 36789 8824 23884 5455 8051 32557 32857 8909 1462 14872 24050 5028 977 22548
internal_value=-4.61004e-05 0.00798904 -0.0170342 0.0120535 0.00161681 -0.023551 -0.0100632 0.0137829 0.0185744 0.00804145 0.0127732 0.00976889 0.0143762 0.00445218
internal_weight=18077.3 12277.9 5799.35 7488.21 4789.7 2978.86 2820.49 5207.2 860.866 2281.01 4346.34 1549.19 2797.15 2431.31
internal_count=274036 136965 137071 69577 67388 80330 56741 45881 6917 23696 38964 13937 25027 30599
is_linear=0
shrinkage=0.03


Tree=27
num_leaves=15
num_cat=0
split_feature=152 144 152 152 152 152 153 152 105 155 32 35 154 104
split_gain=2609.15 328.434 285.932 56.6806 44.1775 38.2353 31.3502 25.3319 22.193 17.2447 16.9048 16.8103 15.9499 16.5539
threshold=0.032532465394676212 0.07701055138646222 0.01240987691140401 0.059336613533021415 0.17804574776847867 0.0064598356318393462 0.53527908367973165 0.018895518052587035 0.0014068906450355331 0.12260418901207577 8.3431372549019631 84.500000000000014 2.2184820653350124 0.83854166666666685
decision_type=2 2 2 2 2 2 2 2 2 2 8 10 2 2
left_child=2 3 5 12 6 -1 11 -4 10 -10 -6 -3 13 -2
right_child=1 4 7 -5 8 -7 -8 -9 9 -11 -12 -13 -14 -15
leaf_value=-0.026626520998342444 0.0010998990022814837 0.0091991922908248539 -0.01353813321538957 0.0048508931568597632 0.019327290565654676 -0.018973869664493583 0.019634419092642328 -0.0075046694221352003 -0.0031907449517870729 0.011997922161899464 0.013122340268847111 0.0026825332705177085 -0.0057527440708830006 -0.0066612716458050048
leaf_weight=1626.0073791630566 1556.669121157378 2799.239158347249 1060.483580160886 2597.4507746174932 970.09618630260229 1289.0435620509088 234.60736250132322 1734.8102079071105 63.97711693495512 1845.5840994939208 992.38560774177313 425.40150455757976 586.4819365516305 278.53575059771538
leaf_count=47773 24136 27917 23884 31983 7933 32557 2189 32857 624 15891 8205 4447 9279 4361
internal_value=-4.6598e-05 0.00770588 -0.0167901 0.00178499 0.0117475 -0.023357 0.00920228 -0.0098537 0.0139771 0.0114681 0.0163129 0.0083559 -0.00151304 -0.000122497
internal_weight=18060.8 12350.4 5710.34 5019.14 7331.29 2915.05 3459.25 2795.29 3872.04 1909.56 1962.48 3224.64 2421.69 1835.2
internal_count=274036 136965 137071 69759 67206 80330 34553 56741 32653 16515 16138 32364 37776 28497
is_linear=0
shrinkage=0.03


Tree=28
num_leaves=15
num_cat=0
split_feature=151 152 152 155 151 151 151 152 35 104 153 154 155 52
split_gain=2481.92 304.003 283.341 49.919 39.4602 39.4464 26.7868 24.5822 19.9486 17.0708 16.2616 15.9312 15.0795 14.5452
threshold=3.1925297413228297 0.096645139476576908 0.01240987691140401 0.20667262876402046 2.6497083809956692 5.1038219627132824 1.6193392260821904 0.018895518052587035 62.500000000000007 0.83854166666666685 0.37459245623522769 1.5902600688429172 0.12550938237196266 0.18465909090909094
decision_type=2 2 2 2 2 2 2 2 10 2 2 2 2 10
left_child=1 4 5 6 11 -2 12 -4 -5 10 -6 -1 -3 -14
right_child=2 3 7 8 9 -7 -8 -9 -10 -11 -12 -13 13 -15
leaf_value=0.012132851427481377 -0.019849940087120429 0.0035860594267102005 -0.013300220890991815 0.015980984532670921 -0.0020170130404266987 -0.027770163206763985 0.0067249905512514769 -0.0073392077126468959 0.0091033213526937034 -0.0073769482693962626 0.0040115287324952453 0.0033481212350980126 0.0084830605574894111 0.013527253712228089
leaf_weight=190.40077852457762 1706.5322125218809 228.85747248679399 1047.5361093617976 2049.9459328204393 1347.0088622905314 1146.4791676774621 2128.333822093904 1738.5921137146652 554.76103541254997 343.21883986517787 556.79086807370186 2352.2402740120888 883.16080538183451 1770.7031911239028
leaf_count=1893 45677 2246 23884 16647 21447 34653 22567 33137 4664 5475 8327 29966 7849 15604
internal_value=-4.74554e-05 0.00745318 -0.0165239 0.0111719 0.00152392 -0.0231613 0.00936384 -0.00963967 0.0145767 -0.00136869 -0.000236311 0.00407325 0.0112672 0.0119057
internal_weight=18044.6 12405.4 5639.14 7615.76 4789.66 2853.01 5011.06 2786.13 2604.71 2247.02 1903.8 2542.64 2882.72 2653.86
internal_count=274036 136685 137351 69577 67108 80330 48266 57021 21311 35249 29774 31859 25699 23453
is_linear=0
shrinkage=0.03


Tree=29
num_leaves=15
num_cat=0
split_feature=151 152 152 155 151 151 152 154 152 28 105 35 151 23
split_gain=2358.01 281.97 279.514 46.8476 39.9387 37.0557 23.8298 21.4102 22.5835 19.1614 18.2494 17.9961 16.7346 16.5624
threshold=3.1925297413228297 0.096645139476576908 0.01240987691140401 0.15283654434326099 5.1038219627132824 2.6497083809956692 0.018895518052587035 1.642850023690644 0.46570839807042735 1.5357142857142858 0.0032668415231732859 76.500000000000014 1.3479888099339705 0.25705484896661374
decision_type=2 2 2 2 2 2 2 2 2 10 2 10 2 2
left_child=1 5 4 12 -2 -1 -4 8 -5 10 -9 -11 -3 -12
right_child=2 3 6 7 -6 -7 -8 9 -10 11 13 -13 -14 -15
leaf_value=0.0039407139438121918 -0.019617844539606452 0.012078153892613453 -0.013063911945233738 0.019121874596606865 -0.02765613786005644 -0.0013304282475485112 -0.007167848879089847 0.010880428680396218 0.0066976312236645434 0.013812749412984809 -0.0035214726664880734 0.0070890410893776276 0.0054719149294108821 0.0073150904148209508
leaf_weight=2550.9515400528908 1675.5689329206944 442.56993418931961 1034.9539203718305 701.19728691875935 1117.174782615155 2244.3972296863794 1727.2836948893964 1060.8131904602051 188.00372749567032 2524.3574517741799 170.52360568195581 477.11307885497808 1704.3510151728988 408.92577359825373
leaf_count=31859 45677 4010 23884 5455 34653 35249 33137 9242 1462 21926 1594 4334 17913 3641
internal_value=-4.81916e-05 0.00719177 -0.0162805 0.0107511 -0.022964 0.00147717 -0.00943561 0.0122201 0.0166497 0.0113206 0.00855033 0.0127845 0.00690809 0.00411766
internal_weight=18028.2 12473.2 5554.98 7677.86 2792.74 4795.35 2762.24 5530.93 889.201 4641.73 1640.26 3001.47 2146.92 579.449
internal_count=274036 136685 137351 69577 80330 67108 57021 47654 6917 40737 14477 26260 21923 5235
is_linear=0
shrinkage=0.03


Tree=30
num_leaves=15
num_cat=0
split_feature=151 151 152 154 151 151 152 152 123 84 84 153 153 77
split_gain=2240.46 275.852 261.822 43.5329 36.8088 34.7602 26.7071 23.2336 19.7563 17.0131 15.2832 15.7347 15.2122 14.4712
threshold=3.1925297413228297 4.2054383316843014 0.096645139476576908 1.8612575538598153 5.1038219627132824 2.6497083809956692 0.018895518052587035 0.14157481290980548 -9.6666666666666838 0.70483644299287274 0.4695976793702008 0.462102683714325 0.35795470260283774 425.00000000000006
decision_type=2 2 2 2 2 2 2 2 8 10 10 2 2 10
left_child=2 6 5 13 -3 10 -2 -5 -9 -10 11 -1 -7 -4
right_child=1 4 3 7 -6 12 -8 8 9 -11 -12 -13 -14 -15
leaf_value=0.003812370343528125 -0.013090502922120746 -0.019583348540809637 0.013964810002479873 0.0058100183786057389 -0.02754105766222888 -0.0030061229159716292 -0.0069994647159467502 -0.0028391520561703025 0.011010457009139277 0.00097423073056028097 -0.0013412413212148227 0.011549942856689949 0.0022215067344370913 -0.0017794892373420254
leaf_weight=1870.5393112227321 1115.2334254197776 1552.9664942920208 2453.3630920350552 1728.093766503036 1088.6812245547771 1508.3111926317215 1716.3010040931404 96.492826111614704 3246.6162386238575 162.65640725195408 425.57875253260136 263.11073156446218 733.51185051351786 50.420437075197697
leaf_count=23731 26270 43291 19447 18497 34653 24190 33137 935 28741 1542 5354 2774 11059 415
internal_value=-4.8443e-05 -0.0160374 0.00694161 0.0103513 -0.0229999 0.00143129 -0.00945483 0.00874396 0.0101593 0.010538 0.0038107 0.0048405 -0.00129228 0.013639
internal_weight=18011.9 5473.18 12538.7 7737.64 2641.65 4801.05 2831.53 5233.86 3505.77 3409.27 2559.23 2133.65 2241.82 2503.78
internal_count=274036 137351 136685 69577 77944 67108 59407 49715 31218 30283 31859 26505 35249 19862
is_linear=0
shrinkage=0.03


Tree=31
num_leaves=15
num_cat=1
split_feature=152 144 151 151 152 151 154 154 104 82 48 2 41 135
split_gain=2130.22 270.08 244.496 52.0745 41.5062 36.1498 21.5034 21.1275 17.0872 13.9014 17.8244 13.8621 13.7595 13.7522
threshold=0.030340511369926781 0.07701055138646222 4.5136028423406058 2.6497083809956692 0.018895518052587035 1.6193392260821904 1.6105421080976301 1.9428236118074744 0.83854166666666685 -1.5999999999996055 15.845804602426908 0 1.0000000180025095e-35 5.5000000000000009
decision_type=2 2 2 2 2 2 2 2 2 8 8 9 8 2
left_child=2 3 4 -2 -1 7 -7 9 -5 -3 -11 13 -13 -8
right_child=1 5 -4 8 -6 6 11 -9 -10 10 -12 12 -14 -15
leaf_value=-0.014258370799881818 0.0039918620527458594 0.00099143509777892898 -0.024587377716729204 -0.00088323341910879235 -0.007220381323325034 0.013241080418888366 -0.0012965047063794204 0.009660912002051731 -0.0078315398688933915 0.021290247994548043 0.012997937760743794 0.0016853674419111395 0.0089215316186739245 0.0069430328694518291
leaf_weight=1703.1480304636061 2869.8430386185646 75.371780388057232 1984.9036218859255 2054.9477913118899 1451.1432759165764 462.56353756040335 392.84191574156284 2456.7760171443224 363.13949544727802 309.78525337576866 1895.5980617702007 295.19335771352053 1361.7066257297993 318.99979294091463
leaf_count=42074 35183 583 62140 33004 28459 4272 4004 21789 5938 2348 14497 2955 13561 3229
internal_value=-4.96184e-05 0.00647641 -0.0163472 0.0012684 -0.01107 0.0101053 0.00734945 0.0117238 -0.00196855 0.0138683 0.0142987 0.00612286 0.00761349 0.00242956
internal_weight=17996 12856.8 5139.19 5287.93 3154.29 7568.84 2831.31 4737.53 2418.09 2280.76 2205.38 2368.74 1656.9 711.842
internal_count=274036 141363 132673 74125 70533 67238 28021 39217 38942 17428 16845 23749 16516 7233
cat_boundaries=0 1
cat_threshold=68
is_linear=0
shrinkage=0.03


Tree=32
num_leaves=15
num_cat=0
split_feature=152 152 152 152 154 152 24 15 59 155 154 149 149 154
split_gain=2025.23 251.977 239.387 48.6494 39.5756 37.7128 23.3515 20.7848 19.8697 19.0774 18.0359 17.4233 17.4118 13.9054
threshold=0.030340511369926781 0.096645139476576908 0.0077983361164995187 0.018895518052587035 2.1056593110128272 0.045622487434631244 1.966666666666667 0.62019230769230671 0.12508903133857532 0.28942880160359347 2.2611502360414586 -0.057359307359307339 -0.09629004004004002 1.5291899590487417
decision_type=2 2 2 2 2 2 10 2 10 2 2 2 2 2
left_child=2 5 -1 -4 6 9 8 -7 -3 -2 -9 -8 -6 -13
right_child=1 4 3 -5 12 7 11 10 -10 -11 -12 13 -14 -15
leaf_value=-0.025145721887681202 -0.0039025387958978525 0.0095435439828525787 -0.014491065108087184 -0.007051507201267594 -0.0026479419234941484 0.0010748489217775388 0.0076885453743673208 0.0076405748263212985 0.00079000289506537071 0.0071072287010370671 -0.0017670426665466702 0.019865025807403739 0.0071032024624967834 0.01237750435331352
leaf_weight=1730.1592647396028 1415.018832527101 857.37608440965414 1890.7175090610981 1441.8218368440866 169.81864504516125 2307.0331928730011 737.8936342895031 983.58752119541168 322.54755895584822 143.43041402846575 218.57191952317953 278.57723814994097 2324.0882051661611 3158.9965529963374
leaf_count=56473 23855 7127 47741 28459 1781 30079 6504 12702 2771 2177 2973 2082 23014 26298
internal_value=-4.94141e-05 0.0062545 -0.0161041 -0.0113184 0.00961619 0.00103454 0.0110791 0.00275606 0.0071906 -0.00283117 0.00592942 0.0121482 0.00642735 0.013068
internal_weight=17979.6 12916.9 5062.7 3332.54 7849.3 5067.64 5355.39 3509.19 1179.92 1558.45 1202.16 4175.47 2493.91 3437.57
internal_count=274036 141363 132673 76200 69577 71786 44782 45754 9898 26032 15675 34884 24795 28380
is_linear=0
shrinkage=0.03


Tree=33
num_leaves=15
num_cat=0
split_feature=152 151 152 152 155 152 104 152 37 15 104 147 35 28
split_gain=1925.37 239.546 234.311 39.0018 37.046 35.4583 20.0331 19.8895 19.7534 19.4123 20.8952 18.7576 18.6276 18.1098
threshold=0.030340511369926781 4.5136028423406058 0.096645139476576908 0.018895518052587035 0.15283654434326099 0.045622487434631244 0.81009615384615397 0.11461706856563438 1.0000000180025095e-35 0.62019230769230671 0.82247899159663873 -0.13557113448829716 111.50000000000001 5.5119047619047628
decision_type=2 2 2 2 2 2 2 2 2 2 2 10 10 10
left_child=1 3 5 -1 -4 -2 8 -8 11 -7 -11 -6 13 -10
right_child=2 -3 4 -5 6 9 7 -9 12 10 -12 -13 -14 -15
leaf_value=-0.013769454720314512 -0.0027524452654592579 -0.024242184526995746 0.0058871661959128485 -0.006885585828340016 0.0093961170472005723 0.0010418745347834377 -0.0027861568302290302 0.0085602436784089145 0.014129725818039056 0.007298639557088306 -0.0038296445093787836 -0.0019439923805410198 0.0019905497255927407 0.007192348682910704
leaf_weight=1658.8663869053125 1554.5115683637559 1896.7294441089034 2196.0937689840794 1432.7689351961017 739.64305410534143 2309.090288631618 147.70254470407963 1352.8481667339802 2725.252044916153 1040.3132513314486 167.75596448779106 153.34842303395271 145.40561076998711 443.38024826347828
leaf_count=42074 26032 62140 21923 28459 6144 30079 1518 11391 22201 13476 2199 1316 1265 3819
internal_value=-4.92877e-05 -0.0158616 0.00604105 -0.0106279 0.00926562 0.00100338 0.0105467 0.00742687 0.0116291 0.00266802 0.00572532 0.0074488 0.0127169 0.0131975
internal_weight=17963.7 4988.36 12975.3 3091.64 7903.67 5071.67 5707.58 1500.55 4207.03 3517.16 1208.07 892.991 3314.04 3168.63
internal_count=274036 132673 141363 70533 69577 71786 47654 12909 34745 45754 15675 7460 27285 26020
is_linear=0
shrinkage=0.03


Tree=34
num_leaves=15
num_cat=0
split_feature=152 152 144 152 152 152 154 145 18 35 104 154 52 41
split_gain=1830.26 235.083 221.094 45.695 44.1457 29.6258 24.736 24.0791 20.6843 16.7238 16.1774 17.958 15.2258 14.4875
threshold=0.030340511369926781 0.0077983361164995187 0.07701055138646222 0.018895518052587035 0.06830590478145572 0.19344782932042962 1.6105421080976301 0.16025641025641027 0.064194139194139202 84.500000000000014 0.83854166666666685 2.1841343131136015 0.12916666666666668 0.55000000000000016
decision_type=2 2 2 2 2 2 2 2 2 10 2 2 8 10
left_child=1 -1 4 -3 10 6 -4 8 -7 -8 11 -2 -10 -11
right_child=2 3 5 -5 -6 7 9 -9 12 13 -12 -13 -14 -15
leaf_value=-0.024824582036190635 0.0014203396923510114 -0.013997409134273692 0.013152095937345253 -0.0067226108193751731 0.0045235219082145539 0.014862558390166885 0.0071112693292927458 0.016629614507758267 0.0025888470616863618 -0.0034890981440820305 -0.005922206773709613 -0.0038774715828420242 0.0095022669897310789 0.006793419832333154
leaf_weight=1651.8264098353684 1932.1684202924371 1840.3178450353444 556.33892899379134 1423.9769785925746 2068.9088647514582 612.78320172429085 3094.2431532219052 607.37862697988749 349.3706726655364 268.65660388022661 504.68499027937651 802.68104323744774 2031.1632860451937 203.61943273991346
leaf_count=56473 29555 47741 4879 28459 24132 4689 29294 4520 2851 2726 7883 12555 16267 2012
internal_value=-4.95601e-05 -0.0156195 0.00583516 -0.0108692 0.00111658 0.00906982 0.00727923 0.0110814 0.00987827 0.00631188 -0.00107007 -0.000147242 0.00851021 0.00101681
internal_weight=17948.1 4916.12 13032 3264.29 5308.44 7723.55 4122.86 3600.7 2993.32 3566.52 3239.53 2734.85 2380.53 472.276
internal_count=274036 132673 141363 76200 74125 67238 38911 28327 23807 34032 49993 42110 19118 4738
is_linear=0
shrinkage=0.03


Tree=35
num_leaves=15
num_cat=0
split_feature=152 152 144 152 152 152 153 105 145 104 32 49 140 35
split_gain=1739.95 232.523 205.882 44.3256 41.6338 27.531 26.5059 18.1002 15.0245 14.8191 14.7189 15.1567 14.8928 13.719
threshold=0.030340511369926781 0.0077983361164995187 0.07701055138646222 0.018895518052587035 0.063566368367825213 0.17804574776847867 0.53527908367973165 0.0014068906450355331 0.14835164835164838 0.83854166666666685 8.3431372549019631 16.172353231231686 0.091492566383900034 99.500000000000014
decision_type=2 2 2 2 2 2 2 2 2 2 8 10 2 10
left_child=1 -1 4 -3 9 6 -4 10 -9 -2 11 -7 -13 -6
right_child=2 3 5 -5 13 7 -8 8 -10 -11 -12 12 -14 -15
leaf_value=-0.024658914927243512 -0.00038157713416740312 -0.013758144903477848 0.006035270398781897 -0.0065625734203211333 0.0047668642621034665 0.020171099642555597 0.01599797350833913 0.0067568138494524983 0.013016792237996086 -0.006210606830390767 0.0096735795349083935 0.014215218142928606 0.0031042982479659088 -0.0028022238428305974
leaf_weight=1613.7145981267095 2485.9247044473886 1816.7735341489315 3389.7333861961961 1415.4387175813317 2145.9549868181348 371.43816950917244 251.63921083509922 1560.8051658570766 470.56335589289665 451.66109596565366 1058.503828972578 522.08107174187899 148.50121184438467 229.59411374479532
leaf_count=56473 38863 47741 32379 28459 25277 2791 2206 12870 3645 7216 8205 4007 1135 2769
internal_value=-4.92893e-05 -0.015378 0.00563809 -0.010652 0.00108162 0.00874442 0.00678655 0.0104391 0.00829171 -0.0013048 0.0124422 0.0150774 0.0118764 0.00402233
internal_weight=17932.3 4845.93 13086.4 3232.21 5313.13 7773.27 3641.37 4131.89 2031.37 2937.59 2100.52 1042.02 670.582 2375.55
internal_count=274036 132673 141363 76200 74125 67238 34585 32653 16515 46079 16138 7933 5142 28046
is_linear=0
shrinkage=0.03


Tree=36
num_leaves=15
num_cat=0
split_feature=151 151 144 152 151 151 35 155 153 24 151 123 104 82
split_gain=1655.84 223.605 200.503 45.4763 33.7878 23.9119 23.7598 22.2627 21.9263 16.9072 16.5267 16.4958 15.0093 14.7049
threshold=3.2939815763060616 4.5136028423406058 0.065239231439793002 0.14157481290980548 3.8490826385811467 2.4973207021709536 104.50000000000001 0.20667262876402046 0.53527908367973165 1.966666666666667 5.1038219627132824 -7.3333333333333419 0.83854166666666685 -1.5999999999996055
decision_type=2 2 2 2 2 2 10 2 2 10 2 10 2 8
left_child=2 4 5 6 -2 -1 8 9 -4 -5 -3 -11 -7 -9
right_child=1 10 3 7 -6 12 -8 13 -10 11 -12 -13 -14 -15
leaf_value=0.0034735785424183075 -0.007043683415502773 -0.019688780521333431 0.0051211994782853288 0.0035292584824234731 -0.013645828918184813 -0.0007092612285602265 -0.0027430315642302024 -0.0013510898461647305 0.014245269986012258 0.00033366893666442285 -0.02688210554764614 0.0095644339034619899 -0.0066295451487639679 0.012489798408876521
leaf_weight=1129.0488090217113 1574.4666107036173 829.14490250684321 3000.8239965811372 654.25990395992994 1344.7759229242802 2450.1598525606096 306.4010652936995 68.654935128986835 249.59664767235518 187.22238693386316 944.67893048375845 2731.0251800268888 443.44638838618994 2002.8355292230844
leaf_count=13766 33028 27487 31822 5673 35893 38689 3404 512 2408 1666 34653 23219 7179 14637
internal_value=-4.83998e-05 -0.0153289 0.00538593 0.00782516 -0.0101392 -0.00020155 0.00513247 0.00950398 0.00588405 0.00799821 -0.023713 0.00897696 -0.00164606 0.0120247
internal_weight=17916.5 4693.07 13223.5 9200.82 2919.24 4022.66 3556.82 5644 3250.42 3572.51 1773.82 2918.25 2893.61 2071.49
internal_count=274036 131061 142975 83341 68921 59634 37634 45707 34230 30558 62140 24885 45868 15149
is_linear=0
shrinkage=0.03


Tree=37
num_leaves=15
num_cat=0
split_feature=151 151 151 152 144 151 109 35 155 15 86 123 24 153
split_gain=1578.05 241.572 166.257 52.1138 26.0458 23.2916 22.276 20.6486 20.5456 16.7108 16.4697 16.0654 16.0936 15.0412
threshold=3.5010415791527305 2.4552969699580154 4.6303503656575673 0.14157481290980548 0.047945671803998974 4.0613043372021433 -0.5513354700854699 98.500000000000014 0.20667262876402046 0.74166666666666725 -1.408113877024334 -9.6666666666666838 1.966666666666667 0.41538400459687669
decision_type=2 2 2 2 2 2 10 10 2 2 8 8 10 2
left_child=1 3 5 7 -3 13 -6 9 11 -1 -10 -5 -13 -2
right_child=2 4 -4 8 6 -7 -8 -9 10 -11 -12 12 -14 -15
leaf_value=0.0040544050423323673 -0.01050204800326205 -0.0036243708243936198 -0.024369780166733853 -0.0037318580870340299 -0.0014360977937852145 -0.015128969812194863 0.0050381796878565116 -0.0017280186718142234 -0.0028869924699983069 0.0085320986128891423 0.012042129577972923 0.0036664807974075416 0.0090284018425533016 -0.0025573575301165983
leaf_weight=2615.9306380003691 1143.1256019547582 2151.8177704997361 1533.7068877108395 99.046527236700058 1195.0934702381492 1048.117857541889 777.15400460362434 400.10709904134274 63.352317310869694 1077.1355482414365 2024.8981172442436 646.75522679835558 2847.9088551700115 277.45833272859454
leaf_count=27718 26246 37463 56240 926 17258 29620 11535 4496 470 11394 14679 5585 24052 6354
internal_value=-4.92179e-05 0.00473289 -0.0166117 0.00729862 -0.001353 -0.0116739 0.00113383 0.0046901 0.00916045 0.00538962 0.0115719 0.00771694 0.00805599 -0.00899328
internal_weight=17901.6 13899.2 4002.41 9775.13 4124.07 2468.7 1972.25 4093.17 5681.96 3693.07 2088.25 3593.71 3494.66 1420.58
internal_count=274036 155576 118460 89320 66256 62220 28793 43608 45712 39112 15149 30563 29637 32600
is_linear=0
shrinkage=0.03


Tree=38
num_leaves=15
num_cat=0
split_feature=152 152 144 152 152 35 153 152 155 86 123 24 152 154
split_gain=1497.01 224.17 167.96 40.4721 38.7772 22.1085 21.0447 19.9456 19.0251 15.3359 15.0283 14.8426 13.9705 25.2177
threshold=0.030340511369926781 0.0077983361164995187 0.065239231439793002 0.018895518052587035 0.14157481290980548 104.50000000000001 0.53527908367973165 0.063566368367825213 0.20667262876402046 -1.408113877024334 -9.6666666666666838 1.966666666666667 0.46570839807042735 1.4693127104713464
decision_type=2 2 2 2 2 10 2 2 2 8 8 10 2 2
left_child=1 -1 7 -3 5 6 -4 -2 10 -10 -6 -12 13 -11
right_child=2 3 4 -5 8 -7 -8 -9 9 12 11 -13 -14 -15
leaf_value=-0.024154837537805195 -0.0015439542800121146 -0.013063516908358873 0.0047845445453622223 -0.0061039119412263513 -0.0036436239857655208 -0.0028010600346200839 0.013669354278362912 0.0030297925028406358 -0.0028214925021741036 0.024875762253607547 0.0035551198545308049 0.0086975585757424808 0.0050726934092985574 0.011359863641650423
leaf_weight=1506.4465755447745 2699.0377161055803 1751.3704580105841 3023.5148844644427 1391.4609886705875 98.769192203879356 305.18337909504771 252.33112134039402 1239.8925264403224 63.228444173932076 134.72061207890511 648.38736292719841 2866.069181099534 286.00370971858501 1620.4892978519201
leaf_count=56473 42906 47741 31810 28459 926 3400 2398 15142 470 923 5584 24048 2067 11689
internal_value=-4.98002e-05 -0.0146668 0.00509474 -0.0100258 0.00729109 0.00480955 0.00552811 -9.82026e-05 0.00882864 0.0111395 0.00744225 0.00776796 0.0115894 0.0125993
internal_weight=17886.9 4649.28 13237.6 3142.83 9298.7 3581.03 3275.85 3938.93 5717.67 2104.44 3613.23 3514.46 2041.21 1755.21
internal_count=274036 132673 141363 76200 83315 37608 34208 58048 45707 15149 30558 29632 14679 12612
is_linear=0
shrinkage=0.03


Tree=39
num_leaves=15
num_cat=1
split_feature=151 144 151 151 152 151 35 155 130 155 149 153 0 24
split_gain=1432.51 211.701 163.032 37.6879 31.6304 22.5233 19.6332 20.0699 17.9107 16.4859 14.7106 14.6097 14.4542 14.0136
threshold=3.5010415791527305 0.065239231439793002 4.6303503656575673 1.6193392260821904 0.045622487434631244 4.0613043372021433 104.50000000000001 0.39119038556042368 0.075402160864345757 0.12550938237196266 -0.099796143753944272 0.41538400459687669 0 1.966666666666667
decision_type=2 2 2 2 2 2 10 2 2 2 2 2 1 10
left_child=1 4 5 9 -1 11 7 10 -8 -3 -5 -2 -6 -11
right_child=2 3 -4 6 12 -7 8 -9 -10 13 -12 -13 -14 -15
leaf_value=-0.0034705674127599516 -0.010091329658761196 0.0011140624251187693 -0.024027679871538622 1.6886067780330797e-05 0.0036864160242242013 -0.014676872913331772 0.013111411829140095 0.017555002801637937 -0.0043534369938611683 0.0058454603324400358 0.0058156840030601994 -0.0022335359041823532 -0.00086033144639694316 0.010031690474264504
leaf_weight=2148.0528320297599 1122.3245993629098 243.66863516718149 1465.0335024707019 444.69406233727932 1270.6206559129059 1020.9150372110307 47.982732303440571 109.27220510318875 318.38681443408132 985.27665559947491 3426.3099392689764 274.3742502219975 1212.5179813951254 3782.2205120846629
leaf_count=38720 26246 2246 56240 4642 17054 29620 535 1066 3439 7757 34575 6354 16269 29273
internal_value=-4.91747e-05 0.00442799 -0.0161352 0.00702085 -0.000816906 -0.0112338 0.00494707 0.0055573 -0.00164037 0.00879951 0.00515216 -0.00858784 0.00148571 0.00918759
internal_weight=17871.7 13989 3882.65 9357.81 4631.19 2417.61 4346.65 3980.28 366.37 5011.17 3871 1396.7 2483.14 4767.5
internal_count=274036 155576 118460 83533 72043 62220 44257 40283 3974 39276 39217 32600 33323 37030
cat_boundaries=0 1
cat_threshold=587
is_linear=0
shrinkage=0.03


Tree=40
num_leaves=15
num_cat=0
split_feature=151 151 151 151 144 151 109 155 15 105 145 52 31 153
split_gain=1364.43 199.041 161.335 41.0917 22.6428 21.936 21.1303 18.8983 16.2213 15.4533 16.9199 14.9881 14.5165 14.0169
threshold=3.5010415791527305 2.4552969699580154 4.6303503656575673 1.6193392260821904 0.047945671803998974 4.0613043372021433 -0.5513354700854699 0.28422506276573184 0.87867647058823561 0.0015763292109108598 0.14835164835164838 0.12132352941176472 0.21201923076923079 0.41538400459687669
decision_type=2 2 2 2 2 2 10 2 2 2 2 8 2 2
left_child=1 3 5 9 -3 13 -6 8 11 -1 -11 -5 -13 -2
right_child=2 4 -4 7 6 -7 -8 -9 -10 10 -12 12 -14 -15
leaf_value=0.010127107903509267 -0.0098830900396643436 -0.0033945187820934881 -0.023853410974277067 -0.0031023966497533764 -0.0014576989559899095 -0.014438575887741409 0.0048377400042606006 0.010586388975741332 0.0071965613089624058 0.0050282277926323882 0.010613495422912424 0.011376602363210475 0.0030309743539406594 -0.0021742469281404117
leaf_weight=2596.5205881819129 1112.0665369741619 2135.5429467372596 1432.0740239676088 321.49648647755384 1195.6696830801666 1007.0903061404824 781.01893699914217 422.3804387897253 1071.0813340693712 1742.6800380498171 702.52524918317795 188.77993229776621 2874.4516510367393 273.81803574413061
leaf_count=19682 26246 37463 56240 3394 17258 29620 11535 3465 11201 14131 5464 2000 29983 6354
internal_value=-4.90583e-05 0.00428309 -0.0158962 0.00658075 -0.0012633 -0.0110152 0.00104742 0.00459385 0.00399218 0.00848387 0.00668784 0.00295089 0.00359823 -0.00839959
internal_weight=17857.2 14032.1 3825.05 9919.92 4112.23 2392.97 1976.69 4878.19 4455.81 5041.73 2445.21 3384.73 3063.23 1385.88
internal_count=274036 155576 118460 89320 66256 62220 28793 50043 46578 39277 19595 35377 31983 32600
is_linear=0
shrinkage=0.03


Tree=41
num_leaves=15
num_cat=0
split_feature=151 151 151 151 104 151 154 35 155 155 15 111 54 52
split_gain=1299.5 186.098 159.567 38.1637 21.8973 21.3512 21.2805 18.5276 17.661 15.0692 14.2021 14.3377 14.144 13.9836
threshold=3.5010415791527305 2.4552969699580154 4.6303503656575673 1.6193392260821904 0.83854166666666685 4.0613043372021433 2.1785552222788298 98.500000000000014 0.27224449296239461 0.12550938237196266 0.80902777777777868 0.10887855361076139 0.62019230769230782 0.12916666666666668
decision_type=2 2 2 2 2 2 2 10 2 2 2 10 10 8
left_child=1 3 5 9 6 -2 -3 8 10 -1 13 -12 -13 -5
right_child=2 4 -4 7 -6 -7 -8 -9 -10 -11 11 12 -14 -15
leaf_value=0.00087123260528557296 -0.0082141460190316654 0.001171582669103242 -0.023677214272475579 -0.0021352769876006846 -0.006372928566442118 -0.014201252259638723 -0.0040023991296299199 -0.0012129458522491655 0.010355835909457003 0.0085510749352829991 0.00341084082650943 0.012887820454564569 0.0011595154408926391 0.0040202119997604802
leaf_weight=245.20186376571655 1375.3792685940862 2508.5605050511658 1400.0463688503951 373.06292722374201 615.43920003250241 993.65855620242655 983.62886878475547 465.97877825796604 492.20189736783504 4825.8513457402587 494.84861003607512 447.60295040905476 119.63027988374233 2501.7748299986124
leaf_count=2246 32600 39850 56240 3938 10107 29620 16299 5094 4064 37031 5229 4533 1224 25961
internal_value=-4.87605e-05 0.00414362 -0.0156575 0.00635565 -0.00122691 -0.0107989 -0.000296634 0.00444299 0.00504012 0.00818339 0.00433875 0.00729477 0.0105079 0.00321449
internal_weight=17842.9 14073.8 3769.08 9966.15 4107.63 2369.04 3492.19 4895.1 4429.12 5071.05 3936.92 1062.08 567.233 2874.84
internal_count=274036 155576 118460 89320 66256 62220 56149 50043 44949 39277 40885 10986 5757 29899
is_linear=0
shrinkage=0.03


Tree=42
num_leaves=15
num_cat=0
split_feature=152 152 151 152 151 155 152 154 35 30 154 123 108 154
split_gain=1239.18 204.791 127.498 36.4398 27.2326 17.0905 17.482 19.1319 16.0822 15.6476 15.6794 15.5286 15.4094 15.8614
threshold=0.02114318502212691 0.06830590478145572 4.6303503656575673 0.14157481290980548 3.0228579809699494 0.22936716169073168 0.46570839807042735 1.4297488781424199 98.500000000000014 0.07043650793650795 1.8806478349140558 -9.6666666666666838 0.2834821428571429 1.9755702351929652
decision_type=2 2 2 2 2 2 2 2 10 2 2 8 8 2
left_child=2 4 -1 8 -2 11 7 -7 9 -3 -11 -5 -6 -14
right_child=1 3 -4 5 12 6 -8 -9 -10 10 -12 -13 13 -15
leaf_value=-0.011441532238897829 0.0004772752651082093 0.0083773184753877603 -0.02349908246768101 -0.0037112371611562316 -0.011198200517824046 0.024328208173153683 0.0038406888493667047 0.010667784053382203 -0.0017105280462378621 0.0069232273225556494 0.0021461624806655478 0.0069646053743451881 0.00029622357623762302 -0.0055615306443994768
leaf_weight=1979.8675146996975 2528.4762228913605 767.91714272648096 1368.9252371061593 117.46563536673784 236.85625297948718 99.478788956999779 308.3850833773613 1105.0014290958643 397.95308940857649 871.46672708541155 2123.410243652761 4218.1393462046981 699.66948958486319 1005.999881323427
leaf_count=54501 36718 7941 56240 1053 4496 659 2191 7674 4469 7973 23203 34135 13198 19585
internal_value=-4.89697e-05 0.00375789 -0.0164532 0.00613958 -0.00157669 0.00766876 0.0104558 0.0120814 0.0039703 0.00457551 0.0035638 0.00666356 -0.00423338 -0.00317703
internal_weight=17829 14480.2 3348.79 10009.2 4471 5848.47 1512.87 1204.48 4160.75 3762.79 2994.88 4335.6 1942.53 1705.67
internal_count=274036 163295 110741 89298 73997 45712 10524 8333 43586 39117 31176 35188 37279 32783
is_linear=0
shrinkage=0.03


Tree=43
num_leaves=15
num_cat=0
split_feature=152 152 151 152 151 155 155 108 154 15 31 154 16 34
split_gain=1181.26 191.757 126.256 33.9275 25.7893 16.0507 14.8384 14.8017 15.051 14.311 15.9843 16.1534 14.1255 15.1574
threshold=0.02114318502212691 0.06830590478145572 4.6303503656575673 0.14157481290980548 3.0228579809699494 0.20667262876402046 0.29514862277192327 0.2834821428571429 1.9755702351929652 0.87867647058823561 0.21201923076923079 2.0127692406526707 -39.154761904761919 0.22944819819819823
decision_type=2 2 2 2 2 2 2 8 2 2 2 2 2 2
left_child=2 4 -1 9 6 12 -2 -6 -9 10 -3 -12 -5 -14
right_child=1 3 -4 5 7 -7 -8 8 -10 -11 11 -13 13 -15
leaf_value=-0.011219736055043117 -0.00028587104150019026 0.010634872561590247 -0.023319006921752403 -0.003543259261175831 -0.010986044008864042 0.0094839126319434721 0.007455872283097415 0.00028744837782174865 -0.0054239546394440306 0.0069606825593300763 0.0045989988307357978 0.00017334390930270446 0.0036286776713462558 0.0078574412524684365
leaf_weight=1959.0515760686249 2297.8611761592329 206.09948972612619 1338.6860849242657 121.74844926595688 234.51294090598822 2167.9826277792454 231.63885896652937 699.85316571593285 1001.028150357306 997.81465024501085 1378.3022851794958 1591.1105585172772 1173.1932302862406 2415.9770679548383
leaf_count=54501 33999 2153 56240 1004 4496 15149 2719 13198 19585 10387 13333 17713 9740 19819
internal_value=-4.85046e-05 0.00363678 -0.0162147 0.00593202 -0.00153326 0.00740282 0.000462852 -0.00412561 -0.00309194 0.00384102 0.00283264 0.00224038 0.00615373 0.00649604
internal_weight=17814.9 14517.1 3297.74 10052.2 4464.89 5878.9 2529.5 1935.39 1700.88 4173.33 3175.51 2969.41 3710.92 3589.17
internal_count=274036 163295 110741 89298 73997 45712 36718 37279 32783 43586 33199 31046 30563 29559
is_linear=0
shrinkage=0.03


Tree=44
num_leaves=15
num_cat=0
split_feature=152 144 151 152 151 153 145 107 153 49 140 107 151 120
split_gain=1125.89 180.544 124.953 32.6666 26.6131 23.0674 16.9801 15.7175 15.5036 16.745 14.9646 13.8648 13.2529 13.2483
threshold=0.02114318502212691 0.065239231439793002 4.6303503656575673 0.042678452167369506 1.3986406674150766 0.5972509909368876 0.14835164835164838 0.1182306573558235 0.49251446170600338 16.995504230571296 0.091770628863328943 -0.015458999937260796 4.0613043372021433 3.5000000000000004
decision_type=2 2 2 2 2 2 2 2 2 10 2 2 2 8
left_child=2 3 12 -2 6 -6 7 8 9 10 11 -3 -1 -5
right_child=1 4 -4 13 5 -7 -8 -9 -10 -11 -12 -13 -14 -15
leaf_value=-0.0083004646432135783 -0.0037894007525105522 -0.0037053810734360847 -0.02313698473358887 0.0036901693989010733 0.0043318889982681989 0.016585209783136629 0.0121622187286796 0.014380573874339844 -0.0015903645005676563 -0.00029568858068194259 0.00273579222906532 0.0093581458041804566 -0.013582016227113492 -0.00057262612243105121
leaf_weight=978.72093518823385 2238.0364615321159 68.668449580669403 1309.3049160055816 1056.753812879324 5725.9397252760828 128.94112813845277 702.43342638015747 225.63147899508476 207.64192536473274 265.56866129487753 468.34474624693394 1781.3391479700804 960.11283672600985 1683.591803688556
leaf_count=24881 42355 527 56240 14321 54950 1197 4882 1670 1462 2062 3516 13349 29620 23004
internal_value=-4.82741e-05 0.00351957 -0.0159763 -0.00111255 0.00592607 0.00464343 0.00791824 0.00687492 0.00619465 0.00682581 0.00763824 0.00884735 -0.0110001 0.00108237
internal_weight=17801 14552.9 3248.14 4978.38 9574.51 5854.88 3719.63 3017.19 2791.56 2583.92 2318.35 1850.01 1938.83 2740.35
internal_count=274036 163295 110741 79680 83615 56147 27468 22586 20916 19454 17392 13876 54501 37325
is_linear=0
shrinkage=0.03


Tree=45
num_leaves=15
num_cat=1
split_feature=151 151 144 151 151 151 155 35 145 107 0 32 52 34
split_gain=1069.96 151.51 143.692 24.8778 23.2077 20.0844 19.8064 16.6667 15.7342 14.6295 14.0796 15.227 14.3456 14.0786
threshold=3.5010415791527305 4.6303503656575673 0.065239231439793002 1.3986406674150766 2.8183938029159621 4.0613043372021433 0.39119038556042368 84.500000000000014 0.14835164835164838 0.1182306573558235 0 4.6076923076923082 0.80625000000000013 0.258774630541872
decision_type=2 2 2 2 2 2 2 10 2 2 1 10 10 2
left_child=2 5 4 8 10 -2 7 -5 9 -4 11 -1 -12 -9
right_child=1 -3 3 6 -6 -7 -8 13 -10 -11 12 -13 -14 -15
leaf_value=-0.003735720802562697 -0.0074486765840459292 -0.022953016396718796 0.0059841910322517558 0.0048085867955637877 -0.0028630064544341665 -0.013348912925097659 0.015491038684377524 -0.0044903273868737281 0.011712927492314625 0.013847955904662101 0.0046649018962523978 0.0038570909102854877 -0.0044661966793893022 0.0037153554885762494
leaf_weight=699.92784755676985 1333.437364846468 1280.7583873197436 2803.3229426592588 5012.4686152562499 2273.2307444624603 948.01923439279199 130.63391387090087 332.47194056212902 707.98537798970938 227.82320005446672 1133.2973183430731 341.98521179705858 166.83227597922087 395.48982279747725
leaf_count=9256 32600 56240 20916 47487 41083 29620 1197 3432 4882 1670 14947 4546 2211 3949
internal_value=-4.77013e-05 -0.0147156 0.00363694 0.00572374 -0.000712802 -0.00997159 0.00448447 0.00419428 0.00764392 0.00664052 0.00137916 -0.0012127 0.00342955 -4.73068e-05
internal_weight=17787.7 3562.21 14225.5 9610.2 4615.27 2281.46 5871.06 5740.43 3739.13 3031.15 2342.04 1041.91 1300.13 727.962
internal_count=274036 118460 155576 83533 72043 62220 56065 54868 27468 22586 30960 13802 17158 7381
cat_boundaries=0 1
cat_threshold=180
is_linear=0
shrinkage=0.03


Tree=46
num_leaves=15
num_cat=0
split_feature=152 151 151 151 104 153 28 104 28 24 34 144 111 55
split_gain=1024.51 181.787 99.8771 39.3839 22.742 18.0088 18.5026 17.9783 18.9166 16.9756 15.9656 15.2649 15.0856 13.0499
threshold=0.018895518052587035 2.6497083809956692 4.8445806323270011 1.8325494627242667 0.83854166666666685 0.22615388202153433 4.9459064327485391 0.67156862745098056 4.3405797101449286 1.966666666666667 0.36778579356270819 0.049658635186547062 -0.0042735555349130141 0.57589806027317547
decision_type=2 2 2 2 2 2 8 2 8 10 2 2 10 8
left_child=2 3 -1 5 11 -2 9 8 12 -7 -9 13 -5 -3
right_child=1 4 -4 7 -6 6 -8 10 -10 -11 -12 -13 -14 -15
leaf_value=-0.012103478273147039 0.0027533619273556985 -0.00099696154327297954 -0.023994168559233902 -0.0097169057886368499 -0.0081610292278140838 0.0016910617475114087 0.0052246763832990315 -0.00039456164933289537 0.0057298005844960507 0.009450757555153946 0.01328881867307422 0.0017991788924712653 0.0019354531764330478 -0.0055226072715454221
leaf_weight=1848.149241277948 1003.7212190255523 1441.3061257153749 1017.2641709353775 102.27967020869255 540.17245995998383 286.84201107919216 2555.4134179353714 1524.9523095861077 2099.5163592621684 2807.9389795213938 65.775762021541595 870.76949472352862 663.7328160777688 946.69303390756249
leaf_count=57817 9073 26855 46397 1144 9947 2240 19639 17198 23115 21115 739 13630 7173 17954
internal_value=-4.71909e-05 0.00311438 -0.0164278 0.00504976 -0.00254332 0.00651138 0.00716991 0.00285281 0.00426651 0.00874317 0.000290092 -0.001579 0.000222865 -0.00281437
internal_weight=17774.5 14909.1 2865.41 11110.2 3798.94 6653.92 5650.19 4456.26 2865.53 3094.78 1590.73 3258.77 766.012 2388
internal_count=274036 169822 104214 101436 68386 52067 42994 49369 31432 23355 17937 58439 8317 44809
is_linear=0
shrinkage=0.03


Tree=47
num_leaves=15
num_cat=0
split_feature=152 151 151 154 152 52 122 24 81 109 153 152 59 153
split_gain=977.234 170.75 99.0692 27.2616 26.4215 20.3383 21.8995 17.9302 16.5248 16.3465 17.5128 16.1804 14.996 14.7149
threshold=0.018895518052587035 2.4552969699580154 4.8445806323270011 2.0874899894146641 0.036065169011250925 0.12132352941176472 0.11383021196283392 1.966666666666667 -0.90000000000000202 -0.60624999999999962 0.25608342065234407 0.086390984872955698 0.12508903133857532 0.43947506386041491
decision_type=2 2 2 2 2 8 2 10 8 8 2 2 10 2
left_child=2 3 -1 7 13 -5 8 12 -7 -6 -11 -9 -2 -3
right_child=1 4 -4 5 9 6 -8 11 -10 10 -12 -13 -14 -15
leaf_value=-0.011877616050409526 0.0052223025501648666 -0.0054651260591958885 -0.023825121600706559 -0.0034672794790524515 -0.002255199024197439 0.0084547806335855853 0.0056675197512256513 0.0020501350503528224 -0.0010002921016391381 -0.0024189927339494256 0.004507832890324903 0.0077493451454151534 -0.0015779124735639716 0.0017912675112768607
leaf_weight=1827.3974463958293 1027.2711590901017 1644.296504933387 994.20362920500338 369.16851329803467 1310.4783535785973 184.24804359674454 2117.711702927947 510.83345608413219 994.83011104166508 470.39534064382315 1017.3123434409499 4607.4231873676181 397.26863887906075 288.99159591645002
leaf_count=57817 8291 33686 46397 3663 19205 1774 20643 5648 9967 7247 14729 35954 3380 5635
internal_value=-4.7273e-05 0.00301482 -0.0161911 0.00519584 -0.00169255 0.00310507 0.0038534 0.00635752 0.000564849 0.000174218 0.00231537 0.00718818 0.00332921 -0.00437499
internal_weight=17761.8 14940.2 2821.6 10208.8 4731.47 3665.96 3296.79 6542.8 1179.08 2798.19 1487.71 5118.26 1424.54 1933.29
internal_count=274036 169822 104214 89320 80502 36047 32384 53273 11741 41181 21976 41602 11671 39321
is_linear=0
shrinkage=0.03


Tree=48
num_leaves=15
num_cat=0
split_feature=151 151 151 151 104 104 28 124 153 28 35 147 104 34
split_gain=928.437 161.5 99.1602 35.1061 21.7493 16.66 17.6926 18.1361 16.0613 16.9251 16.9038 15.9919 16.0287 15.0911
threshold=3.7412339808651516 2.6497083809956692 4.7153688780111835 1.8325494627242667 0.84495192307692324 0.67156862745098056 4.3405797101449286 -0.74999999999999989 0.22615388202153433 4.9459064327485391 55.500000000000007 -0.024143584888255038 0.80277777777777792 0.33964285714285719
decision_type=2 2 2 2 2 2 8 8 2 8 10 10 2 2
left_child=1 3 -2 8 -3 6 -5 -8 -1 10 11 -10 -13 -7
right_child=2 4 -4 5 -6 13 7 -9 9 -11 -12 12 -14 -15
leaf_value=0.0025561619674478358 -0.011139595664025132 -0.0015296149072790621 -0.022885022076288678 0.00010449280946128633 -0.0081660631836265353 -0.00072199869615689662 -0.0021573626668090541 0.0064160213364093865 0.01385972096973952 0.0048623014792050379 0.004710535141462884 0.0098207289564374387 0.0030178040584708903 0.0093766730820333561
leaf_weight=1008.3731720894575 1671.932666035369 3280.786207485944 1108.3546824622899 768.35871306806803 501.41484734788537 1463.5282914489508 244.38399074971676 1870.2593942955136 608.28151655197144 2574.4307557269931 932.75423998385668 1133.3282503262162 451.81228673458099 131.36829106509686
leaf_count=9073 51894 59095 52296 8317 9315 16461 2776 20339 4590 19639 7189 8122 3454 1476
internal_value=-4.72525e-05 0.00291378 -0.0159196 0.00472409 -0.00243821 0.00265376 0.00400902 0.005417 0.00609693 0.00671489 0.00821002 0.00965607 0.00792816 0.000189423
internal_weight=17749.4 14969.1 2780.29 11186.9 3782.2 4477.9 2883 2114.64 6708.98 5700.61 3126.18 2193.42 1585.14 1594.9
internal_count=274036 169846 104190 101436 68410 49369 31432 23115 52067 42994 23355 16166 11576 17937
is_linear=0
shrinkage=0.03


Tree=49
num_leaves=15
num_cat=1
split_feature=152 151 151 152 104 154 31 114 155 152 155 144 149 0
split_gain=889.085 150.599 97.5311 32.8808 20.717 14.8033 17.6356 15.3061 14.5663 14.6998 16.481 14.1881 13.4866 13.4362
threshold=0.018895518052587035 2.6497083809956692 4.8445806323270011 0.13656856474610526 0.83854166666666685 1.8005263131333182 0.21201923076923079 -0.21428571428572807 0.22936716169073168 0.46570839807042735 0.30854390169055218 0.037243976389910304 -0.05632339254527071 0
decision_type=2 2 2 2 2 2 2 8 2 2 2 2 2 1
left_child=2 3 -1 5 11 12 13 -8 -5 10 -10 -3 -2 -7
right_child=1 4 -4 8 -6 6 7 -9 9 -11 -12 -13 -14 -15
leaf_value=-0.011425894816102228 0.0011310097182705117 -0.0041343954946796088 -0.023486713864308395 0.0051275965530496979 -0.0077566751104493955 0.0011052729853977669 -0.0050448552585973657 0.0018671248871679593 0.0083460422977617993 0.0025466037454706107 0.018324063678972016 1.818631383690361e-05 0.0083559855426380836 0.014004461521319249
leaf_weight=1787.1265129186213 358.77139101177454 1122.5605161339045 950.7328433226794 4661.2878549024463 531.58325806632638 141.96948571503162 301.2909706607461 3313.5312762781978 1122.5430238321424 317.00023138523102 176.02734498679638 2121.1795317977667 674.55864425003529 156.64418008923531
leaf_count=57817 3351 22587 46397 36992 9947 1605 3459 37271 7573 2191 1130 35852 6098 1766
internal_value=-4.65629e-05 0.00282712 -0.0157192 0.00456908 -0.00234913 0.00272729 0.00187034 0.00127255 0.00601062 0.00848774 0.00989241 -0.00143131 0.00589956 0.0086998
internal_weight=17736.8 14998.9 2737.86 11223.6 3775.32 4946.77 3913.44 3614.82 6276.86 1615.57 1298.57 3243.74 1033.33 298.614
internal_count=274036 169822 104214 101436 68386 53550 44101 40730 47886 10894 8703 58439 9449 3371
cat_boundaries=0 1
cat_threshold=120
is_linear=0
shrinkage=0.03


Tree=50
num_leaves=15
num_cat=0
split_feature=152 151 151 152 154 152 52 122 10 24 149 109 153 81
split_gain=847.869 141.674 96.6196 23.6845 23.5589 20.2021 18.9615 20.2579 16.9741 15.828 15.6598 15.4338 16.2611 15.4172
threshold=0.018895518052587035 2.4552969699580154 5.1038219627132824 0.036065169011250925 2.0874899894146641 0.01240987691140401 0.12132352941176472 0.11383021196283392 417.00000000000006 1.966666666666667 -0.05632339254527071 -0.60624999999999962 0.25608342065234407 -0.90000000000000202
decision_type=2 2 2 2 2 2 8 2 2 10 2 8 2 8
left_child=2 4 5 -3 8 -1 -6 13 -2 -10 -11 -5 -13 -8
right_child=1 3 -4 11 6 -7 7 -9 9 10 -12 12 -14 -15
leaf_value=-0.014555015410136613 -0.0055032528218670641 -0.0041223070024301268 -0.025181610935278841 -0.0021696385390204656 -0.0035656858171101398 -0.0081402660456669357 0.0079099462423979795 0.0052212948781968057 0.0031133818719578971 0.0035180556740083769 0.0076300318591064715 -0.0023024500746616273 0.0043778085473932934 -0.0011755739830114887
leaf_weight=1186.3843533489853 106.97644454240799 1916.4829142093658 687.30317305400968 1306.9105750247836 370.17869797348976 824.01144275069237 186.5076150149107 2138.7734086364508 1410.0469493120909 1102.0414654687047 3999.9386209398508 468.62531142681837 1020.5886428393424 999.38175162672997
leaf_count=45677 900 39321 34653 19205 3663 23884 1774 20643 11434 9749 31190 7247 14729 9967
internal_value=-4.55688e-05 0.00273861 -0.0154831 -0.00156742 0.00470555 -0.0120055 0.00276925 0.00348745 0.00577771 0.00597525 0.00675475 0.000196369 0.00227367 0.00033428
internal_weight=17724.2 15026.5 2697.7 4712.61 10313.8 2010.4 3694.84 3324.66 6619 6512.03 5101.98 2796.12 1489.21 1185.89
internal_count=274036 169822 104214 80502 89320 69561 36047 32384 53273 52373 40939 41181 21976 11741
is_linear=0
shrinkage=0.03


Tree=51
num_leaves=15
num_cat=0
split_feature=151 151 151 152 104 151 35 35 37 104 32 52 151 103
split_gain=808.853 149.128 83.107 29.6124 22.2784 14.5815 14.5466 14.3865 18.0044 13.8949 13.754 13.2157 12.9975 12.6239
threshold=3.8490826385811467 2.6497083809956692 5.1038219627132824 0.14157481290980548 0.87083333333333346 3.1925297413228297 104.50000000000001 50.500000000000007 1.0000000180025095e-35 0.84495192307692324 5.6076923076923082 0.89444444444444449 4.2054383316843014 0.35901972339083887
decision_type=2 2 2 2 2 2 10 8 2 2 10 10 2 10
left_child=1 3 12 6 5 -3 11 8 -5 -10 -8 13 -2 -1
right_child=2 4 -4 7 -6 -7 10 -9 9 -11 -12 -13 -14 -15
leaf_value=0.0041093239855709155 -0.0087726247819702608 0.0001044037371030929 -0.02503637686829939 -0.0027598031120149168 -0.008670104191896514 -0.0037567695124148454 -0.0049204355171256391 0.0038714654636806197 0.0083034223299770799 0.0034864307435582323 0.007452085287275304 -0.002923921464780023 -0.014520060437457525 -0.00072467226881301285
leaf_weight=3905.1129671707749 669.03889064863324 1937.8874724209309 670.88714781776071 158.77710404247046 446.62731097266078 1596.6617547795177 374.77431920170784 2428.7259687334299 2784.7476924732327 706.55488872528076 87.91124564409256 295.85824168473482 1098.8012958746403 550.35964098572731
leaf_count=41182 20089 30783 34653 1236 8629 35155 4303 18640 20383 5453 1020 3149 43291 6070
internal_value=-4.59583e-05 0.00252016 -0.016035 0.00427879 -0.00246563 -0.00164831 0.00260841 0.00570158 0.0068985 0.00734767 -0.00240944 0.0031031 -0.0124371 0.00351178
internal_weight=17712.7 15274 2438.73 11292.8 3981.18 3534.55 5214.02 6078.81 3650.08 3491.3 462.686 4751.33 1767.84 4455.47
internal_count=274036 176003 98033 101436 74567 65938 55724 45712 27072 25836 5323 50401 63380 47252
is_linear=0
shrinkage=0.03


Tree=52
num_leaves=15
num_cat=1
split_feature=151 151 151 151 104 104 28 124 154 151 84 34 144 0
split_gain=771.91 139.972 82.5432 27.8276 21.2478 15.0913 16.5042 16.568 14.5747 15.5228 14.6574 14.4221 14.1186 14.3013
threshold=3.8490826385811467 2.6497083809956692 5.1038219627132824 1.8325494627242667 0.87083333333333346 0.67156862745098056 4.3405797101449286 -0.74999999999999989 1.5291899590487417 0.55920745798214477 0.70483644299287274 0.36778579356270819 0.049658635186547062 0
decision_type=2 2 2 2 2 2 8 8 2 2 10 2 2 1
left_child=1 3 -2 8 12 6 -5 -8 9 -1 -10 -7 -3 -14
right_child=2 4 -4 5 -6 11 7 -9 10 -11 -12 -13 13 -15
leaf_value=0.0025710024685770042 -0.012212101176810876 -0.0027124930688635571 -0.024889212811455261 -0.00017131622729605941 -0.0084823248518218868 -0.00068660623730036727 -0.0022863038199652046 0.0058794480909425892 0.0052848381799612473 0.014745777497302442 -0.0014757670869668484 0.012181641937149157 0.0063572459678324401 -0.0012715591410146236
leaf_weight=150.19552451372147 1747.3956327103078 2623.9980896711349 654.93854110687971 773.94598753750324 443.20379134267569 1536.843789242208 245.31187009811401 1893.0835817530751 6086.338414080441 276.51912146061659 296.86786189675331 67.554976142942905 328.37446172535419 576.94115690514445
leaf_count=1028 63380 51625 34653 8317 8629 17198 2776 20339 46771 1765 2503 739 5194 9119
internal_value=-4.65417e-05 0.00244037 -0.0158012 0.00413838 -0.00239844 0.00230117 0.00358283 0.00493329 0.00534918 0.0106933 0.0049677 -3.69584e-05 -0.00160177 0.00160932
internal_weight=17701.5 15299.2 2402.33 11326.7 3972.52 4516.74 2912.34 2138.4 6809.92 426.715 6383.21 1604.4 3529.31 905.316
internal_count=274036 176003 98033 101436 74567 49369 31432 23115 52067 2793 49274 17937 65938 14313
cat_boundaries=0 1
cat_threshold=736
is_linear=0
shrinkage=0.03


Tree=53
num_leaves=15
num_cat=0
split_feature=151 151 151 151 104 35 32 154 57 154 16 16 24 98
split_gain=736.498 131.39 81.9642 25.9852 20.2668 14.2739 14.7813 14.1146 14.0584 14.1759 13.8137 15.0533 14.9956 13.3217
threshold=3.8490826385811467 2.6497083809956692 5.1038219627132824 1.8325494627242667 0.87083333333333346 99.500000000000014 5.6076923076923082 2.2821983118029467 0.19516132016140852 2.2184820653350124 -7.6568627450980378 -39.154761904761919 4.6273148148148158 0.28346768971768971
decision_type=2 2 2 2 2 10 10 2 10 2 2 2 8 10
left_child=1 3 -2 7 8 -5 -7 10 9 -3 11 -1 13 -13
right_child=2 4 -4 5 -6 6 -8 -9 -10 -11 -12 12 -14 -15
leaf_value=-0.0001987427588482119 -0.011986801882110616 0.00038005780694055918 -0.024740098491281649 0.0027665014032916871 -0.0082973636878758798 -0.0057992220427655105 0.0074631592245458971 0.00052018422752068028 -0.0058422007313950839 -0.0046140947011243756 0.004626829013939098 0.011708771885918816 0.004817883502758807 -0.0019240545597058844
leaf_weight=191.89546686410904 1727.4196327570826 2322.1250958740711 639.44455555826426 4108.9531296938658 439.8764519020915 332.95768385380507 82.844150833785534 544.11154519021511 561.67328858375549 640.36417336389422 4420.140554651618 984.13197398930788 629.31517174839973 64.781943008303642
leaf_count=1463 63380 43138 34653 44480 8629 3918 971 4910 10425 12375 33079 7280 4843 492
internal_value=-4.60369e-05 0.00236417 -0.0155664 0.00400391 -0.00233197 0.00222947 -0.00298898 0.00517123 -0.00155537 -0.000717272 0.00557135 0.00774921 0.00865172 0.0108515
internal_weight=17690 15323.2 2366.86 11359.1 3964.04 4524.75 415.802 6834.38 3524.16 2962.49 6290.27 1870.12 1678.23 1048.91
internal_count=274036 176003 98033 101436 74567 49369 4889 52067 65938 55513 47157 14078 12615 7772
is_linear=0
shrinkage=0.03


Tree=54
num_leaves=15
num_cat=0
split_feature=151 152 151 152 15 104 153 26 153 28 57 56 151 104
split_gain=702.552 125.661 81.3435 32.0841 15.7212 17.0391 15.1754 14.8725 13.4971 14.7328 13.401 15.0441 13.208 12.4772
threshold=3.8490826385811467 0.045622487434631244 5.1038219627132824 0.12738657106068649 0.62019230769230671 0.73205128205128212 0.46707909178713253 0.069722222222222241 0.22047695614180265 4.9459064327485391 0.099999999999989583 0.28174603174603186 4.2054383316843014 0.83854166666666685
decision_type=2 2 2 2 2 2 2 2 2 8 10 8 2 2
left_child=1 6 12 4 -3 -6 13 -8 -5 10 -10 -12 -2 -1
right_child=2 3 -4 8 5 -7 7 -9 9 -11 11 -13 -14 -15
leaf_value=-0.003048433434228857 -0.0080583570609876806 0.00072634735379102134 -0.024589016814959983 0.0016040113194970447 0.005651893543667596 -0.0010506154901490389 0.013497912455297535 -0.00086731445015884748 0.0050488268703633692 0.0038407002772258927 0.01163893382460802 0.0053391878531898508 -0.013888379169582942 -0.0089334298025924627
leaf_weight=2346.6006386019289 648.7951500415802 3556.8538152612746 624.39248695224524 929.31891112029552 1456.9978063292801 438.93025312945247 73.46081480011344 237.1575673148036 1770.7305163815618 2682.9672408178449 845.15063340216875 639.00931816548109 1059.2251842468977 369.64565837755799
leaf_count=47119 20089 41419 34653 8255 16577 5168 1357 4421 12997 20115 6129 4671 43291 7775
internal_value=-4.62078e-05 0.00228962 -0.0153319 0.00363461 0.00190883 0.00410412 -0.0031757 0.00299534 0.0049978 0.00552357 0.00688676 0.00900712 -0.0117633 -0.00389397
internal_weight=17679.2 15346.8 2332.41 12320 5452.78 1895.93 3026.86 310.618 6867.18 5937.86 3254.89 1484.16 1708.02 2716.25
internal_count=274036 176003 98033 115331 63164 21745 60672 5778 52167 43912 23797 10800 63380 54894
is_linear=0
shrinkage=0.03


Tree=55
num_leaves=15
num_cat=0
split_feature=151 152 151 152 35 104 63 15 154 138 151 104 154 151
split_gain=670.277 118.062 80.6566 30.1153 16.1836 16.35 21.7036 17.2923 15.4907 14.8314 14.7381 13.7634 13.3645 12.8622
threshold=3.8490826385811467 0.045622487434631244 5.1038219627132824 0.1185369858508937 91.500000000000014 0.83854166666666685 8.1666666666666696 0.56696428571428481 1.5291899590487417 0.086610282635387253 0.55920745798214477 0.85912698412698429 2.2369659225247518 4.2054383316843014
decision_type=2 2 2 2 10 2 8 2 2 2 2 2 2 2
left_child=1 9 13 4 5 7 -7 -3 10 11 -5 -1 -9 -2
right_child=2 3 -4 8 -6 6 -8 12 -10 -11 -12 -13 -14 -15
leaf_value=-0.0031704051805380379 -0.007880663635228621 0.0014847542824697484 -0.024435948616049415 0.002165108080786648 -0.0029710835392458162 0.00100612944118984 -0.011496945392245803 0.0071132008781350595 0.0043675577113551373 0.0016307695565524779 0.013801137172619585 -0.010011219334735841 -0.00011234511317704128 -0.013656505348100331
leaf_weight=2233.713401902467 643.93441235087812 2323.2150745131075 609.7701245509088 151.56482161581516 573.95454918593168 522.5158654153347 148.40105473995209 1143.7655780166388 6901.2218929752707 492.88924083858728 299.43291091918945 291.63024752959609 286.98086742684245 1045.3600988015532
leaf_count=44683 20089 27190 34653 1028 7156 6292 1841 12876 53525 9834 1895 6155 3528 43291
internal_value=-4.58919e-05 0.00221843 -0.0150992 0.00351768 0.00171379 0.00232945 -0.00195039 0.00309907 0.00473817 -0.00308939 0.0100862 -0.00401484 0.00567776 -0.0115436
internal_weight=17668.4 15369.3 2299.06 12351.1 4998.83 4424.88 670.917 3753.96 7352.22 3018.23 450.998 2525.34 1430.75 1689.29
internal_count=274036 176003 98033 115331 58883 51727 8133 43594 56448 60672 2923 50838 16404 63380
is_linear=0
shrinkage=0.03


Tree=56
num_leaves=15
num_cat=0
split_feature=151 152 151 151 155 138 15 104 55 155 152 84 151 83
split_gain=639.333 110.968 79.9311 28.2435 14.1791 14.1051 13.9822 14.4399 12.9658 12.8568 14.8874 13.5053 12.5948 12.4609
threshold=3.8490826385811467 0.045622487434631244 5.1038219627132824 1.8325494627242667 0.28942880160359347 0.088125824538258582 0.56696428571428481 0.81534090909090928 0.56018518518370308 0.24414981615364431 0.46570839807042735 0.70483644299287274 4.5136028423406058 0.40499999999956349
decision_type=2 2 2 2 2 2 2 2 8 2 2 10 2 8
left_child=1 4 12 9 5 8 -5 -8 -1 11 -11 -3 -2 -14
right_child=2 3 -4 6 -6 -7 7 -9 -10 10 -12 -13 13 -15
leaf_value=-0.0025622502055988629 -0.0091505867709296453 0.0043456041430422337 -0.024280881065161481 0.00062670430813887787 0.0032531413276302196 0.0016238598734533056 0.0048113320611791908 -0.0022765921854726551 -0.007099067720258743 0.0089524421607467906 0.0015413776757533257 -0.0024263575922608481 -0.0098684319435281172 -0.019534214945360166
leaf_weight=1340.7569087594748 1080.1844347268343 5239.343079932034 595.56546841934323 3463.0273245200515 283.22307544946671 381.73526707291603 1720.9052790366113 294.8023472353816 1004.3203005082905 1069.4030434414744 323.90700432658195 269.94105916470289 300.9975122846663 289.92541930451989
leaf_count=27107 35893 40595 34653 40310 5210 7676 19439 3515 20679 6980 2191 2301 13938 13549
internal_value=-4.63051e-05 0.00214867 -0.014867 0.00340414 -0.00300678 -0.00367121 0.00178866 0.00376555 -0.00453799 0.00467971 0.00726434 0.00400811 -0.0113258 -0.014977
internal_weight=17658 15391.4 2266.67 12381.3 3010.04 2726.81 5478.73 2015.71 2345.08 6902.59 1393.31 5509.28 1671.11 590.923
internal_count=274036 176003 98033 115331 60672 55462 63264 22954 47786 52067 9171 42896 63380 27487
is_linear=0
shrinkage=0.03


Tree=57
num_leaves=15
num_cat=0
split_feature=151 144 151 151 151 155 105 32 122 151 83 62 123 154
split_gain=609.952 104.465 79.1309 21.617 20.3229 17.1306 14.723 13.2898 14.6448 12.4332 12.6062 12.4225 16.2401 13.193
threshold=3.8490826385811467 0.051591492188112535 5.1038219627132824 1.4468497739944199 3.0228579809699494 0.39119038556042368 0.0014068906450355331 9.2613636363636385 0.1160525919228451 4.2054383316843014 0.44999999999957563 7.5000000000000009 -6.3333333333333135 2.2543053365384744
decision_type=2 2 2 2 2 2 2 8 2 2 8 10 10 2
left_child=1 4 9 6 -1 7 -3 11 -9 -2 -11 13 -13 -5
right_child=2 3 -4 5 -6 -7 -8 8 -10 10 -12 12 -14 -15
leaf_value=0.00023705618180354059 -0.0075009893012783447 0.0069338358858041437 -0.024123802974754496 0.0034416625323820003 -0.0042216593775526168 0.011971479032904988 0.003356783321045467 -0.001153346942294206 0.0027842411475152047 -0.0097371963245682369 -0.017059357479538986 -0.0057122615015233651 0.0082750068840399503 -0.0018217379398772682
leaf_weight=1624.1749790683389 633.77212209440768 2145.5801772996783 581.76688302867115 2649.4612789861858 2102.632346753031 153.58575125038624 2093.079177044332 1631.9912222921848 1745.1465924046934 563.13620517216623 456.78322122432292 72.968515783548355 692.97586715966463 500.94528353214264
leaf_count=24192 20089 14692 34653 26252 45301 1568 15257 16921 18177 23633 19658 819 7711 5113
internal_value=-4.6919e-05 0.00208146 -0.0146372 0.00347526 -0.00228535 0.00249336 0.00518553 0.00226961 0.000884728 -0.011113 -0.0132162 0.00345588 0.00685837 0.00260006
internal_weight=17648 15412.5 2235.46 11685.7 3726.81 7447.07 4238.66 7293.49 3377.14 1653.69 1019.92 3916.35 765.944 3150.41
internal_count=274036 176003 98033 106510 69493 76561 29949 74993 35098 63380 43291 39895 8530 31365
is_linear=0
shrinkage=0.03


Tree=58
num_leaves=15
num_cat=0
split_feature=152 152 152 152 153 35 153 10 59 55 106 52 153 150
split_gain=581.946 123.08 55.0315 25.3958 17.2708 15.0526 14.5305 13.2867 14.3435 12.775 16.1808 12.4162 15.0107 12.8695
threshold=0.013936205915647789 0.045622487434631244 0.0050895745722729308 0.1185369858508937 0.46707909178713253 91.500000000000014 0.22615388202153433 515.00000000000011 0.14891110387543452 0.22613636363651798 0.40767045454545464 0.81534090909090928 0.39709935813823943 -0.2181818181818182
decision_type=2 2 2 2 2 10 2 2 10 8 2 10 2 10
left_child=2 4 -1 5 -2 11 -5 9 -9 -8 -11 12 13 -3
right_child=1 3 -4 6 -6 -7 7 8 -10 10 -12 -13 -14 -15
leaf_value=-0.023351925662354337 -0.0039952334557698055 -0.00088603624242419745 -0.012032947372892592 0.001168694573045884 0.0029745733847580105 -0.0029784378726131974 0.0026690717433653964 -0.0075077288643887029 0.0032090237621094312 -0.00051246004407043627 0.0065746899060828735 -0.0023037227305019855 0.0060434803245381797 0.0031435586339777126
leaf_weight=610.2242315877229 3014.3212069422007 1119.824679363519 1229.1456684712321 1136.9398721978068 346.86698201298714 574.06580259650946 1321.7483509480953 137.31555726379156 414.24692593514919 309.68591643124819 4096.6998780071735 493.44921215996146 909.63065747916698 1924.0227391682565
leaf_count=36907 65014 13466 49933 10093 6851 7156 9767 1027 3092 2401 30068 5763 9344 23154
internal_value=-4.70424e-05 0.00181743 -0.0159466 0.00319346 -0.00326595 0.00153934 0.00430791 0.00487213 0.000412875 0.00529931 0.00607655 0.0021306 0.00269068 0.001664
internal_weight=17638.2 15798.8 1839.37 12437.6 3361.19 5020.99 7416.64 6279.7 551.562 5728.13 4406.39 4446.93 3953.48 3043.85
internal_count=274036 187196 86840 115331 71865 58883 56448 46355 4119 42236 32469 51727 45964 36620
is_linear=0
shrinkage=0.03


Tree=59
num_leaves=15
num_cat=0
split_feature=152 152 151 152 153 26 35 52 140 120 35 37 101 155
split_gain=555.74 115.701 58.0173 23.7893 16.3333 14.9669 13.9275 14.4994 13.2196 13.7747 12.8402 17.8279 14.7396 13.96
threshold=0.013936205915647789 0.045622487434631244 5.1038219627132824 0.14157481290980548 0.46707909178713253 0.069722222222222241 99.500000000000014 0.90454545454545465 0.065649520053340349 4.5000000000000009 34.500000000000007 1.0000000180025095e-35 0.21668769485385381 0.24958975124249741
decision_type=2 2 2 2 2 2 10 10 2 10 8 2 10 2
left_child=2 4 -1 6 -2 -6 7 -3 9 -7 11 -5 -12 -13
right_child=1 3 -4 10 5 8 -8 -9 -10 -11 12 13 -14 -15
leaf_value=-0.011895384910011145 -0.0038900511124618448 0.0026072218124926949 -0.023807746940055829 -0.0049850461843002104 0.012920667844750496 0.013861702059407866 -0.0026629750404640168 -0.0036829910455080852 -0.005691985711504392 -0.007602874120256624 0.0036635072902713416 0.0052199962754954088 -0.0035807261439464682 0.010611472388226389
leaf_weight=1256.1302141174674 3003.5219806004316 5321.3576738461852 555.67349547706544 121.57878737151623 82.722874414175749 68.374327888712287 566.21972966194153 338.65540061146021 168.4227649550885 28.261193085461855 2942.1980220675468 2366.8932492434978 264.57951313257217 543.55108867585659
leaf_count=52187 65014 58972 34653 926 1602 1375 6840 3807 3307 567 21994 17428 1919 3445
internal_value=-4.69733e-05 0.00176096 -0.0157144 0.00309094 -0.00317761 0.00288164 0.00177253 0.00222212 -0.000775692 0.00740625 0.00439929 0.00580228 0.00305192 0.00627615
internal_weight=17628.1 15816.3 1811.8 12465 3351.3 347.781 6226.23 5660.01 265.058 96.6355 6238.8 3032.02 3206.78 2910.44
internal_count=274036 187196 86840 115331 71865 6851 69619 62779 5249 1942 45712 21799 23913 20873
is_linear=0
shrinkage=0.03


Tree=60
num_leaves=15
num_cat=0
split_feature=151 151 151 104 154 52 24 127 151 152 34 154 55 35
split_gain=530.732 87.0689 76.4339 18.9391 17.5179 15.2405 16.2123 21.5239 15.0164 14.8629 15.3704 12.7446 12.6759 15.3569
threshold=3.8490826385811467 2.4552969699580154 5.1038219627132824 0.87083333333333346 1.7373324713914402 0.12916666666666668 8.2899159663865571 0.73030303030303034 3.1925297413228297 0.46570839807042735 0.27113095238095242 1.3772626059130288 0.52033892033856932 71.500000000000014
decision_type=2 2 2 2 2 8 8 2 2 2 2 2 10 10
left_child=1 4 -2 8 9 -6 -7 -8 11 10 12 -3 13 -1
right_child=2 3 -4 -5 5 6 7 -9 -10 -11 -12 -13 -14 -15
leaf_value=0.0080738459957698551 -0.01050214689276676 0.01327437795962504 -0.023644642541758625 -0.0065461861378656918 -0.00026159196484804346 0.003995766125498566 0.0030758294043669453 -0.0049022050266589725 -0.0030721526108642193 -0.00045744804688385303 0.011317193472636579 0.00026937527076996518 -0.00050334363503511104 -0.0036773620360949612
leaf_weight=821.87978328764439 1605.5178860668093 54.587525025010109 543.01680099405348 557.41584988310933 1231.0997085645795 6049.0657367706299 864.07676722854376 450.57292757928371 1559.943144146353 278.75147913396358 511.89249628782272 2702.0399239882827 283.58908436447382 104.92853087931871
leaf_count=5795 63380 593 34653 10329 10806 52697 7468 4303 35155 1866 3508 40606 2085 792
internal_value=-4.66574e-05 0.001898 -0.0139647 -0.00141747 0.00342293 0.0028254 0.00334098 0.000317043 -0.000734798 0.00594933 0.00698126 0.000597351 0.00503145 0.00670605
internal_weight=17618.4 15469.8 2148.53 4873.99 10595.9 8594.82 7363.72 1314.65 4316.57 2001.04 1722.29 2756.63 1210.4 926.808
internal_count=274036 176003 98033 86683 89320 75274 64468 11771 76354 14046 12180 41199 8672 6587
is_linear=0
shrinkage=0.03


Tree=61
num_leaves=15
num_cat=0
split_feature=151 144 151 151 151 104 23 15 13 10 150 104 40 87
split_gain=508.068 103.603 55.124 19.2739 18.7318 15.8709 21.0031 15.0657 13.1771 15.5328 12.1632 12.05 11.7269 15.18
threshold=4.0613043372021433 0.049658635186547062 5.1038219627132824 1.6193392260821904 3.0228579809699494 0.83854166666666685 0.26020833333333343 0.74166666666666725 0.73030303030303034 505.00000000000006 0.265984015984016 0.73205128205128212 1.0000000180025095e-35 0.82678835053957311
decision_type=2 2 2 2 2 2 2 2 2 2 10 2 10 10
left_child=1 4 -2 -3 -1 7 -7 -5 9 12 -10 -6 -9 -14
right_child=2 3 -4 5 11 6 -8 8 10 -11 -12 -13 13 -15
leaf_value=9.552510689318406e-05 -0.011598056010583377 0.0043050176579170051 -0.023479500811161406 0.0015144849420685965 -0.0030837148523068809 -0.0055708697463865021 0.0023976133934716791 0.0096001013776259147 0.0038948251885117897 -0.00098290847559936241 -0.0056841236420815478 -0.0081267751848779039 -0.010541826945038853 0.0075535056489533176
leaf_weight=1361.4341928884387 1198.818842574954 5471.1416065841913 530.72286152746528 3806.0751919429749 1824.4228576440364 534.23137025907636 636.80275769904256 819.04366729408503 372.18432431668043 194.09880869463086 157.74753129854798 558.70178601145744 54.910577371716499 88.504474993795156
leaf_count=20556 51207 39277 34653 41711 42429 6238 6788 8658 3936 2082 1715 13243 620 923
internal_value=-4.61915e-05 0.00164066 -0.0154145 0.0029861 -0.00271391 0.00189596 -0.00126213 0.00257088 0.00492058 0.00669725 0.000965436 -0.00430945 0.00823742 0.000283031
internal_weight=17608.8 15879.3 1729.54 12134.7 3744.56 6663.6 1171.03 5492.56 1686.49 1156.56 529.932 2383.12 962.459 143.415
internal_count=274036 188176 85860 111948 76228 72671 13026 59645 17934 12283 5651 55672 10201 1543
is_linear=0
shrinkage=0.03


Tree=62
num_leaves=15
num_cat=0
split_feature=151 152 151 154 151 118 153 30 26 24 10 53 57 119
split_gain=485.049 98.5378 54.652 20.7691 16.2967 15.7122 15.0729 13.7864 13.7795 13.0362 11.7063 11.413 11.0137 10.8701
threshold=4.0613043372021433 0.045622487434631244 5.1038219627132824 1.7271110081475349 1.3986406674150766 0.097857087327876513 0.46707909178713253 0.068813131313131326 0.069722222222222241 9.2264957264957275 497.00000000000006 0.66666666666667618 0.083333333333334522 -0.075000000000004854
decision_type=2 2 2 2 2 10 2 2 2 8 2 8 10 8
left_child=1 6 12 5 -5 13 -1 9 -8 10 -6 -10 -2 -3
right_child=2 3 -4 4 7 -7 8 -9 11 -11 -12 -13 -14 -15
leaf_value=-0.0036564115016295418 -0.012934105796142792 0.01185873874087235 -0.023312330406455299 0.004088917891927139 0.0060347284980454916 -0.0089173346005841717 0.012336961093193981 0.00080014951837955738 -0.0057479633518111748 -0.0082158977227950718 -0.00047535926220040989 0.0061345359439699187 -0.0054974694226231271 0.0050408901878222093
leaf_weight=3002.7888253759593 923.59530562907457 234.99470406770706 518.78140845522285 3020.7148305103183 1124.0753188990057 53.901559755206108 84.665529267862439 5804.2804124727845 155.0958810672164 61.505716118961573 315.31970351189375 112.26572749577463 262.07655938528478 1925.835716150701
leaf_count=65850 40107 1819 34653 21439 11721 393 1639 61463 3075 681 3316 2281 11100 14499
internal_value=-4.6395e-05 0.00158949 -0.0151832 0.00281079 0.00223941 0.00544179 -0.00296802 0.00146782 0.00281336 0.00401638 0.00461841 -0.000697647 -0.0113796 0.00585899
internal_weight=17599.9 15895.4 1704.45 12540.6 10325.9 2214.73 3354.82 7305.18 352.027 1500.9 1439.4 267.362 1185.67 2160.83
internal_count=274036 188176 85860 115331 98620 16711 72845 77181 6995 15718 15037 5356 51207 16318
is_linear=0
shrinkage=0.03


Tree=63
num_leaves=15
num_cat=0
split_feature=151 152 151 152 153 154 35 104 119 26 52 135 15 154
split_gain=463.128 92.6127 54.1356 19.765 14.3011 13.8438 13.1027 13.9581 17.2505 12.9346 12.8682 13.5204 13.3192 15.7121
threshold=4.0613043372021433 0.045622487434631244 5.1038219627132824 0.1185369858508937 0.46707909178713253 1.4297488781424199 91.500000000000014 0.89087301587301593 0.071938810780735232 0.069722222222222241 0.81534090909090928 19.500000000000004 0.66145833333333226 2.2369659225247518
decision_type=2 2 2 2 2 2 10 2 8 2 10 2 2 2
left_child=1 4 -2 6 -1 -5 7 10 -9 -6 11 12 -3 -14
right_child=2 3 -4 5 9 -7 -8 8 -10 -11 -12 -13 13 -15
leaf_value=-0.0035590760763096825 -0.011164755696471946 0.0019653714746170419 -0.023143130961648842 0.010902645700941467 0.011910267966514411 0.0034565602676738133 -0.0029513411262934706 0.00020268012288833647 -0.01319626536712545 -0.00067696000366013166 -0.0023411263983103858 -0.0073603978176690343 0.0076549497994264758 -0.00098105586765586728
leaf_weight=2992.9256702251732 1173.0081608481705 2337.2532592900097 507.18256040010601 220.78449234366417 85.590796452015638 7288.5654236376286 573.53560933470726 343.16221079975367 100.41403360664845 267.1870655156672 452.00294336676598 96.938775092363358 918.40141601487994 233.97030972316861
leaf_count=65850 51207 26986 34653 1387 1639 55061 7156 4142 1238 5356 5250 1145 10126 2840
internal_value=-4.61193e-05 0.0015407 -0.0149533 0.00272139 -0.00288583 0.00369678 0.00126596 0.00181366 -0.00316292 0.00273816 0.00236994 0.00297094 0.00328821 0.00591147
internal_weight=17590.9 15910.7 1680.19 12565 3345.7 7509.35 5055.68 4482.14 443.576 352.778 4038.57 3586.56 3489.62 1152.37
internal_count=274036 188176 85860 115331 72845 56448 58883 51727 5380 6995 46347 41097 39952 12966
is_linear=0
shrinkage=0.03


Tree=64
num_leaves=15
num_cat=0
split_feature=152 152 152 152 104 21 124 154 54 15 154 26 15 140
split_gain=442.233 89.2551 50.0984 20.3102 16.6102 18.1976 14.038 13.5955 16.6307 13.4021 13.104 13.0581 12.9102 14.1973
threshold=0.013420447673330027 0.042678452167369506 0.0041745393042925327 0.096645139476576908 0.80277777777777792 4.5000000000000009 -0.74999999999999989 1.9810261925759773 0.93541666666666679 0.14835164835164963 1.4297488781424199 0.068404634581105184 0.68990384615384681 0.066430134697351859
decision_type=2 2 2 2 2 2 8 2 10 2 2 2 2 2
left_child=2 7 -1 12 6 -6 -5 8 11 -7 -8 -2 -3 -14
right_child=1 3 -4 4 5 9 10 -9 -10 -11 -12 -13 13 -15
leaf_value=-0.024049177082102059 0.0035913411317990717 -0.00036793199531668768 -0.011607504993209887 -7.550788178552213e-05 -0.0013123010699904415 0.0011029338499429463 0.012334031898700691 -0.0047592903688282217 0.013045724602010415 0.0075486410562914446 0.0043412541206422168 -0.0033194007535402915 -0.0010747927841090077 0.0056573285884350269
leaf_weight=403.69457236584276 318.47584899328649 2724.7543590217829 1218.4147181818262 634.67892626672983 1229.8912975639105 685.39615537971258 181.14088615775108 1797.0093262288719 59.514117719605565 496.65345845371485 5676.1210701614618 934.75793585926294 425.77868213504553 795.83175970241427
leaf_count=28215 6826 34845 56434 5204 9927 5550 1129 41085 1353 4036 43731 20451 5323 9927
internal_value=-4.60134e-05 0.00147583 -0.0148958 0.00257929 0.00337238 0.00123658 0.00416121 -0.00307441 -0.000740284 0.00387184 0.00461931 -0.00154152 0.00078391 0.00332635
internal_weight=17582.1 15960 1622.11 12850.2 8903.88 2411.94 6491.94 3109.76 1312.75 1182.05 5857.26 1253.23 3946.36 1221.61
internal_count=274036 189387 84649 119672 69577 19513 50064 69715 28630 9586 44860 27277 50095 15250
is_linear=0
shrinkage=0.03


Tree=65
num_leaves=15
num_cat=0
split_feature=152 144 151 104 23 151 56 35 32 109 155 31 76 10
split_gain=422.166 85.5141 51.4509 16.8918 26.1821 16.815 15.5339 14.6069 12.5978 12.257 12.1526 13.1212 18.4675 14.0072
threshold=0.013420447673330027 0.049658635186547062 5.1038219627132824 0.83854166666666685 0.29568645640074215 3.1245627302238765 0.076923076923076969 91.500000000000014 5.8786764705882364 -1.9333333333333331 0.14417916440866693 0.23993558776167476 1308.3333333333337 515.00000000000011
decision_type=2 2 2 2 2 2 8 10 10 10 2 2 10 2
left_child=2 5 -1 7 -5 9 -6 10 -9 -2 -3 13 -13 -12
right_child=1 3 -4 4 6 -7 -8 8 -10 -11 11 12 -14 -15
leaf_value=-0.010860479819123033 -0.0039083944668293217 0.0011312326260542562 -0.022808182575083817 -0.001941572621803985 0.00034985539058036221 -0.0042792571735398291 0.0077997570418422476 -0.0025785997206158344 0.0074899969861879235 0.0015809918883811151 0.0035914104687886938 0.00045194826053879115 0.0071422861731563723 -0.0026694835968774254
leaf_weight=1113.8072681222111 530.83708062767982 1555.55375283584 485.56227204296738 1563.9002014659345 484.6110892817378 2118.6600002758205 512.89815969020128 619.014250010252 120.93780506774783 1096.8775487244129 4619.4030881784856 460.12008225917816 1956.0184364542365 334.99316509440541
leaf_count=49996 8162 14900 34653 14965 4188 51967 4203 6136 1354 17258 43248 3831 16108 3067
internal_value=-4.51169e-05 0.00143117 -0.014666 0.00264561 0.000476135 -0.00252726 0.00423924 0.00321887 -0.000816867 -0.000228571 0.00355423 0.00406227 0.00587885 0.0031613
internal_weight=17573.2 15973.8 1599.37 12227.5 2561.41 3746.37 997.509 9666.04 739.952 1627.71 8926.09 7370.53 2416.14 4954.4
internal_count=274036 189387 84649 112000 23356 77387 8391 88644 7490 25420 81154 66254 19939 46315
is_linear=0
shrinkage=0.03


Tree=66
num_leaves=15
num_cat=0
split_feature=151 144 151 151 104 129 154 63 39 27 124 151 55 104
split_gain=403.02 84.8137 47.0387 17.0509 15.7543 23.9127 14.9592 13.2858 13.1744 13.1661 13.1308 13.0843 12.6823 12.0009
threshold=4.132763350584395 0.049658635186547062 5.1038219627132824 3.1245627302238765 0.83854166666666685 4.5000000000000009 1.5291899590487417 6.166666666666667 3.6333333333333337 0.2245689655172414 -0.74999999999999989 2.0856528016791152 0.26587301587308815 0.54356060606060608
decision_type=2 2 2 2 2 2 2 10 8 2 8 2 10 2
left_child=1 3 -2 -1 6 8 -3 12 -6 -5 -8 -12 -7 -11
right_child=2 4 -4 9 5 7 10 -9 -10 13 11 -13 -14 -15
leaf_value=-0.00022247452166588956 -0.010937777052924222 0.0072825051199088631 -0.022633062570497783 -0.0010355314215616976 0.00093817864959152208 0.00010960388741365852 -0.00046226126533714147 -0.0036426340373944058 -0.0049812007367907238 -0.0033234018670885344 0.0039523303264935809 0.0012583721738739194 0.0071293830832371416 -0.0089130761129063395
leaf_weight=1627.433754645288 1028.2027206216007 709.53170385025442 474.91722652781755 752.54308891296387 615.69299548305571 346.31675745546818 997.15647494420409 187.56411383859813 725.50476023368537 773.89698132313788 5689.6688768938184 2293.5714683551341 687.34395855292678 655.77482539229095
leaf_count=25420 47271 6440 34653 18949 5157 3015 9745 1934 7348 19182 43758 28774 5914 16476
internal_value=-4.47626e-05 0.00135048 -0.0148201 -0.00255205 0.00256554 0.000470281 0.00311803 0.00348562 -0.00228352 -0.00427601 0.00277741 0.00318217 0.00481269 -0.00595325
internal_weight=17565.1 16062 1503.12 3809.65 12252.4 2562.42 9689.93 1221.22 1341.2 2182.21 8980.4 7983.24 1033.66 1429.67
internal_count=274036 192112 81924 80027 112085 23368 88717 10863 12505 54607 82277 72532 8929 35658
is_linear=0
shrinkage=0.03


Tree=67
num_leaves=15
num_cat=0
split_feature=152 144 151 151 151 153 48 27 104 83 102 136 82 109
split_gain=385.239 81.6653 44.1793 16.5982 14.9503 16.0767 13.1434 13.036 13.246 12.1838 12.3728 11.83 15.2801 11.5772
threshold=0.01240987691140401 0.049658635186547062 5.1038219627132824 3.1245627302238765 1.3986406674150766 0.5972509909368876 15.932876628557372 0.2245689655172414 0.54356060606060608 0.42500000000200094 0.83974358974358987 0.10040650406504066 -1.2499999999981808 -1.9333333333333331
decision_type=2 2 2 2 2 2 8 2 2 8 10 2 10 10
left_child=2 3 9 13 6 -6 11 -5 -9 10 -1 12 -3 -2
right_child=1 4 -4 7 5 -7 -8 8 -10 -11 -12 -13 -14 -15
leaf_value=-0.0092322205945724895 -0.0038011404414113156 -0.0042450575262118328 -0.022455957554374208 -0.0010099867099839812 0.0015463159833969925 0.010581494311854732 0.003186378232039665 -0.0031407838640116511 -0.0089600873422090426 -0.014681965488378497 0.00376045815273753 0.017283262426084002 0.0080967834601983341 0.0015389874168264081
leaf_weight=468.95765010640025 528.9626177996397 100.34937635809183 464.57807457726449 766.00660277344286 8095.8408603277057 166.78731114044785 3339.6804268285632 787.27288871444762 661.80174453184009 437.66473181731999 68.026391969993711 90.027350336313248 482.82722725719213 1098.1601600050926
leaf_count=21568 8162 671 34653 19476 82950 1727 22966 19767 16898 20927 3182 587 3244 17258
internal_value=-4.48077e-05 0.0012883 -0.0148334 -0.00252186 0.00248249 0.00174754 0.00398364 -0.00420288 -0.00586307 -0.0109148 -0.00752882 0.00778308 0.00591988 -0.000215903
internal_weight=17556.9 16117.7 1439.23 3842.2 12275.5 8262.63 4012.88 2215.08 1449.07 974.649 536.984 673.204 583.177 1627.12
internal_count=274036 193706 80330 81561 112145 84677 27468 56141 36665 45677 24750 4502 3915 25420
is_linear=0
shrinkage=0.03


Tree=68
num_leaves=15
num_cat=0
split_feature=152 152 152 154 154 54 118 30 24 152 115 117 102 57
split_gain=367.931 77.0969 43.3435 17.5115 13.9745 16.2315 13.7035 13.6053 16.3651 14.3525 13.3125 11.8999 13.3951 13.1781
threshold=0.01240987691140401 0.042678452167369506 0.0041745393042925327 1.7271110081475349 1.9810261925759773 0.93541666666666679 0.097857087327876513 0.07043650793650795 9.2264957264957275 0.13656856474610526 -0.11318643504159807 0.25640156716057005 0.46291208791208799 0.28101432880839644
decision_type=2 2 2 2 2 10 10 2 8 2 10 10 8 10
left_child=2 4 -1 6 5 -2 11 8 -5 -9 -4 12 13 -3
right_child=1 3 10 7 -6 -7 -8 9 -10 -11 -12 -13 -14 -15
leaf_value=-0.023437410884015481 -0.0013775809977912292 0.0094106687198830096 -0.01580957602701694 0.0043975972629265673 -0.0046066312744691661 0.012731520483125595 -0.008590151465599126 -2.3740133682769881e-05 -0.0084897911608065174 0.0024435533502319725 -0.0083613777656228617 -0.0038134588900677951 0.0028291047520583525 0.0017614199733452429
leaf_weight=369.17271563131362 1293.4026910439134 901.87218705192208 376.22215586062521 2094.8524184450507 1839.7609757427126 62.773744756355882 55.266797713935375 4221.4466706737876 79.040374737232924 4250.8965757861733 673.81875232234597 119.1220557205379 940.98712199926376 270.44247770681977
leaf_count=28215 29039 6588 19480 19822 43537 1458 408 49751 835 31954 32635 818 7531 1965
internal_value=-4.44684e-05 0.00124916 -0.0146063 0.00228003 -0.00291393 -0.000592376 0.00465572 0.0017637 0.00387406 0.00121633 -0.0112151 0.00503878 0.00556112 0.0076906
internal_weight=17549.1 16129.9 1419.21 12933.9 3195.94 1356.18 2287.69 10646.2 2173.89 8472.34 1050.04 2232.42 2113.3 1172.31
internal_count=274036 193706 80330 119672 74034 30497 17310 102362 20657 81705 52115 16902 16084 8553
is_linear=0
shrinkage=0.03


Tree=69
num_leaves=15
num_cat=0
split_feature=152 144 152 152 104 23 56 35 83 154 114 54 32 153
split_gain=351.386 72.7294 42.9301 15.1 14.7001 23.0638 14.1286 13.4323 13.4272 12.458 13.3506 12.1109 11.8842 11.2473
threshold=0.01240987691140401 0.049658635186547062 0.0041745393042925327 0.036065169011250925 0.83854166666666685 0.29568645640074215 0.076923076923076969 91.500000000000014 0.42500000000200094 1.5018818343491704 0.099449539431151396 0.19375000000000003 5.8786764705882364 0.21366806211709052
decision_type=2 2 2 2 2 2 8 10 8 2 8 10 10 2
left_child=2 3 -1 -2 7 -6 -7 9 -4 10 11 -3 -9 -8
right_child=1 4 8 -5 5 6 13 12 -10 -11 -12 -13 -14 -15
leaf_value=-0.02327405494029474 -0.0039405426712817281 0.001335540017354994 -0.0075632842418216313 -0.00010460023809774979 -0.0019597868375214275 0.00012617842983046398 -0.0039266574574153791 -0.0027037908465849803 -0.014799089650523322 0.0028833174214791977 0.0017653065290743251 0.014374347180769359 0.007035475884834011 0.0088109752369298373
leaf_weight=360.84252404142171 2278.5890529919416 89.108851755037904 568.3968321532011 1547.603156991303 1565.2024356536567 487.18743411824107 63.171148180961609 621.01301340572536 470.61735221277922 8428.4519492741674 234.64656590856612 248.22582421824336 122.288096614182 456.01870017498732
leaf_count=28215 57609 675 27777 23952 14981 4188 590 6141 24338 76137 2222 2242 1356 3613
internal_value=-4.46208e-05 0.00121085 -0.0143806 -0.00239546 0.00233283 0.000313034 0.00382478 0.0028646 -0.0110047 0.00318438 0.0074337 0.0111336 -0.00099401 0.00719441
internal_weight=17541.4 16141.5 1399.86 3826.19 12315.3 2571.58 1006.38 9743.73 1039.01 9000.43 571.981 337.335 743.301 519.19
internal_count=274036 193706 80330 81561 112145 23372 8391 88773 52115 81276 5139 2917 7497 4203
is_linear=0
shrinkage=0.03


Tree=70
num_leaves=15
num_cat=0
split_feature=152 152 152 152 83 154 54 35 104 52 135 63 15 154
split_gain=335.541 68.7067 42.4993 15.9604 13.0865 12.9778 15.319 12.5951 12.6642 13.8006 15.3175 13.2586 11.9956 13.4844
threshold=0.01240987691140401 0.042678452167369506 0.0041745393042925327 0.1185369858508937 0.42500000000200094 1.9810261925759773 0.93541666666666679 91.500000000000014 0.89087301587301593 0.81534090909090928 19.500000000000004 6.416666666666667 0.66145833333333226 2.2369659225247518
decision_type=2 2 2 2 8 2 10 10 2 10 2 8 2 2
left_child=2 5 -1 7 -4 6 -2 8 9 10 12 -10 -3 -14
right_child=1 3 4 -5 -6 -7 -8 -9 11 -11 -12 -13 13 -15
leaf_value=-0.023108720303201657 -0.0013000287458898949 0.0016371577121870793 -0.0073949536214515527 0.0030247334239301336 -0.014570853896637787 -0.0044077014606810671 0.012354427415932626 -0.0031370722605016631 0.00067133201627726758 -0.0027978191899239164 -0.0081611341424271903 -0.0095857800873724117 0.0068274685965074603 -0.00097366727796341075
leaf_weight=352.75149700976908 1290.1598072163761 2483.0509591028094 564.29954552371055 7613.148577593267 463.98558525089175 1826.8413506150246 63.414197186008096 606.28201541304588 293.77587946504354 483.07417523488402 103.07993024215102 167.93071125075221 977.14302268996835 245.26220016926527
leaf_count=28215 29039 29019 27777 56448 24338 43537 1458 7709 3555 5703 1240 2169 10819 3010
internal_value=-4.42675e-05 0.00117419 -0.0141554 0.00214285 -0.0107958 -0.00276843 -0.000531928 0.000885216 0.00140651 0.00191634 0.00252291 -0.00324359 0.00285183 0.00526943
internal_weight=17534.2 16153.2 1381.04 12972.7 1028.29 3180.42 1353.57 5359.6 4753.32 4291.61 3808.54 461.707 3705.46 1222.41
internal_count=274036 193706 80330 119672 52115 74034 30497 63224 55515 49791 44088 5724 42848 13829
is_linear=0
shrinkage=0.03


Tree=71
num_leaves=15
num_cat=0
split_feature=152 151 151 152 154 28 106 105 33 119 124 101 87 148
split_gain=320.328 64.6661 42.6166 17.2218 14.0419 14.262 15.175 13.4997 17.149 13.7084 12.9164 11.3093 13.8231 11.907
threshold=0.01240987691140401 3.0228579809699494 5.1038219627132824 0.096645139476576908 1.9810261925759773 7.1455026455026465 0.28869047619047622 0.0017415073215456339 3.5000000000000004 0.027701465201468659 -1.2499999999999998 0.031736303843741667 0.93095695970805548 -0.62916211305529623
decision_type=2 2 2 2 2 10 2 2 2 10 8 10 10 8
left_child=2 3 -1 -2 5 -3 -7 10 -9 -10 -5 12 -12 -13
right_child=1 4 -4 7 -6 6 -8 8 9 -11 11 13 -14 -15
leaf_value=-0.010068225915019774 0.00045290002335190304 -0.0021349166965224597 -0.02175535792018202 -0.0029930995382151109 -0.0048209237696441509 -0.0031958090962865976 0.011819510151659624 -0.00065704041709864144 0.0048779129285108679 6.0953614932117803e-05 0.0028463439235762913 -0.00084591888953614264 -0.0082060284575457918 0.0058504158447295297
leaf_weight=935.31959974579513 4347.757574249059 964.99584431760013 427.43744681309909 227.55133812874556 1602.9307751599699 91.926052505150437 137.23620657809079 1851.6833025589585 1512.8076407238841 816.14942635595798 1530.1426061019301 257.92564691603184 94.666061766445637 2728.5114878714085
leaf_count=45677 56439 22469 34653 1823 39721 2232 3268 14651 12024 6530 11857 2043 757 19892
internal_value=-4.4659e-05 0.00113788 -0.0139309 0.00200599 -0.00299937 -0.000524801 0.00596997 0.00275265 0.001496 0.00320107 0.00383039 0.00417572 0.00213323 0.00527075
internal_weight=17527 16164.3 1362.76 13367.2 2797.09 1194.16 229.162 9019.44 4180.64 2328.96 4838.8 4611.25 1624.81 2986.44
internal_count=274036 193706 80330 126016 67690 27969 5500 69577 33205 18554 36372 34549 12614 21935
is_linear=0
shrinkage=0.03


Tree=72
num_leaves=15
num_cat=0
split_feature=152 152 151 154 58 10 152 154 34 104 111 104 20 17
split_gain=305.633 60.9166 42.0731 15.5684 12.8358 12.6396 12.4952 11.9995 11.9563 11.9043 11.8041 11.4338 19.6902 14.3931
threshold=0.01240987691140401 0.045622487434631244 5.1038219627132824 1.7271110081475349 0.70294117647058829 417.00000000000006 0.46570839807042735 2.2184820653350124 0.27113095238095242 0.51388888888888895 -0.25526429970104797 0.83854166666666685 3.6381818181818186 5.5000000000000009
decision_type=2 2 2 2 10 2 2 2 2 2 10 2 8 2
left_child=2 7 10 6 5 -5 8 -2 -3 -9 -1 -7 -13 -14
right_child=1 3 -4 4 -6 11 -8 9 -10 -11 -12 12 13 -15
leaf_value=-0.01478011817619408 -0.0014905456998369293 0.0036342157896817233 -0.021568929267626272 -0.005534432464837041 -0.0021321170858354735 0.0025453749266062188 -0.0015425367391881503 -0.0017892712300078188 0.0088743516729837945 -0.0094137241534774339 -0.0072230264370211506 0.0034832985242767276 -0.0061678698238633702 0.00054344664691585633
leaf_weight=299.82204082049429 2686.3833378739655 1433.3688715361059 418.46385006513447 189.65574907511473 770.06055933609605 7567.2084243819118 281.05866859853268 363.64435531012714 549.55673147365451 377.6659116204828 626.52776014152914 819.26078533753753 520.38416520506144 616.60101872682571
leaf_count=15386 60918 11031 34653 1904 8598 69859 1831 8564 3849 8893 30291 7034 5297 5928
internal_value=-4.44561e-05 0.00110296 -0.013705 0.00205743 0.001566 0.00186202 0.00430766 -0.00244009 0.00514221 -0.00578327 -0.00986549 0.00201779 -2.68658e-05 -0.00256856
internal_weight=17519.7 16174.8 1344.81 12747.2 10483.2 9713.11 2263.98 3427.69 1982.93 741.31 926.35 9523.45 1956.25 1136.99
internal_count=274036 193706 80330 115331 98620 90022 16711 78375 14880 17457 45677 88118 18259 11225
is_linear=0
shrinkage=0.03


Tree=73
num_leaves=15
num_cat=0
split_feature=152 144 152 154 10 109 152 111 54 103 58 152 56 137
split_gain=291.684 58.022 41.4237 13.2604 13.2378 13.1432 16.088 12.9186 12.2453 14.2692 12.7517 11.8933 11.664 11.2551
threshold=0.01240987691140401 0.049658635186547062 0.0041745393042925327 1.3772626059130288 417.00000000000006 -3.1039351851851849 0.02438220837967572 -0.25526429970104797 0.64495798319327746 -0.48139382886355214 0.13809523809523813 0.13656856474610526 0.56696428571428592 473.50000000000006
decision_type=2 2 2 2 2 8 2 10 8 10 10 2 10 2
left_child=2 5 -1 -3 -5 -2 13 -4 9 10 -8 12 -6 -7
right_child=1 3 7 4 11 6 8 -9 -10 -11 -12 -13 -14 -15
leaf_value=-0.022619071750588259 -0.0097965644233968183 0.0082074801450419971 -0.015036848876940446 -0.0051589511131844932 0.0012502301640877525 -0.0060068769260817534 -0.0042551549798905634 -0.0074638738568922362 -0.003127960113422922 0.00012169036893647453 0.012010690117667434 0.0029093564446256068 -0.0066303862706968706 0.0006109505323643867
leaf_weight=330.61655607353896 178.75610439106822 294.61223550699651 330.76408369466662 220.4626110997051 5255.5840084664524 968.45224858820438 48.681021828204393 666.18227787781507 848.69878790900111 1289.6759669259191 164.53614410758018 6457.1588001698256 159.88942354544997 299.01420821808279
leaf_count=28215 3176 2668 18265 2196 59149 27854 848 33850 15446 22832 2819 46407 1725 8586
internal_value=-4.48513e-05 0.00106878 -0.0134824 0.00206294 0.00190327 -0.00216933 -0.00175371 -0.0101621 -0.000277812 0.0013467 0.00826134 0.00204075 0.000999887 -0.00445675
internal_weight=17513.1 16185.5 1327.56 12387.7 12093.1 3797.81 3619.06 996.946 2351.59 1502.89 213.217 11872.6 5415.47 1267.47
internal_count=274036 193706 80330 112145 109477 81561 78385 52115 41945 26499 3667 107281 60874 36440
is_linear=0
shrinkage=0.03


Tree=74
num_leaves=15
num_cat=0
split_feature=151 151 152 152 115 28 104 105 33 119 118 124 102 15
split_gain=278.621 57.9149 38.4944 17.9055 16.0193 13.843 16.334 12.3567 15.8262 12.8128 12.3317 12.034 11.2649 11.3646
threshold=4.2054383316843014 3.1925297413228297 0.0041745393042925327 0.096645139476576908 -0.11318643504159807 6.4749373433583974 0.83854166666666685 0.0017415073215456339 3.5000000000000004 0.027701465201468659 -0.0054531415935495401 -1.2499999999999998 0.06458333333333334 0.68990384615384681
decision_type=2 2 2 2 10 10 2 2 2 10 10 8 8 2
left_child=1 3 -2 12 -4 6 -3 11 -9 -10 -7 -5 -1 -14
right_child=2 5 4 7 -6 10 -8 8 9 -11 -12 -13 13 -15
leaf_value=-0.008734669323670053 -0.022446149954151406 -0.0036600833765183024 -0.015431640697862082 -0.0030315156192436527 -0.0069586704044723464 0.0050206375196231705 -0.012338056291248482 -0.00074691047799091978 0.0045667578560759136 -7.7753043318360156e-05 -0.0030695352382080947 0.0038791009988890651 -0.00047407526404615161 0.0026612076673993654
leaf_weight=106.87777488678694 323.39377636928111 1350.5442334637046 334.15312835853547 227.76307567954063 596.21994815487415 265.82958053611219 219.45484405197203 1855.3840895295143 1522.5529459863901 818.73201504349709 413.04377531260252 4638.8805019557476 3339.4868055284023 1494.1654593348503
leaf_count=1485 28215 35200 18895 1823 30834 7207 6030 14651 12024 6530 10970 34549 45696 19927
internal_value=-4.52875e-05 0.0010108 -0.0135856 0.00172897 -0.0101984 -0.00344307 -0.00497838 0.00251993 0.00132009 0.00295245 0.000138423 0.00354736 0.000274716 0.000500329
internal_weight=17506.5 16252.7 1253.77 14003.8 930.373 2248.87 1570 9063.31 4196.67 2341.28 678.873 4866.64 4940.53 4833.65
internal_count=274036 196092 77944 136685 49729 59407 41230 69577 33205 18554 18177 36372 67108 65623
is_linear=0
shrinkage=0.03


Tree=75
num_leaves=15
num_cat=0
split_feature=152 151 152 154 152 117 153 10 26 134 24 24 111 130
split_gain=266.203 61.8799 31.6052 16.8421 16.7681 12.7631 12.4656 11.1228 10.9733 11.9358 13.7385 11.9207 11.5418 12.9122
threshold=0.010534141652292868 3.1925297413228297 0.0041745393042925327 1.3772626059130288 0.096645139476576908 -0.13741106210606327 0.39096017660132915 417.00000000000006 0.072004608294930897 0.094665758710702555 4.3397435897435903 9.2264957264957275 0.14960233173110285 0.078191056910569115
decision_type=2 2 2 2 2 10 2 2 2 2 10 8 8 2
left_child=2 3 -1 -2 -5 -4 -3 -6 9 11 -11 -9 -10 -14
right_child=1 6 5 4 7 -7 -8 8 12 10 -12 -13 13 -15
leaf_value=-0.022271328264019289 0.0089852507785081956 -0.0048367255829981099 -0.016545892706610586 0.00010470273845207843 -0.0056996570735651586 -0.0077805885255350111 5.3506506202353261e-05 0.0035765284766934293 -0.00054506307454764002 0.01495386083751237 0.00029431617567953172 -0.0043217554688803391 0.0070100182521408531 0.001732139086466949
leaf_weight=316.37851902656257 263.6517030633986 1748.6231971383095 231.96013629436493 4848.1828045547009 140.19718773663044 544.12592599354684 638.707275968045 3365.3778220489621 1650.9836251661181 153.79585590958595 88.218657672405243 168.89224430173635 477.53345564752817 2863.5112189948559
leaf_count=28215 1950 48789 13780 66208 1127 29628 16939 25237 13596 1051 661 1383 3766 21706
internal_value=-4.58553e-05 0.000914198 -0.0142819 0.00167497 0.00152523 -0.0106645 -0.00353623 0.00229683 0.00243421 0.00365306 0.00993924 0.00318242 0.001504 0.00251446
internal_weight=17500.1 16407.7 1092.46 14020.3 13756.7 776.086 2387.33 8908.51 8768.31 3776.28 242.015 3534.27 4992.03 3341.04
internal_count=274036 202413 71623 136685 134735 43408 65728 68527 67400 28332 1712 26620 39068 25472
is_linear=0
shrinkage=0.03


Tree=76
num_leaves=15
num_cat=0
split_feature=152 151 152 154 115 52 111 105 154 151 24 28 104 83
split_gain=254.387 58.329 31.2518 15.9506 14.2257 12.7519 12.9637 13.2422 12.5641 12.9471 13.5495 11.7177 14.2386 10.4632
threshold=0.010534141652292868 3.1925297413228297 0.0041745393042925327 2.0826384122702293 -0.11318643504159807 0.12132352941176472 -0.14219042853127398 -0.029624331125743527 1.3772626059130288 2.2137389487888997 1.966666666666667 6.4749373433583974 0.83854166666666685 0.55000000000000582
decision_type=2 2 2 2 10 8 8 2 2 2 10 10 2 10
left_child=2 3 -1 8 -4 -5 -7 -8 -2 10 -10 12 -3 -9
right_child=1 11 4 5 -6 6 7 13 9 -11 -12 -13 -14 -15
leaf_value=-0.022094622791888056 0.0086818158707652349 -0.0036365295020254046 -0.015805126167817783 -0.004127353905604589 -0.0070063930807944307 -0.0065904665930458265 -0.007307448967539593 0.0011261480278097987 0.00021566493468008543 0.0003250795527931558 0.0036716454299570277 -0.00025997461964674966 -0.011594514071886757 0.0083835524811404528
leaf_weight=309.56489468924701 265.18103037402034 1424.2138663642108 280.73718146886677 507.39633363112807 487.62386285420507 189.45827212557197 146.8983731418848 4294.2500138133764 1300.1615298464894 2386.7630956806242 4773.5017001256347 727.47384357079864 227.8974032625556 172.16473460569978
leaf_count=28215 1950 38805 16900 5563 26508 2654 1790 46198 9670 32189 34604 20382 6541 2067
internal_value=-4.54679e-05 0.000886823 -0.0140603 0.00162367 -0.0104623 0.000325869 0.000807722 0.00113192 0.00241157 0.00220002 0.00293419 -0.00344237 -0.00482872 0.00143302
internal_weight=17493.3 16415.4 1077.93 14035.8 768.361 5310.17 4802.77 4613.31 8725.61 8460.43 6073.66 2379.59 1652.11 4466.41
internal_count=274036 202413 71623 136685 43408 58272 52709 50055 78413 76463 44274 65728 45346 48265
is_linear=0
shrinkage=0.03


Tree=77
num_leaves=15
num_cat=0
split_feature=151 151 115 152 155 28 118 105 33 13 119 82 63 30
split_gain=243.5 66.3709 24.6556 16.8297 11.5166 14.9568 18.9493 11.3917 14.7768 12.5352 12.1441 11.593 12.1882 11.906
threshold=4.5136028423406058 3.2939815763060616 -0.11318643504159807 0.096645139476576908 0.20046101029984034 7.9782608695652177 -0.012893434125854376 0.0017415073215456339 3.5000000000000004 0.080128205128205135 0.027701465201468659 -0.18333333333328025 3.5833333333333335 0.10660173160173161
decision_type=2 2 10 2 2 10 10 2 2 2 10 8 10 2
left_child=1 3 -2 -1 -3 -6 -7 -5 -9 -10 11 -11 -13 -14
right_child=2 4 -4 7 5 6 -8 8 9 10 -12 12 13 -15
leaf_value=0.00016274205850052315 -0.021153055734697297 -0.0056137170406876059 -0.010298122340501785 0.0032787645754950652 -0.0030517838219907751 0.02129441019506282 -0.00017100564866455944 -0.00084934965777644941 -0.0071791115024442357 0.0069896875718892196 0.00017966225415437729 -0.0026797253900632642 0.0091495760787684479 -0.0035825479781198405
leaf_weight=5247.8671421408653 390.47494295425713 1426.2396797258407 459.49691784288734 4893.2429548874497 705.24498446471989 40.247221190482378 111.43209589459002 1859.6896876394749 96.245130874216557 863.54452126473188 790.68204362690449 300.4151324853301 219.47719686478376 82.638000972568989
leaf_count=73398 30490 43572 31650 36372 20717 1235 3397 14651 802 6556 6274 2400 1825 697
internal_value=-4.58785e-05 0.000760301 -0.0155652 0.00151679 -0.00397444 -0.00119643 0.00692849 0.00229559 0.001146 0.00271841 0.00318513 0.00478781 0.00153895 0.00566221
internal_weight=17486.9 16637 849.972 14353.8 2283.16 856.924 151.679 9105.93 4212.69 2353 2256.76 1466.07 602.53 302.115
internal_count=274036 211896 62140 142975 68921 25349 4632 69577 33205 18554 17752 11478 4922 2522
is_linear=0
shrinkage=0.03


Tree=78
num_leaves=15
num_cat=0
split_feature=152 152 152 115 152 104 28 108 117 23 19 107 10 155
split_gain=232.515 51.5559 31.03 13.7097 13.1361 11.5686 12.5345 11.4732 16.4988 12.2273 11.7174 11.4601 13.1113 11.0305
threshold=0.010534141652292868 0.034835010130559833 0.0041745393042925327 -0.14129672163477378 0.11064625738982067 0.85912698412698429 6.9857142857142867 0.14495798319327732 0.077813225577991349 0.21170143415906131 0.19669913419913423 -0.011003227009909492 417.00000000000006 0.21003332469204467
decision_type=2 2 2 10 2 2 10 8 10 2 2 2 2 2
left_child=2 5 -1 -4 7 13 -7 -3 9 10 -9 -6 -13 -2
right_child=1 4 3 -5 11 6 -8 8 -10 -11 -12 12 -14 -15
leaf_value=-0.021779402388588907 -0.0037680282027675593 -0.0038277849582195461 -0.016031677589176289 -0.0069883640183428944 -0.0011353977165100544 -0.011797513755632595 0.0031784437842762399 0.00035588232485651589 0.0039911816073220658 -0.00087760086914271838 0.0077319003095805694 -0.0068808507805637577 0.0028522967096862198 0.00062567784723522983
leaf_weight=298.05396649148315 1539.5347870625556 499.05038214102387 231.88901610951871 520.55851507931948 770.36874443292618 219.37101866491139 57.06158933788538 500.27556646987796 1164.0515116639435 3205.5981127135456 303.03574794530869 112.90360622107983 7295.9318008124828 762.76074933633208
leaf_count=28215 42240 6078 14457 28951 6139 6225 1614 6601 14431 40811 3956 875 53754 19689
internal_value=-4.51785e-05 0.000834812 -0.0136263 -0.0100342 0.00156029 -0.00304845 -0.00870167 0.000449117 0.000871596 -4.57271e-05 0.00322909 0.00232862 0.00269037 -0.00231775
internal_weight=17480.4 16429.9 1050.5 752.448 13851.2 2578.73 276.433 5672.01 5172.96 4008.91 803.311 8179.2 7408.84 2302.3
internal_count=274036 202413 71623 43408 132645 69768 7839 71877 65799 51368 10557 60768 54629 61929
is_linear=0
shrinkage=0.03


Tree=79
num_leaves=15
num_cat=1
split_feature=151 151 115 154 153 84 138 13 0 118 154 151 24 15
split_gain=223.335 59.1898 24.349 15.4543 13.2319 13.0565 12.5363 14.0193 13.7422 11.9247 11.148 10.846 11.6477 11.3969
threshold=4.5136028423406058 3.2939815763060616 -0.11318643504159807 2.0730561743158904 0.33115956764440213 0.55191851360228605 0.06142377665899821 0.32291666666666669 0 -0.0044134024205429055 1.3772626059130288 2.2565274485401434 1.966666666666667 0.37980769230769346
decision_type=2 2 10 2 2 10 2 2 1 10 2 2 10 2
left_child=1 3 -2 10 -3 -5 9 -8 -9 -6 -1 12 -12 -13
right_child=2 4 -4 5 6 -7 7 8 -10 -11 11 13 -14 -15
leaf_value=0.0080360283546690274 -0.020792848444669578 -0.005648048075479738 -0.0098813590763196721 0.00075063315007070153 0.015315837735771875 -0.0035779175978499283 -0.0086583219931504699 -0.0066150246581113022 0.0030669530948656629 -0.0015420298091466317 0.00017064853882238612 -0.0016191164031479444 0.0033721100052270807 0.0025245308652038418
leaf_weight=273.38669859617949 375.90031710453331 1349.7276268713176 450.09284615609795 4960.8125722594559 61.567717352882028 702.66211386397481 216.33154927566648 165.49526674486697 404.24753496982157 69.625145226716995 1303.137042850256 1280.1208680868149 4767.4302828609943 1094.1494032219052
leaf_count=2052 30490 41573 31650 54242 1885 9029 6473 4907 12011 2072 9708 18202 34557 15185
internal_value=-4.55359e-05 0.000715764 -0.0151294 0.0014267 -0.00377408 0.000205561 -0.000970095 -0.00242998 9.63692e-05 0.00712897 0.00221825 0.00201599 0.00268698 0.000294287
internal_weight=17474.7 16648.7 825.993 14381.7 2266.99 5663.47 917.267 786.074 569.743 131.193 8718.22 8444.84 6070.57 2374.27
internal_count=274036 211896 62140 142975 68921 63271 27348 23391 16918 3957 79704 77652 44265 33387
cat_boundaries=0 1
cat_threshold=833
is_linear=0
shrinkage=0.03


Tree=80
num_leaves=15
num_cat=1
split_feature=151 151 115 154 151 153 105 24 117 105 152 138 13 0
split_gain=213.557 55.8284 24.0747 14.7512 13.9927 12.6094 12.0728 19.4181 15.5961 12.9568 11.6037 11.473 14.0739 13.6591
threshold=4.5136028423406058 3.2939815763060616 -0.14129672163477378 1.7271110081475349 5.480430546593821 0.32730644829256944 0.0018998180121630392 7.0102040816326534 -0.02740588701547202 -0.029624331125743527 0.46570839807042735 0.060257237386269653 0.32291666666666669 0
decision_type=2 2 10 2 2 2 2 8 8 2 2 2 2 1
left_child=1 3 -2 10 -4 -3 9 -8 -9 -5 -1 -7 -13 -14
right_child=2 5 4 6 -6 11 7 8 -10 -11 -12 12 13 -15
leaf_value=0.0041746018976018219 -0.021405478339540686 -0.0056340137529344789 -0.0073945212551754314 -0.0044436062410258834 -0.020327536165300992 0.007074611621069626 0.00056176745368465811 0.0024072697162110636 -0.0076330476862043707 0.0020563212466656114 -0.002158061716012977 -0.0082767957898870204 -0.0063100659173944557 0.0029148944555045151
leaf_weight=2249.5264248922467 316.1533055594191 1271.608179371804 407.40481308382004 274.65262317657471 90.610062288120389 119.63001299835742 4522.4301136136055 184.91857825964689 483.3816659078002 6395.3293350413442 284.93115362524986 240.12849930673838 183.75778691656888 444.00233945250511
leaf_count=18654 26238 39375 27074 3443 8828 3608 45338 2559 5895 65255 1831 7253 5497 13188
internal_value=-4.51869e-05 0.000694015 -0.014905 0.00138284 -0.0102731 -0.00367532 0.000936421 -0.000148669 -0.00486304 0.0017793 0.00345416 -0.00110659 -0.00233532 7.75047e-05
internal_weight=17468.5 16654.3 814.168 14395.2 498.015 2259.13 11860.7 5190.73 668.3 6669.98 2534.46 987.519 867.889 627.76
internal_count=274036 211896 62140 142975 35902 68921 122490 53792 8454 68698 20485 29546 25938 18685
cat_boundaries=0 1
cat_threshold=833
is_linear=0
shrinkage=0.03


Tree=81
num_leaves=15
num_cat=0
split_feature=151 151 115 151 154 151 122 112 150 104 28 48 145 105
split_gain=204.372 52.794 23.7561 13.7885 13.7281 13.1501 12.5318 11.0436 11.7264 10.6867 10.5318 10.4143 12.2072 10.2681
threshold=4.5136028423406058 3.1925297413228297 -0.14129672163477378 5.480430546593821 1.3772626059130288 1.3986406674150766 0.11018678657903841 -0.15897435897435722 0.48637106357694598 0.85912698412698429 6.9857142857142867 15.932876628557372 0.13809523809523813 -0.029624331125743527
decision_type=2 2 10 2 2 2 2 8 10 2 10 8 2 2
left_child=1 4 -2 -4 -1 11 7 8 -7 -3 -11 12 -6 -8
right_child=2 9 3 -5 5 6 13 -9 -10 10 -12 -13 -14 -15
leaf_value=0.0079267156360811157 -0.021216905476987093 -0.0025827077112831318 -0.0072310559162210627 -0.02015030489756537 0.0035766478158461342 -0.0085332556943606402 -0.0050632919964893712 -0.00046555938548130198 0.0075575626158784492 -0.01174771022022158 0.0021292521812654565 0.0019991919498679794 0.012888688787217795 0.001319898759227333
leaf_weight=269.00847038626671 309.62674711458385 2285.8302704691887 404.49986121896654 88.823852263391018 505.90993355214596 290.68352384865284 218.92605866491795 1300.0204248949885 35.220120474696159 210.57785274647176 57.668844809755683 3332.7488012388349 163.53463418781757 7990.652349203825
leaf_count=1950 26238 66940 27074 8828 3351 3288 2687 14332 417 6514 1757 22462 1020 87178
internal_value=-4.5853e-05 0.00067233 -0.0146868 -0.0100832 0.00139143 0.00125593 0.000664033 -0.00173144 -0.00653831 -0.00328432 -0.00880961 0.00270263 0.00608404 0.00114075
internal_weight=17463.7 16660.8 802.95 493.324 14106.7 13837.7 9835.5 1625.92 325.904 2554.08 268.247 4002.19 669.445 8209.58
internal_count=274036 211896 62140 35902 136685 134735 107902 18037 3705 75211 8271 26833 4371 89865
is_linear=0
shrinkage=0.03


Tree=82
num_leaves=15
num_cat=0
split_feature=152 152 115 154 34 63 115 104 87 100 12 100 52 104
split_gain=195.247 56.0178 17.1645 14.1475 14.7807 13.3952 13.3006 12.8928 16.9752 13.5772 13.0464 12.7926 12.5585 11.8647
threshold=0.0077983361164995187 0.030340511369926781 -0.14129672163477378 2.1841343131136015 0.36228448275862074 2.8333333333333335 0.17786537060104216 0.83854166666666685 0.86675380175681027 0.31009615384615391 10.500000000000002 0.62916666666666676 0.11437908496732027 0.90312500000000007
decision_type=2 2 10 2 2 8 10 2 10 8 2 10 8 2
left_child=2 13 -1 7 5 6 -5 -3 9 -9 -11 -10 -13 -2
right_child=1 3 -4 4 -6 -7 -8 8 11 10 -12 12 -14 -15
leaf_value=-0.021669825692789014 -0.0029655206243878749 0.0023303200627563677 -0.011077977389441371 -0.0069355749864727463 0.0069930968901886631 3.6367746463946454e-05 0.0042041384727436 0.0062010945081191274 0.012637878530596825 0.0025821586831057267 -0.0057720009506576865 -0.0071712677075774613 0.002669214952155859 -0.010826607314465782
leaf_weight=269.03263070899993 2260.2714024465531 8892.0034918263555 407.38401970267296 497.38051182031631 211.23723176494241 2477.0416441448033 108.15380070731044 119.02934897318482 85.582365404814482 204.21502218395472 776.31151812523603 120.19302365928888 854.71499811112881 175.65593868121505
leaf_count=24400 70472 83587 32073 5040 2174 29374 1057 1470 806 1691 8296 1029 6839 5728
internal_value=-4.57727e-05 0.000597394 -0.0156694 0.0013123 -0.000411981 -0.00095083 -0.00489239 0.00182605 -0.00025157 -0.00284443 -0.00401938 0.00243898 0.00136573 -0.00359518
internal_weight=17458.2 16781.8 676.417 14345.9 3293.81 3082.58 605.534 11052 2160.05 1099.56 980.527 1060.49 974.908 2435.93
internal_count=274036 217563 56473 141363 37645 35471 6097 103718 20131 11457 9987 8674 7868 76200
is_linear=0
shrinkage=0.03


Tree=83
num_leaves=15
num_cat=0
split_feature=151 151 115 152 153 15 140 53 154 154 13 28 118 152
split_gain=187.304 47.0486 23.2672 13.5377 12.0559 11.0427 14.165 19.9202 12.5221 11.5574 10.7636 12.4488 19.231 10.6459
threshold=4.5136028423406058 3.2939815763060616 -0.11318643504159807 0.096645139476576908 0.32730644829256944 0.68990384615384681 0.06682108866165222 0.30592786842801928 2.3053633128505018 1.7052298814355191 0.17914438502673799 7.9782608695652177 -0.018377015141807829 0.018178758054825953
decision_type=2 2 10 2 2 2 2 8 2 2 2 10 8 2
left_child=1 3 -2 5 13 -1 9 -8 -9 -7 -6 -12 -13 -3
right_child=2 4 -4 -5 10 6 7 8 -10 -11 11 12 -14 -15
leaf_value=-0.00087126255098503194 -0.020028717957051176 -0.0082733236346271867 -0.0091077281390256667 0.0019564156833534784 -0.0084469368869862262 0.0080095766864086374 -0.0013461347926173816 0.0086768717897225626 -0.0037302731942342317 -0.0033218017768604025 -0.0013266054405969628 0.022502393910325592 0.0005984467054187695 -0.0026818275951839667
leaf_weight=3635.7283065803349 348.08767165616155 579.90097935311496 433.57657035999 9170.1555652022362 129.82638242654502 81.262635312974453 373.01202255859971 591.04082871600986 74.782194972038269 508.09854317829013 700.39916360937059 38.998209049925208 111.26239287294447 677.11734858155251
leaf_count=51130 30490 22465 31650 69577 3960 911 5044 7971 1088 7254 20960 1192 3434 16910
internal_value=-4.54219e-05 0.000633099 -0.0142566 0.00126125 -0.00340052 4.81084e-05 0.00209026 0.00417647 0.00723187 -0.00159939 -0.00088574 0.00039461 0.00780979 -0.0053285
internal_weight=17453.2 16671.6 781.664 14434.1 2237.5 5263.92 1628.2 1038.84 665.823 589.361 980.486 850.66 150.261 1257.02
internal_count=274036 211896 62140 142975 68921 73398 22268 14103 9059 8165 29546 25586 4626 39375
is_linear=0
shrinkage=0.03


Tree=84
num_leaves=15
num_cat=1
split_feature=151 151 115 151 153 137 0 32 151 77 119 105 84 114
split_gain=179.584 50.8293 16.6313 15.1531 12.828 13.9693 11.1886 13.8366 11.1202 10.9365 11.3273 14.5118 10.8678 10.8705
threshold=4.6303503656575673 3.5010415791527305 -0.14129672163477378 2.0856528016791152 0.37894738988107363 505.50000000000006 0 7.9666666666666677 5.480430546593821 505.00000000000006 -0.022411616161586295 0.0017415073215456339 -1.567468480226347 0.13389155982905551
decision_type=2 2 10 2 2 2 1 10 2 10 8 2 8 10
left_child=1 3 -2 9 5 -3 7 -6 -4 10 12 -12 -1 -14
right_child=2 4 8 -5 6 -7 -8 -9 -10 -11 11 -13 13 -15
leaf_value=-0.0062161232893093226 -0.021320985175148445 -0.0073108421158068386 -0.0074239561661440202 -3.9666448776188468e-05 0.014009121447562578 0.00033697070209897284 -0.0023250950873011543 -0.0096001850769751283 -0.019774035990202266 -0.0058333288642451542 0.0026320820876251836 -0.00020794548592904431 0.0035915510600117288 0.011249789296614724
leaf_weight=80.089579850435257 258.47250238247216 1028.8648097105324 308.68701558280736 5959.2250637486577 75.891600571572781 269.07641132175922 412.57575593329966 17.927535336464643 85.218325966969132 147.30547571927309 3739.2078343555331 2843.8131390586495 2049.3505708351731 171.93956020474434
leaf_count=588 24422 35876 22990 87437 2511 9425 13793 615 8828 1164 27297 22131 15653 1306
internal_value=-4.47905e-05 0.000561163 -0.0153069 0.00113484 -0.00417515 -0.00573964 -0.000115468 0.00805595 -0.0107232 0.00190857 0.00204655 0.00140753 0.0038535 0.00425582
internal_weight=17447.6 16795.3 652.378 14990.9 1804.34 1297.94 506.395 93.8191 393.905 9031.71 8884.4 6583.02 2301.38 2221.29
internal_count=274036 217796 56240 155576 62220 45301 16919 3126 31818 68139 66975 49428 17547 16959
cat_boundaries=0 1
cat_threshold=130
is_linear=0
shrinkage=0.03


Tree=85
num_leaves=15
num_cat=0
split_feature=151 151 115 154 153 21 105 8 151 156 10 136 112 55
split_gain=172.059 47.9818 16.4397 14.7984 12.2011 11.9572 14.7482 11.1272 10.9663 10.0004 12.2129 11.943 10.7815 9.78135
threshold=4.6303503656575673 3.5010415791527305 -0.14129672163477378 2.1678930878040941 0.39096017660132915 1.5000000000000002 0.0032668415231732859 2.5000000000000004 5.480430546593821 -1.3796041756115249 499.00000000000006 0.11753481642249956 -0.083333333333219642 0.5873015873006201
decision_type=2 2 10 2 2 2 2 2 2 2 2 2 8 10
left_child=1 3 -2 5 -3 6 -1 -8 -4 -5 11 12 -11 -7
right_child=2 4 8 9 -6 13 7 -9 -10 10 -12 -13 -14 -15
leaf_value=0.0012620048373525451 -0.021134988372282146 -0.005571308295651143 -0.0072621146176903885 -0.0032325423095384861 -3.6892841303786983e-05 0.0028194933088481855 0.0029317990241736263 -0.0052099796727299377 -0.019594458776966486 -0.0021617720648913919 -0.0034210526079248992 0.015082364954144738 0.0023488065744471866 6.6628941623450246e-05
leaf_weight=2711.8028849959373 253.13775834720582 1304.8587817121297 306.46770862862468 910.07647009566426 492.47956253029406 6260.4614818505943 187.04489127919078 624.12592267617583 83.581676991656423 667.20555512979627 596.10498495027423 40.701235063374043 1578.2131894007325 1426.4199289120734
leaf_count=26284 24422 45775 22990 16781 16445 59431 1793 6965 8828 6676 5981 369 15524 15772
internal_value=-4.49892e-05 0.000544047 -0.0150919 0.00110007 -0.00406771 0.00164754 0.000198916 -0.00331345 -0.0105325 -0.000518343 0.000350977 0.00135042 0.00100308 0.00230978
internal_weight=17442.7 16799.5 643.187 15002.2 1797.34 11209.9 3522.97 811.171 390.049 3792.3 2882.22 2286.12 2245.42 7686.88
internal_count=274036 217796 56240 155576 62220 110245 35042 8758 31818 45331 28550 22569 22200 75203
is_linear=0
shrinkage=0.03


Tree=86
num_leaves=15
num_cat=0
split_feature=144 144 117 129 135 104 52 28 35 144 154 119 30 24
split_gain=151.368 44.2994 19.6344 14.506 15.5329 13.3936 11.5706 10.9227 10.9026 10.7326 10.4992 14.1645 10.3687 14.3394
threshold=0.024191545538525212 0.049658635186547062 -0.0062969704531496964 1.5000000000000002 20.500000000000004 0.54356060606060608 0.87083333333333346 8.6733333333333338 174.50000000000003 0.037802968217359158 1.7271110081475349 -0.10067168670110124 0.07043650793650795 9.2264957264957275
decision_type=2 2 10 2 2 2 8 10 10 2 2 8 2 8
left_child=2 3 -1 5 6 -2 -5 -7 10 -9 11 -3 13 -12
right_child=1 8 -4 4 -6 7 -8 9 -10 -11 12 -13 -14 -15
leaf_value=-0.017296635327886466 -0.0014324034739780027 0.010506275401287244 -0.0055873298965437891 0.00029823294259475258 -0.010195874967992347 -0.0090447922018094557 -0.0052563630155102892 -0.0056159579705338247 -0.0041641968425712569 0.013657300540131997 0.0035226459023616173 0.0025420670924757721 0.00058663006894340945 -0.00928606027241086
leaf_weight=461.78828113898635 579.32889903429896 207.13972061313689 203.06852659769356 2428.8024893756956 141.18664685171098 592.54584872443229 376.74293217435479 50.693277825601399 294.42419468704611 28.594679288566113 1910.2839956078678 2401.435587702319 7694.0288003580645 67.910592421889305
leaf_count=37125 16467 1847 11247 60175 4077 18459 10573 2307 2942 731 16699 21151 69557 679
internal_value=-4.50007e-05 0.000517024 -0.0139224 -0.00214645 -0.000986848 -0.00483349 -0.000471654 -0.00767095 0.00140765 0.00240174 0.00154615 0.00323094 0.00108747 0.00301635
internal_weight=17438 16773.1 664.857 4197.89 2946.73 1251.16 2805.55 671.834 12575.2 79.288 12280.8 2608.58 9672.22 1978.19
internal_count=274036 225664 48372 112789 74825 37964 70748 21497 112875 3038 109933 22998 86935 17378
is_linear=0
shrinkage=0.03


Tree=87
num_leaves=15
num_cat=1
split_feature=151 151 115 154 34 123 153 151 35 104 16 129 0 32
split_gain=159.506 43.0596 16.3425 13.6318 12.1205 11.958 11.4335 10.8712 10.8566 13.2933 13.9866 11.6269 10.515 13.1834
threshold=4.6303503656575673 3.5010415791527305 -0.14129672163477378 2.2246354074553003 0.36228448275862074 -8.6666666666666554 0.37894738988107363 5.480430546593821 104.50000000000001 0.93933823529411775 -2.0555555555555425 1.5000000000000002 0 7.9666666666666677
decision_type=2 2 10 2 2 8 2 2 10 2 2 2 1 10
left_child=1 3 -2 8 5 -5 -3 -4 9 11 -11 -1 13 -8
right_child=2 6 7 4 -6 -7 12 -9 -10 10 -12 -13 -14 -15
leaf_value=0.0005542099159885315 -0.020830359662938107 -0.0053644911565527689 -0.0069181881147881014 -0.0097483934229176759 0.0064084849101015712 -0.00092108820373699573 0.013598601028216722 -0.019292780857974836 -0.001554736502326904 0.0026964047606690407 -0.0052036568143689014 0.0026892473529551613 -0.0022006034384118084 -0.0094661731022317834
leaf_weight=3387.1219829618931 244.81418474577367 1279.4088878855109 301.84624059032649 132.03735662251711 175.62146678939462 2374.4714387729764 76.705069212242961 80.9456418287009 977.47093000635505 330.88769966736436 474.10816812515259 7169.5298908464611 410.74606641381979 17.731929795816541
leaf_count=33650 24422 45301 22990 1747 1864 28968 2511 8828 10848 3114 4381 71004 13793 615
internal_value=-4.48393e-05 0.000515593 -0.0147137 0.00104004 -0.000894542 -0.00144132 -0.00387062 -0.0101638 0.00146113 0.0017223 -0.00196647 0.00200597 -4.16964e-05 0.00784694
internal_weight=17433.4 16805.8 627.606 15021.2 2682.13 2506.51 1784.59 382.792 12339.1 11361.6 804.996 10556.7 505.183 94.437
internal_count=274036 217796 56240 155576 32579 30715 62220 31818 122997 112149 7495 104654 16919 3126
cat_boundaries=0 1
cat_threshold=130
is_linear=0
shrinkage=0.03


Tree=88
num_leaves=15
num_cat=0
split_feature=152 152 115 104 134 154 153 134 104 114 137 19 156 49
split_gain=152.667 40.1911 16.3954 13.1933 12.2437 12.3798 11.7077 10.842 10.6142 10.3644 10.1138 15.1512 14.7064 10.3104
threshold=0.0077983361164995187 0.036065169011250925 -0.14129672163477378 0.85912698412698429 0.097795542635658927 1.4693127104713464 0.39096017660132915 0.11061326658322905 0.91987179487179505 0.11540043290042377 541.50000000000011 0.25705484896661374 -2.7187029352165912 16.552344442267596
decision_type=2 2 10 2 2 2 2 2 2 8 2 2 2 10
left_child=2 3 -1 6 5 8 10 -6 9 -3 12 13 -2 -12
right_child=1 4 -4 -5 7 -7 -8 -9 -10 -11 11 -13 -14 -15
leaf_value=-0.02063825889185051 -0.0079003205128873859 0.010212656053911718 -0.0099374187185449388 -0.0084066192679312368 0.0072855891287635565 0.00080996350118696392 0.0012479012996932293 -0.0042460942282158002 -0.00569766905200345 0.00075559894529079346 0.0081015479061139033 -0.0076332249539462311 -0.0018952533562936523 -0.0063593479276973612
leaf_weight=239.80611200258136 588.26819713413715 296.07225239276886 384.26035126950592 307.9262590771541 459.08548280596733 12805.569336075336 733.16389913670719 76.617042195051908 56.170405749231577 160.73713520169258 203.91318556014448 102.73861465230584 971.56196676194668 43.722457350231707
leaf_count=24400 23217 2078 32073 9591 3754 122476 20337 616 401 1176 6276 2955 23373 1313
internal_value=-4.52032e-05 0.000501638 -0.0144373 -0.00266848 0.00117911 0.00099661 -0.00195638 0.00556558 0.0055005 0.00701483 -0.00318637 0.00137222 -0.00421366 0.00533096
internal_weight=17429.6 16805.5 624.066 2951.29 13854.3 13318.5 2643.37 535.703 512.98 456.809 1910.2 350.374 1559.83 247.636
internal_count=274036 217563 56473 87062 130501 126131 77471 4370 3655 3254 57134 10544 46590 7589
is_linear=0
shrinkage=0.03


Tree=89
num_leaves=15
num_cat=0
split_feature=151 151 115 151 108 89 84 23 59 151 137 153 117 149
split_gain=146.162 38.5645 15.9507 12.9314 14.4727 13.4171 15.3432 11.1969 11.0955 10.9185 10.8094 11.9526 10.4713 10.1522
threshold=4.6303503656575673 3.5010415791527305 -0.14129672163477378 2.0081915103761951 0.20294117647058826 0.23111187423687429 0.4695976793702008 0.21170143415906131 0.39166666666884947 5.480430546593821 473.50000000000006 0.39096017660132915 0.077813225577991349 -0.054925068029906744
decision_type=2 2 10 2 8 8 10 2 10 2 2 2 8 2
left_child=1 3 -2 -1 -5 6 7 13 -8 -4 11 -3 -9 -6
right_child=2 10 9 4 5 -7 8 12 -10 -11 -12 -13 -14 -15
leaf_value=0.0017464687011451666 -0.020450100298462618 -0.0066735325669909102 -0.0065423728696180662 -0.0035376817540326822 0.0038177503635109561 -0.0015908470681620884 -0.0088830508801521334 0.00025438369906602296 -0.00025226459178542707 -0.019017355572107687 0.00046572863653573379 -0.00028165278624405881 0.0047686303231793395 0.012671018614529737
leaf_weight=8523.8082365170121 235.10556838847697 986.47007533721626 296.94609888270497 895.33218460530043 475.4695294611156 1796.947180442512 142.49947875365615 1494.5523834116757 907.13935262337327 78.655773099511862 427.0576976314187 359.0605570692569 655.87152480334044 150.49912497028708
leaf_count=63069 24422 35318 22990 11623 6962 26159 2023 20903 13848 8828 14861 12041 8805 2184
internal_value=-4.52233e-05 0.000484139 -0.0142825 0.000978324 -2.78601e-05 0.000538925 0.00154151 0.0027057 -0.00153263 -0.00978478 -0.00368251 -0.00498974 0.00165471 0.00619302
internal_weight=17425.4 16814.7 610.707 15042.1 6518.31 5622.98 3826.03 2776.39 1049.64 375.602 1772.59 1345.53 2150.42 625.969
internal_count=274036 217796 56240 155576 92507 80884 54725 38854 15871 31818 62220 47359 29708 9146
is_linear=0
shrinkage=0.03


Tree=90
num_leaves=15
num_cat=1
split_feature=151 151 115 152 151 153 89 35 109 150 48 48 52 0
split_gain=139.96 36.3978 15.7206 12.3143 10.7411 10.4289 10.0346 11.7501 16.8581 12.2285 11.3988 11.0994 11.0177 10.0236
threshold=4.6303503656575673 3.5010415791527305 -0.14129672163477378 0.096645139476576908 5.480430546593821 0.32730644829256944 0.23111187423687429 91.500000000000014 -0.44285714285714256 -0.26247171945701347 15.663902129602656 16.80954829813567 0.20714285714285716 0
decision_type=2 2 10 2 2 2 10 10 10 10 8 10 10 1
left_child=1 3 -2 6 -4 -3 7 9 -9 -1 -8 12 -10 -7
right_child=2 5 4 -5 -6 13 10 8 11 -11 -12 -13 -14 -15
leaf_value=-0.0012029005439276577 -0.02025700939125526 -0.0056290282549564226 -0.0063947586522255014 0.0016288156558684297 -0.018835385562874736 0.0028838879411083786 0.0063782319994281685 -0.0075722694079933175 -0.0039533207992881285 0.0021611214416993357 -0.0038745662471863975 -0.0086440845393619785 0.011113035529044593 -0.0037705028849055961
leaf_weight=1485.3124359585345 230.44006875064224 979.79113319143653 295.06187767162919 9233.6250490546227 77.200231209397316 330.51246308721602 95.438465498387814 345.387920293957 56.027706678956747 2759.8469152636826 915.03247715905309 44.715791124850512 116.40850898250937 456.21562252193689
leaf_count=21803 24422 35303 22990 69577 8828 11184 1464 5267 907 39934 14002 716 1906 15733
internal_value=-4.52199e-05 0.000469475 -0.0140703 0.000948556 -0.00960434 -0.00358619 -0.000132451 0.000440928 -0.00357653 0.000984014 -0.00282706 0.00285745 0.00629309 -0.000984332
internal_weight=17421 16818.3 602.702 15051.8 372.262 1766.52 5818.17 4807.7 562.54 4245.16 1010.47 217.152 172.436 786.728
internal_count=274036 217796 56240 155576 31818 62220 85999 70533 8796 61737 15466 3529 2813 26917
cat_boundaries=0 1
cat_threshold=178
is_linear=0
shrinkage=0.03


Tree=91
num_leaves=15
num_cat=0
split_feature=151 151 115 118 154 134 133 28 137 153 151 104 129 87
split_gain=133.998 34.4943 15.4848 13.6879 11.8831 11.2915 14.7766 10.9976 10.7915 10.8214 10.5624 10.2572 17.5937 11.7335
threshold=4.6303503656575673 3.1925297413228297 -0.14129672163477378 -0.0054531415935495401 1.3772626059130288 0.097795542635658927 7.5000000000000009 6.4749373433583974 505.50000000000006 0.46707909178713253 5.480430546593821 0.83854166666666685 4.5000000000000009 0.84912800163147051
decision_type=2 2 10 8 2 2 2 10 2 2 2 2 2 10
left_child=1 4 -2 7 -1 11 -7 -3 9 -5 -4 -6 13 -13
right_child=2 3 10 8 5 6 -8 -9 -10 -11 -12 12 -14 -15
leaf_value=0.0070680958857189556 -0.02006251654249094 -0.0022497317779274786 -0.0062496590703900925 -0.0064125175126099904 0.0011584346469600355 0.0070625763968065955 -0.0067921141562612168 0.0045448217499180427 0.00037053855805824356 0.0017837323885439066 -0.018652980557968102 -0.0054704023692117784 0.0016404593816426319 -4.4177629105932808e-05
leaf_weight=273.39326574280858 225.90808827802539 550.30693295411766 293.23140042368323 1208.1467875503004 10667.101805072278 463.66608916223049 68.764411564916372 330.47803371027112 358.5857485756278 157.98272533528507 75.784699663519859 823.10177252069116 1292.9923744536936 627.37911939248443
leaf_count=1950 24422 16842 22990 38011 103574 3736 664 10642 11067 4549 8828 9021 12232 5508
internal_value=-4.55447e-05 0.000454896 -0.013859 -0.00270869 0.00103694 0.000911217 0.00513614 0.000333057 -0.00425154 -0.0054556 -0.00942603 0.000737927 -0.000894489 -0.00314786
internal_weight=17416.8 16821.9 594.924 2605.5 14216.4 13943 532.431 880.785 1724.72 1366.13 369.016 13410.6 2743.47 1450.48
internal_count=274036 217796 56240 81111 136685 134735 4400 27484 53627 42560 31818 130335 26761 14529
is_linear=0
shrinkage=0.03


Tree=92
num_leaves=15
num_cat=0
split_feature=151 152 152 154 137 153 129 13 55 125 128 55 122 15
split_gain=128.281 32.9456 15.3552 12.671 11.7557 13.0323 11.1128 11.8864 11.7362 14.8214 13.4512 13.1765 13.7736 12.4062
threshold=4.6303503656575673 0.02114318502212691 0.0041745393042925327 2.1678930878040941 473.50000000000006 0.37730799345311855 1.5000000000000002 0.89444444444444449 0.26587301587308815 -0.24999999999999994 0.073123104045329693 0.5873015873006201 0.1146517025057113 1.5138888888888895
decision_type=2 2 2 2 2 2 2 2 10 2 10 10 2 2
left_child=1 4 -2 6 5 -1 -3 8 9 -8 -11 13 -13 -10
right_child=2 3 -4 -5 -6 -7 7 -9 11 10 -12 12 -14 -15
leaf_value=-0.0074402866318176381 -0.019581979853221798 -2.9055413478814181e-05 -0.0090390963270649549 -0.00063038589210754334 0.00086519146649101765 -0.00020288235732104267 -0.0029185108027620556 -0.00079782470696554322 0.0035638184985829309 -0.0058442720698274383 0.0037642821534843627 0.0049194759079156146 -0.0016503760036930559 0.0096007917406111514
leaf_weight=777.15632296446711 235.50614954065531 3612.9222132638097 351.8607633151114 3885.4232963807881 352.72792711108923 313.35899979621172 715.17105393484235 1173.3656323701143 3273.8855659812689 136.95485097542405 999.78759226948023 419.26667351648211 834.03287625685334 331.46987165883183
leaf_count=30111 28215 37067 28025 47600 13096 11294 6669 11683 32466 1352 8841 4826 9514 3277
internal_value=-4.54865e-05 0.000441124 -0.0136487 0.000848922 -0.00386927 -0.00539159 0.00134903 0.00197942 0.00246572 0.00042898 0.00254561 0.00323833 0.000579627 0.00415633
internal_weight=17412.9 16825.5 587.367 15382.3 1443.24 1090.52 11496.9 7883.93 6710.57 1851.91 1136.74 4858.65 1253.3 3605.36
internal_count=274036 217796 56240 163295 54501 41405 115695 78628 66945 16862 10193 50083 14340 35743
is_linear=0
shrinkage=0.03


Tree=93
num_leaves=15
num_cat=1
split_feature=151 152 115 52 125 104 151 154 137 32 121 89 10 1
split_gain=122.627 31.4336 15.4908 10.809 11.2849 10.6977 10.3865 10.0048 9.81731 12.0656 12.2366 9.6396 11.1639 9.42422
threshold=4.6303503656575673 0.042678452167369506 -0.14129672163477378 0.12916666666666668 1.0000000180025095e-35 0.87083333333333346 5.480430546593821 1.4297488781424199 592.50000000000011 4.8062500000000012 0.0084566974182936436 -0.12108685474070084 417.00000000000006 0
decision_type=2 2 10 8 2 2 2 2 2 8 10 8 2 1
left_child=1 5 -2 4 -3 8 -4 -5 -1 -10 -11 13 -13 -9
right_child=2 3 6 7 -6 -7 -8 11 9 10 -12 12 -14 -15
leaf_value=-0.0022416245592313555 -0.019724218332654999 -0.0036147972950642546 -0.0058597979928376401 0.0064525986035061517 0.0011308798976344993 -0.0069365193994996854 -0.018275989773148215 -0.0038126990589170276 -0.006586820152672407 0.0069732397841203086 -0.0048072507854488161 -0.0069638996257111539 0.00081192914322223005 0.0028135666057208758
leaf_weight=2682.7118479451165 218.39078130107373 822.29410327598453 288.41193680744618 333.07861466705799 965.90529871731997 351.1556591084227 72.989193080924451 184.17442442476749 99.18575212918222 336.16493310406804 90.907704180106521 155.24614742025733 7110.9209606163204 3697.6124353818595
leaf_count=73489 24422 7454 22990 2244 8615 10275 8828 1621 2488 9327 2545 1576 65684 32478
internal_value=-4.49922e-05 0.000427771 -0.0134324 0.00109943 -0.00106331 -0.00206974 -0.00899578 0.00143723 -0.00150738 0.00219398 0.00438759 0.00127891 0.00063179 0.00248315
internal_weight=17409.1 16829.4 579.792 13269.2 1788.2 3560.13 361.401 11481 3208.97 526.258 427.073 11148 7266.17 3881.79
internal_count=274036 217796 56240 119672 16069 98124 31818 103603 87849 14360 11872 101359 67260 34099
cat_boundaries=0 1
cat_threshold=8
is_linear=0
shrinkage=0.03


Tree=94
num_leaves=15
num_cat=0
split_feature=152 152 115 152 153 151 102 137 10 36 149 83 55 35
split_gain=117.381 29.9041 15.4736 11.8739 11.5001 10.2342 10.0071 9.72513 9.69917 9.56375 9.40815 10.595 13.5445 14.3776
threshold=0.0077983361164995187 0.02114318502212691 -0.14129672163477378 0.096645139476576908 0.32730644829256944 5.480430546593821 0.06458333333333334 505.50000000000006 417.00000000000006 475.00000000000006 -0.09629004004004002 0.62500000000022748 0.23194444444410087 61.500000000000007
decision_type=2 2 10 2 2 2 8 2 2 10 2 10 8 10
left_child=2 4 -1 6 7 -4 -3 -2 -5 10 -10 12 13 -12
right_child=1 3 5 8 -6 -7 -8 -9 9 -11 11 -13 -14 -15
leaf_value=-0.019529723219007936 -0.0077979239292868619 -0.0082250526456654916 -0.0057320652195222629 -0.0058901526078698188 -0.00070595896920392525 -0.018092586557545528 -3.7475974949023548e-05 0.00032471924483291951 -0.0019951412153499481 -0.0069162341095456298 0.0011576313733983759 0.0081648210048163253 0.0024483023292111695 -0.0046310619832268919
leaf_weight=214.26169370906428 620.64209697581828 122.42472785711288 291.69264284521341 143.65130208432674 643.6747439391911 71.689014786854386 6012.5633647106588 166.17348213028163 564.89196836948395 102.5950448513031 1397.0198401585221 227.18280183523893 6310.4830035194755 516.67869893461466
leaf_count=24400 24343 1875 23245 1142 23609 8828 91843 6316 4618 797 10136 1875 46935 4074
internal_value=-4.54188e-05 0.000416352 -0.0131678 0.00080295 -0.00371006 -0.00879115 -0.000220523 -0.00610846 0.0014801 0.00160569 0.00171399 0.001965 0.00177919 -0.000429118
internal_weight=17405.6 16828 577.643 15397.5 1430.49 363.382 6134.99 786.816 9262.5 9118.85 9016.26 8451.36 8224.18 1913.7
internal_count=274036 217563 56473 163295 54268 32073 93718 30659 69577 68435 67638 63020 61145 14210
is_linear=0
shrinkage=0.03


Tree=95
num_leaves=15
num_cat=0
split_feature=144 144 117 109 150 33 117 28 116 6 10 35 112 51
split_gain=108.058 27.3835 17.9657 12.8273 12.6626 15.3398 13.7743 22.2518 11.3292 11.0933 10.5804 14.5782 12.66 10.9798
threshold=0.024191545538525212 0.049658635186547062 -0.0062969704531496964 -3.1039351851851849 0.62532051282051293 14.500000000000002 -0.060996065401665564 10.387500000000001 0.19521013266417717 8.5000000000000018 515.00000000000011 27.500000000000004 -0.0041666666666723496 -0.039736018832615599
decision_type=2 2 10 8 8 2 10 10 10 2 2 8 10 8
left_child=2 3 -1 -2 5 6 7 -5 -8 -7 -3 12 -12 -13
right_child=1 10 -4 4 -6 9 8 -9 -10 -11 11 13 -14 -15
leaf_value=-0.015785193694824486 -0.0093292660761895296 0.0013598199168634456 -0.0043189150942468009 -0.0074871638154311217 -0.0044318928150745519 -0.010344936025863985 0.0021135233538779911 0.0084232392100387979 -0.0045013632172492268 0.00010570243822674195 0.0079403432043831153 0.0080953079470752962 -0.0029128478903630893 -0.0054357252287266442
leaf_weight=413.54817411536351 175.05694902036339 11622.554239530116 192.75760723184794 368.45620742440224 900.62095093727112 208.36010417994112 1993.4238761607558 86.363493021111935 249.40467019472271 154.23956649145111 194.36873914208263 45.737535733729601 168.60209402348846 628.33212613128126
leaf_count=37125 3239 103696 11247 13940 26981 5785 47973 3803 7073 3995 1640 512 1481 5546
internal_value=-4.59878e-05 0.00040814 -0.0123321 -0.00170716 -0.00133637 -0.000408188 0.00038246 -0.00429354 0.00135292 -0.00607193 0.00110042 -0.00178475 0.00298344 -0.00436137
internal_weight=17401.8 16795.5 606.306 4135.93 3960.87 3060.25 2697.65 454.82 2242.83 362.6 12659.6 1037.04 362.971 674.07
internal_count=274036 225664 48372 112789 109550 82569 72789 17743 55046 9780 112875 9179 3121 6058
is_linear=0
shrinkage=0.03


Tree=96
num_leaves=15
num_cat=0
split_feature=151 152 152 154 137 153 48 118 129 105 13 119 63 57
split_gain=108.565 27.0531 15.1136 11.5002 10.4676 11.9099 10.4149 11.3433 10.3548 13.8409 11.1632 14.3705 13.1954 13.189
threshold=4.6303503656575673 0.02114318502212691 0.0041745393042925327 2.1678930878040941 473.50000000000006 0.37730799345311855 16.413401304960512 -0.0044134024205429055 1.5000000000000002 0.0032668415231732859 0.89444444444444449 -0.02917249417249081 1.1666666666666667 -0.1898148148146295
decision_type=2 2 2 2 2 2 10 10 2 2 2 10 10 10
left_child=1 4 -2 8 5 -1 7 -6 9 -3 11 -10 -13 -14
right_child=2 3 -4 -5 6 -7 -8 -9 10 -11 -12 12 13 -15
leaf_value=-0.0069805327888642641 -0.018914077140214883 0.00091708609158477092 -0.0082815285271794787 -0.00065057533010750678 0.010087328440481543 -3.742641999791663e-05 -0.0065970725473523386 -0.0021221243203062472 0.0043277135229574477 -0.0034696490282896831 -0.00084822958596114217 -0.0069828079037568581 -0.0032159373623530602 0.0022023325431565028
leaf_weight=762.4317438127473 221.05624213023111 2791.3381444625556 339.49340866133571 3886.7724557258189 124.42237670812756 311.65017419494689 101.52806704584509 126.14386612735689 2150.4458673447371 826.42471735924482 1174.5988818593323 150.28391417488456 436.39825569838285 3995.4455420970917
leaf_count=30111 28215 27844 28025 47600 4708 11294 3728 4660 21471 9223 11683 1076 5274 39124
internal_value=-4.57584e-05 0.000391845 -0.0128582 0.00075873 -0.00353946 -0.00499422 0.000921099 0.00416798 0.00123424 -9.51878e-05 0.00184153 0.00231164 0.00135444 0.00165975
internal_weight=17398.4 16837.9 560.55 15411.7 1426.18 1074.08 352.094 250.566 11524.9 3617.76 7907.17 6732.57 4582.13 4431.84
internal_count=274036 217796 56240 163295 54501 41405 13096 9368 115695 37067 78628 66945 45474 44398
is_linear=0
shrinkage=0.03


Tree=97
num_leaves=15
num_cat=0
split_feature=152 151 115 104 58 119 104 35 112 20 103 59 69 151
split_gain=103.717 25.8798 15.4682 14.6292 11.6075 12.0294 10.4669 11.129 12.2014 10.845 11.5963 10.9055 10.271 10.0562
threshold=0.0077983361164995187 2.6497083809956692 -0.14129672163477378 0.87083333333333346 0.81534090909090928 -0.022411616161586295 0.93933823529411775 99.500000000000014 -0.089270451770384299 3.6381818181818186 -0.21948224753725984 0.34584694989219628 3.5000000000000004 5.480430546593821
decision_type=2 2 10 2 10 8 2 10 10 8 10 8 10 2
left_child=2 4 -1 -3 5 -2 7 -7 -9 10 -8 -11 -6 -4
right_child=1 3 13 -5 12 6 9 8 -10 11 -12 -13 -14 -15
leaf_value=-0.019067710227245769 0.0029356361662183786 -0.00091705158832799884 -0.0051978547083214371 -0.0063356871085677065 -0.0065451640202322274 0.0013372895905007062 -0.0015937702007703407 -0.011017631719235536 -0.00042923325113246801 -0.011413231901459958 0.011257178715169106 -0.00088653969159588125 0.0036055299820730033 -0.017593313507339409
leaf_weight=205.02256981516257 2981.2266407236457 4266.5660662828013 285.28645011968911 487.28993808291852 301.04354979842901 7457.0450875982642 336.4117206633091 119.46006642282009 365.52108947187662 172.97873178869486 62.125500999391079 172.6748004630208 114.11958876252174 68.332193423062563
leaf_count=24400 25067 103505 23245 12622 3027 61400 2665 1107 3378 1489 521 1654 1128 8828
internal_value=-4.56268e-05 0.000381444 -0.0125902 -0.00149067 0.00111895 0.00129593 0.000729076 0.00104908 -0.00328965 -0.00263923 0.000745147 -0.0064101 -0.00372652 -0.00821156
internal_weight=17395.1 16836.5 558.641 4753.86 12082.6 11667.4 8686.22 7942.03 484.981 744.191 398.537 345.654 415.163 353.619
internal_count=274036 217563 56473 116127 101436 97281 72214 65885 4485 6329 3186 3143 4155 32073
is_linear=0
shrinkage=0.03


Tree=98
num_leaves=15
num_cat=0
split_feature=152 152 152 55 153 154 21 105 50 107 152 145 154 6
split_gain=99.2524 27.0758 12.3026 11.6218 11.3656 11.3404 12.3218 17.6053 12.7839 12.2696 11.0392 10.9338 15.5879 11.2238
threshold=0.0071010441150216657 0.02114318502212691 0.0041745393042925327 0.45972222222205045 0.32730644829256944 1.7271110081475349 1.5000000000000002 0.0025520980378317339 0.3078737686185527 -0.051611136903587394 0.46570839807042735 0.31009615384615391 1.4297488781424199 5.5000000000000009
decision_type=2 2 2 10 2 2 2 2 10 2 2 2 2 2
left_child=2 4 -1 -4 -2 10 7 -7 -9 -8 11 12 -3 -14
right_child=1 5 3 -5 -6 6 9 8 -10 -11 -12 -13 13 -15
leaf_value=-0.018539664808323485 -0.0058760373087693172 0.013051383606429373 -0.015486073264677831 -0.0029676204307920728 -0.0005952676720610532 0.00016249977448053155 -0.0044375831180469786 -0.0057344862735921702 0.0058263063081743722 0.0011146381116110742 -0.0029469741936881261 0.00083245759315378834 0.00032985847178992628 0.0061616181465797108
leaf_weight=213.6481810817495 807.93489661347121 170.22256320714951 104.41095188818872 172.36494357138872 668.51930406037718 2370.9050202034414 358.40192950889468 865.83427122980356 83.347264051437378 9032.2112535126507 289.93342973291874 1060.7820623070002 534.20719738677144 659.02367304265499
leaf_count=28215 33029 1106 9417 14490 25590 25974 5635 10578 797 96977 1831 12384 3501 4512
internal_value=-4.60319e-05 0.000345408 -0.013146 -0.00824343 -0.00351501 0.000717979 0.000340802 -0.00122648 -0.00464449 0.000895993 0.00247275 0.00313508 0.00489799 0.00358726
internal_weight=17391.7 16901.3 490.424 276.776 1476.45 15424.9 12710.7 3320.09 949.182 9390.61 2714.17 2424.24 1363.45 1193.23
internal_count=274036 221914 52122 23907 58619 163295 139961 37349 11375 102612 23334 21503 9119 8013
is_linear=0
shrinkage=0.03


Tree=99
num_leaves=15
num_cat=1
split_feature=151 152 152 104 52 21 154 138 121 24 147 125 0 38
split_gain=95.001 23.5631 14.4992 13.5737 12.0629 11.9577 11.0831 13.0212 12.2847 11.0615 18.1201 10.2133 10.0466 9.94903
threshold=4.6303503656575673 0.06830590478145572 0.0041745393042925327 0.87083333333333346 0.12916666666666668 4.5000000000000009 2.2369659225247518 0.088125824538258582 0.00785857650146673 8.2899159663865571 -0.13290463911895736 1.0000000180025095e-35 0 1.0000000180025095e-35
decision_type=2 2 2 2 8 2 2 2 10 8 10 2 1 2
left_child=1 3 -2 6 11 -5 8 -8 -1 -6 -11 -3 -7 -9
right_child=2 4 -4 5 9 12 7 13 -10 10 -12 -13 -14 -15
leaf_value=0.00094996869566708853 -0.018334624060522178 -0.0039158303565880008 -0.0077622231582207017 -0.0084358523921723681 0.002039042595112416 0.0048125049474429856 -0.004917527145863354 -0.00045484458059215198 -0.0027484400651394047 0.00073293920407672931 -0.0075203189986938106 0.00095137002542257864 -0.0069153757017416653 0.016665096484243424
leaf_weight=3080.505767500028 209.78289811266586 704.38634043931961 331.48099535144866 390.46089897770435 7828.7823522537947 140.64240534231067 834.24889687355608 92.278211681172252 1078.9722440997139 1479.8038838803768 270.18342664837837 832.34744814783335 84.017061993479729 30.114307496696711
leaf_count=68187 28215 5800 28025 9626 62352 2972 19258 2104 23901 12067 2372 6707 1798 652
internal_value=-4.55833e-05 0.000356872 -0.0122438 -0.00120364 0.00116202 -0.00535953 -0.000689762 -0.00357453 -1.58304e-05 0.00155775 -0.000594378 -0.00129588 0.00018051 0.00511701
internal_weight=17388 16846.7 541.264 5731.24 11115.5 615.12 5116.12 956.641 4159.48 9578.77 1749.99 1536.73 224.659 122.393
internal_count=274036 217796 56240 128498 89298 14396 114102 22014 92088 76791 14439 12507 4770 2756
cat_boundaries=0 1
cat_threshold=107
is_linear=0
shrinkage=0.03


Tree=100
num_leaves=15
num_cat=0
split_feature=152 152 152 55 153 154 129 105 50 152 112 48 149 145
split_gain=90.8508 24.8703 11.8517 11.4335 10.7079 10.5652 11.4089 15.8721 12.2169 10.4406 10.6864 12.1629 12.8749 12.1387
threshold=0.0071010441150216657 0.02114318502212691 0.0041745393042925327 0.45972222222205045 0.32730644829256944 1.7271110081475349 1.5000000000000002 0.0025520980378317339 0.3078737686185527 0.46570839807042735 0.16369047619048163 15.932876628557372 -0.05632339254527071 0.38675213675213682
decision_type=2 2 2 10 2 2 2 2 10 2 10 8 2 2
left_child=2 4 -1 -4 -2 9 7 -7 -9 10 11 12 -3 -14
right_child=1 5 3 -5 -6 6 -8 8 -10 -11 -12 -13 13 -15
leaf_value=-0.018128721336586322 -0.0056881602729029583 0.0011990930239215187 -0.015181215395361453 -0.0026988856261572144 -0.00055280214629303923 0.000123052144395681 0.00084992911198146883 -0.0055251257144914752 0.0057703969549910746 -0.002900726263975062 -0.0015571299832741929 0.0026619603321422574 0.015551922791479742 0.00025818207973495353
leaf_weight=206.02810249570757 801.981200478971 150.1610310934484 102.06613124487922 170.57061529997736 667.58429815527052 2369.9840968772769 9403.4282636381686 859.9062609449029 83.4236253015697 289.63023978471756 379.80464093759656 1638.0629461444914 201.61708423867822 60.200176354497671
leaf_count=28215 33029 1598 9417 14490 25590 25958 102645 10563 795 1831 3630 14111 1384 780
internal_value=-4.53321e-05 0.000324822 -0.0127313 -0.00791985 -0.00338446 0.000680898 0.000316724 -0.00119356 -0.00445152 0.00237276 0.00301528 0.00386755 0.00839919 0.0122399
internal_weight=17384.4 16905.8 478.665 272.637 1469.57 15436.2 12716.7 3313.31 943.33 2719.48 2429.85 2050.04 411.978 261.817
internal_count=274036 221914 52122 23907 58619 163295 139961 37316 11358 23334 21503 17873 3762 2164
is_linear=0
shrinkage=0.03


Tree=101
num_leaves=15
num_cat=0
split_feature=152 152 152 55 137 153 88 32 151 122 155 24 107 121
split_gain=86.93 23.4837 11.6154 11.1 10.4819 11.5367 10.45 10.0977 12.0326 12.7581 11.6123 10.9532 12.5878 10.5202
threshold=0.0071010441150216657 0.02114318502212691 0.0041745393042925327 0.45972222222205045 473.50000000000006 0.37730799345311855 3.5000000000000004 1.5357142857142858 3.2600159261750652 0.11620532139477326 0.36486195457532639 9.0178571428571441 -0.059776434076379413 0.0045977254470891656
decision_type=2 2 2 10 2 2 2 10 2 2 2 8 2 10
left_child=2 4 -1 -4 5 -2 -6 8 9 -3 -11 12 -9 -14
right_child=1 7 3 -5 6 -7 -8 11 -10 10 -12 -13 13 -15
leaf_value=-0.017922028503870698 -0.0066822200538366678 -0.0011165486432028505 -0.014979429724131318 -0.0026309196099502403 0.0059892137382967113 4.3608236865239425e-05 -0.0037966882618762445 -0.0054704367783395633 -0.0049055174043150058 0.0011676811400129581 0.011730353645611499 -0.0031625762740453769 0.0025725819374567221 0.00013100277934474934
leaf_weight=202.38057397259399 778.67708945088089 3459.9636128209531 100.56279070163146 170.12216009339318 179.79602030757815 322.63849268574268 183.79786458238959 203.69264641031623 435.4175216704607 3254.3656298518181 81.745730370283127 438.35646174103022 5302.4904857128859 2267.0908035896719
leaf_count=28215 32324 33291 9417 14490 6980 12165 7150 3216 10363 32291 636 5723 53968 23807
internal_value=-4.48057e-05 0.000315225 -0.012527 -0.00776417 -0.0032954 -0.00473773 0.00108798 0.000660589 -0.000156912 0.00015746 0.00147785 0.00137949 0.00164122 0.00184303
internal_weight=17381.1 16908 473.066 270.685 1464.91 1101.32 363.594 15443.1 7231.49 6796.07 3336.11 8211.63 7773.27 7569.58
internal_count=274036 221914 52122 23907 58619 44489 14130 163295 76581 66218 32927 86714 80991 77775
is_linear=0
shrinkage=0.03


Tree=102
num_leaves=15
num_cat=1
split_feature=152 152 152 55 154 122 136 116 50 0 58 137 88 140
split_gain=83.1638 22.1648 11.3776 10.773 10.2265 10.2355 12.9704 11.208 13.4764 12.9197 9.99678 9.9448 9.8506 8.90306
threshold=0.0071010441150216657 0.02114318502212691 0.0041745393042925327 0.45972222222205045 2.1678930878040941 0.11383021196283392 0.11440781440781443 -0.012499999999950733 0.17460791900551612 0 0.85164835164835173 473.50000000000006 3.5000000000000004 0.09000187195806815
decision_type=2 2 2 10 2 2 2 8 10 1 10 2 2 2
left_child=2 11 -1 -4 -3 7 10 9 -9 -6 -7 -2 -13 -10
right_child=1 4 3 -5 5 6 -8 8 13 -11 -12 12 -14 -15
leaf_value=-0.017714618198983467 -0.0046189949951380514 0.0010878373095795223 -0.014778206176515042 -0.0025645210337488541 -0.0011392368688420244 0.00055057395552392946 0.013055730176146332 -0.0019014286755639159 0.014055581343566704 -0.0093674152985098093 -0.0079101562721899683 0.0057926369195650616 -0.0037038152972416779 -0.0025044524807805286
leaf_weight=198.83718520728871 1096.4144003381953 11560.228960711509 99.100641582161188 169.68610347993672 358.16129782423377 2317.5262583084404 56.544043704867363 591.22843524441123 74.19662943482399 336.64835922047496 117.84626153483987 180.81385003775358 183.1406270917505 37.515886660665274
leaf_count=28215 44489 115695 9417 14490 4367 27931 580 7589 804 4051 1863 6980 7150 415
internal_value=-4.46395e-05 0.000305547 -0.012324 -0.00761076 0.000640462 -0.000688223 0.000465693 -0.00272853 -4.2501e-05 -0.00538767 9.52482e-05 -0.00320816 0.0010566 0.00885616
internal_weight=17377.9 16910.3 467.624 268.787 15449.9 3889.67 2491.92 1397.75 702.941 694.81 2435.37 1460.37 363.954 111.713
internal_count=274036 221914 52122 23907 163295 47600 30374 17226 8808 8418 29794 58619 14130 1219
cat_boundaries=0 1
cat_threshold=214
is_linear=0
shrinkage=0.03


Tree=103
num_leaves=15
num_cat=2
split_feature=151 151 115 104 52 0 2 89 120 137 32 115 35 33
split_gain=79.4937 19.9533 15.5205 13.0741 11.6718 10.8651 10.5014 10.4928 10.2472 15.9911 14.195 12.0792 11.195 10.9399
threshold=4.6303503656575673 2.4552969699580154 -0.14129672163477378 0.87083333333333346 0.12916666666666668 0 1 -0.12108685474070084 3.5000000000000004 606.50000000000011 2.5277777777777781 -0.014676017540477914 50.500000000000007 23.500000000000004
decision_type=2 2 10 2 8 1 9 8 10 2 10 10 8 2
left_child=1 4 -2 8 -1 6 -5 -6 9 10 12 -11 -3 -12
right_child=2 3 -4 5 7 -7 -8 -9 -10 11 13 -13 -14 -15
leaf_value=-0.0013615067186320423 -0.018140872264995243 -0.0064281001294827821 -0.0070001339784286345 -0.0034353343493609026 0.0027592899286317195 -0.0082531939891476065 0.0095628680484941102 0.00069500033097858263 -0.001905893197272507 0.011976148416837583 0.0029740033589400563 0.0013601763087032447 -0.00021690876428536905 -0.012089764523744693
leaf_weight=1538.4757560268044 188.51563475467265 411.32910393830389 329.62599218497053 188.51172770559788 3466.5923338159919 368.46822973247617 50.799590283073485 6137.733835555613 2658.1697213137522 167.42140300385654 947.5201684627682 214.04975166171789 676.9611516520381 30.823877651244402
leaf_count=12517 24422 8762 31818 4435 27105 8807 1117 49698 59818 4069 20837 4333 15502 796
internal_value=-4.44581e-05 0.000315985 -0.0114498 -0.00112349 0.00105467 -0.00522816 -3.26232e-05 0.00144323 -0.000621049 0.000777155 -0.000279607 0.00629618 -0.00261996 0.00232401
internal_weight=17375 16856.9 518.142 5714.05 11142.8 607.78 239.311 9604.33 5106.28 2448.11 2066.63 381.471 1088.29 978.344
internal_count=274036 217796 56240 128476 89320 14359 5552 76803 114117 54299 45897 8402 24264 21633
cat_boundaries=0 1 2
cat_threshold=11 337
is_linear=0
shrinkage=0.03


Tree=104
num_leaves=15
num_cat=0
split_feature=144 152 151 111 102 57 10 122 50 140 155 33 28 12
split_gain=76.8968 18.3924 18.2738 12.3383 11.3822 12.1359 11.1089 12.5573 17.1603 16.5149 15.3284 12.1751 11.5299 14.9966
threshold=0.024191545538525212 0.0041745393042925327 4.2054383316843014 -0.29425070011110516 0.83974358974358987 0.11033549783549765 417.00000000000006 0.11368092691622105 0.12084027558887024 0.09457348399771888 0.15781446557084358 19.500000000000004 2.9666666666666672 10.500000000000002
decision_type=2 2 2 10 8 10 2 2 10 2 2 2 10 2
left_child=1 -1 6 -4 5 -5 -2 8 10 -10 -8 -9 -12 -14
right_child=2 -3 3 4 -6 -7 7 11 9 -11 12 -13 13 -15
leaf_value=-0.019349001156906149 -0.0046740729268177211 -0.0070345912746180451 -0.012572759139408482 -0.0091257628060609636 0.0065570563281569993 0.0035714468074166798 -0.0041638470570775129 0.0014071544185613885 0.0033640781290436845 -0.0045602629465160607 -0.0022385013734721143 -0.0050764381312504584 0.0074941385440447789 -2.0090736648467641e-05
leaf_weight=153.8140461537987 350.28147791512311 405.75850067939609 132.86870064167306 192.60921987285838 87.136751851532608 90.697487728204578 1349.1285100020468 10052.598290925846 1385.8147805128247 271.24762902222574 1307.5910997353494 253.17300409264863 294.98020689375699 1044.1107466928661
leaf_count=22668 5103 25704 10249 12139 5825 5485 18454 117900 12457 2366 14778 3906 2957 14045
internal_value=-4.40909e-05 -0.0108363 0.000324453 -0.00522176 -0.00219846 -0.0050857 0.000500256 0.000618112 -0.000517267 0.00203765 -0.00158045 0.00124073 -0.000247537 0.00169985
internal_weight=17371.8 559.573 16812.2 503.312 370.443 283.307 16308.9 15958.6 5652.87 1657.06 3995.81 10305.8 2646.68 1339.09
internal_count=274036 48372 225664 33698 23449 17624 191966 186863 65057 14823 50234 121806 31780 17002
is_linear=0
shrinkage=0.03


Tree=105
num_leaves=15
num_cat=0
split_feature=144 152 152 109 152 52 123 108 19 89 87 115 126 109
split_gain=73.3491 18.0577 17.5062 12.2221 11.7512 10.6109 10.0279 10.7643 10.182 9.94582 9.72825 9.8706 14.0048 9.62141
threshold=0.024191545538525212 0.0041745393042925327 0.06830590478145572 -2.9328431372549013 0.010534141652292868 0.12916666666666668 11.333333333333345 0.72048611111111127 0.20983870967741938 -0.12108685474070084 0.63158730158587184 -0.13351926200584782 1.0000000180025095e-35 -2.692708333333333
decision_type=2 2 2 8 2 8 10 10 2 8 8 10 2 8
left_child=1 -1 3 -2 10 -4 13 -8 -9 -7 11 -5 -13 -6
right_child=2 -3 5 4 6 9 7 8 -10 -11 -12 12 -14 -15
leaf_value=-0.019155062617497279 -0.0065476900730626975 -0.0068764908150364236 -0.0013021324369018861 -0.010650411377639463 0.0089278479981574326 0.0026531432968399699 -0.0094183763362318401 -0.0088341208062368091 0.011030987300176098 0.00064499969270218039 -0.012297320968873546 0.0083893479930894094 -0.0062343040222015795 -0.00016406287687463099
leaf_weight=150.90628473553807 326.38157921284437 403.02176234032959 1536.7355956584215 73.425583337899297 92.192659197375178 3472.5580688342452 187.4361921120435 24.287780798971653 44.484971411526203 6144.0796066820621 117.11995879001915 104.70638865418732 101.51015354832634 4590.3627856913954
leaf_count=22668 5541 25704 12507 6870 1595 27082 3779 599 997 49709 7853 6923 7098 95111
internal_value=-4.4142e-05 -0.0106384 0.000314023 -0.00104281 -0.000688657 0.00100328 -0.000281823 -0.00589035 0.0036898 0.00137314 -0.00555804 -0.00225314 0.00125623 4.28799e-05
internal_weight=17369.2 553.928 16815.3 5661.91 5335.53 11153.4 4938.76 256.209 68.7728 9616.64 396.762 279.642 206.217 4682.56
internal_count=274036 48372 225664 136366 130825 89298 102081 5375 1596 76791 28744 20891 14021 96706
is_linear=0
shrinkage=0.03


Tree=106
num_leaves=15
num_cat=0
split_feature=152 152 103 137 153 10 109 98 32 120 24 155 56 115
split_gain=70.4257 20.2902 10.3845 9.6471 10.1627 9.48656 12.0007 14.8157 9.81483 13.8581 12.7694 11.3195 10.5099 10.2224
threshold=0.0064598356318393462 0.02114318502212691 -0.14653988967550358 473.50000000000006 0.37730799345311855 417.00000000000006 -2.1873397435897433 -0.1313125676406926 1.5357142857142858 2.5000000000000004 9.6754385964912295 0.26868935724717152 0.60555555555555574 -0.069840698704638257
decision_type=2 2 8 2 2 2 10 8 10 10 8 2 10 10
left_child=2 3 -1 4 -2 6 -3 -8 12 11 13 -10 -7 -11
right_child=1 5 -4 -5 -6 8 7 -9 9 10 -12 -13 -14 -15
leaf_value=-0.0012259619370372239 -0.0062451892976504355 -0.009507342517950778 -0.014465272940678153 0.0010682585985031109 -7.136633637513476e-06 3.4238365211502296e-05 0.013152285901171091 -0.0050485251187125796 0.0020743920119380994 0.0079750937940551367 -0.0065471508551666179 0.0069665871240130904 -0.0081123386518079533 0.00031890041311923435
leaf_weight=66.649515066761523 794.77118207328022 170.86003028973937 327.00817017024383 376.22554430365562 331.22241591569036 6925.2791580110788 49.343972444534302 93.558827809989452 3292.7542695179582 148.51547231152654 221.32228576391935 479.62531656399369 130.51791469752789 3958.66427019611
leaf_count=7189 34686 1877 40584 15179 13103 73031 668 1349 34494 2100 2831 4207 1256 41482
internal_value=-4.42603e-05 0.000251832 -0.012351 -0.00305936 -0.00443442 0.000576009 -0.00446774 0.00188856 0.000684735 0.00139621 0.000235758 0.00272152 -0.000133347 0.000623761
internal_weight=17366.3 16972.7 393.658 1502.22 1125.99 15470.4 313.763 142.903 15156.7 8100.88 4328.5 3772.38 7055.8 4107.18
internal_count=274036 226263 47773 62968 47789 163295 3894 2017 159401 85114 46413 38701 74287 43582
is_linear=0
shrinkage=0.03


Tree=107
num_leaves=15
num_cat=1
split_feature=144 152 152 104 150 135 109 13 0 76 53 150 26 106
split_gain=67.3636 17.6246 16.0482 10.8534 11.0963 11.5483 11.8077 16.7165 11.3681 11.8706 11.855 14.3019 12.1105 12.7018
threshold=0.024191545538525212 0.0041745393042925327 0.059336613533021415 0.87083333333333346 0.62532051282051293 16.500000000000004 -0.4999999999999995 0.92582417582417598 0 1701.6666666666667 0.3529468897152887 0.2919372294372295 0.081020255063765964 0.25735294117647062
decision_type=2 2 2 2 10 2 10 2 1 8 8 8 2 2
left_child=1 -1 3 4 5 6 8 -8 9 10 -2 12 13 -12
right_child=2 -3 -4 -5 -6 -7 7 -9 -10 -11 11 -13 -14 -15
leaf_value=-0.018830098811320608 -0.0016161749287913938 -0.0065778452910661787 0.00089426854402644513 -0.0052150437624209293 -0.0056297301702552495 -0.0056799595513266259 0.0029657802990760676 -0.005492876450422006 -0.0034485154749106469 -0.0018178529933392357 -0.0001554728590333765 0.00017243040398132918 -0.0022751525680065688 0.024808360612317511
leaf_weight=146.24754920275882 132.2785336333327 397.9233050821349 11876.863354016095 510.57911753375083 354.55070422077551 304.13613384123892 1672.2933258763514 226.2124887839891 1051.4219267521985 478.92425406258553 22.785079824738204 89.706283807288855 24.413484139367938 75.323121653869748
leaf_count=22668 2608 25704 97983 14042 10217 8062 47784 6354 23102 11130 502 1884 480 1516
internal_value=-4.35881e-05 -0.0102875 0.000296709 -0.00113755 -0.000651815 -0.000199922 0.000262515 0.00192275 -0.00142058 0.0012109 0.00535526 0.00952029 0.0155992 0.0197589
internal_weight=17363.7 544.171 16819.5 4942.62 4432.05 4077.49 3773.36 1898.51 1874.85 823.431 344.507 212.228 122.522 98.1082
internal_count=274036 48372 225664 127681 113639 103422 95360 54138 41222 18120 6990 4382 2498 2018
cat_boundaries=0 1
cat_threshold=673
is_linear=0
shrinkage=0.03


Tree=108
num_leaves=15
num_cat=0
split_feature=151 151 104 21 149 28 35 117 155 149 109 35 89 156
split_gain=64.9165 18.9265 8.72811 21.5179 12.6218 19.6168 11.7036 13.2743 11.2756 12.0928 10.8982 10.6787 10.8195 14.3656
threshold=4.8445806323270011 3.5010415791527305 0.83854166666666685 4.5000000000000009 -0.068318467427415847 6.2559523809523823 77.500000000000014 0.1645676171133649 0.16372903928307656 0.025000000000000012 -1.3833333333333333 91.500000000000014 0.23851159676833697 -1.4835633173593024
decision_type=2 2 2 2 2 10 10 10 2 2 10 10 10 2
left_child=1 2 11 8 -5 6 7 -6 -4 -10 -8 12 -1 -14
right_child=-2 -3 3 4 5 -7 10 -9 9 -11 -12 -13 13 -15
leaf_value=0.0015628895583688197 -0.012252095694714716 -0.0026436463357993822 -0.0067534291623516452 -0.0041110136927828347 -0.0017949690135943257 0.015352054610876135 0.0031461974951848687 0.0084885722567286364 -0.0023319436242193563 0.0095316567388868054 0.0161766108546363 -0.0020078177740838164 -0.0050048668955356597 0.0011000801004098272
leaf_weight=9728.6873732693493 368.32272685179487 1822.8552499189973 536.25578054413199 253.92006409913301 664.14501257240772 92.332429729402065 224.76690801605582 120.51424039155245 955.99894224479795 69.263808067888021 68.042052276432514 1003.8012719079852 541.29119332134724 910.67978131398559
leaf_count=96832 46397 72063 6438 2942 5967 1063 2016 954 9518 640 780 11920 8637 7869
internal_value=-4.32234e-05 0.000231983 0.000579801 -0.000870863 0.00178715 0.00310326 0.00185724 -8.59389e-05 -0.00328826 -0.00140459 0.00681492 0.000935853 0.00120247 -0.00120373
internal_weight=17360.9 16992.6 15169.7 2985.24 1423.72 1169.8 1077.47 784.659 1561.52 1025.26 292.809 12184.5 11180.7 1451.97
internal_count=274036 227639 155576 30318 13722 10780 9717 6921 16596 10158 2796 125258 113338 16506
is_linear=0
shrinkage=0.03


Tree=109
num_leaves=15
num_cat=0
split_feature=144 152 152 109 152 52 87 125 95 115 126 31 97 89
split_gain=62.061 17.1208 14.3925 11.7212 10.1095 10.014 9.60333 9.54365 9.77377 9.5158 13.3401 9.38466 9.3559 9.16845
threshold=0.024191545538525212 0.0041745393042925327 0.06830590478145572 -2.9328431372549013 0.010534141652292868 0.12916666666666668 0.63158730158587184 1.0000000180025095e-35 0.93933823529411775 -0.13351926200584782 1.0000000180025095e-35 0.27859477124183013 0.25833333333333336 -0.12108685474070084
decision_type=2 2 2 8 2 8 8 2 2 10 2 2 2 8
left_child=1 -1 3 -2 6 7 9 -4 -9 -5 12 -10 -11 -7
right_child=2 -3 5 4 -6 13 -8 8 11 10 -12 -13 -14 -15
leaf_value=-0.018504330248553701 -0.0063600645964877241 -0.0063079056055634301 -0.0038693308242622264 -0.010233175972231763 -0.0002291531771707451 0.0024907999379254532 -0.011919855927978222 0.0052059729764367679 -0.0035132494342984756 0.012680689439619471 -0.0058660268004576315 0.0056690290641046269 -0.0060123838158892429 0.00056567684132750558
leaf_weight=141.82853858498856 324.09356872923672 393.41675030160695 703.40824951976538 71.620668794028461 4930.4741182681173 3484.4485316947103 114.50058921379969 284.38748922944069 435.52811802923679 82.395497605670244 99.79428377142176 114.46561691910028 22.044144379440695 6154.8747302442789
leaf_count=22668 5541 25704 5800 6870 102081 27082 7853 2202 3602 5450 7098 903 1473 49709
internal_value=-4.1603e-05 -0.00995604 0.000282444 -0.000950725 -0.000604287 0.000905687 -0.00515869 -0.0013331 0.000835585 -0.00188229 0.00154598 -0.00150245 0.00847556 0.00126436
internal_weight=17357.3 535.245 16822 5644.92 5320.83 11177.1 390.355 1537.79 834.381 275.855 204.234 549.994 104.44 9639.32
internal_count=274036 48372 225664 136366 130825 89298 28744 12507 6707 20891 14021 4505 6923 76791
is_linear=0
shrinkage=0.03


Tree=110
num_leaves=15
num_cat=0
split_feature=151 152 84 153 55 10 148 107 30 26 122 150 135 122
split_gain=59.6246 22.3257 9.49984 11.7113 14.6402 11.3218 10.3144 13.5079 11.7018 12.6611 11.501 10.2457 10.1829 10.2265
threshold=5.1038219627132824 0.018895518052587035 0.70483644299287274 0.26271571672200988 0.37502913753026718 417.00000000000006 -0.62916211305529623 0.075911797337226125 0.07043650793650795 0.11930641821946171 0.11062888344944456 0.15257936507936512 19.500000000000004 0.11670110192837467
decision_type=2 2 10 2 8 2 8 2 2 2 2 8 2 2
left_child=1 -1 5 -4 11 -3 7 -7 9 10 -8 -5 13 -10
right_child=-2 2 3 4 -6 6 8 -9 12 -11 -12 -13 -14 -15
leaf_value=-0.0034503673771227421 -0.014706893404571701 -0.0048986620086729511 -0.0053580123136633137 -0.0039024580768721191 0.0053192958782163962 -0.0033324487005443027 -0.0011729897245496604 0.0063360379923167618 -0.00013955404868512577 -0.0070415182886449483 0.0041819993729145851 0.0073210159394126138 -0.0075609842919006718 0.0017676946849422767
leaf_weight=1393.203051048331 230.98070773016661 300.14943291433156 517.76942422427237 543.59420876763761 316.1212374791503 908.92258349061012 427.65529251657426 137.20781862363219 5521.1994178015739 97.861473232507706 2117.298635462299 70.187555655837059 120.04724272713065 4652.4010650515556
leaf_count=69561 34653 3801 7529 6989 4662 9949 4429 1205 56469 1062 21973 962 1650 49142
internal_value=-4.16865e-05 0.000168831 0.000492356 -0.0018114 0.00021706 0.000727516 0.000853407 -0.00199271 0.00108561 0.00286074 0.00328054 -0.00247499 0.000626353 0.000733952
internal_weight=17354.6 17123.6 15730.4 1447.67 929.903 14282.7 13982.6 1046.13 12936.5 2642.82 2544.95 613.782 10293.6 10173.6
internal_count=274036 239383 169822 20142 12613 149680 145879 11154 134725 27464 26402 7951 107261 105611
is_linear=0
shrinkage=0.03


Tree=111
num_leaves=15
num_cat=0
split_feature=151 152 16 118 122 50 153 140 24 25 25 148 27 83
split_gain=57.096 21.0725 8.61139 11.977 9.13792 14.8996 15.3052 15.1795 13.2464 12.0698 10.8308 10.1718 11.4568 10.7239
threshold=5.1038219627132824 0.018895518052587035 -50.620192307692314 -0.014045584297900851 0.11368092691622105 0.12084027558887024 0.25688016278728132 0.09457348399771888 5.2113237639553436 6.5000000000000009 2.5000000000000004 -0.62916211305529623 0.2932908545727137 -1.0000000180025095e-35
decision_type=2 2 2 10 2 10 2 2 10 2 2 8 2 10
left_child=1 -1 3 -3 5 6 10 -7 -8 -10 -4 12 13 -6
right_child=-2 2 4 -5 11 7 8 -9 9 -11 -12 -13 -14 -15
leaf_value=-0.0033590509619685527 -0.014491542964503367 0.0032937430649052583 -0.0017163508922277805 -0.010882779262948672 -0.0052851809223791414 0.003218810644525151 -0.0016471578168685979 -0.0043994913851112217 0.0013395790126546987 0.011216795433244229 -0.0075080265890352608 0.0013648889155856402 0.0049535630522120058 0.0083964412386238647
leaf_weight=1388.6235659318045 227.65445017069578 78.911581618711352 680.44167922437191 122.05333319492638 550.03626468032598 1380.457674164325 1778.7212755456567 269.55368552729487 742.26440246589482 117.23805107176304 508.2718644272536 9319.5351883918047 144.89249971881509 43.337164934724569
leaf_count=69561 34653 1045 8424 1549 5970 12061 17460 2316 10035 1643 6543 100834 1401 541
internal_value=-4.12686e-05 0.000163351 0.000477094 -0.00547404 0.000559287 -0.000425965 -0.00145218 0.00194583 -0.000172183 0.00285614 -0.00425547 0.00109564 -0.00226276 -0.00410356
internal_weight=17352 17124.3 15735.7 200.965 15534.7 5476.95 3826.94 1650.01 2638.22 859.502 1188.71 10057.8 738.266 593.373
internal_count=274036 239383 169822 2594 167228 58482 44105 14377 29138 11678 14967 108746 7912 6511
is_linear=0
shrinkage=0.03


Tree=112
num_leaves=15
num_cat=0
split_feature=144 117 152 109 36 34 54 125 105 122 48 121 22 27
split_gain=55.1097 16.4151 12.7292 11.2885 9.54736 10.1789 9.76572 11.0962 12.8058 9.65683 9.83729 9.24273 12.3597 13.6363
threshold=0.024191545538525212 -0.0062969704531496964 0.06830590478145572 -2.9328431372549013 425.00000000000006 0.36602564102564106 0.11437908496732027 0.25000000000000011 0.002720488921061259 0.1146517025057113 16.398614055954912 0.0080160642570281139 0.10630899155489321 0.2245689655172414
decision_type=2 10 2 8 10 2 8 2 2 2 10 10 2 2
left_child=1 -1 3 -2 5 6 7 -4 -9 10 -7 12 13 -5
right_child=2 -3 4 11 -6 9 -8 8 -10 -11 -12 -13 -14 -15
leaf_value=-0.013128768996130811 -0.0062217686644090485 -0.0017670678191574988 -0.004392765875590756 0.0020518464655499865 -0.0067099024226794195 0.0076365034615971956 0.0010601409264705966 0.0053983394092377837 -0.0039476727701866516 0.0080352484357338223 -0.0048704346442821848 -0.0026835222068186419 0.0042327133791939184 -0.0019097987954851152
leaf_weight=348.51769242389128 322.4417867930606 174.64777291798964 651.77230731397867 1194.0157183208503 133.71631775796413 76.268458344042301 9358.0566593706608 295.02066861093044 215.77956412732601 326.46848597377539 134.01551077514887 1355.5542495688424 562.44521450577304 2200.8446938232519
leaf_count=37125 5541 11247 5305 31793 1121 584 74704 2229 1822 2465 1068 33155 11923 53954
internal_value=-4.05738e-05 -0.00949087 0.000261446 -0.000899835 0.000846633 0.00094698 0.00073753 -0.00183973 0.00145027 0.00492066 -0.000127832 -0.000560235 0.000174472 -0.000513541
internal_weight=17349.6 523.165 16826.4 5635.3 11191.1 11057.4 10520.6 1162.57 510.8 536.752 210.284 5312.86 3957.31 3394.86
internal_count=274036 48372 225664 136366 89298 88177 84060 9356 4051 4117 1652 130825 97670 85747
is_linear=0
shrinkage=0.03


Tree=113
num_leaves=15
num_cat=1
split_feature=151 151 98 62 28 6 0 87 56 84 119 104 118 15
split_gain=53.2328 18.8233 10.8677 11.1615 13.4753 9.08148 9.09601 9.31697 8.81731 9.23075 9.99674 11.7143 12.7872 10.7428
threshold=5.1038219627132824 3.8490826385811467 -0.062815379065379109 5.5000000000000009 4.4900000000000011 5.5000000000000009 0 0.64251984126894979 0.68990384615384626 0.70483644299287274 -0.022411616161586295 0.93933823529411775 -0.0086857910918385819 -1.1213235294117643
decision_type=2 2 10 10 10 2 1 10 10 10 8 2 8 2
left_child=1 8 -3 -4 -5 -6 -7 -8 9 10 13 -12 -13 -1
right_child=-2 2 3 4 5 6 7 -9 -10 -11 11 12 -14 -15
leaf_value=-0.0014949671527659733 -0.014145720383998599 -0.0066649231713867794 0.0085989250968247395 -0.0084600411512243314 -0.0048024688792630893 -0.002411034422174347 0.013485850850893443 -0.0020087578916354108 -0.0061844974479391577 -0.0017338515053441838 0.00056716299577583957 0.0044659287347895722 -0.0049535369328565807 0.002878149061492761
leaf_weight=601.44270836375654 222.49203837104142 516.67627208586782 81.417178586125374 199.20727060455829 146.68700434826314 106.24198852386326 100.80021497048438 44.989271650090814 164.46007990278304 1487.2626293562353 9962.6352989133447 148.37484443187714 655.62895802222192 2908.463993286714
leaf_count=6509 34653 27436 3832 10952 7768 5654 5517 2221 1632 21535 107759 1403 6792 30373
internal_value=-3.99353e-05 0.000155558 -0.00345037 -0.000914366 -0.00238849 0.000841719 0.00421198 0.00843823 0.000429311 0.000504124 0.000738841 0.000284426 -0.00316527 0.00212562
internal_weight=17346.8 17124.3 1196.02 679.343 597.926 398.718 252.031 145.789 15928.3 15763.8 14276.5 10766.6 804.004 3509.91
internal_count=274036 239383 63380 35944 32112 21160 13392 7738 176003 174371 152836 115954 8195 36882
cat_boundaries=0 1
cat_threshold=533
is_linear=0
shrinkage=0.03


Tree=114
num_leaves=15
num_cat=1
split_feature=152 152 104 108 103 117 134 133 13 89 99 0 154 75
split_gain=50.7184 13.8868 12.0716 10.7909 10.5962 9.90964 9.46744 10.7863 11.0537 9.44835 11.0967 9.88349 12.2176 12.9642
threshold=0.0064598356318393462 0.037306525805610287 0.87083333333333346 0.30277777777777787 -0.14653988967550358 -0.060996065401665564 0.097795542635658927 7.5000000000000009 0.18465909090909094 0.23851159676833697 0.14052933510137269 0 2.1213895579778863 1250.0000000000002
decision_type=2 2 2 8 8 8 2 2 2 8 10 1 2 10
left_child=4 2 3 -2 -1 -5 -3 8 -8 11 -11 -7 13 -13
right_child=1 6 -4 5 -6 9 7 -9 -10 10 -12 12 -14 -15
leaf_value=0.00030169085247263699 -0.0068611120039963475 0.00044491817016804452 -0.007312612057379592 -0.0044308150169392758 -0.013137626149019178 -0.0011472976493503292 -0.0045965534919226222 -0.005875861408303225 0.0077980701816889736 -0.00041035092384330971 -0.0094436852365621087 -0.0026531284971263989 -0.00068756610400295026 0.0093709956084151499
leaf_weight=62.603725833818316 241.35822047572583 13359.555061325431 287.57143380865455 437.22666414733976 300.80492386640981 519.01787486113608 66.059762578457594 67.626005601137877 413.81234618276358 681.87671417370439 134.57205292768776 93.655303568579257 288.5822479929775 390.31160767748952
leaf_count=7189 6235 124012 9966 16185 40584 15651 497 625 3215 22551 4078 2814 9045 11389
internal_value=-3.95056e-05 0.000202381 -0.00161748 -0.000993752 -0.0109023 -0.000400429 0.000605974 0.00441924 0.0060042 0.000460919 -0.00204279 0.00204889 0.00413914 0.00703433
internal_weight=17344.6 16981.2 3074.17 2786.6 363.409 2545.24 13907.1 547.498 479.872 2108.02 816.449 1291.57 772.549 483.967
internal_count=274036 226263 97914 87948 47773 81713 128349 4337 3712 65528 26629 38899 23248 14203
cat_boundaries=0 1
cat_threshold=777
is_linear=0
shrinkage=0.03


Tree=115
num_leaves=15
num_cat=1
split_feature=151 152 154 34 44 117 65 144 0 115 21 111 100 104
split_gain=49.2033 17.2647 8.90847 11.7433 9.67693 11.9016 9.57415 11.1862 10.9704 12.4393 9.74206 9.28497 11.4316 9.73198
threshold=5.1038219627132824 0.018895518052587035 2.2184820653350124 0.36228448275862074 0.29166666666666669 0.1021120291044099 1.0000000180025095e-35 0.14780606825710482 0 0.10043382016674515 18.500000000000004 -0.083376058422143393 0.54006410256410264 0.81009615384615397
decision_type=2 2 2 2 10 10 10 2 1 10 2 10 10 2
left_child=1 -1 -3 4 6 -6 7 10 -9 -10 11 -4 13 -13
right_child=-2 2 3 -5 5 -7 -8 8 9 -11 -12 12 -14 -15
leaf_value=-0.0030605348278229536 -0.013762159309350621 0.00076875036749530937 -0.0038098068496552123 0.0058933832624197 -0.010753220361801524 7.0716940570033458e-05 -0.0039238571903577523 -0.00407866715754889 0.011363191895159715 -0.0039862529382255823 -0.0096638491244921045 0.0085611782167515429 -0.00084509456382491331 -0.005233348291352297
leaf_weight=1373.7602042993531 217.01586368214339 12834.82750772126 412.21460381150246 188.8673364315182 196.44094900600612 160.73576702177525 649.0865326281637 77.616955012083054 202.45039518177509 52.531766653060913 90.168214533478022 246.32455991953611 595.09937707521021 45.279838444665074
leaf_count=69561 34653 132777 6721 2021 2064 1583 8342 629 1661 413 1456 3757 7750 648
internal_value=-3.94753e-05 0.000146312 0.000428639 -0.00106422 -0.00157552 -0.00607573 -0.000863593 0.000314073 0.00513002 0.00786383 -0.000881531 -0.000168516 0.00155948 0.00626795
internal_weight=17342.4 17125.4 15751.6 2916.82 2727.95 357.177 2370.77 1721.69 332.599 254.982 1389.09 1298.92 886.704 291.604
internal_count=274036 239383 169822 37045 35024 3647 31377 23035 2703 2074 20332 18876 12155 4405
cat_boundaries=0 1
cat_threshold=266
is_linear=0
shrinkage=0.03


Tree=116
num_leaves=15
num_cat=0
split_feature=151 152 51 154 129 105 50 152 17 35 41 89 13 154
split_gain=47.082 16.2879 8.98761 8.78241 10.3564 14.5975 11.4769 10.1053 9.16495 10.0172 9.32781 19.1467 10.8853 11.7053
threshold=5.1038219627132824 0.018895518052587035 -0.034383849297076559 1.7271110081475349 1.5000000000000002 0.0025520980378317339 0.3078737686185527 0.46570839807042735 20.500000000000004 273.50000000000006 0.29166666666666669 0.23851159676833697 0.94281045751633996 2.1423111339028202
decision_type=2 2 10 2 2 2 10 2 2 10 10 10 2 2
left_child=1 -1 -2 7 5 -5 -7 -3 9 10 11 -6 13 -12
right_child=2 3 -4 4 8 6 -8 -9 -10 -11 12 -13 -14 -15
leaf_value=-0.0029784396374989228 -0.016256998041539662 0.0025609583535649428 -0.00036459738625001042 -9.215941858582984e-05 0.0033166881459343982 -0.0054770460451584891 0.0054358970864402303 -0.00322615282171834 -0.003543051589051023 -0.009602963204621685 0.001604304729479878 -0.0026194872094347601 -0.0042084223663694381 -0.001273250975307958
leaf_weight=1369.7518799742684 174.71665957150981 2489.6805820912123 39.371055132243782 2420.8065178655088 2571.7087127435952 871.66236272081733 84.160262875258923 291.69456891715527 445.48344202898443 67.732253652065992 3483.8843283206224 591.13808329589665 452.82488603517413 1985.6111728716642
leaf_count=69561 29063 22464 5590 27092 33631 11068 807 1831 6158 920 31007 8685 4391 21768
internal_value=-3.93265e-05 0.00014127 -0.0135496 0.000415051 8.62961e-05 -0.00133911 -0.00444702 0.00193999 0.000589047 0.00079563 0.000888855 0.00220009 0.000184796 0.00055903
internal_weight=17340.2 17126.1 214.088 15756.4 12975 3376.63 955.823 2781.38 9598.38 9152.9 9085.17 3162.85 5922.32 5469.5
internal_count=274036 239383 34653 169822 145527 38967 11875 24295 106560 100402 99482 42316 57166 52775
is_linear=0
shrinkage=0.03


Tree=117
num_leaves=15
num_cat=0
split_feature=144 117 135 129 144 104 128 16 118 13 55 35 154 122
split_gain=45.5813 15.3657 11.1803 11.5849 13.5291 12.8038 10.9077 10.433 14.2892 10.3315 11.6355 19.3244 13.8464 14.0654
threshold=0.024191545538525212 -0.0062969704531496964 19.500000000000004 1.5000000000000002 0.06076019709258227 0.83854166666666685 0.1381977065730414 -50.620192307692314 -0.014045584297900851 0.87083333333333346 0.26587301587308815 57.500000000000007 2.2184820653350124 0.11334682860998652
decision_type=2 10 2 2 2 2 8 2 10 2 10 10 2 2
left_child=1 -1 3 4 5 6 -2 8 -5 10 11 -9 -12 -14
right_child=2 -3 -4 7 -6 -7 -8 9 -10 -11 12 -13 13 -15
leaf_value=-0.012400116826371347 -0.0057350877805045332 -0.0013129880534708373 -0.0048380233961741112 0.0047353914300051984 0.00025727424089397414 -0.0085664370384704695 3.2838047846519335e-05 0.0013594838038401265 -0.012359412081040749 -0.00097649846512429456 0.0026982907963865261 -0.0043109010594372475 -0.0049797519007120346 0.0014256182073715609
leaf_weight=333.96634275093675 416.27823786251247 171.74416140094399 367.77785177296028 59.246135829947889 3203.5349635183811 296.97385865449905 933.82733641657978 1789.0837841760367 105.21866501681507 2005.0278592514805 5517.410330649931 757.64177046203986 441.37986456276849 938.89881741441786
leaf_count=37125 10907 11247 7079 1008 26205 9197 24848 17945 1839 25255 74002 8821 6066 12492
internal_value=-3.92264e-05 -0.00878111 0.000231 0.00034853 -0.000881023 -0.00307733 -0.00178906 0.000862534 -0.00632017 0.000973844 0.00138879 -0.0003428 0.00202747 -0.00065418
internal_weight=17338 505.711 16832.3 16464.5 4850.61 1647.08 1350.11 11613.9 164.465 11449.4 9444.41 2546.73 6897.69 1380.28
internal_count=274036 48372 225664 218585 71157 44952 35755 147428 2847 144581 119326 26766 92560 18558
is_linear=0
shrinkage=0.03


Tree=118
num_leaves=15
num_cat=1
split_feature=151 152 51 123 34 8 153 121 122 0 32 58 151 58
split_gain=43.8527 14.6804 8.71184 8.52182 14.257 12.4134 9.89143 8.9973 12.1551 13.0474 11.8479 10.8559 9.71032 11.0461
threshold=5.1038219627132824 0.018895518052587035 -0.034383849297076559 -5.3333333333333419 0.29724702380952389 2.5000000000000004 0.3154142874010652 0.0045977254470891656 0.11368092691622105 0 1.5357142857142858 0.81534090909090928 1.2946333325561217 0.20714285714285716
decision_type=2 2 10 8 2 2 2 8 2 1 10 10 2 8
left_child=1 -1 -2 4 5 -3 -6 10 -9 -10 11 -5 13 -11
right_child=2 3 -4 7 6 -7 -8 8 9 12 -12 -13 -14 -15
leaf_value=-0.0028366091329478996 -0.015927187592011342 0.0038842710495012311 -0.00025730055259000914 0.00028324218840337304 -0.00022197219887305921 -0.0036782648721881148 0.010574870644055658 -0.0019442348745246976 0.0023136480405645172 -0.0032128274181645639 0.0022214377950455157 -0.0073285648378813547 -0.0024813175855383273 0.0081879601668876003
leaf_weight=1362.8421037374064 170.38324219221249 214.84327179193497 39.177633215207607 2870.2395485304296 177.13547259196639 1370.3013027701527 118.44637385383248 2281.8159102275968 2167.333154976368 120.21144990622997 4893.5309815686196 164.10373328626156 1217.0219196453691 168.48495548963547
leaf_count=69561 29063 2164 5590 29669 1869 16181 1040 24629 23737 775 51343 2464 14855 1096
internal_value=-3.93568e-05 0.000133228 -0.0132106 0.00039244 -0.00149505 -0.00262647 0.00440634 0.00064948 -0.000231553 0.000835999 0.00131044 -0.000162445 -0.00129944 0.00351653
internal_weight=17335.9 17126.3 209.561 15763.5 1880.73 1585.14 295.582 13882.7 5954.87 3673.05 7927.87 3034.34 1505.72 288.696
internal_count=274036 239383 34653 169822 21254 18345 2909 148568 65092 40463 83476 32133 16726 1871
cat_boundaries=0 1
cat_threshold=425
is_linear=0
shrinkage=0.03


Tree=119
num_leaves=15
num_cat=1
split_feature=151 151 98 62 28 6 112 51 56 0 35 55 122 22
split_gain=41.9827 13.8306 10.5488 10.4767 13.0193 8.77102 8.76652 8.46342 8.32228 8.88986 8.36777 12.585 10.041 10.0869
threshold=5.1038219627132824 3.8490826385811467 -0.062815379065379109 5.5000000000000009 4.4900000000000011 5.5000000000000009 0.10416666666666906 -0.034383849297076559 0.68990384615384626 0 104.50000000000001 0.24831649831503458 0.11242644998599048 0.12981481481481486
decision_type=2 2 10 10 10 2 10 10 10 1 10 10 2 2
left_child=1 8 -3 -4 -5 -6 -7 -2 10 -10 -1 -12 -13 -14
right_child=7 2 3 4 5 6 -8 -9 9 -11 11 12 13 -15
leaf_value=0.00064413354621450263 -0.01571700088254287 -0.0061885589623720582 0.0087251638157739911 -0.0079831903734521124 -0.0043844103082141565 0.008883413701587491 -0.002084228620141996 -0.00025176527993725029 0.0034664092355547833 -0.010048719609581234 -0.0066241010097124551 -0.0044785263635727717 0.00025162263356816848 0.0096693469364263433
leaf_weight=14459.527263343334 167.72309644892812 506.5716138323769 81.112840045243502 194.80970730353147 144.16957815457135 147.65777549054474 101.91928307153285 39.167700398247689 53.617114301770926 110.2330268882215 345.74337634816766 303.39879902638495 567.57969623990357 110.10642686486244
leaf_count=157705 29063 27436 3832 10952 7768 7983 5409 5590 523 1109 4075 3877 7512 1202
internal_value=-3.85259e-05 0.000129344 -0.00298909 -0.000486287 -0.00194107 0.00123158 0.00454034 -0.0130041 0.000361903 -0.00607436 0.000434409 -0.00183278 -6.99436e-05 0.00195801
internal_weight=17333.3 17126.4 1176.24 669.669 588.556 393.747 249.577 206.891 15950.2 163.85 15786.4 1326.83 981.085 677.686
internal_count=274036 239383 63380 35944 32112 21160 13392 34653 176003 1632 174371 16666 12591 8714
cat_boundaries=0 1
cat_threshold=548
is_linear=0
shrinkage=0.03


Tree=120
num_leaves=15
num_cat=0
split_feature=144 117 135 129 105 8 16 118 13 63 107 32 47 103
split_gain=40.4953 14.4243 10.5921 10.686 18.1558 12.7932 9.88942 13.6685 9.72389 11.4004 11.1591 9.852 14.5499 14.0777
threshold=0.024191545538525212 -0.016433469708285232 19.500000000000004 1.5000000000000002 0.0032668415231732859 2.5000000000000004 -50.620192307692314 -0.014045584297900851 0.87083333333333346 1.1666666666666667 -0.056746085995583596 2.0416666666666674 0.23611111111111113 0.050570843930031674
decision_type=2 10 2 2 2 2 2 10 2 10 2 10 10 10
left_child=1 -1 3 4 -2 -6 7 -5 9 -8 -11 12 -12 -14
right_child=2 -3 -4 6 5 -7 8 -9 -10 10 11 -13 13 -15
leaf_value=-0.01234433242365904 0.00015832255693579403 -0.0018171417068107085 -0.0047289611810069198 0.0045868194583837101 0.0020634668300558686 -0.0057736079957155101 -0.0043779955383122108 -0.01214376877474971 -0.00096338413294786741 -0.0038832524525402659 -0.00046672490213229038 0.0025935045637304763 0.0054318309484434162 -0.0044771052577503908
leaf_weight=299.89509010734037 3724.5173400379717 195.96734545892105 366.39595864992589 59.496619732584804 227.94027972687036 893.00018957257271 290.63426683563739 104.17226850567386 2004.136817866005 318.07419692538679 2919.6439733621664 5013.0546722002327 772.22273279493675 142.52005279716104
leaf_count=35102 52441 13270 7079 1008 3207 15509 2235 1839 25255 8027 36451 63970 6846 1797
internal_value=-3.82761e-05 -0.00835945 0.000214029 0.000328199 -0.000853641 -0.00417376 0.000821316 -0.00618741 0.000929367 0.00133141 0.00151931 0.00171978 0.00057182 0.00384066
internal_weight=17331.7 495.862 16835.8 16469.4 4845.46 1120.94 11624 163.669 11460.3 9456.15 9165.52 8847.44 3834.39 914.743
internal_count=274036 48372 225664 218585 71157 18716 147428 2847 144581 119326 117091 109064 45094 8643
is_linear=0
shrinkage=0.03


Tree=121
num_leaves=15
num_cat=0
split_feature=151 151 148 121 84 154 24 24 54 130 17 123 123 130
split_gain=39.0793 12.6115 9.40992 10.4983 11.3032 10.5406 9.01976 15.5739 15.5152 15.4649 13.5952 11.3402 14.2566 9.05032
threshold=5.1038219627132824 3.5010415791527305 1.227173624412899 0.0093677328770128566 -0.60652514855533457 1.83868509578373 5.1126984126984132 5.7530487804878057 0.53589743589743599 0.071877386276862673 17.500000000000004 6.8333333333333437 3.6666666666666861 0.074510889627168717
decision_type=2 2 8 10 10 2 10 10 10 2 2 10 10 2
left_child=1 -1 3 4 5 -3 -6 10 13 -10 -8 12 -11 -9
right_child=-2 2 -4 -5 6 -7 7 8 9 11 -12 -13 -14 -15
leaf_value=0.00041071850718970193 -0.012669156151250933 0.0059678829273645765 -0.0049546996056023121 -0.0057592923065083162 -0.0032592862091194654 -0.0092444991005044535 0.02238566161801582 0.0058650353362179426 -0.0090312545015114008 0.0073858494626504621 -0.004096585947736855 -0.0097459580203727077 0.027846509122642873 -0.0063184626966027316
leaf_weight=15223.952331308275 202.68784822057933 43.819921152666211 681.28954127803445 259.1683702962473 177.47823932860047 142.24948486499488 52.756423448212445 62.103742669336498 35.17582056298852 203.68351528048515 17.965762050822377 14.048576251603661 26.623480127193034 187.01590879820287
leaf_count=155576 34653 1624 32314 11007 7073 5749 1980 2604 1646 9444 729 637 1204 7796
internal_value=-3.81919e-05 0.00012224 -0.00217029 -0.000576784 0.000885023 -0.00548399 0.0024855 0.00422461 0.00223261 0.00691938 0.0161186 0.00960506 0.0113092 -0.00312061
internal_weight=17330 17127.3 1903.38 1222.09 962.921 186.069 776.851 599.373 528.651 279.531 70.7222 244.356 230.307 249.12
internal_count=274036 239383 83807 51493 40486 7373 33113 26040 23331 12931 2709 11285 10648 10400
is_linear=0
shrinkage=0.03


Tree=122
num_leaves=15
num_cat=1
split_feature=152 151 0 13 27 34 19 67 86 10 109 140 84 153
split_gain=37.9824 13.397 9.94729 15.2571 14.368 11.6468 9.91584 9.02912 8.90531 8.13462 11.691 14.585 9.01324 11.201
threshold=0.0041745393042925327 3.8490826385811467 0 0.2817460317460318 0.2245689655172414 0.28297101449275369 0.1732731554160126 1.0000000180025095e-35 0.77312191348695103 417.00000000000006 -2.1873397435897433 0.0772713041498264 0.70483644299287274 0.25608342065234407
decision_type=2 2 1 2 2 2 2 10 8 2 10 2 10 2
left_child=-1 9 3 -3 6 -4 -5 8 -8 10 -2 -12 -11 -14
right_child=1 2 5 4 -6 -7 7 -9 -10 12 11 -13 13 -15
leaf_value=-0.014240579919253938 -0.009262632335715032 -0.007859195638638938 -0.0068053957340634885 -0.00478964996839998 -0.0016212966212069508 0.0080201682581103866 0.018217321616263767 -0.003901255321686991 -0.0013218577448063883 0.00066544045636712367 -0.0063566303967414403 0.010609539738953361 -0.0053797066252709623 0.0001061697114296869
leaf_weight=152.80739632854238 173.46342431753874 155.40120716392994 561.06033485662192 30.657664107624441 282.11178903281689 39.539456870872527 101.83132065972313 21.228391898795962 23.228695782832801 14170.873149922118 82.547997806221247 71.14805948920548 497.83301054872572 964.19279532879591
leaf_count=28215 2011 8997 32583 1782 16275 2028 5559 1086 1508 150470 1304 1062 7574 13582
internal_value=-3.70485e-05 0.000101637 -0.00291533 -0.000161265 0.00260748 -0.0055673 0.00894939 0.0120063 0.0148352 0.000333844 -0.00424291 0.00174227 0.0004336 -0.00179748
internal_weight=17327.9 17175.1 1215.06 614.459 459.058 600.6 176.946 146.288 125.06 15960.1 327.159 153.696 15632.9 1462.03
internal_count=274036 245821 69818 35207 26210 34611 9935 8153 7067 176003 4377 2366 171626 21156
cat_boundaries=0 1
cat_threshold=170
is_linear=0
shrinkage=0.03


Tree=123
num_leaves=15
num_cat=1
split_feature=152 152 55 48 3 10 27 105 109 140 154 19 122 35
split_gain=36.408 12.6936 12.7398 10.5942 10.0592 9.81729 9.43214 10.8114 9.32241 16.3822 9.12231 11.5285 8.78147 13.8777
threshold=0.0041745393042925327 0.013936205915647789 0.45972222222205045 15.770276830184665 0 417.00000000000006 0.22029411764705883 -0.022024823627147454 -2.1873397435897433 0.0772713041498264 2.3053633128505018 0.39758158508158509 0.11018678657903841 76.500000000000014
decision_type=2 2 10 10 1 2 2 2 8 2 2 2 2 8
left_child=-1 2 4 -4 -2 8 7 -5 -3 -10 12 -12 13 -7
right_child=1 5 3 6 -6 10 -8 -9 9 -11 11 -13 -14 -15
leaf_value=-0.014032995714847717 0.0099772610398086003 -0.011113044529054055 -0.007096876115976803 -0.005360984256159467 -0.0084521974891616936 0.00055163329953595891 -0.002227022015149883 0.010368602727448462 -0.0070774244259042118 0.0083998011130495733 -0.0024790250382536331 0.0096357812582808667 0.00096518910891820375 -0.0041984199853747194
leaf_weight=150.67027247976512 16.29145789379254 113.24302985519171 132.50952487625182 41.327681314665824 371.02341356966645 1708.1313325315714 198.18016473716125 149.40430709533393 138.50550691597164 87.88754746504128 1366.4183265566826 59.902256805449724 11990.669180566445 801.93721593357623
leaf_count=28215 1028 1205 8759 2669 24296 18463 12462 9411 2315 1364 19074 651 134644 9480
internal_value=-3.66812e-05 9.82383e-05 -0.0033229 -0.000221733 -0.00733392 0.000292245 0.00229732 0.00681795 -0.00464521 -0.000920444 0.000401805 -0.00187524 0.000627487 -0.000981878
internal_weight=17326.1 17175.4 908.737 521.422 387.315 16266.7 388.912 190.732 339.636 226.393 15927.1 1426.32 14500.7 2510.07
internal_count=274036 245821 58625 33301 25324 187196 24542 12080 4884 3679 182312 19725 162587 27943
cat_boundaries=0 1
cat_threshold=4
is_linear=0
shrinkage=0.03


Tree=124
num_leaves=15
num_cat=1
split_feature=152 152 109 153 55 137 55 15 80 91 33 24 0 145
split_gain=34.8944 12.1727 11.3984 11.0501 10.1262 9.30802 9.99633 9.67509 8.98404 10.0259 10.7183 13.7785 11.4443 11.8205
threshold=0.0041745393042925327 0.045622487434631244 -3.1039351851851849 0.46707909178713253 0.60000000000157649 529.50000000000011 0.76969696969536028 -1.2928921568627449 -198.33333333333334 1.0000000180025095e-35 12.500000000000002 8.7801932367149771 0 0.80625000000000013
decision_type=2 2 8 2 8 2 10 2 10 2 2 8 1 2
left_child=-1 2 -2 4 8 6 -6 -7 -4 -10 11 12 -11 -14
right_child=1 -3 3 -5 5 7 -8 -9 9 10 -12 -13 13 -15
leaf_value=-0.013826108836333128 -0.010361031766041874 0.00053539838348845906 -0.0043245716480650072 0.0033664595764056116 -0.0062571616689554889 -0.0096203909437346923 0.00021322856472741507 0.0038742099253696329 -0.00095543649002890118 0.0010972533748372386 -0.0047732060929192872 -0.0044475067729334156 0.015046651360880157 -0.0042915754296707718
leaf_weight=148.59322830662131 107.7012647385709 13172.189185779542 379.1882089972496 435.37400886649266 880.91674414649606 44.425886625424027 281.4289247863926 233.46305071562529 1089.9282214348204 149.56671083159745 93.014977279584855 85.520751603879035 196.85428655426949 26.188904780894518
leaf_count=28215 2504 115331 12081 12955 31741 1819 11240 8390 33170 4252 2829 3209 4967 1333
internal_value=-3.62728e-05 9.49877e-05 -0.0013506 -0.00106272 -0.0016321 -0.00354018 -0.00470778 0.00133463 -0.000255767 0.00071503 0.00395628 0.00582378 0.00826211 0.0121387
internal_weight=17324.4 17175.8 4003.57 3895.87 3460.5 1440.23 1162.35 277.889 2020.26 1641.07 551.146 458.131 372.61 223.043
internal_count=274036 245821 130490 127986 115031 53190 42981 10209 61841 49760 16590 13761 10552 6300
cat_boundaries=0 1
cat_threshold=284
is_linear=0
shrinkage=0.03


Tree=125
num_leaves=15
num_cat=0
split_feature=144 117 135 129 84 98 104 75 147 16 118 116 19 128
split_gain=33.4441 13.4485 9.86936 9.54031 12.3785 11.2811 14.4809 11.7357 9.28919 9.10094 13.0537 9.5394 12.611 10.9567
threshold=0.024191545538525212 -0.0062969704531496964 19.500000000000004 1.5000000000000002 -0.36033566895735336 -0.04212045670379002 0.67156862745098056 1250.0000000000002 -0.044477341025109723 -50.620192307692314 -0.014045584297900851 1.0000000180025095e-35 0.35992005813953493 0.084369996876858408
decision_type=2 10 2 2 10 8 2 10 8 2 10 10 2 10
left_child=1 -1 3 4 5 7 -7 -2 -9 10 -5 13 -13 -11
right_child=2 -3 -4 9 -6 6 -8 8 -10 11 -12 12 -14 -15
leaf_value=-0.011247626685738877 0.011704083790393328 -0.00074523706688253309 -0.0045928271453254772 0.0045070555969079426 -0.0029464879942961704 0.00060995401792551514 -0.0046562409321758598 0.0085715696463272394 -0.00042848699313453777 -0.001931341427233073 -0.01186139916458794 0.0014252515992720031 0.0075568799713807266 0.00086083519833182016
leaf_weight=313.17163785127923 117.76086870906875 168.23458911431953 364.6303340299055 59.63340380648151 1617.3329276214354 1948.328367525246 603.22438377421349 120.06331614591181 432.22695952001959 1750.9728610203601 102.85539606073871 4973.9433811721392 307.79360493924469 4442.4070718772709
leaf_count=37125 1088 11247 7079 1008 29403 26155 9682 1234 3595 20240 1839 68600 2812 52929
internal_value=-3.61884e-05 -0.00771083 0.000189858 0.000299782 -0.000818056 0.000259178 -0.000654988 0.00367844 0.00170296 0.000765035 -0.00598096 0.000868243 0.00180296 6.86808e-05
internal_weight=17322.6 481.406 16841.2 16476.5 4838.94 3221.6 2551.55 670.051 552.29 11637.6 162.489 11475.1 5281.74 6193.38
internal_count=274036 48372 225664 218585 71157 41754 35837 5917 4829 147428 2847 144581 71412 73169
is_linear=0
shrinkage=0.03


Tree=126
num_leaves=15
num_cat=1
split_feature=152 152 101 0 87 6 55 122 107 28 152 57 147 84
split_gain=32.6192 11.1098 8.33801 8.28828 14.1206 13.8943 10.8969 11.8277 10.0751 11.2155 9.77298 8.85011 8.80165 11.9426
threshold=0.0041745393042925327 0.018895518052587035 -0.012025833277370229 0 0.64251984126894979 4.5000000000000009 0.45972222222205045 0.11856211317418215 -0.066712764501871691 6.4749373433583974 0.015608203853121687 0.083333333333334522 -0.10373631250907539 -0.36033566895735336
decision_type=2 2 10 1 10 2 10 2 2 10 2 10 8 10
left_child=2 3 -1 4 5 10 7 -7 -8 -10 -2 -5 -13 -14
right_child=1 -3 -4 11 -6 6 8 -9 9 -11 -12 12 13 -15
leaf_value=-0.015829203400653198 -0.0086584403824493637 0.00031733447184648442 0.0040263619654825819 -0.0065950841440703964 -0.0061642492934754715 -0.0069759595948421143 -0.0072545583560203906 0.0083488265091628822 0.0042027886270027646 0.019885643016673515 0.0081193861702730588 -0.0043531572205507078 -0.0035664311533985717 0.019030629442705865
leaf_weight=129.64855208341032 112.67465505562723 15788.762732325122 15.774841858539729 532.84067409904674 221.22162744775414 85.499896307475865 16.223670025821775 67.565089019015431 89.419603907968849 81.333559275604784 28.380303166806698 89.101541043724865 31.796837402973324 30.456358521711081
leaf_count=25529 7151 169822 2686 30012 10652 4929 1004 3999 5027 4535 987 4707 1493 1503
internal_value=-3.5296e-05 9.0393e-05 -0.0135003 -0.00246961 -0.000128057 0.00274743 0.00596052 -6.99825e-05 0.0105358 0.0126755 -0.00482677 -0.00474913 0.00147273 0.00903737
internal_weight=17320.7 17175.3 145.423 1386.51 702.318 481.097 340.042 153.065 186.977 170.753 141.055 684.195 151.355 62.2532
internal_count=274036 245821 28215 75999 38284 27632 19494 8928 10566 9562 8138 37715 7703 2996
cat_boundaries=0 1
cat_threshold=170
is_linear=0
shrinkage=0.03


Tree=127
num_leaves=15
num_cat=0
split_feature=145 10 135 122 150 103 155 19 15 108 118 130 147 121
split_gain=28.7451 10.3535 11.1112 11.5071 17.5007 15.925 15.9069 13.8257 11.7891 11.2289 11.0486 10.2522 11.2306 14.3083
threshold=0.91987179487179505 417.00000000000006 19.500000000000004 0.11620532139477326 0.35730446024563683 0.14252196388310021 0.30854390169055218 0.39680527383367142 -0.87083333333333346 0.9472222222222223 -0.011804616801434043 0.074510889627168717 -0.063089578744448219 -0.021378947849536079
decision_type=2 2 2 2 10 8 2 2 2 10 8 2 10 8
left_child=1 -1 3 5 7 -3 9 11 -7 -6 -10 -5 13 -13
right_child=-2 2 -4 4 6 8 -8 -9 10 -11 -12 12 -14 -15
leaf_value=-0.0046663220742277833 -0.0092303459407000309 0.00050967746788678047 -0.0047797073892047442 0.0055198704427081033 -0.0032986122273288465 -0.0060121071600611571 0.0084230461821954098 0.010005719457053591 0.0022116890680447979 0.01200106485062493 -0.0025533412341021563 -0.0073736001020939905 -6.7795553110844205e-05 0.0029559003086370391
leaf_weight=381.02150623081252 285.61101166019216 5435.6204848405905 372.44948008004576 529.01939065707847 1271.7021310511045 584.71560279093683 109.61757884500548 165.47934206202626 591.58683001901954 30.208328605163842 1573.4626051546074 112.01130180759355 3046.1120839021169 2830.3074982841499
leaf_count=8309 33586 61339 7563 9110 22279 12205 2015 1438 10409 1325 24966 2392 29039 48061
internal_value=-3.42335e-05 0.000127951 0.000241749 0.000360924 0.00116198 -0.000431907 -0.00185915 0.00180281 -0.00228586 -0.00281096 -0.00124507 0.00157204 0.00121037 0.00252726
internal_weight=17318.9 17033.3 16652.3 16279.8 8094.46 8185.39 1411.53 6682.93 2749.77 1301.91 2165.05 6517.45 5988.43 2942.32
internal_count=274036 240450 232141 224578 115659 108919 25619 90040 47580 23604 35375 88602 79492 50453
is_linear=0
shrinkage=0.03


Tree=128
num_leaves=15
num_cat=1
split_feature=152 84 10 135 104 23 112 130 103 144 0 119 48 32
split_gain=30.6119 10.5523 11.4321 11.1885 12.1923 17.277 10.9555 9.92063 12.0836 9.43607 9.41165 9.24371 9.42632 10.2806
threshold=0.0041745393042925327 0.70483644299287274 417.00000000000006 19.500000000000004 0.83854166666666685 0.31291666666666673 0.12501526251530024 0.086632302405498296 -0.79749563738442919 0.0620629284754265 0 0.030076497576492115 16.856085066081196 1.7750000000000001
decision_type=2 10 2 2 2 2 8 2 10 2 1 10 8 10
left_child=-1 2 -2 4 -4 6 7 8 10 -8 -6 -7 13 -13
right_child=1 -3 3 -5 5 11 9 -9 -10 -11 -12 12 -14 -15
leaf_value=-0.013195984662290196 -0.0049248424189976591 -0.0020868650837113489 0.0010092899414083146 -0.004870202983117463 -0.0042069749297090498 0.0044106528292276962 -0.010843470268375731 -0.0058059658893226803 -0.0013245822291913173 -0.0029365045994160172 0.009940528336766662 0.010457087495015062 -0.010062994196774205 -0.0042875093603132923
leaf_weight=142.57072206307203 347.40058110887185 1783.9383374922909 11931.588387775701 330.48266484308988 44.632827927358449 587.15062657091767 218.83940798602998 311.60909078456461 888.07990299770609 363.6203890144825 142.56173999235034 57.963257543742657 78.449845134280622 88.563212019391358
leaf_count=28215 6876 40094 158662 6856 473 4984 6572 2752 11925 3209 1446 501 697 774
internal_value=-3.32318e-05 8.74534e-05 0.000341261 0.000467656 0.000592392 -0.00119178 -0.00270479 -0.00122676 0.00016189 -0.00610493 0.00678905 0.00245966 -0.00258955 0.00197463
internal_weight=17317.5 17174.9 15390.9 15043.5 14713.1 2781.47 1969.34 1386.88 1075.27 582.46 187.195 812.127 224.976 146.526
internal_count=274036 245821 205727 198851 191995 33333 26377 16596 13844 9781 1919 6956 1972 1275
cat_boundaries=0 1
cat_threshold=577
is_linear=0
shrinkage=0.03


Tree=129
num_leaves=15
num_cat=2
split_feature=152 151 104 57 108 102 106 2 0 53 58 154 150 136
split_gain=29.322 10.1984 12.001 9.9256 12.7658 12.3161 10.9157 9.40829 10.9282 9.64735 8.84985 8.33309 10.0141 8.26075
threshold=0.0041745393042925327 2.6497083809956692 0.87083333333333346 0.20138888888876258 0.69337606837606847 0.38675213675213682 0.20294117647058826 0 1 0.58287037037249945 0.81534090909090928 1.4297488781424199 0.04166666666666665 0.095626432391138286
decision_type=2 2 2 10 10 8 2 9 1 8 10 2 10 2
left_child=-1 10 3 5 -5 -3 -6 -4 9 -9 11 12 -2 -12
right_child=1 2 7 4 6 -7 -8 8 -10 -11 13 -13 -14 -15
leaf_value=-0.01299266101719676 0.0015194732220177238 0.0036614060962108781 -0.0073933157971123997 -0.0061134393719560363 -0.0071833087068823888 -0.00077399637216213541 0.009673504824024768 0.014963849778152816 -0.0086977249456076655 -0.0061610678824674699 -0.0053165548144672942 0.00055984150704755287 0.012202950078292607 0.0062178219708581787
leaf_weight=140.72075162967667 238.91770977526903 670.13249743683264 388.97428303863853 504.01904203370214 39.456732349004596 3157.2724504279904 86.213211258873343 51.285256312228739 29.255362909752876 17.856450844090432 361.62665467336774 11470.617102518678 106.91183011233807 52.666668906807899
leaf_count=28215 1472 16706 12841 11961 1475 96289 2630 1279 740 464 3666 95136 673 489
internal_value=-3.3245e-05 8.41794e-05 -0.00106361 -0.000566147 -0.00400982 1.38509e-05 0.00417934 -0.00546028 0.00257343 0.00838578 0.000548927 0.000701827 0.00519222 -0.00368423
internal_weight=17315.9 17175.2 4944.47 4457.09 629.689 3827.4 125.67 487.371 98.3971 69.1417 12230.7 11816.4 345.83 414.293
internal_count=274036 245821 144385 129061 16066 112995 4105 15324 2483 1743 101436 97281 2145 4155
cat_boundaries=0 1 2
cat_threshold=85 107
is_linear=0
shrinkage=0.03


Tree=130
num_leaves=15
num_cat=1
split_feature=144 117 135 122 50 140 153 24 56 0 55 114 106 135
split_gain=28.2811 12.6037 8.25855 9.05251 14.021 14.8445 11.7631 13.1227 10.3543 13.4654 11.1667 18.3316 14.1457 12.7727
threshold=0.024191545538525212 -0.016433469708285232 19.500000000000004 0.11368092691622105 0.12084027558887024 0.09457348399771888 0.25489553971539775 3.4472222222222229 0.60555555555555574 0 0.87478956228966365 0.12500000000002276 0.32843137254901966 10.500000000000002
decision_type=2 10 2 2 10 2 2 10 10 1 10 10 2 2
left_child=1 -1 3 4 6 -6 -2 -8 10 -10 13 12 -12 -5
right_child=2 -3 -4 8 5 -7 7 -9 9 -11 11 -13 -14 -15
leaf_value=-0.011071053731686908 -0.0042436281360657014 -0.0010778752416169782 -0.0042281690796804475 0.00040930587906952008 0.0028687464947940505 -0.0046511327603476023 -0.0031274855766696753 0.00097602144654548233 0.0041362620559510796 -0.009085861356765668 -0.0035962340338596354 -0.0082957075027692423 0.019411825283393445 0.0035627199992033097
leaf_weight=279.30923231272027 1117.4775037928484 190.73477082699537 360.27681074244902 9066.5042353309691 1390.9739013966173 269.968814721331 1139.4387900340371 1774.5546140209772 89.788529057521373 179.69456845428795 26.142896669451147 32.665570202749223 85.342048224061728 1310.9406833066605
leaf_count=35102 15976 13270 7079 120430 12502 2384 13724 27954 926 1884 969 973 2453 18410
internal_value=-3.27794e-05 -0.00717475 0.000172732 0.000272678 -0.000694133 0.00161578 -0.00164827 -0.000636344 0.000782937 -0.00486859 0.000934411 0.00882462 0.0142299 0.000812231
internal_weight=17313.8 470.044 16843.8 16483.5 5692.41 1660.94 4031.47 2913.99 10791.1 269.483 10521.6 144.151 111.485 10377.4
internal_count=274036 48372 225664 218585 72540 14886 57654 41678 146045 2810 143235 4395 3422 138840
cat_boundaries=0 1
cat_threshold=548
is_linear=0
shrinkage=0.03


Tree=131
num_leaves=15
num_cat=0
split_feature=152 152 109 36 114 16 138 148 153 106 121 16 150 153
split_gain=27.4171 9.54072 10.6941 8.99968 8.58588 10.5001 13.0071 14.626 12.7763 10.871 10.7633 11.6283 10.5707 10.3227
threshold=0.0041745393042925327 0.06830590478145572 -3.1039351851851849 425.00000000000006 0.19464285714285554 -2.0555555555555425 0.091721941576982227 0.54718290992241247 0.45751879896779929 0.63762626262626265 0.0043956256279465188 -32.485294117647065 0.70690073815073828 0.26418006602578298
decision_type=2 2 8 10 10 2 2 10 2 2 10 2 8 2
left_child=-1 2 -2 -3 5 6 8 -8 9 10 11 -4 13 -7
right_child=1 3 4 -5 -6 12 7 -9 -10 -11 -12 -13 -14 -15
leaf_value=-0.012678210079592083 -0.0066212049006937421 0.0006901443457914769 -0.0036367396047248283 -0.0067395427254707098 -0.0038386166468313294 -0.0034080219019316078 0.013978033582812705 -0.0011074623032661525 0.0060941533593526021 -0.0040268839657075116 -0.0031828863704702337 0.0044623162844815703 -0.0050905378952157531 0.00099438863382419508
leaf_weight=137.94174829591066 264.67333316523582 11117.113631822169 190.46904323203489 133.79112266004086 640.07871508132666 706.89390750648454 128.20797219267115 93.580064821057022 301.2376646748744 522.43418666301295 372.55820274492726 734.60672511300072 555.85339329019189 1413.3411667374894
leaf_count=28215 4660 88177 6270 1121 18102 18379 3174 2663 7583 12021 11175 21591 15989 34916
internal_value=-3.24651e-05 8.00752e-05 -0.000893005 0.000592938 -0.000608313 -0.000186153 0.00127591 0.007946 0.000527643 -0.000435948 0.00103928 0.00276334 -0.00146627 -0.000487021
internal_weight=17312.8 17174.8 5923.93 11250.9 5659.26 5019.18 2343.09 221.788 2121.31 1820.07 1297.63 925.076 2676.09 2120.24
internal_count=274036 245821 156523 89298 151863 133761 64477 5837 58640 51057 39036 27861 69284 53295
is_linear=0
shrinkage=0.03


Tree=132
num_leaves=15
num_cat=0
split_feature=151 152 98 111 102 10 125 154 34 123 36 55 35 28
split_gain=26.4791 11.0156 11.9945 10.2974 8.78769 8.08944 9.13213 8.11282 10.4612 9.85419 9.03349 8.76094 15.1209 11.6003
threshold=5.480430546593821 0.013936205915647789 -0.1313125676406926 -0.29425070011110516 0.87083333333333346 417.00000000000006 -0.24999999999999994 2.2184820653350124 0.36228448275862074 -8.6666666666666554 75.000000000000014 0.24831649831503458 61.500000000000007 5.5119047619047628
decision_type=2 2 10 10 8 2 2 2 2 8 10 8 10 10
left_child=1 2 -1 -4 -5 6 -3 11 9 -9 -10 12 13 -7
right_child=-2 5 3 4 -6 7 -8 8 10 -11 -12 -13 -14 -15
leaf_value=-0.0076362862067158336 -0.015123214609594204 0.0009332889616868365 -0.0096614883425215764 -0.0006703048005898515 0.0094395631898054055 0.0015364070899524375 -0.008708569764818392 -0.0088295584598712968 0.0087532785460061255 -0.0011114635046868874 -0.0053912563827408855 0.0010739841293163582 -0.0043439283916462757 -0.0044481793036213486
leaf_weight=321.02674491377547 89.015225462149829 160.0632288120687 80.67867684783414 462.25176742533222 77.55620734160766 1727.1668260283768 175.48460738547146 143.53759304992855 149.12510528601706 2605.0827396549284 42.727037390694022 10169.052145784721 772.99271930381656 335.25439126603305
leaf_count=23511 19206 2260 7603 30777 5743 15168 2624 2168 1603 35449 490 115185 8202 4047
internal_value=-3.22313e-05 5.8862e-05 -0.00307012 -0.000583195 0.000998158 0.000242473 -0.00426608 0.000341272 -0.00107818 -0.00156025 0.00544066 0.0006631 -0.000808409 0.000538496
internal_weight=17311 17222 941.513 620.487 539.808 16280.5 335.548 15944.9 2940.47 2748.62 191.852 13004.5 2835.41 2062.42
internal_count=274036 254830 67634 44123 36520 187196 4884 182312 39710 37617 2093 142602 27417 19215
is_linear=0
shrinkage=0.03


Tree=133
num_leaves=15
num_cat=0
split_feature=152 152 57 153 56 106 10 122 35 119 26 102 76 7
split_gain=25.5499 11.2127 12.6049 8.63437 8.04489 8.19222 7.85661 8.6695 11.9014 9.56106 10.8498 9.57835 14.2195 17.2565
threshold=0.0029533603988354286 0.013936205915647789 0.083333333333334522 0.48855503453053578 0.68990384615384626 0.085784313725490211 413.00000000000006 0.11018678657903841 92.500000000000014 -0.024654236694671747 0.056186868686868695 0.43095238095238103 1320.8333333333337 4.5000000000000009
decision_type=2 2 10 2 10 2 2 2 10 10 2 8 10 2
left_child=-1 2 3 -2 5 -3 -7 8 -8 10 -9 12 13 -12
right_child=1 4 -4 -5 -6 6 7 9 -10 -11 11 -13 -14 -15
leaf_value=-0.016539441795609316 -0.006022774498960496 -0.0051483714989929881 0.0030181331901755321 0.00427905032815778 -0.0060886607484848948 -0.0049860200302068959 -0.00030034555358368512 -0.0054540187641871638 -0.0061975609324185369 0.00015559878957501682 0.0057280606617213462 0.0011353833120188892 0.0054145167427689829 -0.0075759075929004403
leaf_weight=68.982720945496112 663.18713980307803 229.28490992076695 222.9455427932553 71.386549945920706 164.13164078444242 226.23854221217334 2364.6530350372195 163.37702811323106 339.43712446466088 8051.2350289784372 147.08540936373174 3155.1694598365575 1265.1866582687944 177.25898412428796
leaf_count=15199 51671 4140 14735 5235 1671 3371 26359 1983 4385 91030 1611 39074 11681 1891
internal_value=-3.25113e-05 4.7856e-05 -0.00308144 -0.00495604 0.00023454 0.000304527 0.000387993 0.00047031 -0.00107071 0.000792726 0.00183421 0.00210157 0.00399088 -0.00155624
internal_weight=17309.6 17240.6 957.519 734.574 16283.1 16118.9 15889.6 15663.4 2704.09 12959.3 4908.08 4744.7 1589.53 324.344
internal_count=274036 258837 71641 56906 187196 185525 181385 178014 30744 147270 56240 54257 15183 3502
is_linear=0
shrinkage=0.03


Tree=134
num_leaves=15
num_cat=1
split_feature=152 152 57 0 55 55 128 22 82 150 21 58 39 121
split_gain=24.6423 10.573 11.9388 10.0207 12.3657 13.0032 17.3671 8.69657 8.32015 9.14693 10.26 9.30216 9.92794 8.23711
threshold=0.0029533603988354286 0.013936205915647789 0.083333333333334522 0 0.45972222222205045 0.60000000000157649 0.12286742700585356 0.069722222222222241 -0.46666666666533269 0.68764140271493224 12.500000000000002 0.53589743589743599 9.9000000000000021 -0.0041753835425383532
decision_type=2 2 10 1 10 10 10 2 10 8 2 10 10 8
left_child=-1 2 3 4 7 6 -6 -2 13 10 11 -10 -13 -4
right_child=1 -3 8 -5 5 -7 -8 -9 9 -11 -12 12 -14 -15
leaf_value=-0.016353553615584163 0.0039099403983664056 0.00022676146459873873 0.0063291547547548394 -0.0083903385430817087 -0.00097479573903254673 -0.0030675604707895558 0.023869062155400973 -0.0094360116813676023 0.0014973810669009903 -0.0070482893715151096 -0.0040920522862993129 0.026704014624761772 -0.00010260302346021246 -0.01079559234043354
leaf_weight=67.86139042628929 49.672283600084484 16285.652796633542 29.132121793460101 340.67345674475655 47.181505019310862 100.23265226790681 36.985343792010099 156.26993603119627 36.70038975449279 23.675685022491962 28.399078594520688 40.684609540272504 15.861543152015654 49.141552602406591
leaf_count=15199 3415 187196 1799 26608 3306 8739 2711 12127 2214 1731 1869 2735 1375 3012
internal_value=-3.26386e-05 4.57643e-05 -0.00299779 -0.00483183 -0.0012917 0.00414617 0.0119014 -0.00617012 0.00292519 0.00693022 0.0101259 0.0144231 0.0207396 -0.00442919
internal_weight=17308.1 17240.3 954.61 731.015 390.342 184.4 84.1668 205.942 223.595 145.321 121.646 93.2465 56.5462 78.2737
internal_count=274036 258837 71641 56906 30298 14756 6017 15542 14735 9924 8193 6324 4110 4811
cat_boundaries=0 1
cat_threshold=426
is_linear=0
shrinkage=0.03


Tree=135
num_leaves=15
num_cat=1
split_feature=152 144 148 137 59 56 0 152 145 153 117 153 23 129
split_gain=23.7685 10.1517 8.83397 7.7683 8.73744 7.59678 8.38669 7.66226 12.8054 12.2936 13.2011 12.2842 10.8962 9.94467
threshold=0.0029533603988354286 0.024191545538525212 0.43699259308247451 385.50000000000006 0.63859321506242861 0.68990384615384626 0 0.22062071035209826 0.14835164835164838 0.49251446170600338 0.024549385778414038 0.51851564389571481 0.26220238095238102 1.5000000000000002
decision_type=2 2 8 2 10 10 1 2 2 2 8 2 2 2
left_child=-1 2 -2 -4 -5 7 -7 11 9 10 -9 13 -13 -3
right_child=1 5 3 4 -6 6 -8 8 -10 -11 -12 12 -14 -15
leaf_value=-0.016167866669715463 0.0015879277654005861 -0.0016882579591350044 -0.010659612300208303 0.0085024620823206058 -0.0086158675952683894 0.0032728834232851351 -0.0098677144004596443 -0.006542827354499868 0.0060415594036730942 -0.0054277714782134138 0.0019168951286915126 0.0014876915598911421 0.0097391677276659153 0.00019651741709385525
leaf_weight=66.770422840956599 134.56635751295835 3470.390793832019 190.00482071377337 41.36940489616245 36.244474867358804 53.990498712752014 109.76116222143173 163.35010190308094 465.29677790403366 249.54295729100704 2467.5331800207496 597.71769497683272 177.92105883685872 9082.3495748722926
leaf_count=15199 9591 58206 18033 3679 3979 536 1161 1076 2755 1559 16118 9706 1894 130544
internal_value=-3.18466e-05 4.46486e-05 -0.00457832 -0.00759861 0.000407748 0.000159048 -0.005993 0.000224798 0.00150495 0.00074461 0.00135752 -9.78782e-05 0.00352933 -0.00032595
internal_weight=17306.8 17240 402.185 267.619 77.6139 16837.9 163.752 16674.1 3345.72 2880.43 2630.88 13328.4 775.639 12552.7
internal_count=274036 258837 35282 25691 7658 223555 1697 221858 21508 18753 17194 200350 11600 188750
cat_boundaries=0 1
cat_threshold=548
is_linear=0
shrinkage=0.03


Tree=136
num_leaves=15
num_cat=1
split_feature=152 144 86 137 139 135 104 21 155 149 2 149 28 105
split_gain=22.9226 9.63402 8.6596 10.4874 9.73142 7.60059 8.42676 19.9793 10.0806 10.8257 11.6853 9.80039 17.5789 11.3143
threshold=0.0029533603988354286 0.024191545538525212 0.51294569877154583 385.50000000000006 3209.5000000000005 19.500000000000004 0.83854166666666685 4.5000000000000009 0.16372903928307656 0.025000000000000012 0 -0.068318467427415847 6.2559523809523823 0.031332200461801775
decision_type=2 2 8 2 2 2 2 2 2 2 9 2 10 2
left_child=-1 2 3 -2 -5 6 -3 8 -8 10 -10 13 -13 -9
right_child=1 5 -4 4 -6 -7 7 11 9 -11 -12 12 -14 -15
leaf_value=-0.015982436081977275 -0.00486876447878628 0.00058066589520572082 -0.009812398290983038 0.018301876601651147 -0.0011060722391266885 -0.0040790699831961385 -0.0065785283228084078 -0.0078302540338957612 0.0073390035392933983 0.0085549505788815438 -0.0034012143667521782 0.0013748338019206785 0.013624639745419958 0.0042496117301754951
leaf_weight=65.708933277521282 174.65538536757231 13313.935486793518 149.94213113002479 26.309365512337536 49.567158970981836 358.33077235333622 563.90543830953538 178.43991456599906 77.513080764561892 71.874738430138677 974.78032825188711 1100.5645951176994 102.23429989581928 97.241313742939383
leaf_count=15199 13129 177525 16123 1898 4132 6968 8138 2566 719 729 14033 10280 1386 1211
internal_value=-3.17738e-05 4.28649e-05 -0.00447018 -0.000899193 0.00753355 0.000154081 0.000249746 -0.0011378 -0.00335468 -0.0016722 -0.00248116 0.00140162 0.00257102 -0.0035699
internal_weight=17305 17239.3 400.474 250.532 75.8765 16838.8 16480.5 3166.55 1688.07 1124.17 1052.29 1478.48 1202.8 275.681
internal_count=274036 258837 35282 19159 6030 223555 216587 39062 23619 15481 14752 15443 11666 3777
cat_boundaries=0 1
cat_threshold=24
is_linear=0
shrinkage=0.03


Tree=137
num_leaves=15
num_cat=0
split_feature=152 84 105 104 63 54 21 155 15 35 80 153 56 114
split_gain=22.1084 9.48771 9.72239 11.0015 17.0982 12.6993 11.2225 15.6835 11.0795 9.49687 9.02099 8.97443 8.99494 10.3718
threshold=0.0029533603988354286 0.70483644299287274 -0.029624331125743527 0.83854166666666685 5.8333333333333348 0.10555555555555557 4.5000000000000009 0.16372903928307656 0.81534090909091017 69.500000000000014 -58.33333333333325 0.27251929088330179 -0.48529411764705871 -0.26249999999999424
decision_type=2 10 2 2 8 8 2 2 2 10 10 2 10 10
left_child=-1 2 -2 -4 5 -5 7 -7 -8 -10 -9 12 13 -3
right_child=1 11 3 4 -6 6 8 10 9 -11 -12 -13 -14 -15
leaf_value=-0.015797317383885436 -0.004216446066046149 -0.010798233975193458 0.00079896557176858311 -0.0061284807558719357 -0.0048779087422752814 -0.0071915504786336272 0.0016488955096620884 -0.0042480463711751125 0.0035257697860973211 0.017464545427166633 0.003747092151345487 -0.00028782983970963106 -0.0076528122645393975 0.0017869577534319035
leaf_weight=64.676057259086519 405.65172309800982 59.600086593534797 12205.45204456104 233.7773534799926 821.01678457250819 267.01744755357504 747.94127203011885 166.36398874456063 114.1113692317158 68.54383210092783 413.89648382086307 1087.8672057231888 380.29772276198491 267.27356006717309
leaf_count=15199 9891 1160 169030 2205 16444 3124 6744 1540 949 638 3856 27119 9732 6405
internal_value=-3.08426e-05 4.19919e-05 0.000282573 0.000408014 -0.00127186 0.000225093 0.00110482 -0.00138177 0.0033548 0.00968491 0.00140556 -0.00201306 -0.00460594 -0.000880847
internal_weight=17303.5 17238.8 15443.8 15038.1 2832.67 2011.65 1777.87 847.278 930.596 182.655 580.26 1795.04 707.171 326.874
internal_count=274036 258837 214421 204530 35500 19056 16851 8520 8331 1587 5396 44416 17297 7565
is_linear=0
shrinkage=0.03


Tree=138
num_leaves=15
num_cat=0
split_feature=152 58 130 28 105 39 153 154 22 15 10 108 148 140
split_gain=21.3196 9.19187 10.0141 9.68839 9.35198 11.1325 8.99657 8.5155 9.40174 9.69391 9.59188 8.83685 8.80105 13.1247
threshold=0.0029533603988354286 0.81534090909090928 0.087226890756302536 7.7550000000000008 -0.029624331125743527 7.5500000000000007 0.30323591770867536 1.4693127104713464 0.062940140845070436 -1.6830357142857151 417.00000000000006 0.12916666666666668 -0.24508140457055555 0.080918823417056654
decision_type=2 10 2 10 2 10 2 2 2 2 2 8 8 2
left_child=-1 4 3 -3 5 6 -2 11 9 -9 -10 -6 13 -11
right_child=1 2 -4 -5 7 -7 -8 8 10 12 -12 -13 -14 -15
leaf_value=-0.015612563834449578 -0.010937331879718248 -0.0058535630171132856 0.0028095070644446685 0.0011053550311423362 -0.0043907426453199377 0.0036099286867710863 -0.0006111977906245906 -0.0040296617838761969 -0.0054996998528511485 -0.0047687521230841854 -4.5651089920811595e-06 0.0052105174029462133 0.0033540209497347523 0.0063331037606662562
leaf_weight=63.670966118574142 183.56853190576658 654.06887028878555 236.03745114477351 240.55133386747912 90.597405576147139 113.21737077692524 125.97569806175306 213.98725991509855 277.68422219669446 297.86997605720535 12305.555960416794 531.62920293910429 1844.2079599830322 123.64420353760943
leaf_count=15199 3301 19835 4689 10592 571 4296 2434 3479 6258 3749 168261 6042 24083 1247
internal_value=-3.08515e-05 4.0223e-05 -0.00255632 -0.00399503 0.00022469 -0.00410068 -0.00695737 0.000345078 0.000201169 0.00188364 -0.000132234 0.00374211 0.00246495 -0.00140649
internal_weight=17302.3 17238.6 1130.66 894.62 16107.9 422.762 309.544 15685.2 15062.9 2479.71 12583.2 622.227 2265.72 421.514
internal_count=274036 258837 35116 30427 223721 10031 5735 213690 207077 32558 174519 6613 29079 4996
is_linear=0
shrinkage=0.03


Tree=139
num_leaves=15
num_cat=0
split_feature=151 19 10 13 137 84 153 104 63 54 21 155 105 108
split_gain=20.5662 8.96906 8.22049 9.27386 11.7736 8.526 10.8761 9.29201 16.5116 12.7445 10.3704 15.0499 10.3545 11.2209
threshold=5.480430546593821 0.16536458333333334 417.00000000000006 0.45804195804195807 199.50000000000003 0.70483644299287274 0.27251929088330179 0.83854166666666685 5.8333333333333348 0.10555555555555557 4.5000000000000009 0.16372903928307656 -0.029624331125743527 0.70294117647058829
decision_type=2 2 2 2 2 10 2 2 8 8 2 2 2 10
left_child=1 -1 3 -3 -5 7 -7 12 9 -9 11 -11 13 -4
right_child=-2 2 5 4 -6 6 -8 8 -10 10 -12 -13 -14 -15
leaf_value=-0.0062241668920707096 -0.013872114631465952 -0.0093817610682211498 -0.0071484464865770782 0.0066024382164845711 -0.0064483164514599458 -0.0046844455583169783 0.0001652621729530674 -0.0060415149010222364 -0.0047280712571160267 -0.0069487641127726667 0.0034078221637691771 0.001559459595278633 0.00096634300917230673 0.0041583518448833909
leaf_weight=187.8820538027212 81.078296615043655 157.38821901753545 267.27633972652256 106.68640753393993 112.29289984330535 677.28969373460859 1041.0628649224527 231.14077304583043 791.81276353774592 260.16040605073795 924.114312492311 572.48277688538656 11792.127250919584 98.316330688539892
leaf_count=6348 19206 3653 4692 2271 2696 15820 24443 2186 15319 3047 8241 5290 157388 3436
internal_value=-3.07753e-05 4.64113e-05 0.000120998 -0.0041769 -7.43566e-05 0.000221788 -0.00177025 0.000452491 -0.00110826 0.000358182 0.00124423 -0.00117487 0.000810263 -0.00406374
internal_weight=17301.1 17220 17032.2 376.368 218.979 16655.8 1718.35 14937.4 2779.71 1987.9 1756.76 832.643 12157.7 365.593
internal_count=274036 254830 248482 8620 4967 239862 40263 199599 34083 18764 16578 8337 165516 8128
is_linear=0
shrinkage=0.03


Tree=140
num_leaves=15
num_cat=1
split_feature=152 152 57 0 40 57 82 150 21 58 39 56 102 16
split_gain=19.8955 8.8596 11.0806 9.73024 10.6479 8.91943 7.94237 8.737 9.69956 8.72497 9.11059 7.50836 8.17755 7.45881
threshold=0.0029533603988354286 0.013936205915647789 0.083333333333334522 0 1.0000000180025095e-35 -0.43425625300612103 -0.46666666666533269 0.68764140271493224 12.500000000000002 0.53589743589743599 9.9000000000000021 -0.057189542483660087 0.70294117647058829 -50.620192307692314
decision_type=2 2 10 1 8 10 10 8 2 10 10 8 8 2
left_child=-1 2 3 4 5 -2 -4 8 9 -8 -11 -7 -13 -3
right_child=1 13 6 -5 -6 11 7 -9 -10 10 -12 12 -14 -15
leaf_value=-0.015262989755319827 -0.011041974179997032 -0.0052429227452837155 -0.0042885485633740493 -0.0080786271259658121 -0.0075295337802587497 0.0086899128940034921 0.001497677419833181 -0.0069012056316804975 -0.003968937572220021 0.025736888299624484 -2.0462424871794829e-05 -0.0089390352474791115 0.0064639260141602537 0.00027698397541608353
leaf_weight=61.836275185225531 23.960613059811294 208.39486622810364 77.783987980335951 335.67409062897786 132.94195198034868 135.20359372952953 36.699058293830603 23.439217196311802 28.201672182418406 41.630784772802144 15.778858101926742 50.658974033780396 44.482199347577989 16083.145864067599
leaf_count=15199 1970 3062 4811 26608 10491 10393 2214 1731 1869 2735 1375 3604 3840 184134
internal_value=-3.12153e-05 3.66466e-05 -0.00276188 -0.00454665 -0.00107052 0.00249759 0.00293312 0.00682774 0.00992521 0.0140621 0.0201198 0.00449497 -0.001838 0.000201618
internal_weight=17299.8 17238 946.455 722.921 387.247 254.305 223.534 145.75 122.31 94.1087 57.4096 230.345 95.1412 16291.5
internal_count=274036 258837 71641 56906 30298 19807 14735 9924 8193 6324 4110 17837 7444 187196
cat_boundaries=0 1
cat_threshold=426
is_linear=0
shrinkage=0.03


Tree=141
num_leaves=15
num_cat=0
split_feature=152 19 112 119 21 104 11 112 121 156 55 116 108 144
split_gain=19.1834 8.51627 8.58962 8.05949 11.9757 11.3028 11.6669 10.8061 10.8006 10.7135 10.9292 9.54391 9.34625 9.24692
threshold=0.0029533603988354286 0.16536458333333334 0.29999999999997357 -0.02917249417249081 1.5000000000000002 0.93933823529411775 5.5000000000000009 1.0000000180025095e-35 0.0136055121349239 -2.5791816380419927 0.16944444444410087 0.18083741830064357 0.13484848484848486 0.15190049273145567
decision_type=2 2 10 8 2 2 10 10 10 2 8 10 10 2
left_child=-1 2 -2 4 12 6 -5 -6 -7 -8 -11 -9 -3 -12
right_child=1 3 -4 5 7 8 9 11 -10 10 13 -13 -14 -15
leaf_value=-0.015079596549236277 -0.0085141670812949911 0.0079408215457922211 0.0075745409543656354 0.00040651725910606913 0.00090004552471907703 -0.0049157776435398651 -0.0076711775040127893 0.007148164579247062 0.0031495791227537768 -0.0072693184367609463 -0.0016944450136224286 -0.00059998863604092921 -0.0077519462870659899 0.0035602767773814563
leaf_weight=60.90722616086714 164.27894267998636 28.305520929396152 23.739845487289131 9918.7603582316078 3298.9101425176486 768.34684058604762 255.01930566271767 496.71876565366983 173.68777346797287 218.22738228365779 1108.0094737103209 195.56108949333429 191.47384405042976 397.04451504349709
leaf_count=15199 5848 247 763 150237 43834 10198 12819 7531 2088 2169 13557 3427 3490 2629
internal_value=-3.12472e-05 3.49872e-05 -0.0060732 0.000107624 0.00124409 -0.000266132 -1.3802e-05 0.00162603 -0.00340267 -0.00210839 -0.00122609 0.0049931 -0.00535265 -0.000286756
internal_weight=17299 17238.1 188.019 17050.1 4210.97 12839.1 11897.1 3991.19 942.035 1978.3 1723.28 692.28 219.779 1505.05
internal_count=274036 258837 6611 252226 58529 193697 181411 54792 12286 31174 18355 10958 3737 16186
is_linear=0
shrinkage=0.03


Tree=142
num_leaves=15
num_cat=1
split_feature=144 148 52 56 0 122 50 140 153 24 156 100 23 139
split_gain=18.749 11.2705 7.77144 7.26654 8.01976 7.55647 12.7228 13.7989 10.8174 12.4249 11.5986 10.5604 13.9324 11.8202
threshold=0.024191545538525212 0.57901889523301053 0.81534090909090928 0.68990384615384626 0 0.11368092691622105 0.12084027558887024 0.09457348399771888 0.25688016278728132 5.2113237639553436 -1.755710165583044 0.68990384615384626 0.24090608465608468 2473.5000000000005
decision_type=2 8 8 10 1 2 10 2 2 10 2 10 2 2
left_child=1 2 -1 5 -5 6 8 -8 -2 10 -10 12 -11 -14
right_child=3 -3 -4 4 -6 -7 7 -9 9 11 -12 -13 13 -15
leaf_value=0.0044884500094092544 -0.0039288501501916475 -0.0095574302486362301 -0.0079444664381336273 0.003158718072792375 -0.0097029998057248622 0.00065804999284261472 0.0027392034473841904 -0.0045065341433650217 -0.0061070973888948448 -0.0024218356736110656 -0.00064304816688675822 0.0069698571866612597 0.012286148586014173 -0.0013646435240096246
leaf_weight=114.54507725080475 1221.1118587525561 277.67569272848777 54.540594216668978 54.183041944634169 109.02305114641786 10954.428079775069 1384.3207353488542 270.62649099994451 454.13625256950036 529.12821329385042 1389.742443330586 271.97256160574034 116.20605025719851 96.242568164132535
leaf_count=9065 17764 34119 5188 537 1161 150025 12439 2396 10438 12966 10879 3380 1856 1823
internal_value=-3.09925e-05 -0.00599494 0.000157501 0.000132316 -0.00589379 0.000196491 -0.000684782 0.0015245 -0.00158354 -0.000566001 -0.00202723 0.00208311 0.000188245 0.00641996
internal_weight=17297.9 446.761 169.086 16851.1 163.206 16687.9 5733.49 1654.95 4078.54 2857.43 1843.88 1013.55 741.577 212.449
internal_count=274036 48372 14253 225664 1698 223966 73941 14835 59106 41342 21317 20025 16645 3679
cat_boundaries=0 1
cat_threshold=548
is_linear=0
shrinkage=0.03


Tree=143
num_leaves=15
num_cat=1
split_feature=152 107 0 16 118 129 105 144 13 80 27 145 44 150
split_gain=18.2031 8.08107 8.95906 8.15629 10.7107 8.44334 14.6263 11.3809 11.3009 9.98771 9.81758 10.9158 9.77095 9.66795
threshold=0.0029533603988354286 -0.059776434076379413 0 -50.620192307692314 -0.014045584297900851 1.5000000000000002 0.0032668415231732859 0.03325375200167139 0.93933823529411775 133.3333333333334 0.2324507389162562 0.22649572649572652 0.45000000000000007 0.16214896214896216
decision_type=2 2 1 2 10 2 2 2 2 8 2 2 10 8
left_child=-1 2 -2 4 -3 6 -5 -8 10 -9 12 13 -7 -12
right_child=1 3 -4 5 -6 8 7 9 -10 -11 11 -13 -14 -15
leaf_value=-0.014816635800092192 0.003805251823874129 0.0023480251855766826 -0.0058132680628354555 7.7100826504039244e-05 -0.010252956063574365 0.0024211910612575395 -0.011641290250239007 -0.00047073312022446242 -0.0024307184718020433 -0.0068443474367069759 0.00054783082092860886 -0.0010774497258722604 -0.0037699161300984657 0.0044410625070406906
leaf_weight=59.613021795637906 95.634702668525279 93.568788735428825 367.55796802206896 3730.8778245558497 136.25429823691957 3965.1490734601393 132.05992754362524 664.46954034315422 962.70765417022631 318.61168023059145 2726.3201643787324 3099.2148952106945 230.34032137226313 714.08300657197833
leaf_count=15199 3115 2180 13047 58483 3119 69832 9000 7905 12787 4596 19102 48442 1853 5376
internal_value=-3.06863e-05 3.32885e-05 -0.00381227 0.000142792 -0.00529313 0.000223033 -0.000828295 -0.00381826 0.000659067 -0.00260821 0.000939159 0.00021119 0.00206907 0.00137167
internal_weight=17296.5 17236.8 463.193 16773.7 229.823 16543.8 4846.02 1115.14 11697.8 983.081 10735.1 6539.62 4195.49 3440.4
internal_count=274036 258837 16162 242675 5299 237376 79984 21501 157392 12501 144605 72920 71685 24478
cat_boundaries=0 1
cat_threshold=896
is_linear=0
shrinkage=0.03


Tree=144
num_leaves=15
num_cat=0
split_feature=145 135 134 27 48 148 104 63 84 63 54 109 21 155
split_gain=17.5535 7.7615 8.42962 9.59772 11.4454 11.3135 9.13083 13.6318 11.1221 10.7233 10.7153 10.4531 10.2235 16.7088
threshold=0.91987179487179505 19.500000000000004 0.09366666666666669 0.30663489736070387 15.750512282373023 -0.16884860618938544 0.83854166666666685 5.8333333333333348 0.4695976793702008 3.8333333333333335 0.10555555555555557 4.4696180555555562 4.5000000000000009 0.16372903928307656
decision_type=2 2 2 2 10 10 2 8 10 10 8 10 2 2
left_child=1 2 6 4 -4 -6 8 10 11 -10 -8 -1 13 -12
right_child=-2 -3 3 -5 5 -7 7 -9 9 -11 12 -13 -14 -15
leaf_value=0.00067973490696928958 -0.0075080628028760818 -0.0041296592402246214 -0.0064416523067951977 -0.00044543246384913093 -0.0023969496270462441 0.011071552849063939 -0.0056102571845975304 -0.0044081956655019185 -0.0058264357470605571 -0.00044220823743731431 -0.0072007208470569791 0.013942464384532102 0.0028592248569501988 0.0012733030666964385
leaf_weight=11124.225721560884 263.04656344419345 368.34679259685799 42.437001061160117 317.6041453089565 64.272809857968241 265.28840656206012 261.2837795605883 935.40347611275502 434.01730314781889 1298.5068104274105 297.35770795727149 38.78953272732906 960.07436378533021 624.88373857759871
leaf_count=145219 33586 7622 419 2815 646 2555 2597 19634 5280 33019 3680 1807 9028 6129
internal_value=-3.10221e-05 9.09566e-05 0.00018788 0.00339918 0.00657167 0.00845485 4.61927e-05 -0.0014176 0.000396937 -0.00182945 -9.10317e-05 0.000744468 0.000713388 -0.00153049
internal_weight=17295.5 17032.5 16664.1 689.602 371.998 329.561 15974.5 3079 12895.5 1732.52 2143.6 11163 1882.32 922.241
internal_count=274036 240450 232828 6435 3620 3201 226393 41068 185325 38299 21434 147026 18837 9809
is_linear=0
shrinkage=0.03


Tree=145
num_leaves=15
num_cat=0
split_feature=151 19 112 120 26 31 58 149 48 86 155 21 150 98
split_gain=17.1727 7.85462 8.36154 7.54806 12.5188 13.2894 14.2354 13.6913 12.8124 13.993 12.5386 12.7055 12.4619 13.6445
threshold=5.480430546593821 0.16536458333333334 0.29999999999997357 2.5000000000000004 0.072004608294930897 0.21547619047619052 0.16025641025641027 0.032738095238095254 15.565413745148303 0.43196285049695388 0.21357223796617167 6.5000000000000009 0.61742424242424254 -0.069652439574314565
decision_type=2 2 10 8 2 2 8 2 8 10 2 2 10 8
left_child=1 2 -1 4 5 12 7 -7 9 -6 -8 -12 13 -3
right_child=-2 3 -4 -5 8 6 10 -9 -10 -11 11 -13 -14 -15
leaf_value=-0.008316884771720226 -0.013009287308910822 0.0026381932316364518 0.0075571846471293169 -0.00040074145921245921 0.012068385231193746 0.0031027964595646581 -0.0020546109943288806 0.016604582150622403 -0.00083356820336197377 -0.0079101376571965257 0.00051587048163677027 0.010276090523110609 -0.0053740129235707364 0.010166579189230243
leaf_weight=161.51556326565333 76.268745850073174 483.14636165043339 23.745500444900244 10334.209698741324 120.12158543849364 514.55739132687449 1235.4714298294857 65.132008872926235 3177.5033706685062 29.751285445410758 439.4753955216147 151.05006043799222 81.534222264308482 400.54998395731673
leaf_count=5601 19206 6915 747 156594 2105 4005 16489 529 43708 1096 4899 1888 1897 8357
internal_value=-3.05637e-05 3.82013e-05 -0.0058686 0.000107556 0.000890908 0.0021753 0.000968829 0.00500037 -0.000414214 0.00774361 -0.000341357 0.00320514 0.0051214 0.00616329
internal_weight=17294 17217.8 185.261 17032.5 6698.29 3370.92 2405.69 579.689 3327.38 149.873 1826 590.525 965.231 883.696
internal_count=274036 254830 6348 248482 91888 44979 27810 4534 46909 3201 23276 6787 17169 15272
is_linear=0
shrinkage=0.03


Tree=146
num_leaves=15
num_cat=0
split_feature=152 58 130 28 119 26 133 135 128 154 48 10 52 84
split_gain=16.7474 7.65678 9.28249 9.33338 8.71327 9.76966 11.6949 12.3497 13.5136 10.4149 9.7037 10.2616 9.65294 10.7621
threshold=0.0029533603988354286 0.81534090909090928 0.087226890756302536 7.7550000000000008 -0.01791696729196322 0.056186868686868695 7.5000000000000009 10.500000000000002 0.1103402036477585 1.9428236118074744 15.949516332755989 461.00000000000006 0.17914438502673799 -1.567468480226347
decision_type=2 10 2 10 8 2 2 2 10 2 10 2 8 10
left_child=-1 4 3 -3 5 9 7 12 10 -2 -9 -12 -7 -14
right_child=1 2 -4 -5 -6 6 -8 8 -10 -11 11 -13 13 -15
leaf_value=-0.014401825667229286 0.0043643059844570078 -0.0055803412539638846 0.0028113992656179638 0.001263163561336761 -0.00021367436019059636 -0.0020552408322473737 -0.0078626334800100828 0.011529380934286628 0.011944532280425196 -0.0093319676668853681 0.0079336815682638437 -0.002353030622969932 -0.0072958668267018856 0.0024057366739145859
leaf_weight=57.658299567876384 64.318108550272882 647.57514559081756 235.97216283925809 239.31092386972159 11936.568675617455 645.75930371973664 97.34763814881444 76.203948350157589 197.73229529778473 133.96056853746995 107.85874557634816 287.04516095900908 93.048775486648083 2472.5002688209061
leaf_count=15199 871 19835 4689 10592 170939 6989 1527 1172 2897 2054 1589 4164 942 30577
internal_value=-2.90938e-05 3.14698e-05 -0.00234702 -0.00374344 0.000199254 0.00137616 0.00170598 0.00197539 0.0056395 -0.00489466 0.00270624 0.000644055 0.00118958 0.00201351
internal_weight=17292.9 17235.2 1122.86 886.886 16112.3 4175.77 3977.5 3880.15 668.84 198.279 471.108 394.904 3211.31 2565.55
internal_count=274036 258837 35116 30427 223721 52782 49857 48330 9822 2925 6925 5753 38508 31519
is_linear=0
shrinkage=0.03


Tree=147
num_leaves=15
num_cat=0
split_feature=152 19 119 21 133 108 151 53 55 35 18 148 153 100
split_gain=16.1467 7.44575 7.03452 11.0132 9.47164 8.89482 8.82207 15.2256 9.11322 11.1172 11.8391 10.3749 13.1318 17.1034
threshold=0.0029533603988354286 0.16536458333333334 -0.02917249417249081 1.5000000000000002 7.5000000000000009 0.13484848484848486 4.4744917000096054 0.43753306878306836 0.56018518518370308 111.50000000000001 0.13250300120048022 -0.060900503621420903 0.37730799345311855 0.84807692307692317
decision_type=2 2 8 2 2 10 2 10 10 10 2 8 2 10
left_child=-1 -2 3 5 -5 -3 8 -8 9 11 -11 12 -4 -14
right_child=1 2 6 4 -6 -7 7 -9 -10 10 -12 -13 13 -15
leaf_value=-0.014221552708228401 -0.0057181893292134649 0.0077418305974581774 0.0014499702894078821 0.0017921033663198631 -0.0062171180799535635 -0.0075477908160487819 -0.011828192369093091 0.00037168447724882163 -0.0016829288369032993 -0.0051606943265165963 0.0058069890581441035 0.00013120499511180966 0.017721769526386901 0.0025653310100807762
leaf_weight=56.840102629968897 185.41264508198947 28.470812262035906 1186.9686407307163 3877.022890987806 123.16565259848721 190.00631461036392 144.09583646641113 216.4405585473869 2617.8647733032703 546.14587257709354 92.268724150955677 7749.8998980391771 98.417261721566319 179.01610575802624
leaf_count=15199 6611 247 12814 52662 2130 3490 16009 21929 39489 7642 1033 92222 1106 1453
internal_value=-2.84849e-05 3.06482e-05 9.81369e-05 0.0011586 0.0015232 -0.00518595 -0.000251471 -0.00478194 -0.000114903 0.000303646 -0.00347864 0.00057093 0.00287311 0.00857518
internal_weight=17292 17235.2 17049.8 4218.67 4000.19 218.477 12831.1 360.536 12470.6 9852.72 638.415 9214.3 1464.4 277.433
internal_count=274036 258837 252226 58529 54792 3737 193697 37938 155759 116270 8675 107595 15373 2559
is_linear=0
shrinkage=0.03


Tree=148
num_leaves=15
num_cat=0
split_feature=144 148 52 36 58 135 122 50 140 59 153 148 27 130
split_gain=15.7461 10.5423 7.4038 6.99027 7.97506 6.62309 7.50513 11.7694 13.0276 10.8917 10.2525 9.61356 9.98112 9.9115
threshold=0.024191545538525212 0.57901889523301053 0.81534090909090928 -1.0000000180025095e-35 0.57738095238095244 19.500000000000004 0.11368092691622105 0.12084027558887024 0.09457348399771888 0.14891110387543452 0.25489553971539775 -0.62916211305529623 0.2932908545727137 0.075100000000000014
decision_type=2 8 8 10 10 2 2 10 2 8 2 8 2 2
left_child=1 2 3 4 -1 6 7 9 -9 -2 -11 12 -8 -13
right_child=5 -3 -4 -5 -6 -7 11 8 -10 10 -12 13 -14 -15
leaf_value=-0.0031739894141201183 -0.010632024950180174 -0.0090494543157476938 -0.0076091135695680063 -0.00056873810661789469 0.021569833153810371 -0.0038462424690324896 -0.004235853354149899 0.0026043729308533074 -0.0044528695383624327 -0.0037460844031075779 -0.00032450645935465096 0.0039459147445361021 0.0042631483084337608 0.00062458878907530372
leaf_weight=12.674455190310256 100.72229823842645 270.75577938533388 53.530989228514954 82.346235987730324 19.136315136915073 355.59087545238435 608.03990267962217 1398.314064619597 268.35663544945419 1077.8747003695462 2838.8451796025038 872.91107343672775 142.4813696378842 9189.0975022416096
leaf_count=851 897 34119 5188 6513 1701 7079 7309 12502 2384 15686 41071 15187 1367 122182
internal_value=-2.81072e-05 -0.00554486 0.000392207 0.00459218 0.0138531 0.000120225 0.00020914 -0.000672281 0.00143848 -0.00155004 -0.00127682 0.00067279 -0.00257046 0.000918169
internal_weight=17290.7 438.444 167.688 114.157 31.8108 16852.2 16496.6 5684.11 1666.67 4017.44 3916.72 10812.5 750.521 10062
internal_count=274036 48372 14253 9065 2552 225664 218585 72540 14886 57654 56757 146045 8676 137369
is_linear=0
shrinkage=0.03


Tree=149
num_leaves=15
num_cat=1
split_feature=152 107 0 16 118 130 89 89 54 32 119 58 58 35
split_gain=15.321 7.13913 8.60985 7.77099 10.209 7.81731 18.4745 10.7893 12.1414 12.1238 11.0457 10.9529 10.3324 9.68078
threshold=0.0029533603988354286 -0.059776434076379413 0 -50.620192307692314 -0.014045584297900851 0.076239567992145332 -0.38612994355181857 0.23851159676833697 0.56696428571428581 3.5192307692307696 0.11637373927813997 0.85164835164835173 0.21825396825396828 106.50000000000001
decision_type=2 2 1 2 10 2 8 8 10 10 10 8 8 10
left_child=-1 2 -2 4 -3 6 -5 8 9 -8 11 -10 -9 -7
right_child=1 3 -4 5 -6 13 7 12 10 -11 -12 -13 -14 -15
leaf_value=-0.013964291357571212 0.0038444099007115735 0.0022569384384605027 -0.0055794228806889373 -0.0068635400751882545 -0.010058953790793293 0.00016208255716342604 -0.00063924831817984372 0.0086191924394913438 0.012163685468480057 0.0049612352710947513 -0.0033863631777134185 -0.0028804266043133474 -0.0031813743779325063 -0.0028162911031933626
leaf_weight=55.703411603113636 95.491247879341245 93.794836572837085 364.19972653500736 190.49952356750146 135.11300100688823 13057.447075129952 672.55282920761965 64.229451541788876 294.98554079653695 698.93818448320962 56.586407144553959 44.755669332807884 418.35081217414699 1046.9857188125607
leaf_count=15199 3115 2180 13047 2659 3119 178570 9325 816 5214 11774 1126 1483 9199 17210
internal_value=-2.77257e-05 2.94244e-05 -0.00359875 0.000131979 -0.00518407 0.000210157 0.00177219 0.00254382 0.00362265 0.00223766 0.00815901 0.0101439 -0.00139828 -6.17621e-05
internal_weight=17289.6 17233.9 459.691 16774.2 228.908 16545.3 2440.9 2250.4 1767.82 1371.49 396.328 339.741 482.58 14104.4
internal_count=274036 258837 16162 242675 5299 237376 41596 38937 28922 21099 7823 6697 10015 195780
cat_boundaries=0 1
cat_threshold=896
is_linear=0
shrinkage=0.03


Tree=150
num_leaves=15
num_cat=0
split_feature=145 10 109 140 135 122 150 153 150 108 19 51 112 147
split_gain=14.7714 6.90949 9.1936 15.7903 7.66993 8.91357 15.8575 15.9284 13.057 12.7592 11.907 11.1166 11.9659 10.4512
threshold=0.91987179487179505 417.00000000000006 -2.1873397435897433 0.0772713041498264 19.500000000000004 0.11620532139477326 0.35730446024563683 0.46486872725451794 0.31266025641025647 0.9472222222222223 0.39680527383367142 0.017974900132391749 0.21296296296300929 -0.063089578744448219
decision_type=2 2 8 2 2 2 10 2 10 10 2 8 10 10
left_child=1 2 -1 -4 5 8 10 9 -3 -8 13 -10 -13 -7
right_child=-2 4 3 -5 -6 6 7 -9 11 -11 -12 12 -14 -15
leaf_value=-0.010538193612830208 -0.0069678195392507865 -0.00096607673276331136 -0.0062226717821269499 0.0081110534512472202 -0.0040483340026362547 0.0025812221893356238 -0.0036124323798953813 0.006466779622025097 -0.0011067481743224604 0.012877193974491269 0.0091333828840100915 0.0058246546022434204 -0.0040684051908939645 0.00018499932841701817
leaf_weight=110.99906706623733 256.66331546846777 6799.6512707988732 161.18338924343698 98.950859458185732 363.30161398625933 3223.8060171662364 1216.7570713132154 165.63207391346805 541.29443187499419 29.285147493705153 168.3561100224033 714.85790192871355 118.57350088143721 3319.7238146262243
leaf_count=1274 33586 85082 4673 2362 7563 56215 21222 3129 13647 1268 1438 8416 1774 32387
internal_value=-2.74665e-05 8.31577e-05 -0.00388434 -0.000625403 0.000174949 0.000272727 0.000975651 -0.00190041 -0.000426335 -0.00307632 0.00158345 0.00222494 0.00437011 0.00136875
internal_weight=17289 17032.4 371.133 260.134 16661.2 16297.9 8123.56 1411.67 8174.38 1246.04 6711.89 1374.73 833.431 6543.53
internal_count=274036 240450 8309 7035 232141 224578 115659 25619 108919 22490 90040 23837 10190 88602
is_linear=0
shrinkage=0.03


Tree=151
num_leaves=15
num_cat=1
split_feature=152 105 26 115 19 0 110 53 56 80 51 9 153 24
split_gain=14.564 7.09273 7.3456 12.5593 10.5263 12.1996 10.8169 9.67148 9.45993 8.83127 8.6858 11.8948 11.2891 9.7988
threshold=0.0029533603988354286 -0.026239274294155145 0.072004608294930897 -0.22981922313835332 0.35791925465838514 0 0.87083333333333346 0.12508903133857532 0.68990384615384626 308.33333333333343 -0.11970524955556051 54.250000000000007 0.32922835780806908 9.3380952380952404
decision_type=2 2 2 8 2 1 10 8 10 10 10 2 2 8
left_child=-1 -2 4 -4 7 -6 -7 -3 -5 10 11 -9 -13 -12
right_child=1 2 3 8 5 6 -8 9 -10 -11 13 12 -14 -15
leaf_value=-0.013717570920624868 -0.0030483405835115321 -0.0040132714936030262 -0.011175346423100901 -0.00017814807348596497 -0.0031425922931762403 0.0011203482964466777 0.014693519109994162 -0.0013323603513638285 -0.0088015110311118038 -0.0062248199740916046 0.0011730417418933275 0.0033267687427030014 0.020118748442586317 -0.0035089226140436903
leaf_weight=54.646425152895972 633.84558900352567 367.03767144726589 81.278904469450936 9349.5559459733777 85.737187109421939 85.164427427109331 136.64541733171791 102.76947365165688 100.92635575402528 138.08613120228983 5590.0350977026392 83.361248502973467 60.04744987632148 418.9749143703375
leaf_count=15199 16127 4132 4209 137748 787 974 978 4690 1088 2603 70366 3192 2298 9645
internal_value=-2.65408e-05 2.87643e-05 0.000148908 -0.000394328 0.000880802 0.00617715 0.0094827 0.000626713 -0.000284043 0.000901865 0.0010737 0.00643306 0.0115971 0.00083867
internal_weight=17288.1 17233.5 16599.6 9531.76 7067.86 307.547 221.81 6760.31 9450.48 6393.27 6255.19 246.178 143.409 6009.01
internal_count=274036 258837 242710 143045 99665 2739 1952 96926 138836 92794 90191 10180 5490 80011
cat_boundaries=0 1
cat_threshold=67
is_linear=0
shrinkage=0.03


Tree=152
num_leaves=15
num_cat=0
split_feature=152 111 48 154 98 145 99 118 135 52 15 134 129 50
split_gain=14.0392 6.93142 7.47153 7.4146 10.741 11.4183 12.0954 7.64152 10.3835 9.91462 11.2835 8.78404 9.48377 8.64371
threshold=0.0029533603988354286 -0.3065204610841411 15.883749373836801 1.5511502758327356 -0.36924968970423511 0.28991596638655465 0.077476170854586413 -0.071088450691888724 19.500000000000004 0.10555555555555557 0.14835164835164963 0.09366666666666669 10.500000000000002 0.12840297597358766
decision_type=2 8 10 2 8 2 8 8 2 8 2 2 2 10
left_child=-1 2 -2 4 -3 6 -6 13 9 10 -9 -11 -13 -5
right_child=1 3 -4 7 5 -7 -8 8 -10 11 -12 12 -14 -15
leaf_value=-0.013540570065205992 -0.012085801155933671 -0.0052137642464442045 -0.0008737245344802593 0.001313531111312338 0.012263428153870765 0.00031336473401547639 0.0027196997367029069 -0.0060053156034636382 -0.0054052308752403667 -6.3583510742262859e-05 0.00014868262127990079 0.0074056338790559903 -0.00060598421422373755 0.0093952653971851926
leaf_weight=53.907271128846332 71.874411327531561 133.46434320230037 145.96005531121045 967.46046191290952 191.6760092228651 522.84752291324548 311.12136384472251 517.15580718452111 328.7378820956219 12862.015950305155 539.0671061614994 284.26655010087416 235.52134824963287 122.13909657439217
leaf_count=15199 4411 1071 7828 18343 1212 9197 1920 6442 7472 189013 6027 2239 2479 1183
internal_value=-2.62606e-05 2.77521e-05 -0.00511343 9.8016e-05 0.00239841 0.00344983 0.00660781 -7.22518e-05 -0.000252046 -0.000129226 -0.00290638 9.29834e-05 0.00386031 0.00233474
internal_weight=17287.2 17233.3 217.834 17015.5 1159.11 1025.64 502.797 15856.4 14766.8 14438 1056.22 13381.8 519.788 1089.6
internal_count=274036 258837 12239 246598 13400 12329 3132 233198 213672 206200 12469 193731 4718 19526
is_linear=0
shrinkage=0.03


Tree=153
num_leaves=15
num_cat=0
split_feature=144 86 137 139 11 139 56 55 106 55 47 118 86 70
split_gain=13.6411 10.3641 9.45044 8.7233 7.15801 7.93597 6.59956 7.93197 15.9248 10.768 10.0478 9.57415 9.04331 16.1906
threshold=0.024191545538525212 0.51294569877154583 409.50000000000006 3209.5000000000005 13.500000000000002 809.50000000000011 0.68990384615384626 0.82575757575614273 0.54006410256410264 0.5873015873006201 0.29285714285714287 -0.071088450691888724 -0.34989852691489881 1.0000000180025095e-35
decision_type=2 8 2 2 10 2 10 10 2 10 10 8 8 10
left_child=1 2 4 -4 5 -1 7 9 -9 12 -10 -11 -2 -14
right_child=6 -3 3 -5 -6 -7 -8 8 10 11 -12 -13 13 -15
leaf_value=0.0037501785856783945 0.0015050736187497175 -0.01071509333030175 0.017560769860442818 -0.00095064576589066736 0.011745753926236205 -0.0097337785017034689 -0.0056522480312436226 -0.0011835637548258341 0.012470566879849411 0.0040551351951011068 -0.0048981674839674288 -0.0022729541323646754 0.00030127135578916835 -0.0037263039083681349
leaf_weight=43.88253169762902 4460.0051568574272 167.13187067303807 23.83933636569418 52.372867614263669 7.90071633667685 137.10261861584149 161.94095845986158 240.51380121405236 175.16968911676668 222.90232260292396 27.273087813518941 2362.6160148312338 8209.7567021267023 993.45569048612379
leaf_count=3773 40685 23509 2006 5792 689 12603 1698 7349 3669 4505 300 39704 113109 14645
internal_value=-2.58112e-05 -0.00519707 -0.0013307 0.00677542 -0.00485922 -0.0064276 0.000111315 0.000172257 0.00406599 6.24578e-05 0.00995417 -0.00170715 0.00039883 -0.000138848
internal_weight=17285.9 432.23 265.098 76.2122 188.886 180.985 16853.6 16691.7 442.957 16248.7 202.443 2585.52 13663.2 9203.21
internal_count=274036 48372 24863 7798 17065 16376 225664 223966 11318 212648 3969 44209 168439 127754
is_linear=0
shrinkage=0.03


Tree=154
num_leaves=15
num_cat=0
split_feature=152 19 112 120 32 26 118 13 98 63 13 52 125 156
split_gain=13.3112 6.76591 8.06271 6.69901 11.8904 10.7582 14.4373 12.2091 12.3546 12.7743 10.1323 9.93486 10.1324 9.74768
threshold=0.0029533603988354286 0.16536458333333334 0.27010327635328701 2.5000000000000004 1.5357142857142858 0.072004608294930897 -0.021739714752447979 0.97222222222222232 0.10112117345681361 3.5833333333333335 0.44097222222222227 0.10555555555555557 0.93301270189221952 -1.1302608166928625
decision_type=2 2 10 8 10 2 10 2 10 10 2 8 2 2
left_child=-1 2 -2 4 -3 6 7 8 9 -6 -10 12 -5 -13
right_child=1 3 -4 11 5 -7 -8 -9 10 -11 -12 13 -14 -15
leaf_value=-0.013284952263809902 -0.0082903273761673751 -0.00080591223152672064 0.0061416688415586434 -0.0049212670248492095 0.0019090889091073254 5.7996251105486026e-05 0.0019409238405257714 -0.0064270780879167886 -0.0071086996710369322 0.016162004638155949 0.0081104300777279561 -0.0011159150381433935 0.0063840226403576164 0.00079192990334461116
leaf_weight=52.866668205708265 151.31055901688524 2502.2430570553988 32.336257938994095 650.151327829808 81.019298937171698 1817.4919229934458 1926.1846378901973 39.065103530650958 57.341174880275503 213.97476986330003 71.876263334183022 4652.4964943786617 66.964758865069598 4969.0712708942592
leaf_count=15199 5525 35336 1086 8338 712 26002 23940 612 1303 3669 1560 111600 833 38321
internal_value=-2.48045e-05 2.73969e-05 -0.00547729 9.14586e-05 0.000828674 0.00180031 0.00311694 0.00779229 0.00927652 0.0125293 0.0013199 -0.000387458 -0.0037564 -0.000130907
internal_weight=17284.4 17231.5 183.647 17047.9 6709.2 4206.95 2389.46 463.277 424.212 294.994 129.217 10338.7 717.116 9621.57
internal_count=274036 258837 6611 252226 93134 57798 31796 7856 7244 4381 2863 159092 9171 149921
is_linear=0
shrinkage=0.03


Tree=155
num_leaves=15
num_cat=0
split_feature=151 63 10 125 13 100 156 24 99 122 57 82 112 105
split_gain=12.7652 8.53107 6.45032 9.72185 11.9327 7.64041 9.31409 7.34737 7.46848 6.63086 15.6922 12.0369 18.4578 9.97132
threshold=5.1038219627132824 9.4166666666666696 417.00000000000006 0.25000000000000011 0.46410256410256417 0.70294117647058829 -1.9522423914320821 4.4037037037037043 0.30137150657189088 0.11884326986694112 0.24861111111112186 -0.84999999999960585 0.17779997780000184 -0.029624331125743527
decision_type=2 8 2 2 2 8 2 10 8 2 10 8 10 2
left_child=2 -2 3 4 -1 6 -5 8 -6 11 13 12 -4 -11
right_child=1 -3 9 5 7 -7 -8 -9 -10 10 -12 -13 -14 -15
leaf_value=-0.007347567925752546 0.0034849171122438064 -0.011645964656069241 0.0040622114084595982 -0.0092939820921140101 -0.0090277686145299046 -0.014817080645050532 0.010499248366691178 0.0120343053388994 0.0071724659948558464 -0.006596332959163051 -0.0024251767889115041 -0.00065702256935191755 -0.0051932688686695894 0.0018860090468690331
leaf_weight=96.638727358076721 36.769598603481427 121.33488847129047 1063.57111137826 33.843196109402925 36.114764467813075 81.062898274511099 23.133188888430595 62.547806086484343 36.546182881109416 113.70282394299284 1006.4660058328882 9616.0186911597848 222.93445923645049 4732.2868373454548
leaf_count=1933 6985 27668 9335 1357 483 1396 298 1413 740 2850 11630 135898 2562 69488
internal_value=-2.41597e-05 -0.00812999 5.77265e-05 -0.00378222 8.59714e-05 -0.00965079 -0.000744383 0.00560217 -0.00104652 0.000145805 0.000959057 -0.000291464 0.00241699 0.00166724
internal_weight=17283 158.104 17124.9 369.887 231.847 138.039 56.9764 135.209 72.6609 16755 5852.46 10902.5 1286.51 4845.99
internal_count=274036 34653 239383 7620 4569 3051 1655 2636 1223 231763 83968 147795 11897 72338
is_linear=0
shrinkage=0.03


Tree=156
num_leaves=15
num_cat=0
split_feature=152 111 48 87 5 50 13 123 34 153 63 52 128 63
split_gain=12.5506 7.07933 7.26629 7.24704 8.03901 7.39811 8.49086 7.03912 12.3813 10.0288 9.19176 8.24573 11.4916 8.13481
threshold=0.0027572842848808837 -0.3065204610841411 15.883749373836801 0.29893398267934884 1950.0000000000002 -0.32215262180630683 0.93541666666666679 -5.3333333333333419 0.30374649859943981 0.3154142874010652 2.1666666666666674 0.12916666666666668 0.19625413653549997 8.4166666666666696
decision_type=2 8 10 8 2 10 2 8 2 2 10 8 8 10
left_child=-1 2 -2 4 5 -3 -7 8 11 -10 -11 -5 -13 -14
right_child=1 3 -4 7 -6 6 -8 -9 9 10 -12 12 13 -15
leaf_value=-0.013827789684627724 -0.012052080126147332 -0.0057779559282658439 -0.0009866437725559638 -0.0074667419929804893 -0.0082973277302416746 0.012218231067957268 -0.0063441956374447987 0.00025065355751104383 -0.00070898908982934192 -0.00060363438719716303 0.016371701224556296 -0.0026380214487587111 0.0086107817962760656 -0.0057354112360711229
leaf_weight=44.080084764864296 71.82769658532925 21.957585808821023 146.60568352090195 249.45587225141935 20.545413446379825 140.77890081144869 16.358682402642444 14812.604331415612 161.46024268632755 42.388927284628153 67.695547775831074 1318.0903730958235 133.23935322184116 35.247377298539504
leaf_count=13027 4689 1172 8170 3283 1003 5653 596 208975 1921 315 781 21965 1548 938
internal_value=-2.42403e-05 2.30481e-05 -0.00516593 9.4134e-05 0.00557176 0.00768107 0.00990136 2.4213e-05 -0.00163601 0.0041673 0.0105467 -0.00257167 -0.00168387 0.00538604
internal_weight=17282.3 17238.3 218.433 17019.8 199.641 179.095 157.138 16820.2 2007.58 271.545 110.084 1736.03 1486.58 168.487
internal_count=274036 261009 12859 248150 8424 7421 6249 239726 30751 3017 1096 27734 24451 2486
is_linear=0
shrinkage=0.03


Tree=157
num_leaves=15
num_cat=0
split_feature=145 48 10 13 126 103 122 150 153 108 150 19 35 137
split_gain=12.1838 6.29625 6.18232 9.41758 9.65625 8.67032 6.53026 13.2958 16.0808 14.4602 13.0867 12.2906 11.3411 18.4577
threshold=0.91987179487179505 16.174736805480286 413.00000000000006 0.45804195804195807 -0.68301270189221952 -0.2935940518964899 0.11620532139477326 0.35730446024563683 0.46486872725451794 0.9472222222222223 0.31266025641025647 0.39680527383367142 48.500000000000007 32.500000000000007
decision_type=2 10 2 2 2 8 2 10 2 10 10 2 10 2
left_child=2 -2 3 -1 5 -5 10 11 9 12 -4 -8 -9 -14
right_child=1 -3 6 4 -6 -7 7 8 -10 -11 -12 -13 13 -15
leaf_value=-0.010628340675801227 -0.010552401711259271 -0.0010973989305624358 -0.0009891711128017437 -0.003890247778911208 -0.0044293477261268654 0.017997252145959604 0.0010665342446451696 -0.0056071786206325098 0.0063931861569130402 0.013645951129507948 0.002158832787615608 0.0086255076432525443 0.019125000152800959 -0.0015546190585836513
leaf_weight=106.49246402434073 132.15334878163412 118.14613355719484 6896.368162183091 19.272840055869892 106.47870827582665 27.100125716067851 6778.5090141103137 822.98802690347657 174.19860310177319 31.168682541931048 1420.7792865650263 184.7298471420072 27.507515479577705 436.09823513426818
leaf_count=2634 19912 13674 87185 331 2567 645 92948 13919 3322 1359 24961 1601 451 8527
internal_value=-2.42835e-05 -0.00640384 7.50236e-05 -0.00439221 0.000514057 0.0101732 0.000147962 0.000734434 -0.00182319 -0.00296907 -0.000448494 0.00128518 -0.0035242 0.000233324
internal_weight=17282 250.299 17031.7 259.344 152.852 46.373 16772.3 8455.2 1491.96 1317.76 8317.15 6963.24 1286.59 463.606
internal_count=274036 33586 240450 6177 3543 976 234273 122127 27578 24256 112146 94549 22897 8978
is_linear=0
shrinkage=0.03


Tree=158
num_leaves=15
num_cat=0
split_feature=152 58 50 152 35 117 53 130 109 67 149 122 137 120
split_gain=11.9456 6.57208 8.94715 10.1967 11.3923 12.7007 12.4697 8.45572 9.48465 8.44538 9.63208 8.41579 8.38459 14.1248
threshold=0.0027572842848808837 0.81534090909090928 -0.045402030880055115 0.057407164585244877 13.500000000000002 0.021125637523239982 0.58730158730168125 0.087226890756302536 -0.98999999999999944 0.41666666666666669 -0.13268352062705044 0.10720948827292112 579.50000000000011 5.5000000000000009
decision_type=2 10 8 2 8 8 10 2 10 10 2 2 2 10
left_child=-1 2 9 4 5 6 -4 8 -3 10 -2 -6 -13 -14
right_child=1 7 3 -5 11 -7 -8 -9 -10 -11 -12 12 13 -15
leaf_value=-0.01358808873425209 -0.0043910744567604723 -0.010863596100464399 0.017965377260029079 0.00043585698433612111 -0.007198027184571733 -0.0027526268471527318 -0.00027835450398585611 0.0027286549548167622 -0.0021749528622457708 -0.0038149854430447367 0.0049462847377570677 -0.0020823244109706724 0.0050885635954372073 -0.0049827592442717806
leaf_weight=43.227757880464196 101.1804937007837 120.67618282837793 70.652721740771085 11355.244558993727 228.23241946706548 102.46419821330346 54.866595869418234 236.43397298082709 761.75269413250498 137.2288353566546 817.85939151770435 2700.2741894938517 381.31640676339157 169.45440944982693
leaf_count=13027 4020 1905 1924 92086 6490 2304 1756 4714 29389 1902 23585 75537 10745 4652
internal_value=-2.28547e-05 2.29479e-05 0.000178084 -1.03124e-05 -0.00137317 0.00492215 0.0108123 -0.00218479 -0.00352488 0.00282716 0.00386429 -0.00180503 -0.00139511 0.00193999
internal_weight=17280.9 17237.6 16118.8 15062.5 3707.26 227.984 125.519 1118.86 882.429 1056.27 919.04 3479.28 3251.05 550.771
internal_count=274036 261009 225001 195494 103408 5984 3680 36008 31294 29507 27605 97424 90934 15397
is_linear=0
shrinkage=0.03


Tree=159
num_leaves=15
num_cat=1
split_feature=152 111 48 0 154 98 98 118 135 134 118 105 16 27
split_gain=11.5369 6.67112 6.98332 7.03083 6.7543 10.0916 11.211 6.90217 9.82408 8.90283 9.84493 11.7755 9.38144 8.89447
threshold=0.0027572842848808837 -0.3065204610841411 15.883749373836801 0 1.5511502758327356 -0.36924968970423511 0.063600473600473592 -0.071088450691888724 19.500000000000004 0.09366666666666669 -0.02286055486047189 -0.010385396937587036 -50.620192307692314 0.31322674418604657
decision_type=2 8 10 1 2 8 10 8 2 2 10 2 2 2
left_child=-1 2 -2 -4 5 -3 -7 -6 9 12 -11 -12 -9 -13
right_child=1 4 3 -5 7 6 -8 8 -10 10 11 13 -14 -15
leaf_value=-0.013421072132574459 -0.011827505685319732 -0.0051051378121781546 0.0088474911237986908 -0.004136810889042543 0.0022121667876203281 0.0051119768053103894 -0.0019553007974805773 -0.0066255796348997599 -0.0052674128049127735 0.010040942091876871 -0.0073406379236863033 0.0077012346208076747 -0.00017995130100891186 -0.0019907772873822183
leaf_weight=42.648214920656756 70.878432812169194 133.0739052882418 25.853357375133783 120.52194055658765 1092.8400270747952 765.10379872797057 263.51240860274993 191.31635510572232 327.134048611857 138.42021297034808 97.501679148059338 196.06418640096672 13680.43088410655 134.40388870285824
leaf_count=13027 4689 1073 1560 6610 19634 8168 4277 4556 7535 1460 984 1589 197804 1070
internal_value=-2.28034e-05 2.19871e-05 -0.00502812 -0.000942351 9.08213e-05 0.00228383 0.00329939 -7.18344e-05 -0.000242957 -0.000123766 0.00351343 0.00113369 -0.000275909 0.00384413
internal_weight=17279.7 17237.1 217.254 146.375 17019.8 1161.69 1028.62 15858.1 14765.3 14438.1 566.39 427.97 13871.7 330.468
internal_count=274036 261009 12859 8170 248150 13518 12445 234632 214998 207463 5103 3643 202360 2659
cat_boundaries=0 1
cat_threshold=520
is_linear=0
shrinkage=0.03


Tree=160
num_leaves=15
num_cat=0
split_feature=144 86 137 139 11 139 56 55 153 59 116 55 76 156
split_gain=11.2874 9.87213 9.13541 8.1129 6.88626 7.64489 6.25403 10.9041 11.884 13.0871 12.3971 9.8681 13.1677 13.9813
threshold=0.024191545538525212 0.51294569877154583 409.50000000000006 3209.5000000000005 13.500000000000002 809.50000000000011 0.60555555555555574 0.82575757575614273 0.21366806211709052 0.44814814815132803 0.13888937451438327 0.5873015873006201 1391.6666666666667 -0.14310084364067319
decision_type=2 8 2 2 10 2 10 10 2 10 10 10 10 2
left_child=1 2 4 -4 5 -1 7 11 -9 -10 -11 -2 13 -13
right_child=6 -3 3 -5 -6 -7 -8 8 9 10 -12 12 -14 -15
leaf_value=0.0038614067809374045 0.00038392217829117455 -0.010229405097785037 0.017279706923066365 -0.00065516550596502604 0.01169233349688404 -0.0093851201531577368 -0.0035665557766832289 -0.0079422541058850674 0.01613591053375419 0.0061734917809148837 -0.0089558525977266809 -0.0074121211657967954 -0.00052255295263591852 0.0081507327328594042
leaf_weight=43.690451210364699 13606.571355348453 162.76133820367977 24.063048572046682 51.703174215275794 7.9287267308682194 134.62257519853301 393.36796314967796 43.635357725201175 85.610927897505462 223.44822172704153 47.27941029635258 473.05966211459599 1935.3170984673779 45.736281745135784
leaf_count=3773 167823 23509 2006 5792 689 12603 4167 853 1120 7179 1642 9531 33025 324
internal_value=-2.27283e-05 -0.00476751 -0.00100434 0.00695519 -0.00451948 -0.00609166 0.000100987 0.000191799 0.00499319 0.00683404 0.00319988 6.76778e-05 -0.00167739 -0.00584964
internal_weight=17278.8 424.769 262.008 75.7662 186.242 178.313 16854 16460.7 399.974 356.339 270.728 16060.7 2454.11 518.796
internal_count=274036 48372 24863 7798 17065 16376 225664 221497 10794 9941 8821 210703 42880 9855
is_linear=0
shrinkage=0.03


Tree=161
num_leaves=15
num_cat=0
split_feature=152 19 112 114 104 129 114 28 107 35 154 149 35 122
split_gain=10.9781 6.35887 7.7832 7.48329 6.16265 14.7041 9.50675 10.526 14.5436 11.1093 9.16997 10.973 8.76132 11.9739
threshold=0.0027572842848808837 0.16536458333333334 0.29999999999997357 -0.031237859362863669 0.83854166666666685 4.5000000000000009 -0.017499999999949976 6.1277173913043486 -0.005150742352766329 92.500000000000014 2.0338468345065026 0.021717506631299763 99.500000000000014 0.11242644998599048
decision_type=2 2 10 10 2 2 10 10 2 10 2 2 10 2
left_child=-1 2 3 -2 12 10 7 9 -9 -7 11 -6 -3 -14
right_child=1 4 -4 -5 5 6 -8 8 -10 -11 -12 -13 13 -15
leaf_value=-0.013183871943785039 0.0051827927431113627 0.00056554298879348149 0.007542378095936688 -0.010376677022844312 -0.0020546973348412201 -0.00012198149726057053 -0.0016864316944714681 -0.0043717018789525977 0.017536015874667094 0.0087399246163585992 -0.0056159954811785019 0.0091432554392502797 -0.0073542811256688155 -0.00017242293636484854
leaf_weight=41.84437164478004 24.491321915294975 12886.950497858692 23.761599506251514 134.39181219111197 927.36718645761721 607.38779606902972 641.62486589327455 31.809426801279187 75.210544902365655 145.94252841779962 694.80726926261559 71.11970651964657 286.16295366804115 684.67194279818796
leaf_count=13027 774 191433 773 5237 14250 5865 7153 636 1043 1607 12288 708 5518 13724
internal_value=-2.17405e-05 2.16502e-05 -0.00532855 -0.00773804 8.35855e-05 -0.00110099 0.00105516 0.00309362 0.0112875 0.00173194 -0.003006 -0.00113358 0.000357616 -0.00236903
internal_weight=17277.5 17235.7 182.645 158.883 17053.1 3195.27 1501.98 860.35 107.02 753.33 1693.29 998.487 13857.8 970.835
internal_count=274036 261009 6784 6011 254225 43550 16304 9151 1679 7472 27246 14958 210675 19242
is_linear=0
shrinkage=0.03


Tree=162
num_leaves=15
num_cat=0
split_feature=156 111 154 35 125 36 151 49 24 147 138 153 24 16
split_gain=10.7071 7.13501 6.85702 10.8647 6.18438 7.65276 6.0277 10.3114 13.0364 10.708 8.47158 11.9448 13.8966 8.94836
threshold=-4.0754590133786008 -0.29425070011110516 1.2869005265451376 40.500000000000007 -0.6830127018922193 -74.999999999999986 1.3986406674150766 16.207474045377847 3.4472222222222229 0.021605986231956347 0.085295460650013449 0.49251446170600338 3.9183333333333334 -7.1339285714285827
decision_type=2 10 2 10 2 10 2 10 10 10 2 2 8 2
left_child=1 -1 3 -2 -3 -6 7 8 -4 -10 11 12 -9 -12
right_child=2 4 6 -5 5 -7 -8 10 9 -11 13 -13 -14 -15
leaf_value=-0.013028578952694341 0.01077040998084402 0.0073733369097528376 0.0007501948504433912 -0.0050499655444115072 0.0057462302750622375 -0.0091301110836871126 -0.00031769719877091626 0.0033886644343681686 0.0075940954121018183 -0.0039120819730402477 0.0019096705063333501 -0.0082593670182070835 -0.0018708211369669932 -0.006149001533592895
leaf_weight=74.350840867264196 109.71509411837906 32.903325590770692 1071.8402457907796 46.264206944033504 31.760265024146065 94.439169547986239 12688.004784433171 1110.1147298067808 551.66682313382626 74.121407464146614 176.45986039936543 111.16203816980124 743.35727351158857 360.43757428228855
leaf_count=16069 1029 4618 6920 417 4967 14544 205231 7201 3490 457 1137 693 4940 2323
internal_value=-2.10693e-05 -0.00620399 6.90041e-05 0.00604664 -0.00216705 -0.00517351 8.47409e-06 0.000991642 0.0027852 0.00617157 -0.000234876 0.000682887 0.0012812 -0.00352047
internal_weight=17276.6 233.454 17043.1 155.979 159.103 126.199 16887.2 4199.16 1697.63 625.788 2501.53 1964.63 1853.47 536.897
internal_count=274036 40198 233838 1446 24129 19511 232392 27161 10867 3947 16294 12834 12141 3460
is_linear=0
shrinkage=0.03


Tree=163
num_leaves=15
num_cat=0
split_feature=152 35 123 34 153 8 138 107 139 84 114 130 75 136
split_gain=10.3839 6.11274 6.08082 10.8184 10.0843 9.98097 7.99716 9.14888 8.17841 11.854 9.96025 9.67247 7.92448 8.35178
threshold=0.0027572842848808837 295.50000000000006 -5.3333333333333419 0.30374649859943981 0.39565187351359038 2.5000000000000004 0.064824860297124184 -0.043699651485446071 3598.5000000000005 -0.088513867216167066 0.042103729603741168 0.087596153846153865 1850.0000000000002 0.095626432391138286
decision_type=2 10 8 2 2 2 2 2 2 8 10 2 10 2
left_child=-1 2 3 5 12 -2 7 -7 -8 10 -10 -11 13 -5
right_child=1 -3 -4 4 -6 6 8 -9 9 11 -12 -13 -14 -15
leaf_value=-0.012920725917911239 0.0033092436378686732 -0.0071265700020732509 0.00027647667797042573 0.0040681035993907618 0.014235120550710186 0.0068939659186032457 -0.003170050275592467 -0.0086988637060874154 -0.0086508459609542423 0.015403806811845711 0.0053622444087512841 -0.0061680500442911216 0.0094960632558628768 -0.0083631235308375927
leaf_weight=40.978314810199663 236.6329207632225 92.016440014122054 15054.866508856649 81.077221658779308 51.504616390913725 26.750264067668468 1010.4359282937367 304.7405545974616 80.914438375039026 67.480681373737752 73.252571587916464 15.268460062798111 53.464859773404896 85.814259435981512
leaf_count=13027 3639 2023 223660 986 509 960 17535 5475 1119 1975 1302 276 604 946
internal_value=-2.07695e-05 2.11123e-05 6.56768e-05 -0.00144584 0.00399001 -0.00228586 -0.00314769 -0.0071966 -0.00199895 0.00288711 -0.00210744 0.0110878 0.000840753 -0.00248648
internal_weight=17275.2 17234.2 17142.2 2087.34 271.861 1815.48 1578.84 331.491 1247.35 236.916 154.167 82.7491 220.356 166.891
internal_count=274036 261009 258986 35326 3045 32281 28642 6435 22207 4672 2421 2251 2536 1932
is_linear=0
shrinkage=0.03


Tree=164
num_leaves=15
num_cat=0
split_feature=145 48 84 81 27 34 137 139 56 81 141 51 104 88
split_gain=10.1894 6.02999 5.62932 9.90437 9.15752 9.1038 10.2134 9.47911 8.48259 10.2708 9.32298 8.5463 8.58098 9.76507
threshold=0.91987179487179505 16.174736805480286 0.70483644299287274 0.6999999999999994 0.21201923076923079 0.22944819819819823 12.500000000000002 4515.0000000000009 -0.45804195804195796 0.6999999999999994 6.5000000000000009 -0.11970524955556051 0.98611111111111127 2.5000000000000004
decision_type=2 10 10 10 2 2 2 2 8 10 2 8 2 2
left_child=2 -2 8 -4 -5 6 -6 -8 10 11 -1 -10 -13 -14
right_child=1 -3 3 4 5 -7 7 -9 9 -11 -12 12 13 -15
leaf_value=0.013147679691629168 -0.010036433914267295 -0.00074600018319526476 -0.0054712166066642285 0.0061897989399157432 0.011340911130877287 0.0014124669996781951 -0.0061241683197382369 0.0065674294213759043 0.0055617750388784444 0.0085021325552107618 -0.0036075633204347523 0.00019157993939801146 -0.0075823622780043032 -0.00055935650186421349
leaf_weight=76.392203895375133 128.43389125377871 116.57138666091487 419.65805016923696 158.67315651173703 23.395365194184706 580.81947513646446 485.7058391943574 46.915492071770132 239.86526794335805 117.56054411199875 36.428499747533351 14071.559520438081 260.44895790913142 512.16915372828953
leaf_count=770 19912 13674 7814 4886 535 9946 13724 1728 7840 2676 1084 181352 2475 5620
internal_value=-2.01106e-05 -0.00591418 6.98177e-05 -0.00155238 -0.000234844 -0.00120049 -0.00389541 -0.00485697 0.00025284 0.000187941 0.00794913 0.000114761 2.12174e-05 -0.00302612
internal_weight=17274.6 245.005 17029.6 1715.17 1295.51 1136.84 556.017 532.621 15314.4 15201.6 112.821 15084 14844.2 772.618
internal_count=274036 33586 240450 38633 30819 25933 15987 15452 201817 199963 1854 197287 189447 8095
is_linear=0
shrinkage=0.03


Tree=165
num_leaves=15
num_cat=0
split_feature=152 89 156 54 103 121 144 27 105 153 156 119 122 48
split_gain=9.88682 6.01721 12.8427 14.6558 13.3544 13.238 10.1699 9.21373 9.80504 9.19819 11.6405 9.785 13.7426 13.5309
threshold=0.0027572842848808837 0.23851159676833697 -1.4835633173593024 0.90454545454545465 -0.77197452481534123 -0.01217043546953688 0.031055015018744535 0.18405797101449275 -0.027848520473193243 0.31612821231152272 -2.7542341378487536 -0.02917249417249081 0.11062888344944456 16.488445973662309
decision_type=2 10 2 10 8 8 2 2 2 2 2 8 2 8
left_child=-1 7 3 -3 -5 -4 -6 8 -2 10 -9 12 -11 -14
right_child=1 2 5 4 6 -7 -8 9 -10 11 -12 -13 13 -15
leaf_value=-0.012690413787492796 -0.0057371161472738975 -0.0057073531779810293 -0.0066229979146040186 -0.0087440027313969472 -0.0030563866770526582 0.0019293621973467006 0.0089613664310573861 -0.0054462833919746885 0.011893698694209788 -0.002952356370648068 -0.00025418639848557407 0.0003814596940626877 0.0071378561999642289 0.00070465753030283368
leaf_weight=40.241534850560129 27.675733038457111 832.18089832458645 175.42634415999055 70.082413287600502 87.548196624731645 1116.2840700037777 168.17023924249224 395.23438289016485 99.394149424741045 262.9968539502006 7418.0036629997194 5374.320323734777 700.38700356055051 505.95175466779619
leaf_count=13027 1137 25366 1586 1828 6667 9662 4207 28719 2543 3248 85671 75060 9277 6038
internal_value=-1.90914e-05 2.15071e-05 -0.00135093 -0.00362418 0.00171381 0.000705178 0.00490557 0.000250058 0.00785342 0.000176178 -0.000526762 0.000978105 0.00313452 0.00448149
internal_weight=17273.9 17233.7 2449.69 1157.98 325.801 1291.71 255.718 14784 127.07 14656.9 7813.24 6843.66 1469.34 1206.34
internal_count=274036 261009 49316 38068 12702 11248 10874 211693 3680 208013 114390 93623 18563 15315
is_linear=0
shrinkage=0.03


Tree=166
num_leaves=15
num_cat=1
split_feature=156 111 154 147 125 36 151 49 24 147 52 148 0 86
split_gain=9.5421 6.91643 6.39888 9.01852 5.86805 7.38891 5.54631 9.62885 12.1931 10.0385 8.11155 9.11512 10.908 9.0049
threshold=-4.0754590133786008 -0.29425070011110516 1.2869005265451376 -0.065734452554844794 -0.6830127018922193 -74.999999999999986 1.3986406674150766 16.207474045377847 3.4472222222222229 0.021605986231956347 0.88562091503267981 -0.68503543993513916 0 -0.81618515650749635
decision_type=2 10 2 10 2 10 2 10 10 10 10 10 1 8
left_child=1 -1 3 -2 -3 -6 7 8 -4 -10 13 -12 -13 -8
right_child=2 4 6 -5 5 -7 10 -9 9 -11 11 12 -14 -15
leaf_value=-0.012685592382801966 0.010968655810939875 0.0073148478998928037 0.00071108796467172228 -0.0028388256518992526 0.0057801667804616933 -0.0088459682804229445 0.0028423778151509234 -0.000236518858084985 0.0073169229055910908 -0.003826069317439468 -0.0090903092487549502 0.0027915345052996828 -0.0042870987852310517 -0.00032489244671455003
leaf_weight=72.610370114678517 95.850303534418344 32.975880455225706 1072.6472220122814 60.841987853869796 31.7148338383995 92.997955922968686 857.55326924240217 2501.5345797389746 554.36736620217562 73.95745724439621 163.65982134337537 303.70358244446106 469.67984110838734 10888.445954034571
leaf_count=16069 1047 4618 6920 399 4967 14544 10002 16294 3490 457 2619 6139 9677 176794
internal_value=-1.91402e-05 -0.00589395 6.53619e-05 0.00582773 -0.00193638 -0.00490526 6.76407e-06 0.000949344 0.00268016 0.0059467 -0.000306311 -0.00296964 -0.0015261 -9.03258e-05
internal_weight=17272.5 230.299 17042.2 156.692 157.689 124.713 16885.5 4202.51 1700.97 628.325 12683 937.043 773.383 11746
internal_count=274036 40198 233838 1446 24129 19511 232392 27161 10867 3947 205231 18435 15816 186796
cat_boundaries=0 1
cat_threshold=612
is_linear=0
shrinkage=0.03


Tree=167
num_leaves=15
num_cat=0
split_feature=145 48 135 118 126 134 134 83 81 56 106 82 126 104
split_gain=9.1206 5.81333 5.48472 7.26373 7.18142 6.27539 8.95898 7.93201 8.93037 15.0127 8.9122 9.41051 9.0736 7.81324
threshold=0.91987179487179505 16.174736805480286 19.500000000000004 -0.071088450691888724 0.6830127018922193 0.09366666666666669 0.11247412008281575 -0.32999999999988172 -0.17500000000000068 -0.17914438502673791 0.9076704545454547 -0.46666666666533269 -0.24999999999999994 0.83854166666666685
decision_type=2 10 2 10 2 2 2 10 10 8 2 10 2 2
left_child=2 -2 5 -4 -5 13 7 10 -9 -10 -7 12 -12 -1
right_child=1 -3 3 4 -6 6 -8 8 9 -11 11 -13 -14 -15
leaf_value=0.00034762365181722945 -0.0097154949983381516 -0.00056895293286185185 0.0084185401041293548 -0.0074012436487430498 0.0021430410120615645 -0.0046487126010054114 -0.0079797028693602817 0.01319907438582715 0.011813450673281704 -0.0049723677779498496 -0.00044513002609287397 -0.0048980665492291036 0.013598556761030139 -0.0013328432371661595
leaf_weight=12901.941522730747 126.22585572046228 115.79514349973761 27.925052855862305 242.91105843381956 90.054910327540711 144.51448850193992 48.757346361875534 121.27001437498257 70.604799223132432 95.683129853801802 66.198172500357032 57.864590637385845 91.583264338318259 3069.7553821736947
leaf_count=185325 19912 13674 809 4836 1977 1356 432 1104 960 1049 442 447 645 41068
internal_value=-1.87729e-05 -0.00562793 6.58286e-05 -0.00351793 -0.00483877 0.000146516 0.00290327 0.00388456 0.00746822 0.00254253 0.000839113 0.00457992 0.00817932 2.36909e-05
internal_weight=17271.1 242.021 17029.1 360.891 332.966 16668.2 696.476 647.718 287.558 166.288 360.161 215.646 157.781 15971.7
internal_count=274036 33586 240450 7622 6813 232828 6435 6003 3113 2009 2890 1534 1087 226393
is_linear=0
shrinkage=0.03


Tree=168
num_leaves=15
num_cat=0
split_feature=152 19 112 114 130 136 13 148 22 5 32 155 24 52
split_gain=9.21664 5.9609 7.55576 7.63517 5.87172 10.886 12.0944 9.4652 10.6855 9.92939 14.9715 9.32883 11.1558 9.46723
threshold=0.0027572842848808837 0.16536458333333334 0.27010327635328701 -0.031237859362863669 0.078191056910569115 0.076326148078725412 0.13809523809523813 -0.10125991080652358 0.11270161290322582 1450.0000000000002 8.033333333333335 0.26201105581262435 5.9486842105263174 0.12916666666666668
decision_type=2 2 10 10 2 2 2 8 2 2 8 2 10 8
left_child=-1 2 3 -2 -3 -6 7 8 -7 -9 -11 13 -13 -8
right_child=1 4 -4 -5 5 6 11 9 -10 10 -12 12 -14 -15
leaf_value=-0.01236575770662538 0.0050590195479809988 0.00095509939246093609 0.0060175281791442102 -0.010778977241373805 -0.0045071383252670511 0.0057869386511564189 -0.0027728270933259345 -0.0080075519797005862 -0.0083183159200169946 0.0031462955287604641 -0.0059736835195520884 0.0013146487052656695 0.0084889646290490974 0.00022307641973041026
leaf_weight=39.234973971964791 24.612469278043136 4904.0736593382899 32.477114678127691 124.43351713614538 508.05463481182232 182.30628278292716 1068.574792744359 363.32065270608291 49.765160664916039 288.0194911211729 335.72062723315321 1489.6311143862549 211.09368267259561 7648.9507903046906
leaf_count=13027 774 89044 1104 4906 8411 2169 12208 5596 566 3207 5395 16023 4854 106752
internal_value=-1.80737e-05 2.07728e-05 -0.00517423 -0.00794015 8.05826e-05 -0.000273272 -8.2869e-05 -0.00289115 0.00244084 -0.00416255 -0.00178743 0.000249437 0.00227155 -0.000148287
internal_weight=17270.3 17231 181.523 149.046 17049.5 12145.4 11637.4 1219.13 232.071 987.061 623.74 10418.3 1700.72 8717.53
internal_count=274036 261009 6784 5680 254225 165181 156770 16933 2735 14198 8602 139837 20877 118960
is_linear=0
shrinkage=0.03


Tree=169
num_leaves=15
num_cat=1
split_feature=152 16 114 84 81 56 0 147 101 81 153 34 58 76
split_gain=8.90125 5.85836 5.78621 5.66139 8.5701 10.9302 9.96998 9.13668 8.40522 8.24006 8.65126 9.37727 10.3229 8.90887
threshold=0.0027572842848808837 -50.620192307692314 -0.051510989011001117 0.70483644299287274 0.6999999999999994 -0.45804195804195796 0 -0.068365920996105459 0.049512241372125572 0.6999999999999994 0.26480591205103771 0.2932908545727137 0.82085561497326209 1470.8333333333337
decision_type=2 2 10 10 10 8 1 10 10 10 2 2 10 10
left_child=-1 2 -2 4 5 7 -6 -3 -8 -5 13 -12 -13 -11
right_child=1 3 -4 9 6 -7 8 -9 -10 10 11 12 -14 -15
leaf_value=-0.012206900686240378 0.0017759051165186846 0.00066760482962284506 -0.0076980755886312553 -0.0050995279794825831 0.011689484581527585 0.00013379395340506551 -0.0089709787585777311 0.020283265185330593 0.0098384872143617071 0.001253792981781841 0.00018725136434149972 -0.00099447878770442906 0.016236439643672853 -0.0068123300981845821
leaf_weight=38.75570174632594 80.87064223154448 43.082423992920667 154.69350681593642 421.29663030896336 97.270766235888004 15011.972143973922 46.201884449692443 29.585867032408714 18.505288990680128 204.46984302252531 732.38068510731682 51.318986713886261 59.12472362886183 280.52081978623755
leaf_count=13027 2038 827 3769 8616 2310 206019 1241 361 229 5347 20923 734 1106 7489
internal_value=-1.81734e-05 1.98339e-05 -0.00453399 8.68933e-05 0.00027281 0.00019561 0.00683635 0.0107579 -0.00244573 -0.00152224 -0.000342935 0.00148925 0.00906836 -0.0034761
internal_weight=17270 17231.3 235.564 16995.7 15246.6 15084.6 161.978 72.6683 64.7072 1749.11 1327.82 842.824 110.444 484.991
internal_count=274036 261009 5807 255202 210987 207207 3780 1188 1470 44215 35599 22763 1840 12836
cat_boundaries=0 1
cat_threshold=143
is_linear=0
shrinkage=0.03


Tree=170
num_leaves=15
num_cat=1
split_feature=144 148 52 79 58 56 0 55 106 47 55 76 156 119
split_gain=8.60769 9.39275 6.98354 6.5356 7.70686 5.95118 7.8146 7.64382 14.3896 9.52112 8.98834 13.1208 12.1805 11.0946
threshold=0.024191545538525212 0.57901889523301053 0.81534090909090928 1.0000000180025095e-35 0.57738095238095244 0.68990384615384626 0 0.82575757575614273 0.54006410256410264 0.29285714285714287 0.5873015873006201 1391.6666666666667 -0.14310084364067319 0.071938810780735232
decision_type=2 8 8 10 10 10 1 10 2 10 10 10 2 8
left_child=1 2 3 -1 -5 7 -7 10 -9 -10 -2 12 -12 -13
right_child=5 -3 -4 4 -6 6 -8 8 9 -11 11 13 -14 -15
leaf_value=0.00018484621541202211 0.00034635003066622627 -0.0076571238854855226 -0.0066659763698521937 -0.0028414631165587945 0.021918935135616262 0.0034154039070154827 -0.0092317119636564395 -0.0010566268041623033 0.011951564655560977 -0.0049050789133553751 -0.0071055038865367182 0.00057967261559560817 0.0068072346774059704 -0.0051590140725453742
leaf_weight=79.973359310533851 13674.35133069125 253.32321258331649 50.84080961253494 12.347903313580902 18.907245972659439 53.711571570718661 106.92725521605462 239.38351440057158 177.08016300597228 27.256174209527671 494.59722462436184 1673.9582928607706 51.771484464406967 354.67737603071146
leaf_count=6513 168439 34119 5188 851 1701 537 1161 7349 3669 300 9849 27858 366 6136
internal_value=-1.696e-05 -0.00420644 0.00137892 0.00541128 0.0143876 8.99465e-05 -0.0054036 0.000147615 0.00396669 0.0095214 3.97657e-05 -0.0015809 -0.00564053 -0.000454155
internal_weight=17269.1 415.393 162.069 111.229 31.2551 16853.7 160.639 16693.1 443.72 204.336 16249.4 2575 546.369 2028.64
internal_count=274036 48372 14253 9065 2552 225664 1698 223966 11318 3969 212648 44209 10215 33994
cat_boundaries=0 1
cat_threshold=548
is_linear=0
shrinkage=0.03


Tree=171
num_leaves=15
num_cat=1
split_feature=152 35 129 149 122 112 35 101 86 13 0 63 148 52
split_gain=8.47228 5.76649 5.82895 10.9248 8.33051 8.85517 11.6278 9.32757 10.373 7.99968 10.01 8.20673 8.54905 12.2948
threshold=0.0027572842848808837 295.50000000000006 1.5000000000000002 -0.05632339254527071 0.11620532139477326 0.10416666666666906 21.500000000000004 0.12944442971868811 -0.36269194862143189 0.93933823529411775 0 1.1666666666666667 -0.62916211305529623 0.81534090909090928
decision_type=2 10 2 2 2 10 10 10 8 2 1 10 10 8
left_child=-1 2 3 -2 -5 -6 -7 8 -8 11 -11 -4 13 -13
right_child=1 -3 9 4 5 6 7 -9 -10 10 -12 12 -14 -15
leaf_value=-0.011982312284104174 -0.0039429779501510016 -0.0069443141770734245 -0.0039606565474392423 -0.0015548463821071414 0.0020597431625720593 -0.0088021421112880558 0.01344009095588204 -0.0055823196003010273 -0.0020967114065339717 0.0012660210691060824 -0.0046661912111829002 7.6383844822781627e-05 0.001037052959855744 -0.0078577277162120134
leaf_weight=38.092186019290239 816.88693096954376 91.337457686662674 323.30297061474994 1989.4135576230474 1718.1501141446643 156.70165672944859 66.684978938428685 86.567126595648006 66.798910317709669 439.59715433116071 567.26288572698832 669.22695570858195 10014.898954418488 223.25871115201153
leaf_count=13027 20375 2023 2459 28336 28795 2357 982 882 1676 6191 8107 8030 147370 3426
internal_value=-1.66118e-05 2.02413e-05 6.33974e-05 -0.000809324 -0.00017044 0.00114596 -0.00294057 0.00152888 0.00623869 0.00041349 -0.00212888 0.000643956 0.000785692 -0.00200544
internal_weight=17268.2 17230.1 17138.8 4901.2 4084.32 2094.9 376.753 220.051 133.484 12237.5 1006.86 11230.7 10907.4 892.486
internal_count=274036 261009 258986 83403 63028 34692 5897 3540 2658 175583 14298 161285 158826 11456
cat_boundaries=0 1
cat_threshold=451
is_linear=0
shrinkage=0.03


Tree=172
num_leaves=15
num_cat=0
split_feature=152 58 50 31 86 149 11 106 130 123 15 139 57 13
split_gain=8.18169 5.67485 8.86353 8.5423 10.8172 10.3614 9.25712 13.5357 10.5172 10.0866 8.68093 8.51577 10.2698 9.53092
threshold=0.0027572842848808837 0.81534090909090928 -0.045402030880055115 0.23993558776167476 0.30674234367106695 -0.13268352062705044 4.5000000000000009 0.48611111111111116 0.077397192074081467 -3.3333333333333424 1.6291666666666667 928.50000000000011 -0.082003508474031137 0.25833333333333336
decision_type=2 10 8 2 10 2 8 2 2 10 2 2 10 2
left_child=-1 2 3 5 -5 -2 8 -8 9 -7 -10 12 -3 -14
right_child=1 11 -4 4 -6 6 7 -9 10 -11 -12 -13 13 -15
leaf_value=-0.011826404436433274 -0.0047617661076633563 -0.001259742190527146 -2.4933667195762654e-05 -0.0055739298115015379 0.0075627434745360782 0.022912162193708216 -0.010076544797012045 0.006392411898028613 0.0056064259107453367 0.0067595346587574056 -0.0086688121286566926 -0.0035289153767938571 -0.0059133240879845452 0.015596422463211128
leaf_weight=37.641138052335009 89.468060788931325 200.06248605391011 15060.8628839429 185.53403599490412 64.1118794309441 52.067645474337041 65.954737178515643 86.153338274685666 369.78630998684093 114.38160620606504 29.197274848585948 837.62647882872261 15.832290078746153 59.550691244192421
leaf_count=13027 3670 6110 195494 3245 1394 1662 2401 1937 10907 3602 689 27342 565 1991
internal_value=-1.7271e-05 1.87907e-05 0.000162617 0.00279877 -0.00196285 0.00428071 0.0054826 -0.0010121 0.00721076 0.0132887 0.00428553 -0.00203832 0.00244273 0.0108472
internal_weight=17268.2 17230.6 16117.5 1056.65 249.646 807.009 717.541 152.108 565.433 166.449 398.984 1113.07 275.445 75.383
internal_count=274036 261009 225001 29507 4639 24868 21198 4338 16860 5264 11596 36008 8666 2556
is_linear=0
shrinkage=0.03


Tree=173
num_leaves=15
num_cat=0
split_feature=111 28 28 16 118 114 135 49 118 122 57 55 154 139
split_gain=8.08947 9.60896 9.40553 5.74842 10.0186 7.71588 6.06798 9.04895 6.98216 6.48038 14.7893 11.9236 14.5588 12.2232
threshold=-0.3065204610841411 10.950000000000001 5.8047619047619055 -50.620192307692314 -0.014045584297900851 -0.082905982905996697 19.500000000000004 16.13346303595851 -0.071088450691888724 0.11884326986694112 0.24861111111112186 0.81255252101012354 2.1516810782533455 314.50000000000006
decision_type=8 10 8 2 10 10 2 10 10 2 10 10 2 2
left_child=1 2 -1 4 -2 -6 9 -8 -9 11 -11 -5 13 -13
right_child=3 -3 -4 6 5 -7 7 8 -10 10 -12 12 -14 -15
leaf_value=0.0068582923274446211 0.0026999789292130364 0.0051641619207648502 -0.011045042761494974 -0.00040141625949098391 0.0048596412643299872 -0.012155043604215555 0.0049033697327432266 0.0076616637162100557 -0.0073077054826236852 0.0016923800571520722 -0.0023222242852955588 -0.0087604156913787447 -0.0045287720128203137 0.011884286295114515
leaf_weight=20.771907891379669 96.716004939051345 48.997814926784486 156.69899426307529 10306.617739262059 20.806155913043767 115.38683263002895 76.168142719892785 18.949763329699636 270.08894270122983 4863.8844599986915 980.51894127717242 18.538723021745682 82.232797875301912 191.44372152118012
leaf_count=951 2459 4464 12051 141751 447 3119 1974 595 6351 80728 11624 431 1963 5128
internal_value=-1.64844e-05 -0.005469 -0.00857838 6.0722e-05 -0.00447431 -0.00933147 0.000127496 -0.00361962 -0.00599672 0.000213943 0.00101463 -0.00022838 0.00559633 0.00959907
internal_weight=17267.8 226.469 177.471 17041.4 232.909 136.193 16808.4 365.207 289.039 16443.2 5844.4 10598.8 292.215 209.982
internal_count=274036 17466 13002 256570 6025 3566 250545 8920 6946 241625 92352 149273 7522 5559
is_linear=0
shrinkage=0.03


Tree=174
num_leaves=15
num_cat=0
split_feature=156 111 154 98 98 35 109 35 85 144 144 76 123 23
split_gain=7.99556 6.55492 6.00209 8.55748 9.77483 8.70532 8.55625 6.94885 6.23404 5.99679 7.08661 5.7894 5.7516 11.7042
threshold=-4.0754590133786008 -0.29425070011110516 1.5018818343491704 -0.36081366550116545 0.063600473600473592 42.500000000000007 -0.33333333333333254 20.500000000000004 0.23186239578808457 0.16773627551006801 0.090177835934696249 1735.0000000000002 -5.3333333333333419 0.31698717948717953
decision_type=2 10 2 8 8 10 8 10 8 2 2 10 8 2
left_child=1 -1 3 -2 5 7 -6 -5 -8 10 -10 -7 13 -4
right_child=2 -3 12 4 6 11 8 -9 9 -11 -12 -13 -14 -15
leaf_value=-0.012164448145224339 -0.0049885629225641763 -0.0016169778234237998 -0.0025068654878913064 0.0031261628488645555 -0.0065157342554647358 0.0063044057732904715 0.011171178625414566 0.013046246448022243 0.0030644247411484304 0.0074274565898737243 -0.011744418878184058 -0.0049130107195934671 0.00014272832608027048 0.0041021646018862927
leaf_weight=70.088372315280139 104.90196168236434 155.76323091797531 1695.5347489253618 114.75319153815508 112.53737839497626 61.551289543509483 48.776360707357526 170.95021155290306 49.498952099122107 45.025868207216263 42.00201790034771 75.234673013910651 14253.917445079889 266.90131257520989
leaf_count=16069 788 24129 26993 1104 977 559 739 1428 1034 260 302 655 196079 2920
internal_value=-1.60884e-05 -0.00544391 6.05706e-05 0.0025329 0.00370767 0.00656214 -0.000461917 0.00941653 0.00342727 -0.000171348 -0.00443004 0.000258828 -6.7468e-05 -0.0015837
internal_weight=17267.4 225.852 17041.6 825.232 720.33 422.489 297.841 285.703 185.303 136.527 91.501 136.786 16216.4 1962.44
internal_count=274036 40198 233838 7846 7058 3746 3312 2532 2335 1596 1336 1214 225992 29913
is_linear=0
shrinkage=0.03


Tree=175
num_leaves=15
num_cat=1
split_feature=152 19 112 49 26 120 32 58 27 35 0 153 55 115
split_gain=7.7287 5.50402 7.25187 5.69166 5.68435 10.3153 14.3811 13.1865 10.8719 10.5507 10.7082 10.3393 11.5284 10.3115
threshold=0.0027572842848808837 0.16536458333333334 0.27010327635328701 15.569580903965592 0.072004608294930897 2.5000000000000004 4.7596153846153859 0.17914438502673799 0.22871376811594205 26.500000000000004 0 0.21436060354570138 0.82575757575614273 -0.22981922313835332
decision_type=2 2 10 10 2 8 10 8 2 10 1 2 10 8
left_child=-1 2 3 -2 5 6 7 -3 -8 10 -10 -7 -13 -6
right_child=1 4 -4 -5 13 11 8 -9 9 -11 -12 12 -14 -15
leaf_value=-0.011572506867544114 0.0070978351499908741 0.0041838809101925065 0.0059405730827525724 -0.00943330640567616 -0.010239319701229278 -0.0045004164164855068 0.0070495792369950818 -0.00091415841583263177 -0.00507384575943182 -0.0041959271181296557 0.0074545722103260088 -0.00011068512586303836 0.0089090325600141938 -0.00030429178644057986
leaf_weight=36.922542952001095 10.365284745814277 618.03270087507553 32.566024758387357 137.29936701711267 79.976781237171963 457.17949997773394 669.75552325719036 1625.5884231533855 64.198825970059261 189.30456848442554 224.21853937930427 3423.1400983664207 117.45634066453204 9580.6341280844063
leaf_count=13027 446 4741 1104 5234 4477 7591 14812 20613 745 2552 2536 49425 3590 143143
internal_value=-1.55551e-05 1.92556e-05 -0.00498937 -0.00772539 7.65412e-05 0.000702133 0.00191539 0.000508618 0.00462394 0.00111217 0.00463136 -0.000330319 0.000224859 -0.000402287
internal_weight=17266.6 17229.7 180.231 147.665 17049.5 7388.87 3391.1 2243.62 1147.48 477.722 288.417 3997.78 3540.6 9660.61
internal_count=274036 261009 6784 5680 254225 106605 45999 25354 20645 5833 3281 60606 53015 147620
cat_boundaries=0 1
cat_threshold=386
is_linear=0
shrinkage=0.03


Tree=176
num_leaves=15
num_cat=0
split_feature=144 86 137 52 21 18 23 13 11 139 150 49 32 108
split_gain=7.54582 9.01527 8.97989 7.61016 7.93188 8.32554 10.8626 9.14642 6.58189 7.35127 7.3187 5.91246 5.74234 6.71041
threshold=0.024191545538525212 0.51294569877154583 409.50000000000006 0.77350427350427364 2.5000000000000004 0.057915921288014323 0.29724702380952389 0.32291666666666669 13.500000000000002 809.50000000000011 -0.2181818181818182 16.121793548770565 14.583333333333334 0.85912698412698429
decision_type=2 8 2 10 2 2 2 2 10 2 10 10 10 10
left_child=1 2 8 4 -4 -6 7 -7 9 10 -1 -12 13 -2
right_child=12 -3 3 -5 5 6 -8 -9 -10 -11 11 -13 -14 -15
leaf_value=-0.010383653674790631 -6.276999342278721e-06 -0.009313178717711092 -0.005184094050216019 -0.0044642009950789817 -0.0045086850600132757 -0.0014321676683373542 -0.0032120469686237976 0.035733010888855943 0.01181711970891745 -0.0088368842790164659 -0.0042204438165509934 0.016224828474837669 -0.0077909695231955624 0.0029002846781667271
leaf_weight=9.208405784564091 16053.671084890375 155.05381324165501 10.22309792996384 24.551530730444938 7.2321099762339136 5.900047461967918 8.3262167186476272 18.167642660206184 7.8608290990814558 130.87429271708243 11.571932156570254 22.376472653122619 67.922671635402367 733.19391777552664
leaf_count=739 201985 23509 1304 3099 772 541 544 1538 689 12603 1271 1763 1720 21959
internal_value=-1.52729e-05 -0.00395687 -0.000380605 0.00752523 0.013097 0.0179417 0.0227945 0.0295704 -0.00394133 -0.00553435 0.00417681 0.010098 8.43558e-05 0.000123148
internal_weight=17266.1 411.346 256.293 74.4006 49.8491 39.626 32.3939 24.0677 181.892 174.031 43.1568 33.9484 16854.8 16786.9
internal_count=274036 48372 24863 7798 4699 3395 2623 2079 17065 16376 3773 3034 225664 223944
is_linear=0
shrinkage=0.03


Tree=177
num_leaves=15
num_cat=1
split_feature=152 35 129 105 8 13 28 139 13 0 116 148 147 112
split_gain=7.34627 5.44978 5.47532 12.5677 10.9629 8.19331 7.59717 10.3571 7.5715 9.51591 7.95851 13.6444 12.1814 12.9394
threshold=0.0027572842848808837 295.50000000000006 1.5000000000000002 0.0032668415231732859 2.5000000000000004 0.78174603174603186 14.125000000000002 284.50000000000006 0.93933823529411775 0 1.0000000180025095e-35 -0.5807733919512732 0.057297477520478417 0.11764705882346031
decision_type=2 10 2 2 2 2 8 2 2 1 10 8 10 10
left_child=-1 2 3 -2 5 -5 7 -6 10 -10 -4 12 -12 -14
right_child=1 -3 8 4 6 -7 -8 -9 9 -11 11 -13 13 -15
leaf_value=-0.011349604357421788 3.9980995610250689e-05 -0.0067716912138483347 -0.00013019222955478098 -0.0013097558874460699 0.010813409558758823 0.010633301402022658 -0.00756136322825454 -0.0035689244053511205 0.0012306524766109938 -0.004555955490793644 -0.0067301207325328469 0.0019686944344506734 0.0084002488700650763 -0.0059380770854394012
leaf_weight=36.307522968389094 3790.6498168713879 90.711049238219857 5939.5631748428568 170.45015041599981 36.531603401293978 57.584688939154148 481.70083518489264 360.69098508264869 439.97718119923957 565.40935281920247 310.54845565161668 4781.8432829026133 119.65896591357887 84.035434004850686
leaf_count=13027 61188 2023 77003 2640 515 878 12237 5945 6191 8107 4724 77240 1257 1061
internal_value=-1.46793e-05 1.90585e-05 6.08905e-05 -0.000785375 -0.00357446 0.00217632 -0.00507797 -0.00190087 0.000400026 -0.00207534 0.000623999 0.0014678 -0.00311368 0.00248332
internal_weight=17265.7 17229.4 17138.6 4897.61 1106.96 228.035 878.923 397.223 12241 1005.39 11235.6 5296.09 514.243 203.694
internal_count=274036 261009 258986 83403 22215 3518 18697 6460 175583 14298 161285 84282 7042 2318
cat_boundaries=0 1
cat_threshold=451
is_linear=0
shrinkage=0.03


Tree=178
num_leaves=15
num_cat=0
split_feature=145 48 77 10 109 53 148 121 122 150 86 50 130 150
split_gain=7.23665 5.54399 5.65362 5.34393 8.77193 11.9496 9.37967 8.17225 5.96129 12.913 12.6343 12.013 14.1232 11.0682
threshold=0.91987179487179505 16.174736805480286 1.0000000180025095e-35 417.00000000000006 -2.1873397435897433 0.63973711473712092 0.29370052164540544 0.0049875621890547268 0.11620532139477326 0.31266025641025647 -1.2352436348199261 0.067063791636346806 0.076326148078725412 0.35730446024563683
decision_type=2 10 10 2 8 8 8 10 2 10 8 8 2 10
left_child=3 -2 -3 4 -1 6 -6 -8 9 -5 -10 -11 -13 -12
right_child=1 2 -4 8 5 -7 7 -9 10 11 13 12 -14 -15
leaf_value=-0.01001857803288044 -0.0091281861742295127 -0.0072105406273798058 0.0048571426801779175 -0.00096614918461323347 0.013925595157722423 -0.0064752744825176721 -0.0065819710815787471 0.01122864239647892 -0.0063018810946826979 6.4438867905853396e-05 0.0014020580514029349 -0.004069208051937453 0.0081078825880113066 -0.0015153267752052552
leaf_weight=108.71204457245767 122.32275772211142 44.64566977834329 69.366424422711134 6888.9136167403776 52.893325228942558 126.47011956619099 58.863155841128901 18.906027207151055 210.58510755607858 906.3188886763528 6740.9033557949588 97.091927054338157 416.55307747679763 1402.7192516745999
leaf_count=1274 19912 5004 8670 87184 992 3689 1792 562 1981 19155 91659 1337 4469 26356
internal_value=-1.47572e-05 -0.00506816 -0.000157332 5.97747e-05 -0.00345408 -0.000279457 0.00576681 -0.00113665 0.00013996 -0.000428645 0.000705234 0.00216188 0.00575595 0.000897683
internal_weight=17265.3 236.335 114.012 17028.9 365.845 257.133 130.663 77.7692 16663.1 8308.88 8354.21 1419.96 513.645 8143.62
internal_count=274036 33586 13674 240450 8309 7035 3346 2354 232141 112145 119996 24961 5806 118015
is_linear=0
shrinkage=0.03


Tree=179
num_leaves=15
num_cat=0
split_feature=111 28 28 48 149 112 82 99 149 82 122 39 122 121
split_gain=7.1133 9.1667 8.9704 7.4145 7.98427 5.58978 10.4935 12.5389 15.611 13.9692 13.4011 11.78 10.2298 12.9892
threshold=-0.3065204610841411 10.950000000000001 5.8047619047619055 15.883749373836801 -0.10347737847737846 0.16369047619048163 -0.84999999999960585 0.14052933510137269 0.035714285714285747 -1.0166666666658177 0.11949061083531191 3.2250000000000005 0.11884326986694112 -0.0090703414232825973
decision_type=8 10 8 10 2 10 8 10 2 10 2 10 2 8
left_child=1 2 -1 -3 -5 6 7 9 10 -2 -9 -11 -8 -14
right_child=5 3 -4 4 -6 -7 12 8 -10 11 -12 -13 13 -15
leaf_value=0.0067685321312555514 0.0015868235592345502 -0.0071956865154395476 -0.010693575899795225 -0.0061552215178241826 0.018429296448208753 -0.0012341914764263805 -0.00062600578980843145 0.0018262527964150481 0.0099853460910301964 0.001945512471839475 -0.0056597622152365495 0.017606082942364227 -0.002173102072672236 0.0018850750776466143
leaf_weight=20.849858277477324 218.79072132636793 17.012224183883518 153.83996047871187 8.541843212675305 23.37293288926594 2548.6070856577717 8296.5931973743718 712.42439172463492 134.71330848708749 68.64694577595219 290.73455440718681 124.183394218795 859.55383129604161 3786.9606057377532
leaf_count=951 1821 1902 12051 863 1699 47403 119478 6297 1218 506 2777 1210 15569 60291
internal_value=-1.47173e-05 -0.00515857 -0.00823899 0.00519234 0.0119852 5.72583e-05 0.000285408 0.00260609 0.00094808 0.00699496 -0.000394756 0.0125738 4.89122e-06 0.00112978
internal_weight=17264.8 223.617 174.69 48.927 31.9148 17041.2 14492.6 1549.49 1137.87 411.621 1003.16 192.83 12943.1 4646.51
internal_count=274036 17466 13002 4464 2562 256570 209167 13829 10292 3537 9074 1716 195338 75860
is_linear=0
shrinkage=0.03


Tree=180
num_leaves=15
num_cat=0
split_feature=152 32 118 34 34 107 30 55 55 114 104 16 86 70
split_gain=6.94505 5.19149 5.47449 8.61224 12.8522 9.72859 8.5675 7.95225 11.8366 13.2138 15.4336 14.4352 10.7385 13.6205
threshold=0.0027572842848808837 14.583333333333334 -0.071088450691888724 0.33899769585253464 0.32097069597069605 0.071995793119371002 0.066678520625889068 0.5873015873006201 0.82575757575614273 0.11111111111109533 0.4393382352941177 8.1602564102564106 -0.34989852691489881 1.0000000180025095e-35
decision_type=2 10 8 2 2 2 2 10 10 10 2 2 8 10
left_child=-1 2 3 4 6 -6 -2 12 -9 10 -10 -11 -4 -14
right_child=1 -3 7 -5 5 -7 -8 8 9 11 -12 -13 13 -15
leaf_value=-0.011106031918601315 0.0085240702262877471 -0.0072176780081074409 0.0014394594947965372 -0.0037667419225937615 0.020935097691025181 -0.00032349851963384612 0.00076172417088042111 -0.0023066459704038705 -0.0030583915759704902 -0.010207748675096892 0.010536896413624418 0.0076366054224807235 4.4073516283938049e-05 -0.003698843431663813
leaf_weight=35.651851566275582 138.39856251399033 73.76210394478403 4366.9758046027273 182.97098808293231 44.790854314342141 27.994893016992137 795.24234261247329 2503.2008382834028 103.19981753197499 101.81185898324475 215.48146003647707 49.524408546276391 7651.7953646311071 972.9445778732188
leaf_count=13027 3630 2498 40549 2217 765 323 16687 48644 2981 3082 6143 1261 116471 15758
internal_value=-1.36685e-05 1.89274e-05 5.63227e-05 0.00200671 0.00309624 0.0141005 0.00202897 -9.07295e-05 -0.00148623 0.00281932 0.00619471 -0.00420617 0.000229983 -0.000383848
internal_weight=17263.7 17228.1 17154.3 1189.4 1006.43 72.7857 933.641 15964.9 2973.22 470.018 318.681 151.336 12991.7 8624.74
internal_count=274036 261009 258511 23622 21405 1088 20317 234889 62111 13467 9124 4343 172778 132229
is_linear=0
shrinkage=0.03


Tree=181
num_leaves=15
num_cat=1
split_feature=156 155 150 154 35 10 13 137 48 149 80 57 84 3
split_gain=6.77944 6.41043 8.52805 5.80708 9.97513 6.21291 8.65998 12.2031 6.3952 5.71356 5.65791 10.0264 10.6369 16.3139
threshold=-4.0754590133786008 0.24958975124249741 0.16214896214896216 1.2869005265451376 40.500000000000007 417.00000000000006 0.45804195804195807 199.50000000000003 16.343966232942311 -0.057359307359307339 240.00000000000003 -0.066666666666454447 -0.55054312921463389 0
decision_type=2 2 10 2 10 2 2 2 8 2 10 10 10 1
left_child=1 -1 -3 4 -2 6 -5 8 -8 -4 -7 -12 -13 -14
right_child=3 2 9 5 -6 10 7 -9 -10 -11 11 12 13 -15
leaf_value=-0.0090819302655894569 0.01001641592275478 -0.0077498088386393511 0.00011840577074146195 -0.009053541015787871 -0.0050723997644786774 0.00023960873586836051 -0.0040378939550670097 -0.0065515409907757225 0.010872076275593098 0.017734149438920731 -0.006773048932302443 -0.0039050646356174421 -0.0050042826835556614 0.006369869551085503
leaf_weight=127.29734320379794 111.40188505500555 42.361216635908931 37.383975777775049 146.69275658810511 46.311891872435808 15376.400154581759 26.95430930913426 105.86260142480023 76.989764722296968 15.058312125736846 274.14112920453772 393.66280364175327 157.02600472606719 325.33928145770915
leaf_count=27361 1029 5671 5215 3057 417 206633 566 2225 1423 1951 5589 4749 2860 5290
internal_value=-1.3126e-05 -0.00505107 0.000862656 5.69204e-05 0.00552993 9.30682e-07 -0.00383585 0.000172933 0.00698406 0.00799589 8.70983e-05 -0.00192862 -0.000324125 0.00262795
internal_weight=17262.9 222.101 94.8035 17040.8 157.714 16883.1 356.499 209.807 103.944 52.4423 16526.6 1150.17 876.028 482.365
internal_count=274036 40198 12837 233838 1446 232392 7271 4214 1989 7166 225121 18488 12899 8150
cat_boundaries=0 1
cat_threshold=2
is_linear=0
shrinkage=0.03


Tree=182
num_leaves=15
num_cat=0
split_feature=152 35 119 132 103 108 155 101 105 17 18 94 55 102
split_gain=6.56879 5.18014 5.26698 7.54073 6.47265 5.71919 12.6578 11.8988 9.00058 9.23274 9.1017 8.71127 11.6639 10.1256
threshold=0.0027572842848808837 295.50000000000006 -0.3040673512994912 0.07912881434894016 1.694613406186799 0.85912698412698429 0.18411893396096093 -0.016161604600789827 -0.014636954497883622 4.5000000000000009 0.086372679045092854 0.26969696969696971 0.69583333333199959 0.83974358974358987
decision_type=2 10 8 2 10 10 2 10 2 2 2 2 10 10
left_child=-1 2 3 -2 5 -4 7 -7 -8 11 -11 12 -10 -13
right_child=1 -3 4 -5 -6 6 8 -9 9 10 -12 13 -14 -15
leaf_value=-0.010868123175670688 0.015544176764693123 -0.0066197579869586671 -6.2319569537525428e-05 -0.0019504477778699621 -0.0086151567501633625 -0.0031498528921064862 -0.0027567101761105548 0.0084058106215588787 -0.0098164619774363717 0.022578494123335242 0.0052925048441609694 -0.0010448322535676804 0.0082930239911337411 0.020369288320106295
leaf_weight=35.027393460739404 32.11139432573691 90.156663296045735 16196.008298018482 36.308480894425884 62.727698611561209 373.75101215788163 66.705369670176879 86.148241187445819 56.547026371816173 54.669819588307291 65.335943270707503 32.72202160069719 43.401619494892657 30.66628801682964
leaf_count=13027 593 2023 222540 629 2994 16340 3135 2023 1954 2002 1928 1184 2397 1267
internal_value=-1.31075e-05 1.83991e-05 5.90805e-05 0.00757893 2.2309e-05 6.17331e-05 0.00249837 -0.000788116 0.00667116 0.00891771 0.014801 0.00371384 -0.00189661 0.0112304
internal_weight=17262.3 17227.3 17137.1 68.4199 17068.7 17006 809.947 459.899 350.048 283.343 120.006 163.337 99.9486 63.3883
internal_count=274036 261009 258986 1222 257764 254770 32230 18363 13867 10732 3930 6802 4351 2451
is_linear=0
shrinkage=0.03


Tree=183
num_leaves=15
num_cat=0
split_feature=111 28 28 48 149 134 134 105 54 52 155 108 63 121
split_gain=6.54929 8.81964 8.592 7.09357 7.64576 5.57183 7.07226 10.5953 10.4206 7.0067 6.59844 10.0125 10.5809 9.16758
threshold=-0.3065204610841411 10.950000000000001 5.8047619047619055 15.883749373836801 -0.10347737847737846 0.11376936316695355 0.10114004404715639 -0.01231967201596359 0.45804195804195807 0.21825396825396828 0.13046559175362643 0.85912698412698429 6.5833333333333348 0.003929288250733365
decision_type=8 10 8 10 2 2 2 2 8 10 2 10 10 8
left_child=1 2 -1 -3 -5 6 10 -8 9 -9 -2 -12 -13 -14
right_child=5 3 -4 4 -6 -7 7 8 -10 -11 11 12 13 -15
leaf_value=0.0066197594009722157 -0.0016152394602829679 -0.0070409608879981678 -0.010450119426103186 -0.0060644121174101206 0.017992880255242708 -0.009461274247919281 -0.0058589694406574024 0.0031209067583823518 -0.0020776499766281603 0.014349389769269248 5.1968769403377952e-05 0.010147361164663395 0.0049030557007087878 -0.0036256857456167953
leaf_weight=20.981676920549944 1998.4294777563773 16.812555660959333 151.95024732709862 8.4559704256243986 23.700324686709791 40.173381608910859 65.730110736796632 96.877874946221709 86.540472243214026 118.15270025050268 14032.553338432219 162.57846447592601 259.07528974837624 179.67288434598595
leaf_count=951 32334 1902 12051 863 1699 420 803 732 797 887 196411 3197 12633 8356
internal_value=-1.18494e-05 -0.00496565 -0.00801599 0.00516021 0.0117499 5.69722e-05 8.77869e-05 0.00412204 0.00647202 0.009824 -4.93774e-06 0.000216397 0.00395884 0.00140603
internal_weight=17261.7 221.901 172.932 48.9689 32.1563 17039.8 16999.6 367.301 301.571 215.031 16632.3 14633.9 601.327 438.748
internal_count=274036 17466 13002 4464 2562 256570 256150 3219 2416 1619 252931 220597 24186 20989
is_linear=0
shrinkage=0.03


Tree=184
num_leaves=15
num_cat=0
split_feature=145 48 77 29 50 31 134 105 27 149 155 102 55 114
split_gain=6.35416 5.31314 5.50818 5.11427 11.831 12.4183 10.0084 9.51805 6.31087 6.27573 7.82835 6.22176 6.21353 9.75869
threshold=0.91987179487179505 16.174736805480286 1.0000000180025095e-35 7.5000000000000009 0.055700225058965998 0.31574074074074082 0.10114004404715639 -0.010385396937587036 0.31501610305958139 -0.099796143753944272 0.17722983935928052 0.27951388888888895 0.82575757575614273 0.13880106005104839
decision_type=2 10 10 2 8 2 2 2 2 2 2 10 10 10
left_child=3 -2 -3 6 9 11 12 -8 -9 10 -5 -6 -1 -14
right_child=1 2 -4 4 5 -7 7 8 -10 -11 -12 -13 13 -15
leaf_value=-7.6566716361801975e-05 -0.0087901428684784792 -0.0070032339879979467 0.0049448424562569676 -0.0094770615431871326 -4.6215114263767275e-05 -0.006578528081645032 -0.0046357397449785266 0.010913288670139885 0.0015038019033184484 -0.011297049893821945 0.0096321899635651749 0.015290537989951202 0.0057749794476529845 -0.0038481494280377523
leaf_weight=15886.026791585144 120.18195636570454 44.123743357136846 69.152545956429094 21.164991067256778 38.448631825856864 63.331918061710894 62.127042059553787 166.39812592370436 107.66083771316335 137.54945146013051 26.485218840651214 47.128304271493107 355.51905515766703 115.70845633465797
leaf_count=219916 19912 5004 8670 647 480 641 643 1258 824 2537 730 671 9252 2851
internal_value=-1.12688e-05 -0.00477426 1.60877e-05 5.81794e-05 -0.0035356 0.00263681 0.000133216 0.00514419 0.00748673 -0.00832421 0.00090751 0.0094207 2.56083e-05 0.00336623
internal_weight=17261 233.458 113.276 17027.5 334.109 148.909 16693.4 336.186 274.059 185.2 47.6502 85.5769 16357.3 471.228
internal_count=274036 33586 13674 240450 5706 1792 234744 2725 2082 3914 1377 1151 232019 12103
is_linear=0
shrinkage=0.03


Tree=185
num_leaves=15
num_cat=0
split_feature=152 89 156 54 103 121 55 32 26 9 27 105 118 24
split_gain=6.23195 5.07525 11.842 14.0107 12.67 12.3161 11.9001 9.57414 10.9534 11.3978 9.01321 9.10225 8.35077 10.9985
threshold=0.0027572842848808837 0.23851159676833697 -1.4835633173593024 0.90454545454545465 -0.77197452481534123 -0.01217043546953688 0.6875534188026603 4.2111111111111121 0.075922266139657454 53.500000000000007 0.18405797101449275 -0.027848520473193243 -0.02286055486047189 1.5357142857142858
decision_type=2 10 2 10 8 8 10 10 2 2 2 2 8 10
left_child=-1 10 3 -3 -5 6 -4 -6 9 -9 11 -2 13 -12
right_child=1 2 5 4 7 -7 -8 8 -10 -11 12 -13 -14 -15
leaf_value=-0.010645209464724265 -0.0054811210468386816 -0.00548650112354162 -0.011677696512225033 -0.0084801042680214996 -0.0011870850397535809 0.0019043515676104501 0.0036675373158632976 -0.0061598214815198398 -0.0035517659002766129 0.018173297565341768 -0.0071880885165486854 0.011586535353696468 -0.00019413305378332448 0.002006269985592645
leaf_weight=34.455914897611365 27.262662942055613 825.30887641664594 112.23284313455224 69.175659419503063 122.72677308414131 1116.5781181305647 61.766757689416409 13.23716114182025 34.068540125852451 85.756217971909791 107.8516754982993 100.11433259351179 11837.966816375265 2712.0002484584693
leaf_count=13027 1137 25366 1002 1828 5020 9662 584 782 1266 3806 1939 2543 163000 43074
internal_value=-1.10845e-05 1.94291e-05 -0.00124361 -0.0034368 0.0017812 0.000728169 -0.00637166 0.0048723 0.0100151 0.0145371 0.000228991 0.00774092 0.000155865 0.00161844
internal_weight=17260.5 17226 2440.85 1150.27 324.964 1290.58 174 255.789 133.062 98.9934 14785.2 127.377 14657.8 2819.85
internal_count=274036 261009 49316 38068 12702 11248 1586 10874 5854 4588 211693 3680 208013 45013
is_linear=0
shrinkage=0.03


Tree=186
num_leaves=15
num_cat=0
split_feature=156 155 150 58 147 89 15 138 34 100 154 98 98 109
split_gain=6.0616 6.08681 8.23899 5.67897 7.92211 6.61198 5.57666 5.77912 5.71802 5.94133 5.47784 8.16147 9.11468 8.05121
threshold=-4.0754590133786008 0.24958975124249741 0.16214896214896216 0.68990384615384626 -0.19862662900610908 0.11733771189128335 -1.5968750000000005 0.060257237386269653 0.17769272826681251 0.6132478632478634 1.5018818343491704 -0.36081366550116545 0.063600473600473592 -0.33333333333333254
decision_type=2 2 10 8 8 8 2 2 2 8 2 8 8 8
left_child=1 3 -3 4 5 -1 -4 -8 -9 -10 11 -2 -13 -14
right_child=10 2 6 -5 -6 -7 7 8 9 -11 -12 12 13 -15
leaf_value=0.020311024057919055 -0.0049359959154933559 -0.0075831226453902277 -0.0068911481912794547 -0.012722138081029602 -0.0088006747397740871 -0.0043338618454419747 -0.0063425737609450515 -0.0057312799589619929 0.021699074080042045 -0.0045636192955243824 -6.7991401498198925e-05 0.0063042500558162509 -0.0063622083920627402 0.0032892847082964653
leaf_weight=8.2203180128708464 104.73212938942015 41.944373138947412 8.2563195568509382 83.189926671329886 24.356996826594695 9.4709272587206232 5.2197824637405565 3.494626462692394 31.797803054330871 3.8047999453265211 16213.252307446906 424.51267067994922 112.01703459490091 185.93158404249698
leaf_count=1501 788 5671 1233 20013 3986 1861 735 458 4416 324 225992 3746 977 2335
internal_value=-1.14279e-05 -0.00479924 0.000943489 -0.00877064 0.000336675 0.0111827 0.00791947 0.0117236 0.0152254 0.0183716 5.4483e-05 0.00241348 0.00355762 -0.000470325
internal_weight=17260.2 219.756 94.5177 125.238 42.0482 17.6912 52.5733 44.317 39.0972 35.6026 17040.4 827.193 722.461 297.949
internal_count=274036 40198 12837 27361 7348 3362 7166 5933 5198 4740 233838 7846 7058 3312
is_linear=0
shrinkage=0.03


Tree=187
num_leaves=15
num_cat=0
split_feature=111 28 117 94 100 48 149 24 115 25 148 111 48 50
split_gain=6.11708 8.46006 8.59015 9.55466 8.03028 6.77864 7.3141 5.98189 5.48069 9.73668 13.724 18.5435 12.2865 10.5393
threshold=-0.3065204610841411 10.950000000000001 -0.060996065401665564 0.29705882352941182 0.21651785714285718 15.883749373836801 -0.10347737847737846 6.336879432624114 -0.066010331147992915 1.5000000000000002 1.4291928474655533 -0.18551373909052987 16.856085066081196 -0.032774721799963651
decision_type=8 10 10 2 10 10 2 10 8 2 10 10 8 8
left_child=1 2 4 -4 -1 -3 -7 -5 9 13 -11 -12 -13 -2
right_child=8 5 3 7 -6 6 -8 -9 -10 10 11 12 -14 -15
leaf_value=-0.015349148983594916 0.0026366511654411571 -0.0069129496895099099 -0.0081109259102542849 -0.0031741188093090534 0.0032471668180601067 -0.0059891549822782596 0.017515292126054526 0.019179657256293944 -7.6545068447081858e-05 0.0018490795750484841 -0.0010915969103947013 0.027106233981879491 -0.00067515487654790172 -0.00595519175619026
leaf_weight=94.667674355441704 342.81994486623444 16.644976713927463 30.998387035215273 11.15405306289904 20.093010001117364 8.3856911326292884 24.06432954990305 14.530110661406068 16093.965525276493 294.81635911087506 48.665522761177272 56.433023031102493 17.025893386220559 185.59236693009734
leaf_count=8836 16784 1902 1681 492 1127 863 1699 866 220765 10183 2314 1488 341 4695
internal_value=-1.15673e-05 -0.00481314 -0.00782587 0.00153834 -0.0120942 0.00507688 0.0114681 0.0118808 5.47576e-05 0.00225637 0.00559807 0.0134561 0.0216446 -0.000462116
internal_weight=17259.9 220.538 171.443 56.6826 114.761 49.095 32.45 25.6842 17039.3 945.353 416.941 122.124 73.4589 528.412
internal_count=274036 17466 13002 3039 9963 4464 2562 1358 256570 35805 14326 4143 1829 21479
is_linear=0
shrinkage=0.03


Tree=188
num_leaves=15
num_cat=0
split_feature=152 19 130 89 15 62 154 125 122 18 150 53 54 98
split_gain=5.86435 5.10877 5.59694 15.7557 11.7764 10.943 9.94446 10.5054 10.133 11.2936 11.0694 8.90134 10.2653 11.9592
threshold=0.0027572842848808837 0.16536458333333334 0.076239567992145332 -0.3958396995161701 1.1909722222222217 12.500000000000002 2.3256037207040277 0.25000000000000011 0.10449290433080501 0.057534678436317786 0.33394607843137264 0.90277777777676727 0.53589743589743599 0.1225496733998573
decision_type=2 2 2 10 2 10 2 2 2 2 8 10 10 10
left_child=-1 -2 3 4 -3 6 8 -8 -5 10 -10 12 -11 -14
right_child=1 2 -4 5 -6 -7 7 -9 9 11 -12 -13 13 -15
leaf_value=-0.010393027298962507 -0.0048217007087984522 -0.0093885687986429781 -0.00015946465494764411 -0.0071396162835670775 0.0086336906345635539 -0.0049114690712784076 -0.0084673167870338295 0.0041006138696136367 0.0020933335307377204 0.0029699440890294062 -0.010239178903040718 -0.0073214775592717121 0.014310433860171791 0.0050581572653397066
leaf_weight=33.824823123635724 179.03451355919242 171.59755649417639 14403.785116949584 68.177602078299969 27.246178747154772 176.44613059819676 128.29348115343601 90.758443319471553 191.21800790959969 1023.5116608247627 81.755605041049421 42.547264883527532 175.18203118862584 466.10931811085902
leaf_count=13027 6784 2696 205510 1070 421 6991 2306 1552 3218 15357 1737 868 2898 9601
internal_value=-1.0659e-05 1.87527e-05 7.37846e-05 0.00133874 -0.00648672 0.00201111 0.00257851 -0.00333104 0.00323006 0.00363805 -0.0019412 0.00453921 0.004905 0.00785492
internal_weight=17259.5 17225.7 17046.6 2642.84 198.844 2444 2267.55 219.052 2048.5 1980.32 272.974 1707.35 1664.8 641.291
internal_count=274036 261009 254225 48715 3117 45598 38607 3858 34749 33679 4955 28724 27856 12499
is_linear=0
shrinkage=0.03


Tree=189
num_leaves=15
num_cat=1
split_feature=58 139 57 13 0 117 57 118 39 22 154 34 138 118
split_gain=5.82625 8.02035 9.01722 8.91632 8.84797 8.51941 9.5802 7.68907 8.59151 8.93365 8.09818 8.93288 9.27951 8.02711
threshold=0.81534090909090928 928.50000000000011 -0.082003508474031137 0.25833333333333336 0 -0.14767815598474951 -0.40972222222221905 -0.048955549768561459 9.7083333333333339 0.18027777777777779 2.3575769664228465 0.35053191489361707 0.089161646586345386 -0.15177381684634814
decision_type=10 2 10 2 1 10 8 8 10 2 2 2 2 10
left_child=7 2 5 -4 -3 -2 -7 8 9 -1 -9 12 -12 -10
right_child=1 4 3 -5 -6 6 -8 10 13 -11 11 -13 -14 -15
leaf_value=0.0010768862285950331 -0.01109073527483472 0.0012612191230019032 -0.0060035681506925747 0.014577325941165235 -0.0053988970868611994 0.012376005410748854 -0.002464417734141812 7.4268990468576122e-05 -0.0059585645404066582 0.013097048585758846 -0.0057902599726960095 0.0060690054523767243 0.0051281138573010879 0.014721530246694205
leaf_weight=1481.3573606545106 43.172905341023579 245.80856917449273 15.959559097886084 61.155858007958159 599.92578370007686 41.612363408319652 115.19061639159918 13862.508678743616 12.556623796699567 43.060898032505065 534.1134702435229 69.084136061370373 68.521007235627621 65.463205563137308
leaf_count=22145 2396 10138 657 2359 22506 1158 3066 195381 491 471 8632 808 1072 2756
internal_value=-1.1087e-05 -0.00208597 0.00225577 0.0100339 -0.00352299 -0.00123451 0.00221062 0.000135091 0.00209725 0.00154073 -8.31817e-05 -0.0032632 -0.00445442 0.0109691
internal_weight=17259.5 1122.83 277.091 77.1154 845.734 199.976 156.803 16136.7 1602.44 1524.42 14534.2 671.719 602.634 78.0198
internal_count=274036 42280 9636 3016 32644 6620 4224 231756 25863 22616 205893 10512 9704 3247
cat_boundaries=0 1
cat_threshold=74
is_linear=0
shrinkage=0.03


Tree=190
num_leaves=15
num_cat=1
split_feature=152 16 118 114 117 55 35 6 0 139 16 49 84 86
split_gain=5.65145 5.01653 8.71761 6.23289 5.59105 5.49465 14.1896 10.218 11.873 11.4126 8.89128 14.7035 8.60652 8.79775
threshold=0.0027572842848808837 -50.620192307692314 -0.014045584297900851 -0.082905982905996697 0.077813225577991349 0.24831649831503458 106.50000000000001 4.5000000000000009 0 4745.0000000000009 -14.48529411764707 16.331880191496268 -0.88001130768283342 0.15541621640859379
decision_type=2 2 10 10 10 8 10 2 1 2 2 10 10 10
left_child=-1 2 4 -4 -2 6 7 8 10 12 -3 -12 -9 -14
right_child=1 5 3 -5 -6 -7 -8 9 -10 -11 11 -13 13 -15
leaf_value=-0.010241372341231297 -0.0022356948493608311 -0.0069437391239333115 0.0038803163318921327 -0.011374967614937453 0.011285100113247175 0.0003601374685284373 -0.006905158577065881 0.0054754749677901225 -0.0050641512259749066 0.0096434437027613576 -0.0032502821675835362 0.010988188176071568 -0.0020500621836124881 0.0020149742578098339
leaf_weight=33.453041648957878 71.146672801347449 63.228226153645664 21.808425517985597 113.62458906089887 26.386398484464735 13394.645677381195 313.31487220735289 234.77206476032734 670.43999871774577 107.35284899687394 109.20969553524628 129.50289600389078 1188.0335941987578 781.81708422815427
leaf_count=13027 2065 723 537 2877 328 214310 4445 1992 7259 1118 1108 1335 11090 11822
internal_value=-1.00674e-05 1.8696e-05 -0.00421759 -0.00877648 0.00243886 8.04444e-05 -0.000958064 -0.000361921 -0.00291772 0.000724888 0.00196033 0.00466713 0.000228369 -0.000433649
internal_weight=17258.7 17225.3 232.966 135.433 97.5331 16992.3 3597.67 3284.36 972.381 2311.98 301.941 238.713 2204.62 1969.85
internal_count=274036 261009 5807 3414 2393 255202 40892 36447 10425 26022 3166 2443 24904 22912
cat_boundaries=0 1
cat_threshold=22
is_linear=0
shrinkage=0.03


Tree=191
num_leaves=15
num_cat=0
split_feature=111 28 117 94 100 48 149 32 24 134 134 54 105 56
split_gain=5.61785 8.13055 8.25896 9.20388 7.79399 6.48965 7.01184 6.06407 5.73482 5.32496 7.15863 10.2317 11.1441 9.66963
threshold=-0.3065204610841411 10.950000000000001 -0.060996065401665564 0.29705882352941182 0.21651785714285718 15.883749373836801 -0.10347737847737846 6.0357142857142865 6.336879432624114 0.11247412008281575 0.10114004404715639 0.45804195804195807 -0.0079207058811229959 0.09090909090909087
decision_type=8 10 10 2 10 10 2 8 10 2 2 8 2 10
left_child=1 2 4 -4 7 -3 -7 -1 -5 10 -2 12 -12 -14
right_child=9 5 3 8 -6 6 -8 -9 -10 -11 11 -13 13 -15
leaf_value=0.0048849660480904207 -4.3468188281059568e-06 -0.0067665215437023706 -0.0079807387998637666 -0.0031309279944617464 0.00323086282439477 -0.005901895370293361 0.017110604118333487 -0.01704396420279029 0.01872579996222383 -0.0081939703529116757 -0.0028113758035221369 -0.0031467472401230886 0.0051239342387216572 0.019850828304239409
leaf_weight=6.2652669874951235 16630.881348092342 16.460422682575881 30.75509603205137 11.115706968819724 20.10774582112208 8.3066609753295761 24.379691359819844 86.743902512360364 14.790775421541182 55.170978608075529 63.960826620226726 108.61932049877942 122.31754811550491 58.744656607508659
leaf_count=399 252931 1902 1681 492 1127 863 1699 8437 866 535 598 1148 946 412
internal_value=-1.00341e-05 -0.00462755 -0.00760847 0.00154797 -0.0118393 0.00504124 0.0112455 -0.0150935 0.0116385 5.33094e-05 8.73057e-05 0.00422228 0.00748207 0.0110552
internal_weight=17258.6 218.925 169.778 56.6616 113.117 49.1468 32.6864 93.0092 25.9065 17039.7 16984.5 353.642 245.023 181.062
internal_count=274036 17466 13002 3039 9963 4464 2562 8836 1358 256570 256035 3104 1956 1358
is_linear=0
shrinkage=0.03


Tree=192
num_leaves=15
num_cat=0
split_feature=144 148 105 104 49 122 41 144 52 111 136 137 111 32
split_gain=5.53426 8.4325 6.58284 9.27412 9.6561 9.6524 7.79471 8.19675 5.48669 6.4234 5.43053 5.81751 8.63714 5.16043
threshold=0.024191545538525212 0.57901889523301053 -0.016413307599892218 0.72474747474747481 16.071184548277724 0.12788042901136246 0.36666666666666675 0.023369306574070103 0.30384615384615393 -0.21432233837236597 0.091696711460723265 385.50000000000006 -0.17876913063614661 14.583333333333334
decision_type=2 8 2 2 10 2 10 2 10 8 2 2 8 10
left_child=1 2 -1 4 -4 6 7 8 -6 -10 11 -3 -13 -2
right_child=13 10 3 -5 5 -7 -8 -9 9 -11 -12 12 -14 -15
leaf_value=-0.0063173301930006505 0.00011160671698150221 -0.010813979217251971 -0.0047323853466242748 -0.0066358133505405557 -0.00041856212184878354 -0.0070885979832354534 -0.0016179190374801396 -0.0030198188090092169 0.00029968455897476398 0.035044502731064429 0.0068323605781227389 -0.010080837299336757 0.0077755211072051394 -0.0074389500386524742
leaf_weight=47.302041488699615 16788.223462180467 161.72037203120999 21.442349062534049 29.308936218265444 5.1858902827370903 7.1051656210329375 11.163175502791999 5.9723295359872273 5.7113942527212203 26.305653502931818 13.322072121314703 29.749648226657882 38.590805777348578 66.863206084351987
leaf_count=4016 223944 22473 2459 2812 396 683 648 367 660 2212 1136 5666 4844 1720
internal_value=-9.42026e-06 -0.00341986 0.00185029 0.00563271 0.010323 0.0154746 0.0193202 0.0237551 0.0276861 0.0309195 -0.00678048 -0.00793871 -0.000412974 7.50664e-05
internal_weight=17258 402.88 159.497 112.195 82.886 61.4436 54.3384 43.1753 37.2029 32.017 243.383 230.061 68.3405 16855.1
internal_count=274036 48372 14253 10237 7425 4966 4283 3635 3268 2872 34119 32983 10510 225664
is_linear=0
shrinkage=0.03


Tree=193
num_leaves=15
num_cat=1
split_feature=152 56 119 0 55 106 148 150 152 99 102 82 59 55
split_gain=5.30884 4.87743 9.29929 9.74249 6.78175 17.2117 9.40398 9.7744 8.83292 8.1342 9.2477 8.95071 7.91498 7.59168
threshold=0.0027572842848808837 0.60555555555555574 0.12983249389498991 0 0.82575757575614273 0.54006410256410264 -0.74515222315949348 0.050000000000000003 0.012918276556817055 0.028634159793233645 0.2752525252525253 -0.50000000000000944 0.44814814815132803 0.5873015873006201
decision_type=2 10 10 1 10 2 8 8 2 10 10 10 10 10
left_child=-1 4 3 -3 13 9 -7 -8 -9 -6 12 -12 -11 -2
right_child=1 2 -4 -5 5 6 7 8 -10 10 11 -13 -14 -15
leaf_value=-0.0099886492016749411 0.00027454966844547862 0.0024663842397994189 0.0069455943964004179 -0.0081154872990594415 -0.0079974610605392116 -0.0028039871176935836 -0.0019438033281618037 -0.0011278577301997769 0.01960731034950064 0.0074709274040064512 -0.0058871548626896553 0.018035149764143086 -0.0073379491763084937 -0.0015023404911985898
leaf_weight=32.845653282478452 13845.880710988771 102.56639340892434 55.356680132914335 236.2288620187901 90.208051675232127 35.246600902173668 28.14784821588546 20.024892278946936 104.07352168578655 36.32261684210971 11.326910619391127 34.226121184416115 75.766800883226097 2549.3674447271042
leaf_count=13027 188871 1068 736 2531 5247 544 460 2008 1613 614 364 1317 2302 53334
internal_value=-9.4036e-06 1.83001e-05 -0.00321813 -0.00510287 9.68913e-05 0.00372881 0.0102248 0.013222 0.0165006 -0.00148831 0.00260767 0.012102 -0.00222375 -2.86728e-06
internal_weight=17257.6 17224.7 394.152 338.795 16830.6 435.343 187.493 152.246 124.098 247.851 157.642 45.553 112.089 16395.2
internal_count=274036 261009 4335 3599 256674 14469 4625 4081 3621 9844 4597 1681 2916 242205
cat_boundaries=0 1
cat_threshold=36
is_linear=0
shrinkage=0.03


Tree=194
num_leaves=15
num_cat=1
split_feature=58 50 136 123 33 26 15 16 152 35 0 106 117 149
split_gain=5.23774 8.01671 9.42925 9.41096 9.05834 9.07008 8.99466 10.7226 8.98054 9.26988 13.2599 14.8086 10.7391 9.83589
threshold=0.81534090909090928 -0.032774721799963651 0.0925824175824176 7.3333333333333437 1.0000000180025095e-35 0.10113636363636365 -0.44097222222222138 -15.741666666666672 0.057407164585244877 13.500000000000002 0 0.41987179487179493 0.024549385778414038 -0.024038461538461547
decision_type=10 8 2 10 2 2 2 2 2 8 1 2 10 2
left_child=1 2 3 4 -1 6 -6 -8 9 10 13 12 -12 -3
right_child=-2 8 -4 -5 5 -7 7 -9 -10 -11 11 -13 -14 -15
leaf_value=-0.0041059528521558853 -0.0019800139821703026 -0.01017197262112474 -0.0046611406581187889 -0.0027548790950202157 0.011532377558181948 -0.0013907997425212273 -0.003547966334385021 0.0064144893989526719 0.00034279407319385256 -0.0017823226738075872 0.024693623776460876 -0.00021073272164629593 -0.00069018551535758306 0.009266508695895459
leaf_weight=92.025106973713264 1118.8957840681542 64.138191891601309 140.90077335131355 189.26368793472648 221.65586937102489 148.82543207984418 113.96012613689527 428.98990897531621 11252.423918243498 3332.3168403224554 47.802149571012706 67.396115604788065 18.658051396720111 19.94491706811823
leaf_count=2993 42280 1780 2490 5515 8563 3072 4506 12496 90949 95432 1498 1557 452 453
internal_value=-9.07446e-06 0.000129286 0.00234184 0.0032153 0.00436309 0.00526886 0.00656694 0.00428429 -7.2518e-05 -0.00138474 0.00441765 0.00950682 0.0187525 -0.00441108
internal_weight=17257.2 16138.3 1335.62 1194.72 1005.46 913.431 764.606 542.95 14802.7 3550.26 217.939 133.856 66.4602 84.0831
internal_count=274036 231756 39635 37145 31630 28637 25565 17002 192121 101172 5740 3507 1950 2233
cat_boundaries=0 1
cat_threshold=267
is_linear=0
shrinkage=0.03


Tree=195
num_leaves=15
num_cat=1
split_feature=16 116 122 105 4 59 125 132 80 121 31 116 138 122
split_gain=5.21435 5.79548 5.85938 5.67602 9.08273 9.12312 8.59272 7.12833 7.22539 8.55164 7.02362 6.99282 6.8126 6.75631
threshold=-50.620192307692314 -0.071428571428646129 0.13108953613807986 -0.029624331125743527 0 0.45370370370343954 0.68301270189221941 0.073781609195402317 129.16666666666666 0.0082474577424072396 0.24642857142857147 -0.055952380952376972 0.084893461903517348 0.11620532139477326
decision_type=2 10 2 2 1 10 2 2 10 10 2 8 2 2
left_child=1 2 -1 4 5 10 7 -7 9 -9 -2 -6 -13 -5
right_child=3 -3 -4 13 11 6 -8 8 -10 -11 -12 12 -14 -15
leaf_value=0.010148637751227535 -0.0095412569094170795 -0.0070757738531065026 -0.0049002161510248339 -0.00046696398856997982 0.0014369805949991116 -0.0049294266274169159 -0.0064100812055272981 0.024350403029756912 -0.0029359887180092758 -0.0017277753487741515 0.0036194630498303216 -0.012984680427646993 0.00011489245430856667 0.00074393726417638169
leaf_weight=31.024821977131069 68.767254912294447 169.06550744641572 34.005338383140042 8163.0639039115049 61.998176590772346 11.902225338155402 20.568025810876861 39.448642001021653 11.949820884969084 11.901694448664783 53.711791377514601 132.57358796452172 46.800636426080018 8399.2082269683015
leaf_count=778 1310 4770 1142 118694 1330 621 968 1574 577 545 744 4458 1448 135077
internal_value=-8.33953e-06 -0.00431743 0.00283584 5.46708e-05 -0.00318013 0.0012394 0.00757996 0.0118359 0.0153287 0.019282 -0.00400457 -0.00701499 -0.00982175 0.000147237
internal_weight=17256 234.096 65.0302 17021.9 459.622 218.249 95.7704 75.2024 63.3002 51.3503 122.479 241.372 179.374 16562.3
internal_count=274036 6690 1920 267346 13575 6339 4285 3317 2696 2119 2054 7236 5906 253771
cat_boundaries=0 1
cat_threshold=1
is_linear=0
shrinkage=0.03


Tree=196
num_leaves=15
num_cat=0
split_feature=145 137 128 23 87 122 15 119 20 29 50 31 134 105
split_gain=5.14362 5.19718 7.34782 6.6807 6.59203 6.9518 5.37988 5.31524 5.0936 4.77881 11.2648 11.8183 9.05734 8.64624
threshold=0.91987179487179505 173.50000000000003 0.12565239236235162 0.20396452790818989 0.26916666666693351 0.12390342439399771 -2.1846590909090895 -0.12829862267363218 7.7533783783783798 7.5000000000000009 0.055700225058965998 0.31574074074074082 0.10114004404715639 -0.010385396937587036
decision_type=2 2 8 2 8 2 2 10 10 2 8 2 2 2
left_child=9 3 7 8 -4 6 -6 -3 -2 12 -11 -12 -1 -14
right_child=1 2 4 -5 5 -7 -8 -9 -10 10 11 -13 13 -15
leaf_value=2.3342191141663482e-05 0.012765538663804372 0.0080327076409714669 -0.0067681875470834308 -0.013437649137714048 -0.004383338128085279 -0.0051481559776723725 0.020886953308732383 -0.0085239684188205059 -0.005384854025216353 -0.0081275123186250811 0.0091625002382275077 -0.0064451593018361756 -0.0044675159184469175 0.0070962151790017582
leaf_weight=16355.836534961127 8.0363574496004748 9.34795437264256 12.042161084245889 68.299374026013538 3.6917952736839643 9.0401173306163383 27.258148536784578 70.273387926165015 21.247635690262541 183.77626591501758 86.102973044384271 63.026957381982356 61.785848499042913 276.06256054062396
leaf_count=232019 654 1170 3785 9275 617 1708 4284 9161 2932 3914 1151 641 643 2082
internal_value=-8.41849e-06 -0.00433116 -0.000254783 -0.00906408 0.00736844 0.0123104 0.0174257 -0.00561488 0.00223294 5.35417e-05 -0.00342649 0.00258003 0.000125954 0.00488142
internal_weight=17255.8 229.237 131.654 97.5834 52.0322 39.9901 30.9499 79.6213 29.284 17026.6 332.906 149.13 16693.7 337.848
internal_count=274036 33586 20725 12861 10394 6609 4901 10331 3586 240450 5706 1792 234744 2725
is_linear=0
shrinkage=0.03


Tree=197
num_leaves=15
num_cat=0
split_feature=19 112 114 130 89 15 62 122 89 31 112 55 69 26
split_gain=5.08535 7.0109 6.85721 5.53805 14.9244 11.2952 10.5426 9.49498 11.1288 10.5091 10.2382 9.80422 13.9119 11.0255
threshold=0.16536458333333334 0.29999999999997357 -0.031237859362863669 0.076239567992145332 -0.3958396995161701 1.1909722222222217 12.500000000000002 0.10449290433080501 0.28627939190439189 0.18857758620689657 0.17779997780000184 0.45510739260498673 3.5000000000000004 0.08951465201465203
decision_type=2 10 10 2 10 2 10 2 10 2 10 10 10 2
left_child=1 2 -1 4 5 -2 7 -6 9 -9 11 12 -11 -13
right_child=3 -3 -4 -5 6 -7 -8 8 -10 10 -12 13 -14 -15
leaf_value=0.0051249895624054928 -0.0091993131238625944 0.0072945081524334252 -0.009733422399067956 -0.00018524181400869324 -0.0070467208529356234 0.0084272425611601112 -0.0048080678461146749 0.016582500578203901 -0.0019508915126256042 0.00053478281907642629 -0.0016439414026888093 0.0098348342387277934 0.010326945208623758 0.0011956339688055596
leaf_weight=24.545452730963007 170.3953133514151 23.99473663372919 131.80762229976244 14425.302796372445 76.123857235535979 27.43057263828814 178.16428293357603 42.256055657751858 349.91953078354709 738.8360471916385 296.94112543552183 429.13421534863301 144.10590810352005 196.28530230675824
leaf_count=823 2753 820 6084 215651 1239 425 8084 992 7493 10554 5455 8491 2128 3044
internal_value=-8.34031e-06 -0.00482126 -0.0071564 4.66816e-05 0.00130329 -0.00633352 0.00195425 0.0025122 0.00288886 0.00381382 0.00338076 0.00437639 0.00227878 0.00721497
internal_weight=17255.2 180.348 156.353 17074.9 2649.59 197.826 2451.77 2273.6 2197.48 1847.56 1805.3 1508.36 882.942 625.42
internal_count=274036 7727 6907 266309 50658 3178 47480 39396 38157 30664 29672 24217 12682 11535
is_linear=0
shrinkage=0.03


Tree=198
num_leaves=15
num_cat=0
split_feature=107 87 130 48 151 9 63 149 62 132 99 109 55 52
split_gain=5.05874 9.10996 8.95988 12.4333 11.4425 14.3423 10.6437 8.74527 9.98916 8.00141 9.31284 7.40169 7.37562 9.02575
threshold=-0.017474706533204053 0.40397603485992789 0.075100000000000014 15.638974788532353 2.8183938029159621 54.250000000000007 7.166666666666667 -0.068318467427415847 3.5000000000000004 0.074583039699318787 0.13016225886182306 -1.1000000000000001 0.82575757575614273 0.86190476190476206
decision_type=2 10 2 8 2 2 10 2 10 2 10 10 10 8
left_child=1 -1 3 -2 5 -5 7 -7 -9 10 -4 -3 -11 -14
right_child=2 11 9 4 -6 6 -8 8 -10 12 -12 -13 13 -15
leaf_value=-0.0062476813081786776 0.015874355658892548 -0.00313773046182591 -0.010111195117561754 -0.0027914825775193029 -0.0045773445089944851 0.00044489820323667521 -0.0020696709718758836 0.005017718386457916 0.018342695196123259 1.8630519318623894e-05 0.004957463569820659 0.00034912943162833675 0.010518202986845297 0.00055742162487176555
leaf_weight=267.73691940703429 50.946974851423874 734.21390877966769 122.15318789891899 171.10396753996611 160.83705602400005 68.77914697676897 78.301002956926823 107.17289294674993 116.88822848722339 12973.788416334894 40.11528471717611 2030.0368633198086 119.91438901145011 212.839103379054
leaf_count=18781 891 10192 1936 1609 4595 643 790 876 1060 167068 505 54785 3552 6753
internal_value=-7.52317e-06 -0.00111694 0.000229907 0.00337943 0.00216133 0.00422952 0.00744905 0.00997104 0.0126838 5.00227e-05 -0.00628172 -0.000588953 0.000134222 0.00444585
internal_weight=17254.8 3031.99 14222.8 754.029 703.082 542.245 371.141 292.84 224.061 13468.8 162.268 2764.25 13306.5 332.753
internal_count=274036 83758 190278 10464 9573 4978 3369 2579 1936 179814 2441 64977 177373 10305
is_linear=0
shrinkage=0.03


Tree=199
num_leaves=15
num_cat=1
split_feature=84 81 56 0 83 147 58 81 148 50 144 130 121 103
split_gain=4.9572 8.30398 9.82496 9.31073 9.52657 8.94388 8.09184 8.03674 9.31032 7.436 7.22986 9.91975 9.33173 9.76334
threshold=0.70483644299287274 0.6999999999999994 -0.45804195804195796 0 0.049999999999454307 -0.068365920996105459 0.64495798319327746 0.6999999999999994 1.9973578387871387 -0.016230018228762685 0.022528323710676351 0.074510889627168717 -0.0043196745782952675 0.32418784000792084
decision_type=10 10 8 1 10 10 10 10 8 8 2 2 8 10
left_child=1 2 5 4 -3 -1 -5 8 -2 -10 -9 -12 -13 -14
right_child=7 3 -4 6 -6 -7 -8 10 9 -11 11 12 13 -15
leaf_value=0.00026369544188227468 -0.0062422094874700811 -0.0013936003104920896 3.2365723976886395e-05 0.0074680862253495061 0.017428309862858732 0.019368649990863251 -0.010191651382733834 -0.009562988459414638 0.01797397727045226 -0.0050551181367290091 0.006728499490965734 -0.0045299924340987362 0.0055828827972801195 -0.0014629603258413872
leaf_weight=43.786626124521717 399.75983411865309 31.066221386892721 15240.990131011931 27.997685908107087 68.931534483330324 30.308798732701689 37.501156677724794 57.522537215496413 13.763856789562849 13.304770996794106 164.26915626646951 389.13822856009938 264.1472533212509 471.53463391866535
leaf_count=869 8596 535 217971 498 2205 368 1140 9976 600 248 4434 9792 4421 12383
internal_value=-6.66113e-06 0.000165948 9.04655e-05 0.00656314 0.0111889 0.0100238 -0.00236426 -0.00150215 -0.00501349 0.00888826 -0.000346205 0.000170337 -0.000863362 0.00112786
internal_weight=17254 15480.6 15315.1 165.497 99.9978 74.0954 65.4988 1773.44 426.828 27.0686 1346.61 1289.09 1124.82 735.682
internal_count=274036 223586 219208 4378 2740 1237 1638 50450 9444 848 41006 31030 26596 16804
cat_boundaries=0 1
cat_threshold=143
is_linear=0
shrinkage=0.03


Tree=200
num_leaves=15
num_cat=0
split_feature=152 35 119 132 103 108 155 101 107 17 138 18 99 57
split_gain=4.97572 4.81162 5.01384 7.05939 5.50282 5.7442 11.6727 10.9885 7.5991 9.6574 10.4811 10.8548 9.13319 11.3242
threshold=0.0027572842848808837 295.50000000000006 -0.3040673512994912 0.07912881434894016 1.694613406186799 0.85912698412698429 0.18411893396096093 -0.016161604600789827 -0.075781513300007361 4.5000000000000009 0.078405232231966229 0.086372679045092854 -0.34052880992101103 -0.15873015872981946
decision_type=2 10 8 2 10 10 2 10 2 2 2 2 8 10
left_child=-1 2 3 -2 5 -4 7 -7 -8 12 11 -11 -10 -14
right_child=1 -3 4 -5 -6 6 8 -9 9 10 -12 -13 13 -15
leaf_value=-0.0097288716508101315 0.015022684778316458 -0.0064013193221094025 -6.4195382731997453e-05 -0.0018819390738613342 -0.0080358805994987462 -0.0029614067820753235 -0.0072229277839023368 0.0081232253861963505 0.015612453905872077 0.013196599464237509 0.021519968378716656 -0.0048892957294895539 -0.010768309697553449 0.0048744300500972136
leaf_weight=32.23698367679026 32.574398694559932 89.353604801697657 16192.776567867259 36.19361717114225 60.89649183768779 371.10315621946938 22.09388729184866 86.772824168438092 23.438137348741293 50.105768596054986 59.014919713838026 44.058413943741471 49.317224857397377 103.40156021248549
leaf_count=13027 593 2023 222540 629 2994 16340 1401 2023 1109 1964 1865 1353 1870 4305
internal_value=-5.5765e-06 2.10759e-05 6.01436e-05 0.00738172 2.41782e-05 6.01049e-05 0.00250304 -0.0006697 0.00649499 0.00768983 0.0128626 0.00522535 0.00253544 -0.000688341
internal_weight=17253.3 17221.1 17131.7 68.768 17063 17002.1 809.306 457.876 351.43 329.336 153.179 94.1642 176.157 152.719
internal_count=274036 261009 258986 1222 257764 254770 32230 18363 13867 12466 5182 3317 7284 6175
is_linear=0
shrinkage=0.03


Tree=201
num_leaves=15
num_cat=2
split_feature=16 118 95 13 0 107 116 0 132 114 135 22 131 130
split_gain=4.90494 8.46072 5.96302 5.82272 7.60533 5.15606 9.65857 7.98171 9.70697 9.5603 8.44522 8.77135 7.50184 7.02206
threshold=-50.620192307692314 -0.014045584297900851 0.92582417582417598 0.42261904761904767 0 -0.056746085995583596 0.040918456543473293 1 0.077443105756358779 0.16668498168503451 4.5000000000000009 0.061951754385964918 1.5000000000000002 0.076239567992145332
decision_type=2 10 2 2 1 2 10 1 2 10 2 2 2 2
left_child=1 3 -3 -1 -5 6 12 10 9 -9 11 -8 -2 -7
right_child=5 2 -4 4 -6 13 7 8 -10 -11 -12 -13 -14 -15
leaf_value=-0.0059205409194830923 0.0016447966870591023 0.0034026965839092553 -0.011325267291582479 -0.0055345284402006081 0.011858328507667642 0.001639764395508325 0.020021982450143732 0.019472709264811719 -0.0026738704775263133 0.0004128439264901727 -0.0079369667709223816 -0.0050534671560441479 -0.010489015529582056 -0.00010735482879622423
leaf_weight=35.329569188761525 56.99451413587667 23.421283087111078 111.85894525051117 19.272228381596506 43.20740387798287 2411.5169355707476 9.2815313409082609 41.773378171841614 70.298926590709016 41.778262830572203 111.31848719902337 16.368628202006221 161.42013791226782 14099.110197795555
leaf_count=979 2129 784 3294 487 1146 42100 406 1729 2719 1600 5259 739 5170 205495
internal_value=-4.78115e-06 -0.00419266 -0.00869027 0.00235638 0.00727675 5.62137e-05 -0.00287296 0.000738842 0.00503713 0.0114556 -0.00416711 0.00806009 -0.00742052 0.000149083
internal_weight=17253 233.089 135.28 97.8092 62.4796 17019.9 509.234 290.819 153.851 83.5516 136.969 25.6502 218.415 16510.6
internal_count=274036 6690 4078 2612 1633 267346 19751 12452 6048 3329 6404 1145 7299 247595
cat_boundaries=0 1 2
cat_threshold=594 15
is_linear=0
shrinkage=0.03


Tree=202
num_leaves=15
num_cat=1
split_feature=35 35 140 55 0 154 114 148 107 36 147 16 98 103
split_gain=4.8468 9.38464 7.75144 8.17263 6.74569 6.2087 7.72237 11.4903 10.1349 9.18434 8.29943 12.5295 10.5071 8.35248
threshold=174.50000000000003 167.50000000000003 0.083188225314490966 0.62503006253003457 0 1.5710959258255943 0.099449539431151396 -0.060900503621420903 -0.012873114850987548 -294.99999999999994 -0.093596564262194676 12.228758169934652 0.048992899236405714 -0.17049311790307389
decision_type=10 10 2 8 1 2 10 8 2 8 10 2 8 8
left_child=1 5 3 4 -2 6 7 -1 -8 -9 11 13 -12 -11
right_child=2 -3 -4 -5 -6 -7 8 9 -10 10 12 -13 -14 -15
leaf_value=0.011391266804790039 0.0081886764918352728 0.012438314976291873 -0.0076433112214288274 -0.0077236569124094429 -0.0021256386095830321 -0.00013250244487995251 -0.010153626973533695 0.013782413849501534 0.0013271020299373639 0.015687888718313215 0.00020457606663837902 -0.002294873715112721 -0.012561563139910534 0.0041340475841178921
leaf_weight=121.16903881845064 94.220476921182126 40.102405428886414 176.93144330789801 67.178142909659073 97.576694845687598 15451.459878189256 82.986279033590108 40.816063091158867 226.13532349374145 66.978715982986614 300.73800330073573 190.26298052910715 56.759390911785886 239.31197812175378
leaf_count=973 1883 699 2989 2252 1857 247334 2191 688 2566 827 2052 2622 472 4631
internal_value=-4.33832e-06 7.7894e-05 -0.00307381 0.000295605 0.0034609 3.72632e-05 0.00199607 0.00324912 -0.00208226 0.00197701 0.00118467 0.00364841 -0.00224651 0.00727507
internal_weight=17252.6 16816.7 435.907 258.975 191.797 16776.6 1325.16 1016.04 309.122 894.867 854.051 496.554 357.497 306.291
internal_count=274036 265055 8981 5992 3740 264356 17022 12265 4757 11292 10604 8080 2524 5458
cat_boundaries=0 1
cat_threshold=714
is_linear=0
shrinkage=0.03


Tree=203
num_leaves=15
num_cat=1
split_feature=156 111 87 32 155 89 125 18 138 48 56 0 120 105
split_gain=4.82771 5.69816 5.92782 6.58393 7.06679 8.00261 7.19673 6.25543 5.32418 5.46475 5.055 6.71468 4.95791 10.0898
threshold=-4.0754590133786008 -0.29425070011110516 0.63685185185158855 8.6770833333333339 0.20667262876402046 -0.18802452888991347 0.93301270189221952 0.053381458966565355 0.059791644058600109 15.279287763316637 0.68990384615384626 0 2.5000000000000004 -0.027848520473193243
decision_type=2 10 10 10 2 10 2 2 2 10 10 1 8 2
left_child=1 -1 3 4 -3 -6 7 -7 -9 -10 12 -12 -2 -14
right_child=10 2 -4 -5 5 6 -8 8 9 -11 11 -13 13 -15
leaf_value=-0.010838160769865121 0.0007430633829824425 -0.0045420084843326531 -0.010529735803933795 -0.0062864512830376864 -0.0065796235097126355 -0.0051595015144862847 -0.0065226503518407185 -0.0024128738659082789 -0.0024802241875815129 0.027629856194054812 0.0031221278185223291 -0.0085844494967248358 -0.0056726158524253913 -0.00014215830930791593
leaf_weight=64.273366193869151 6663.2242233301513 26.063408290967345 27.687979911454022 40.245492509100586 9.2057071446906757 3.0777304498478761 4.1148317023180416 4.5240887049585572 3.4920524961780748 32.703413523267955 54.297730545513332 106.30441922042519 291.08947791811079 9921.6063212603331
leaf_count=16069 86639 5605 3512 7473 1135 400 595 624 526 4259 554 1191 6911 138543
internal_value=-3.52025e-06 -0.00431719 -0.000815416 0.00226864 0.0067359 0.0117564 0.0160083 0.0192491 0.0219863 0.0248493 5.47661e-05 -0.00500904 0.000107362 -0.00030788
internal_weight=17251.9 215.388 151.115 123.427 83.1812 57.1178 47.9121 43.7973 40.7196 36.1955 17036.5 160.602 16875.9 10212.7
internal_count=274036 40198 24129 20617 13144 7539 6404 5809 5409 4785 233838 1745 232093 145454
cat_boundaries=0 1
cat_threshold=548
is_linear=0
shrinkage=0.03


Tree=204
num_leaves=15
num_cat=0
split_feature=32 153 119 132 104 48 144 63 54 85 80 18 155 139
split_gain=4.79288 5.28702 4.84492 6.54481 5.36847 13.0469 11.103 9.50869 11.1497 9.9739 9.76511 14.6212 9.40975 9.84348
threshold=14.583333333333334 0.24805965151960249 -0.3040673512994912 0.07912881434894016 0.83854166666666685 15.770276830184665 0.15881580932638908 7.5833333333333348 0.10555555555555557 -1.2031866224072776 66.666666666666643 0.094711090400745587 0.22320469459570383 2187.5000000000005
decision_type=10 2 8 2 2 10 2 10 8 10 10 2 2 2
left_child=2 -2 3 -1 -4 6 -6 8 -7 -10 12 -12 13 -11
right_child=1 -3 4 -5 5 7 -8 -9 9 10 11 -13 -14 -15
leaf_value=0.014502051300429088 0.0034155771184861987 -0.011455408195895392 0.00024927708618606247 -0.0017707238474675097 -0.0075376993032537148 -0.0050825848633137549 0.0031926518136491575 -0.0047648454179080963 -0.0057744693509443334 -0.0037946136399039992 -0.0037376515548632251 0.0073877876078113627 0.004814634465898816 0.002181504517320223
leaf_weight=33.060308169806376 23.641886029043235 50.569716585450806 13949.613877601922 36.015030917478725 413.64731026242953 272.31108521460555 99.738279901444912 348.63521735498216 153.75277296407148 532.61298259417526 126.35986235993914 465.9212641697377 305.98074844968505 440.14279288472608
leaf_count=600 871 2394 225042 629 11427 2786 714 8674 1330 5784 1590 4807 2703 4685
internal_value=-4.5541e-06 -0.00694017 3.14381e-05 0.00721543 -3.86199e-06 -0.00111754 -0.0054216 -0.000256508 0.00045421 0.00123075 0.00184776 0.00498054 0.000355808 -0.00109853
internal_weight=17252 74.2116 17177.8 69.0753 17108.7 3159.1 513.386 2645.72 2297.08 2024.77 1871.02 592.281 1278.74 972.756
internal_count=274036 3265 270771 1229 269542 44500 12141 32359 23685 20899 19569 6397 13172 10469
is_linear=0
shrinkage=0.03


Tree=205
num_leaves=15
num_cat=0
split_feature=55 118 153 55 153 15 56 15 85 122 55 151 22 57
split_gain=4.6924 9.45904 10.6069 8.65459 14.6332 10.545 10.3821 11.5458 16.5904 13.9948 7.95959 11.2335 10.8286 10.7964
threshold=0.5873015873006201 -0.071088450691888724 0.43562585255549074 0.82575757575614273 0.21366806211709052 -1.2426470588235288 0.58578431372549034 0.75735294117647112 -0.094546509276672921 0.11949061083531191 0.4652777777797989 4.4349746333048614 0.062940140845070436 0.14722222222221151
decision_type=10 10 2 10 2 2 8 2 8 2 10 2 2 10
left_child=10 2 -2 -3 -5 -6 7 8 9 -7 11 -1 13 -12
right_child=1 3 -4 4 5 6 -8 -9 -10 -11 12 -13 -14 -15
leaf_value=1.9510681323295794e-05 0.0013504496175999257 -0.0022349312606831555 0.016086191356128057 -0.010617144262982102 -0.0064009448478872305 0.024307064424035834 -0.0036319922259958216 -0.00013169268963877543 -0.0012613270105617264 0.0043201086307923147 0.0090691006681616494 -0.007028069562180419 0.00073085174784286221 0.0005016539975664444
leaf_weight=11138.167387642898 256.69829708954785 2517.694108302705 38.938192123430781 56.286410905886441 61.093650412047282 83.732333880150691 72.371573297772557 97.638272338896058 56.806218269281089 57.635565743548796 302.12828380824067 192.34007964085322 2089.5023808979895 230.40354556404054
leaf_count=128275 7626 53797 1156 1693 3284 1984 938 3562 4222 1689 7015 23204 33342 2249
internal_value=-4.6994e-06 -0.00101959 0.00397434 -0.00152849 0.00209168 0.00406025 0.00597872 0.00839182 0.012305 0.0173545 0.000236095 -0.000109259 0.00172059 0.00547763
internal_weight=17251.4 3298.89 295.636 3003.26 485.564 429.278 368.184 295.812 198.174 141.368 13952.5 11330.5 2622.03 532.532
internal_count=274036 79951 8782 71169 17372 15679 12395 11457 7895 3673 194085 151479 42606 9264
is_linear=0
shrinkage=0.03


Tree=206
num_leaves=15
num_cat=0
split_feature=19 112 49 49 130 136 14 74 154 151 154 150 24 112
split_gain=4.69884 6.76621 5.51218 5.29452 4.93507 9.84298 10.8345 9.24895 8.99915 8.75589 7.90011 9.73306 8.02771 9.50812
threshold=0.16536458333333334 0.27010327635328701 16.520513552903143 15.569580903965592 0.078191056910569115 0.076326148078725412 0.13392857142857145 -1.0000000180025095e-35 2.3256037207040277 4.8445806323270011 1.6105421080976301 -0.69174208144796367 5.8903903903903911 0.1837784900285063
decision_type=2 10 10 10 2 2 2 8 2 2 2 8 10 10
left_child=1 3 -3 -1 8 -6 7 -7 -2 10 12 -12 13 -8
right_child=4 2 -4 -5 5 6 9 -9 -10 -11 11 -13 -14 -15
leaf_value=0.0068855284930793735 0.0012285500427674429 0.012921445576044722 -0.0056336704326734877 -0.0089889405236476018 -0.0043112531815147912 0.0072681569212410153 0.0027333011730063736 -0.0035363817178442635 -0.0034291202044800526 -0.0079011805090418597 -0.008017095969172704 0.00012962210801282506 0.0093395419405824399 -0.0062748384300637715
leaf_weight=10.512674143305047 4533.0889043424977 19.086394333513454 13.586283285636453 135.94141694356222 505.77756592526566 62.480520583689213 869.87336259754375 1075.3931878769072 392.31771483435296 103.52724374795798 118.90838465793058 9177.035994946491 127.9914924246259 105.38549539446831
leaf_count=549 86892 711 480 5987 8743 615 7570 15740 7702 20732 1480 113752 2107 976
internal_value=-3.9906e-06 -0.00464509 0.00586079 -0.00731561 4.87414e-05 -0.000276118 -9.54714e-05 -0.00285626 0.000848273 0.000207282 0.000299268 1.26662e-05 0.0026816 0.00167959
internal_weight=17250.9 179.127 32.6727 146.454 17071.8 12146.4 11640.6 1137.87 4925.41 10502.7 10399.2 9295.94 1103.25 975.259
internal_count=274036 7727 1191 6536 266309 171715 162972 16355 94594 146617 125885 115232 10653 8546
is_linear=0
shrinkage=0.03


Tree=207
num_leaves=15
num_cat=0
split_feature=80 75 114 58 86 118 130 149 87 105 120 104 149 50
split_gain=4.66096 9.59546 8.07869 11.6032 9.07081 13.7848 8.99464 13.5689 10.4884 9.38008 7.63363 8.04005 7.63324 8.29841
threshold=266.66666666666669 1250.0000000000002 0.042103729603741168 0.35504201680672276 -0.013657220836224343 -0.018377015141807829 0.078857500446987319 -0.035714285714285705 0.843611111111083 0.00079362051199248853 3.5000000000000004 0.43095238095238103 0.010869565217391327 -0.19966752356859893
decision_type=10 10 10 10 10 10 2 2 10 2 10 2 2 10
left_child=-1 10 3 -3 6 -6 7 9 -8 -4 11 -2 13 -5
right_child=1 2 4 12 5 -7 8 -9 -10 -11 -12 -13 -14 -15
leaf_value=0.00012968806136706975 0.0093146414531442324 -0.0072205847022099711 -0.0057880345626081667 -0.010310260695667841 0.011316918312437431 -0.011191015068514349 -0.0071099929120859761 0.020052433669724264 0.0069981735938481129 0.011872547864865723 -0.013913370285739446 -0.0082596691304631983 -0.0086523727384780168 0.0042587105077908343
leaf_weight=16078.339034642675 27.28253933810629 277.93475435860455 50.910681325476617 25.480725479894318 20.841734551824629 69.545834076008759 77.560128358891234 55.057003959314898 82.262038625078276 31.287370883394033 82.375747018842958 37.594439582549967 49.701780911302194 284.25636629026849
leaf_count=249042 934 2671 1296 1499 866 2599 1450 786 951 631 3182 1220 691 6218
internal_value=-4.12926e-06 -0.00181823 -0.000733784 -0.0027866 0.00262107 -0.00512903 0.00511227 0.0103305 0.000129016 0.001729 -0.00860011 -0.000507856 0.000793869 0.0026393
internal_weight=17250.4 1172.09 1024.84 637.374 387.465 90.3876 297.077 137.255 159.822 82.1981 147.253 64.877 359.439 309.737
internal_count=274036 24994 19658 11079 8579 3465 5114 2713 2401 1927 5336 2154 8408 7717
is_linear=0
shrinkage=0.03


Tree=208
num_leaves=15
num_cat=1
split_feature=107 87 130 76 117 15 138 35 128 149 0 132 85 109
split_gain=4.65196 8.49805 7.93941 11.3751 13.1584 11.3197 13.3422 11.0669 10.5958 9.83394 8.39892 7.62517 9.27686 7.07358
threshold=-0.017474706533204053 0.40397603485992789 0.075100000000000014 1358.3333333333337 0.099422876766539062 -0.41421568627450961 0.06990858383836511 36.500000000000007 0.12375590477460215 -0.03260160988606086 0 0.074583039699318787 -0.45171307853949344 -1.1000000000000001
decision_type=2 10 2 10 10 2 2 10 10 2 1 2 10 10
left_child=1 -1 3 -2 5 9 8 10 -7 -5 -8 12 -4 -3
right_child=2 13 11 4 -6 6 7 -9 -10 -11 -12 -13 -14 -15
leaf_value=-0.0060456192474871995 -0.0026083408573911756 -0.0030559964161097596 0.0037847074995134527 0.0036515769379451201 0.015878034793377512 -0.0076749530122316644 -0.0050132110413401388 0.017601625173200759 0.010390579895913094 -0.010487510313735392 0.0087720007416665774 0.00013553906570956193 -0.010565724459588272 0.00035579250566033284
leaf_weight=265.52504673227668 210.73430806514807 732.40703420084901 50.444629452424124 80.501151892356575 76.888097401475534 77.409687156323344 47.096216840902343 91.747221780475229 28.141774260671809 70.150320241926238 74.70745164132677 13304.261682110606 111.02119526907336 2029.3900834114756
leaf_count=18781 3236 10192 638 1243 757 1110 597 1296 398 872 955 177373 1803 54785
internal_value=-4.29182e-06 -0.00106913 0.000223242 0.00318119 0.00542315 0.00327355 0.00637874 0.0104665 -0.00216482 -0.00328572 0.00375136 5.35182e-05 -0.00614179 -0.000560608
internal_weight=17250.4 3027.32 14223.1 757.376 546.642 469.754 319.102 213.551 105.551 150.651 121.804 13465.7 161.466 2761.8
internal_count=274036 83758 190278 10464 7228 6471 4356 2848 1508 2115 1552 179814 2441 64977
cat_boundaries=0 1
cat_threshold=113
is_linear=0
shrinkage=0.03


Tree=209
num_leaves=15
num_cat=1
split_feature=16 118 116 95 13 0 55 35 13 49 35 139 118 89
split_gain=4.61115 8.07799 5.81987 5.84519 5.55839 7.31255 4.95636 13.2074 12.9918 14.8019 15.7695 9.59638 8.70108 8.24338
threshold=-50.620192307692314 -0.014045584297900851 -0.074999999999950731 0.90454545454545465 0.42261904761904767 0 0.24831649831503458 106.50000000000001 0.36931818181818188 16.632088520076653 49.500000000000007 4745.0000000000009 -0.071088450691888724 -0.093155340030340025
decision_type=2 10 10 2 2 1 8 10 2 10 10 2 10 8
left_child=1 4 -3 -4 -1 -6 7 8 9 -2 -11 12 -10 -8
right_child=6 2 3 -5 5 -7 13 -9 11 10 -12 -13 -14 -15
leaf_value=-0.005804558422461018 -0.0054877798716210001 0.0038637621699483282 0.0033336697894105413 -0.013490953774110357 -0.0054680728115716745 0.011565391622615375 0.0014058718026931673 -0.0066914401152959714 0.0074525427776289226 0.0062221138534550701 -0.0067959966591562291 0.0092891702964163284 -4.4610021206609712e-05 -0.00018798423183252332
leaf_weight=35.130261326790787 716.50762182555627 21.161792231956497 16.05774818174541 96.968080323189497 19.174054353032261 43.610271809971891 4272.3897700072266 311.00795870076399 134.84845672617666 237.13196704629809 111.12961260345764 102.68614957248792 1981.0975016145967 9150.9009325645166
leaf_count=979 7862 627 559 2892 487 1146 59253 4475 2015 2623 1324 1063 21757 166974
internal_value=-3.77273e-06 -0.00407251 -0.00849467 -0.0109901 0.00231125 0.007096 5.52578e-05 -0.00093181 -0.000358302 -0.00305874 0.00195897 0.000949535 0.000482277 0.000320314
internal_weight=17249.8 232.102 134.188 113.026 97.9146 62.7843 17017.7 3594.41 3283.4 1064.77 348.262 2218.63 2115.95 13423.3
internal_count=274036 6690 4078 3451 2612 1633 267346 41119 36644 11809 3947 24835 23772 226227
cat_boundaries=0 1
cat_threshold=594
is_linear=0
shrinkage=0.03


Tree=210
num_leaves=15
num_cat=1
split_feature=84 81 0 118 104 105 153 20 104 59 145 139 81 148
split_gain=4.57733 11.8676 14.5726 8.58896 7.81618 9.42128 9.12391 11.7269 8.10394 10.0043 7.82386 9.84837 7.4904 9.40643
threshold=0.4695976793702008 0.35000000000000503 0 -0.056019512844130752 0.98611111111111127 0.039937002791341256 0.4850205704729757 3.50925925925926 0.89087301587301593 0.1603193103183003 0.23303167420814483 838.50000000000011 0.6999999999999994 2.0772516086411392
decision_type=10 10 1 10 2 2 2 8 2 10 2 2 10 8
left_child=1 4 -3 -4 5 -1 7 10 -7 -10 11 -6 13 -2
right_child=12 2 3 -5 6 8 -8 -9 9 -11 -12 -13 -14 -15
leaf_value=0.00013134477899705795 -0.0039673261086877916 0.011152946621366818 0.011487198950454525 -0.004898675251828047 -0.0052846095671890726 -0.0027283774930667703 -0.012208201463888462 -0.0054590751893564757 -0.0013351582051299214 0.014701576400047661 -0.0052497400799364395 0.0077926572033980481 0.00012451110240060853 0.0090378182449532465
leaf_weight=13574.466663614498 895.6977914897725 167.4542728838278 21.750923118786886 120.5159185245866 56.638834651559591 56.435120086651295 69.421802258817479 346.31159102008678 47.160175279714167 98.974339282140136 80.848892513662577 199.7971521243453 1475.0579969317187 39.024304338381626
leaf_count=192367 18913 3860 472 2613 433 608 664 4615 410 1014 993 1456 44447 1171
internal_value=-3.64175e-06 0.000193633 0.0058658 -0.0014449 6.68009e-05 0.000230757 -0.00287882 -0.0016896 0.00642418 0.00988372 0.00224839 0.00477187 -0.00121217 -0.0032902
internal_weight=17249.6 14839.8 309.721 142.267 14530.1 13777 753.018 683.596 202.57 146.135 337.285 256.436 2409.78 934.722
internal_count=274036 209505 6945 3085 202560 194399 8161 7497 2032 1424 2882 1889 64531 20084
cat_boundaries=0 1
cat_threshold=397
is_linear=0
shrinkage=0.03


Tree=211
num_leaves=15
num_cat=0
split_feature=134 134 54 105 56 85 154 35 16 27 145 118 114 95
split_gain=4.61146 6.48816 9.91424 9.59767 9.17936 6.37997 5.83628 9.56075 5.86934 5.71557 5.63388 5.40834 6.2264 6.00625
threshold=0.11247412008281575 0.10114004404715639 0.45804195804195807 -0.0079207058811229959 0.09090909090909087 -0.59531969440369414 1.2869005265451376 40.500000000000007 -50.620192307692314 0.30374649859943981 0.42261904761904767 -0.014045584297900851 -0.082905982905996697 0.90454545454545465
decision_type=2 2 8 2 10 10 2 10 2 2 2 10 10 2
left_child=1 6 3 -3 9 -4 7 10 11 -5 -1 -8 -13 -14
right_child=-2 2 5 4 -6 -7 8 -9 -10 -11 -12 12 13 -15
leaf_value=0.013891109225916591 -0.0076859940450710613 -0.0024437340520922831 -0.0091910410204349424 0.0096077321357433063 0.018911420860885767 0.0038232224560406183 0.00067594985070734627 -0.004955452973463394 -4.770113866702858e-05 -0.0023763891261874138 0.00036279818099283514 0.004143805080570457 0.0033836010274472189 -0.013733495238202937
leaf_weight=74.254654163494706 55.026625783648342 64.029643363552168 57.11919811880216 69.91418564831838 59.751929222606122 52.058412469690666 95.578951969393529 47.340095708612353 16448.890406581922 53.500498142791912 41.36855054856278 21.579822141444311 16.018504276289605 92.693648245418444
leaf_count=503 546 610 490 527 412 702 2578 565 261600 427 1071 614 553 2838
internal_value=-3.05909e-06 2.82067e-05 0.00395051 0.00714574 0.0104292 -0.00327331 -5.82519e-05 0.0053459 -0.000115824 0.00471806 0.00964834 -0.00476492 -0.00841393 -0.0111069
internal_weight=17249.1 17194.1 356.374 247.196 183.167 109.178 16837.7 162.963 16674.8 123.415 115.623 225.871 130.292 108.712
internal_count=274036 273490 3168 1976 1366 1192 270322 2139 268183 954 1574 6583 4005 3391
is_linear=0
shrinkage=0.03


Tree=212
num_leaves=15
num_cat=1
split_feature=32 153 35 118 34 34 107 50 108 85 150 118 26 0
split_gain=4.54412 5.11898 4.61824 5.06682 8.40369 12.2154 9.12137 8.43351 9.10465 10.4529 9.2544 9.20114 10.3141 9.12027
threshold=14.583333333333334 0.24805965151960249 295.50000000000006 -0.071088450691888724 0.33899769585253464 0.32097069597069605 0.071995793119371002 0.13285411397285787 0.83854166666666685 0.98306055756802391 0.54504870129870142 -0.079157575171783859 0.068404634581105184 0
decision_type=10 2 10 8 2 2 2 10 10 8 10 10 2 1
left_child=2 -2 3 4 5 7 -7 8 10 -10 11 13 -13 -1
right_child=1 -3 -4 -5 -6 6 -8 -9 9 -11 -12 12 -14 -15
leaf_value=0.002711425388365649 0.0033830374710964758 -0.011255904033784703 -0.0063034126924041891 -7.1539006765722592e-05 -0.0037877787322476777 0.020263315121044914 -0.00030707125617264377 0.010639799749335641 0.013447099303886458 -0.0014634636350218534 -0.009247419624132263 -0.0044218804353666555 0.01358410544654662 -0.0049404453633501919
leaf_weight=277.93545786943287 23.671051660436206 50.009211377240717 87.926242992281914 15899.258578825742 180.96854332159273 45.429097208194435 27.923348260112107 76.548310600221157 85.640556059312075 68.388205654569902 78.91506162751466 33.183630855288357 75.210379038471729 237.5142144523561
leaf_count=5087 871 2394 2128 244187 2191 773 319 755 3758 3403 1902 612 1260 4396
internal_value=-2.63413e-06 -0.00677616 3.2312e-05 7.04146e-05 0.00194795 0.00301951 0.01371 0.00197576 0.00103194 0.00728449 -0.000462073 0.000840291 0.00820433 -0.000896504
internal_weight=17248.5 73.6803 17174.8 17086.9 1187.66 1006.69 73.3524 933.336 856.788 154.029 702.759 623.844 108.394 515.45
internal_count=274036 3265 270771 268643 24456 22265 1092 21173 20418 7161 13257 11355 1872 9483
cat_boundaries=0 1
cat_threshold=227
is_linear=0
shrinkage=0.03


Tree=213
num_leaves=15
num_cat=1
split_feature=34 111 144 0 18 89 56 98 154 53 55 50 13 56
split_gain=4.53885 12.4646 8.82677 11.7793 8.73742 7.37223 8.04219 7.19349 6.78082 9.80919 7.83818 7.43737 7.0756 8.92147
threshold=0.36228448275862074 0.066804205641245853 0.099317270373094124 0 0.1289408866995074 -0.28332575512722563 0.28991596638655476 -0.24622797837083546 2.335772029238512 0.12508903133857532 0.33333333332969545 -0.045402030880055115 0.62019230769230782 -0.071428571428571397
decision_type=2 10 2 1 2 10 10 10 2 8 8 8 2 8
left_child=8 7 5 4 -4 -3 -7 -2 -1 -10 -11 12 13 -12
right_child=1 2 3 -5 -6 6 -8 -9 9 10 11 -13 -14 -15
leaf_value=5.0645873340302644e-05 0.0049284713626871254 -0.0020726012099382047 0.012683169082154194 -0.0022436005001040685 -0.00094833435441894222 0.016179131027369328 0.0014702118794940456 -0.009370158030779889 -0.012481339231907196 0.0024438620425844735 -0.010875876758662039 -0.0046366302196343334 0.011231344437321914 0.0085748893735101694
leaf_weight=15445.361375088571 32.898602411616594 38.050225852057338 100.10467360168695 278.64574085921049 63.81767588108778 102.19375350652263 51.34496858343482 100.11924590310082 66.140360713703558 292.53773428522982 34.884336662245914 575.98635411309078 43.374750081333332 22.842238844954409
leaf_count=248353 476 461 646 1876 451 1243 612 1645 1065 4434 1130 9376 1413 855
internal_value=-2.07421e-06 0.0022309 0.00398604 0.00153832 0.00733183 0.00911802 0.0118289 -0.00569268 -0.00010795 -0.0024399 -0.00157524 -0.00332704 0.00376898 -0.00299812
internal_weight=17248.3 767.175 634.157 442.568 163.922 191.589 153.539 133.018 16481.1 1035.77 969.625 677.088 101.101 57.7266
internal_count=274036 7410 5289 2973 1097 2316 1855 2121 266626 18273 17208 12774 3398 1985
cat_boundaries=0 1
cat_threshold=164
is_linear=0
shrinkage=0.03


Tree=214
num_leaves=15
num_cat=1
split_feature=152 101 134 134 54 105 56 85 27 55 13 155 153 0
split_gain=4.53154 4.45702 4.45651 6.05685 9.36217 9.06787 8.59574 6.12006 5.41924 5.17322 13.7798 9.01393 12.5986 10.2207
threshold=0.0027572842848808837 -0.055449224175395447 0.11247412008281575 0.10114004404715639 0.45804195804195807 -0.0079207058811229959 0.09090909090909087 -0.59531969440369414 0.30374649859943981 0.24831649831503458 0.32291666666666669 0.24958975124249741 0.51851564389571481 0
decision_type=2 10 2 2 8 2 10 10 2 8 2 2 2 1
left_child=1 -1 3 9 5 -5 8 -6 -7 10 -2 13 -13 -12
right_child=2 -3 -4 4 7 6 -8 -9 -10 -11 11 12 -14 -15
leaf_value=-0.013631278712935969 -0.0040009886491229798 0.0053585406706442695 -0.0075442184991708133 -0.0023979449271666069 -0.0090146210574046839 0.0093200222621310433 0.01826916561179252 0.003739824184437193 -0.0023371703399910236 0.00024058292063025647 -0.0038119320123636271 0.0071166025670168376 -0.0033946178191004797 0.00071273663484587981
leaf_weight=25.21068219689187 1000.1379258320667 6.1962937503121784 54.751238368684426 63.943803969072178 56.762268635444343 70.336888906545937 60.45447033457458 52.178486170247197 53.43927575647831 13304.644705208717 629.35891406517476 314.61458284198307 138.28534483723342 1417.5939969944302
leaf_count=10815 11609 2212 545 607 490 527 412 694 426 216850 7357 3075 1357 17060
internal_value=-1.72202e-06 -0.00936372 2.34927e-05 5.42031e-05 0.00383994 0.00693295 0.0101083 -0.00319244 0.00457851 -2.96004e-05 -0.0010533 0.000142835 0.00390124 -0.000711065
internal_weight=17247.9 31.407 17216.5 17161.8 357.115 248.174 184.231 108.941 123.776 16804.6 3499.99 2499.85 452.9 2046.95
internal_count=274036 13027 261009 260464 3156 1972 1365 1184 953 257308 40458 28849 4432 24417
cat_boundaries=0 1
cat_threshold=774
is_linear=0
shrinkage=0.03


Tree=215
num_leaves=15
num_cat=1
split_feature=58 139 50 136 132 151 3 86 84 139 98 117 140 24
split_gain=4.42592 7.77939 7.64461 8.91803 8.84889 7.67986 9.21152 8.76315 7.43005 8.70116 9.0721 7.39945 8.40711 8.18318
threshold=0.81534090909090928 928.50000000000011 -0.032774721799963651 0.0925824175824176 0.0925824175824176 4.0613043372021433 0 -0.36269194862143189 0.70483644299287274 3598.5000000000005 -0.16435744810744804 -0.14767815598474951 0.088799323181049078 5.0156250000000009
decision_type=10 2 8 2 2 2 1 8 10 2 8 10 2 10
left_child=2 11 3 -1 -5 8 -7 -8 -4 10 -10 -2 -13 -14
right_child=1 -3 5 4 -6 6 7 -9 9 -11 -12 12 13 -15
leaf_value=0.0031305192647637643 -0.0061380921498353398 -0.0032443632295375371 0.00017254920063468755 -0.010150521832025689 0.0039166399777636326 0.010848356219214254 0.0037639923187554594 -0.0067777379564898741 -0.0070492181909750382 0.0073308059203916085 0.0059938144771552954 0.00050862300778979034 -0.0031149004155700895 0.017219848062562635
leaf_weight=1197.0436067379778 56.778022279846482 837.49449529557023 13917.927602894604 82.558837385382503 57.74336690781638 22.178060631500557 77.028402051655576 364.80226506770123 328.96488201804459 42.56696917116642 44.069234507158399 146.56123348663095 18.579289993969724 53.385096094687469
leaf_count=37145 3679 32644 149044 1496 994 1706 5029 30738 4402 565 637 4195 365 1397
internal_value=-1.81037e-06 -0.00181879 0.000125077 0.00228415 -0.00454188 -7.2168e-05 -0.00380888 -0.00487666 5.26531e-05 -0.00382865 -0.00533621 0.00246149 0.0049466 0.0123382
internal_weight=17247.7 1112.8 16134.9 1337.35 140.302 14797.5 464.009 441.831 14333.5 415.601 373.034 275.304 218.526 71.9644
internal_count=274036 42280 231756 39635 2490 192121 37473 35767 154648 5604 5039 9636 5957 1762
cat_boundaries=0 1
cat_threshold=4
is_linear=0
shrinkage=0.03


Tree=216
num_leaves=15
num_cat=0
split_feature=123 34 8 153 50 101 75 136 138 107 156 145 59 35
split_gain=4.50795 10.037 9.03846 8.47995 7.56523 8.61367 7.55563 8.66472 7.41768 9.65406 7.08334 10.6716 8.42532 6.15946
threshold=-5.3333333333333419 0.30374649859943981 2.5000000000000004 0.39565187351359038 -0.021990122709072853 0.039644921348982613 1850.0000000000002 0.095626432391138286 0.064824860297124184 -0.043699651485446071 -3.3112801037930706 0.90454545454545465 0.81256808278461301 92.500000000000014
decision_type=8 2 2 2 8 10 10 2 2 2 2 2 8 10
left_child=1 2 4 6 -1 -6 7 -3 9 -4 11 12 13 -10
right_child=-2 3 8 -5 5 -7 -8 -9 10 -11 -12 -13 -14 -15
leaf_value=0.012729534459538918 0.00017903012567123958 0.0043352258828697034 0.0074900444241652927 0.013205609732926137 -0.0092169403963822515 0.0039397831011795167 0.0093846666824035346 -0.0082917532102034803 0.019220218045829875 -0.0084150941111748607 -0.002457971089309301 -0.0083000171976522364 -0.0072351977988051874 -0.0040454761793361814
leaf_weight=42.793005304294638 15158.611372988089 81.917299729771912 26.88896564336028 52.719385196920484 46.816380583215505 147.67599763604812 54.223704680800438 85.578663262305781 44.795363907935098 302.84844780457206 1164.7583879018202 22.032820802531205 8.5561542761279252 6.8101199765224001
leaf_count=1787 235797 1005 1074 521 848 1422 613 951 3081 6002 15626 3870 958 481
internal_value=-1.39505e-06 -0.00130294 -0.00211633 0.00390446 0.00319808 0.000339632 0.000996226 -0.00226753 -0.00293873 -0.00684862 -0.0018357 0.00600077 0.0118493 0.0159303
internal_weight=17247 2088.41 1813.98 274.439 237.285 194.492 221.72 167.496 1576.69 329.737 1246.95 82.1945 60.1616 51.6055
internal_count=274036 38239 35149 3090 4057 2270 2569 1956 31092 7076 24016 8390 4520 3562
is_linear=0
shrinkage=0.03


Tree=217
num_leaves=15
num_cat=0
split_feature=80 75 114 58 76 118 99 118 18 106 149 83 150 32
split_gain=4.42838 9.13487 7.78163 11.0295 10.573 8.48776 8.37941 11.1012 9.3239 7.52334 7.28065 6.99887 8.59068 8.18166
threshold=266.66666666666669 1250.0000000000002 0.042103729603741168 0.35504201680672276 1558.3333333333337 0.056643132551278098 0.046915787074335823 0.0021370419738989056 0.069722222222222241 0.90312500000000007 0.010869565217391327 0.30000000000000288 0.18768939393939396 5.2554347826086962
decision_type=10 10 10 10 10 10 10 10 2 2 2 10 8 10
left_child=-1 9 3 -3 -4 6 7 8 -6 -2 11 12 -5 -14
right_child=1 2 4 10 5 -7 -8 -9 -10 -11 -12 -13 13 -15
leaf_value=0.00012953731037621896 -0.011127648164232786 -0.0070696787180823872 -0.0040052790011165466 0.0094951319020161531 0.015388942200553944 -0.008293745545742387 0.012848010170795407 -0.010810603158501414 -0.0024692365931911456 0.0051195360099431783 -0.0085004586757987579 -0.0049366097383272255 -0.0071877699421248132 0.008372450510728234
leaf_weight=16076.321102735004 123.92297679150943 276.69123254343867 132.64853962149937 137.17849216423929 39.820004000561312 21.286878520273603 119.39242156478576 30.858479101676494 43.765634335344657 22.180886736838147 49.380178376100957 72.412629881757312 67.249058568617329 33.605739347403869
leaf_count=249042 5077 2671 3526 2315 1252 391 1699 679 1032 259 691 3044 1411 947
internal_value=-8.24663e-07 -0.00177044 -0.000715031 -0.00273244 0.00257492 0.00602865 0.00775382 0.00156637 0.00708537 -0.00841406 0.000752172 0.00254787 0.00498241 -0.00159025
internal_weight=17246.7 1170.39 1024.29 636.517 387.772 255.123 233.837 114.444 83.5856 146.104 359.826 310.446 238.033 100.855
internal_count=274036 24994 19658 11079 8579 5053 4662 2963 2284 5336 8408 7717 4673 2358
is_linear=0
shrinkage=0.03


Tree=218
num_leaves=15
num_cat=0
split_feature=89 156 54 103 154 134 123 119 13 120 50 153 139 58
split_gain=4.37315 11.1381 13.2609 12.0432 9.43602 11.7355 8.96661 10.3611 9.16607 13.0201 10.3426 12.0792 10.4917 9.70997
threshold=0.23851159676833697 -1.4835633173593024 0.90454545454545465 -0.77197452481534123 1.9703791125324994 0.079291119076065328 -4.6666666666666563 0.14514270451770511 0.51470588235294124 8.5000000000000018 -0.024288348344903451 0.22115126323983977 4860.5000000000009 0.26969696969696971
decision_type=10 2 10 8 2 2 10 10 2 8 10 2 2 10
left_child=-1 2 -2 -4 5 -5 -3 8 10 -10 -8 -12 13 -13
right_child=1 6 3 4 -6 -7 7 -9 9 -11 11 12 -14 -15
leaf_value=0.00019330228068592428 -0.0052969706180571539 -0.0046429299480921513 -0.0083291155563001724 0.017220245490121903 -0.00095250011096043334 -0.00019321889475205171 -0.0067333589565827124 0.011339633887090325 -0.0034509641302416152 0.010330894169859028 -0.0036394605549021279 0.004296567249704673 -0.0012962738594080008 0.016677266375520815
leaf_weight=14801.318899646169 825.53946021478623 215.57373533397913 68.685609137639403 69.26627731253393 133.36966492061038 58.812794294208288 57.920070514082909 80.100179441273212 470.86200764775276 55.972677756100893 89.490274019539356 120.6382295973599 75.680550061166286 123.55638042837381
leaf_count=219373 28017 1929 1891 3345 7208 2954 583 746 4020 503 925 909 591 1042
internal_value=-1.20145e-06 -0.00117245 -0.00329198 0.00173403 0.00468623 0.0100422 0.0007427 0.00187254 0.00095252 -0.00174127 0.0039493 0.00564534 0.00828958 0.0111635
internal_weight=17246.8 2445.47 1155.67 330.134 261.449 128.079 1289.79 1074.22 994.12 526.835 467.286 409.365 319.875 244.195
internal_count=274036 54663 43415 15398 13507 6299 11248 9319 8573 4523 4050 3467 2542 1951
is_linear=0
shrinkage=0.03


Tree=219
num_leaves=15
num_cat=0
split_feature=119 132 111 28 107 148 151 87 145 156 87 28 87 87
split_gain=4.35552 6.39944 5.95689 8.17619 10.2106 7.00396 5.73262 5.40223 10.2539 13.2085 7.64831 5.8247 5.63716 10.0913
threshold=-0.3040673512994912 0.07912881434894016 -0.31880862309537233 11.035714285714286 -0.037408185204687673 0.96242105751419638 4.0262437516319016 0.29893398267934884 0.63068181818181823 -2.1825612742705207 0.26916666666693351 8.4580419580419601 0.40397603485992789 0.422208710401416
decision_type=8 2 8 10 2 8 2 8 2 2 10 10 8 8
left_child=1 -1 3 4 6 -5 -2 8 9 -4 -10 -12 -9 -14
right_child=2 -3 7 5 -6 -7 -8 12 10 -11 11 -13 13 -15
leaf_value=0.013950360246111253 0.013807819572917785 -0.0019890510887555389 0.018282742340518424 0.018350099245044903 -0.012474002193944206 -0.0026936849247133276 -0.004733790391921555 -0.0034427068326100489 -0.0084150591257035664 0.00027114198297112331 -0.0036665002464640211 0.017669043007073535 0.0087770961501171061 -1.1939473975575439e-05
leaf_weight=33.590112737962045 13.264078760519622 36.378408943302929 59.457801292883232 7.7092406288720667 108.57264100026805 29.810625220648944 20.358579703839496 411.32791760296095 60.915826389798895 73.054078664630651 14.240289169945756 8.7939942093798873 103.4282214504201 16264.98514583346
leaf_count=607 343 637 1751 722 8229 2817 3204 16567 7045 887 1291 941 3477 225518
internal_value=-5.79057e-07 0.00677492 -3.40674e-05 -0.00525151 -0.00838804 0.00563617 0.00458398 2.5683e-05 0.0045776 0.00939021 -0.00329084 0.00823488 -3.70735e-05 5.15815e-05
internal_weight=17245.9 69.9685 17175.9 179.715 142.195 37.5199 33.6227 16996.2 216.462 132.512 83.9501 23.0343 16779.7 16368.4
internal_count=274036 1244 272792 15315 11776 3539 3547 257477 11915 2638 9277 2232 245562 228995
is_linear=0
shrinkage=0.03


Tree=220
num_leaves=15
num_cat=0
split_feature=120 105 80 128 153 22 154 32 138 123 119 107 28 144
split_gain=4.35356 9.72581 10.1728 9.95382 9.89131 9.44779 11.3999 9.03008 9.17142 9.83314 9.79074 8.88193 11.3272 10.1822
threshold=2.5000000000000004 -0.027848520473193243 240.00000000000003 0.075246853936307354 0.32730644829256944 0.062940140845070436 2.2369659225247518 1.5357142857142858 0.084469034553458375 3.6666666666666861 0.2152800671550561 0.039125169294586142 2.3452380952380958 0.098537378838069858
decision_type=8 2 10 10 2 2 2 10 2 10 10 2 10 2
left_child=7 -2 5 4 -4 6 -3 8 10 -10 -1 -9 13 -13
right_child=1 2 3 -5 -6 -7 -8 11 9 -11 -12 12 -14 -15
leaf_value=-0.00017410123872525033 -0.0055336092284067537 0.003618407899084135 -0.0038137134690198011 -0.0060460062787008112 0.0089542835190419279 -0.00034018563634691885 -0.004169728641242273 0.0024075246904477726 -0.0058323732606079589 0.0048065271028832337 0.01438754760724812 -0.0051358538413297161 -0.002068430443068597 0.0060479532997204551
leaf_weight=1937.195821838337 305.0511348011205 1077.9322275357554 111.0205230943393 473.77998587593902 82.307814423926175 8189.3353869111743 187.14977167081088 2818.5962960816687 473.07935011503287 81.329041223158129 27.461521381512284 80.91786969313398 1073.7631123552565 326.20017733424902
leaf_count=29484 9220 15751 1854 10972 1310 130358 3212 50569 6882 1113 451 1068 9667 2125
internal_value=7.83782e-07 -0.000384494 -0.000221346 -0.0037596 0.00187548 3.38741e-05 0.00243091 0.000589482 -0.000833686 -0.00418619 0.000136911 0.00142332 -0.000455309 0.00372157
internal_weight=17245.1 10426.6 10121.5 667.108 193.328 9454.42 1265.08 6818.54 2519.07 554.408 1964.66 4299.48 1480.88 407.118
internal_count=274036 172677 163457 14136 3164 149321 18963 101359 37930 7995 29935 63429 12860 3193
is_linear=0
shrinkage=0.03


Tree=221
num_leaves=15
num_cat=1
split_feature=34 109 104 63 54 129 154 154 122 0 28 128 122 13
split_gain=4.36089 4.84715 4.66076 12.2503 9.81135 8.96659 14.479 10.2459 9.37564 9.51423 8.62938 8.54517 9.09452 13.0834
threshold=0.16536458333333334 -0.60624999999999962 0.83854166666666685 5.8333333333333348 0.10555555555555557 4.5000000000000009 2.0484530748301237 1.9703791125324994 0.1108985986366695 0 6.2559523809523823 0.17419331190406984 0.12556565718614987 0.46410256410256417
decision_type=2 10 2 8 8 2 2 2 2 1 10 8 2 2
left_child=1 -1 -2 4 -4 6 7 -6 9 -8 -7 12 -5 -14
right_child=2 -3 3 11 5 10 8 -9 -10 -11 -12 -13 13 -15
leaf_value=0.0030384042669499294 0.00028214760155518653 -0.0083976531392810257 -0.0050201842407266569 -0.0036191083441184102 -0.00022913367682797744 0.0019978305652270699 -0.0051603555127246702 0.0096747533267917355 -0.0089217526279300133 0.010420631040139832 0.011830401640162254 -0.010472199307867488 -0.0062161189086987166 0.015213546047890849
leaf_weight=38.69709655479528 13928.319395100232 94.98775103315711 266.28853661520407 731.46415444975719 482.2339126431616 973.79944869643077 60.094594538444653 101.58227555896156 245.02542970934883 36.275137418415397 73.908076357562095 133.95482586149592 34.005187475588173 44.083390704006888
leaf_count=705 223095 4959 2685 15789 4502 8796 744 1105 3157 454 884 4769 999 1393
internal_value=8.72743e-07 -0.00511475 4.52848e-05 -0.000987744 0.000225644 0.000966221 -0.00117687 0.00169329 -0.00594979 0.0017905 0.00284864 -0.00382592 -0.00255568 0.00638366
internal_weight=17244.7 133.685 17111 3182.71 2239.21 1972.92 925.211 583.816 341.395 96.3697 1047.71 943.508 809.553 78.0886
internal_count=274036 5664 268372 45277 22327 19642 9962 5607 4355 1198 9680 22950 18181 2392
cat_boundaries=0 1
cat_threshold=171
is_linear=0
shrinkage=0.03


Tree=222
num_leaves=15
num_cat=0
split_feature=31 34 111 56 139 151 98 86 154 65 118 30 80 148
split_gain=4.31448 5.43167 12.1014 8.9182 8.64907 8.02604 7.6357 6.22895 6.0985 7.31357 6.87382 10.3869 8.53416 7.77726
threshold=0.38078947368421062 0.36228448275862074 0.066804205641245853 0.36931818181818193 2110.5000000000005 1.0471650770867933 -0.24622797837083546 -0.7625342334185915 2.3053633128505018 0.41666666666666669 0.0031971563008786137 0.11326979472140764 -133.33333333333334 -0.019336629149317244
decision_type=2 2 10 10 2 2 10 10 2 10 8 2 10 8
left_child=1 8 6 4 5 -4 -3 -5 -1 10 12 -12 -10 -14
right_child=-2 2 3 7 -6 -7 -8 -9 9 -11 11 -13 13 -15
leaf_value=9.0813120483670796e-05 -0.0079680876846043042 0.0055551970540266967 -0.0072517616537565209 0.0033121046524226278 0.0093262409596278142 0.0047745085554509806 -0.0093785283881445101 -0.0089983591796005263 -0.0052533025469669757 -0.0098825172314124018 -0.0054002829588371652 0.007665243081026109 0.0072339306225965988 -8.47406595937814e-05
leaf_weight=15077.461201226455 45.928625470492989 31.367163693066686 56.46617491543293 64.980698168743402 282.03266589157283 152.54847378470004 95.286809540120885 56.212830961681902 169.8957244574558 83.424046957399696 469.09043557394762 48.485825032694265 170.62395410542376 440.32721756398678
leaf_count=241997 456 454 348 528 2388 1360 1584 474 3310 1184 7856 690 2925 8482
internal_value=9.84645e-07 2.91915e-05 0.00251926 0.00426632 0.00603087 0.00125753 -0.00548343 -0.00276 -8.47855e-05 -0.00198116 -0.00136643 -0.0039949 0.000418288 0.00208356
internal_weight=17244.1 17198.2 738.895 612.241 491.047 209.015 126.654 121.194 16459.3 1381.85 1298.42 517.576 780.847 610.951
internal_count=274036 273580 7136 5098 4096 1708 2038 1002 266444 24447 23263 8546 14717 11407
is_linear=0
shrinkage=0.03


Tree=223
num_leaves=15
num_cat=0
split_feature=35 123 116 34 128 54 154 30 16 10 58 20 154 52
split_gain=4.29846 4.44341 10.2248 9.88484 8.58458 10.7264 8.36265 7.15108 7.12279 7.0883 7.02171 10.7108 8.94538 10.5703
threshold=295.50000000000006 -5.3333333333333419 -0.065340909090889437 0.30917366946778718 0.15078503055078654 0.39444444444444454 1.4297488781424199 0.067874692874692888 16.720779220779239 483.00000000000006 0.53137254901960795 6.62622549019608 2.1009462155641714 0.2752525252525253
decision_type=10 8 10 2 10 10 2 2 2 2 8 10 2 8
left_child=1 2 4 6 7 -6 -4 -1 -5 -7 11 12 -8 -14
right_child=-2 -3 3 8 5 9 10 -9 -10 -11 -12 -13 13 -15
leaf_value=0.00464566544423658 -0.0060995128684550141 0.00021680247146933703 0.010933929133714609 0.0097082915068407577 -0.0046727377448812406 0.013340335372839228 -0.0030934529803602418 -0.0071834400284524228 -0.0037442167049850515 -0.0028776100754200839 0.0028749182488030851 -0.0087129553061938529 -0.0040327280340836007 0.0086598445013360836
leaf_weight=40.626052912441082 88.345450327382423 15077.492495778832 38.126079282257706 134.07947903196327 117.88306321587879 58.01023658097256 472.41162765608169 472.2105230751913 37.572751033585519 29.487449238891713 270.65880277496763 182.22068430413492 83.54534519277513 141.33450245345011
leaf_count=647 2168 233832 636 1464 1599 1702 4953 7677 388 694 11428 3825 1028 1995
internal_value=4.74693e-07 3.71884e-05 -0.00125816 0.000278448 -0.00411391 0.00102112 -0.000721029 -0.00614097 0.00669943 0.00825349 -0.00124316 -0.0025374 -0.000774064 0.0039871
internal_weight=17244 17155.7 2078.17 1359.95 718.217 205.381 1188.3 512.837 171.652 87.4977 1150.17 879.512 697.291 224.88
internal_count=274036 271868 38036 25717 12319 3995 23865 8324 1852 2396 23229 11801 7976 3023
is_linear=0
shrinkage=0.03


Tree=224
num_leaves=15
num_cat=3
split_feature=56 0 13 148 0 130 120 149 50 19 52 1 9 123
split_gain=4.28966 6.99763 4.5287 15.8182 13.0416 11.468 18.3155 12.292 11.123 11.0724 10.9881 9.80035 11.6634 9.56492
threshold=0.68990384615384626 0 0.25833333333333336 -0.060900503621420903 1 0.078191056910569115 5.5000000000000009 -0.12721923637075036 0.10985375263792109 0.29516317016317023 0.90454545454545465 2 54.250000000000007 -2.8333333333333424
decision_type=10 1 2 8 1 2 10 2 8 2 10 1 2 10
left_child=2 -2 3 10 5 7 9 -5 -9 -7 11 12 -1 -13
right_child=1 -3 -4 4 -6 6 -8 8 -10 -11 -12 13 -14 -15
leaf_value=0.0074397179520925335 0.0034776306488987813 -0.0083785530544746561 0.0003108799766033434 -0.0066903149570315262 -0.003153079706110846 0.0050059297922335844 -0.0084678126824269499 0.011824147624889815 -0.0025218965151061362 -0.0052228290240672352 -0.0069380594119070977 -0.00090638087873884247 -0.0094239536027785186 0.0078125765607123931
leaf_weight=45.365461888257414 54.338584201177582 105.46849276125431 13259.415390542708 46.948194742901251 2089.7409581859829 327.89599568373524 195.74424268922303 188.21802739764098 57.840779228135943 118.18260219600052 78.552379586617462 146.23539547342807 83.604587799753062 446.31068782461807
leaf_count=591 561 1203 210413 1371 35921 5071 3043 4042 618 1097 1532 1889 1070 5614
internal_value=6.57997e-07 -0.00467502 4.84578e-05 -0.000858978 -0.00185119 0.00108468 -0.0011626 0.00585938 0.0085007 0.00221421 0.00285702 0.00404301 -0.00311842 0.00559939
internal_weight=17243.9 159.807 17084.1 3824.64 3024.57 934.83 641.823 293.007 246.059 446.079 800.069 721.516 128.97 592.546
internal_count=274036 1764 272272 61859 51163 15242 9211 6031 4660 6168 10696 9164 1661 7503
cat_boundaries=0 1 2 3
cat_threshold=548 340 2
is_linear=0
shrinkage=0.03


Tree=225
num_leaves=15
num_cat=1
split_feature=32 119 0 103 108 155 101 107 17 105 119 121 94 57
split_gain=4.26398 4.39793 6.01496 5.2849 5.29638 11.8299 10.417 7.92296 9.45447 9.91545 8.49562 7.49002 7.1267 10.0143
threshold=14.583333333333334 -0.3040673512994912 0 1.694613406186799 0.85912698412698429 0.18411893396096093 -0.016161604600789827 -0.075781513300007361 4.5000000000000009 -0.0066848635959550753 0.20365718839983629 -0.016701534170153413 0.26969696969696971 -1.0000000180025095e-35
decision_type=10 8 1 10 10 2 10 2 2 2 10 10 2 10
left_child=1 2 -1 4 -3 6 -6 -7 9 -9 11 -10 13 -11
right_child=-2 3 -4 -5 5 7 -8 8 10 12 -12 -13 -14 -15
leaf_value=-0.004166294972887106 -0.0065844589153520152 -8.4477137753584104e-05 0.010939854519604681 -0.0080913843127831085 -0.0030775806807631216 -0.0074800813803277523 0.007755155132626263 -0.010974216319824986 -0.0038942692900406479 -0.0076615565518373552 -0.0045521959363237219 0.016958015146681635 0.012639417805711543 0.0096170808649095312
leaf_weight=23.289577736053616 73.063899409258738 16238.535870273015 46.46498866355978 57.343692420050502 366.70368557085749 22.548443187610246 86.17920228280127 25.876149032032117 11.818105485406702 52.595432784990408 16.166628830251284 126.44532990362495 57.639018425950781 39.55313800717704
leaf_count=417 3265 228644 812 3374 18487 1776 2056 1090 510 3008 436 4807 2964 2390
internal_value=2.23427e-09 3.37418e-05 0.0068507 -4.30152e-08 3.42706e-05 0.00238588 -0.000833678 0.00638594 0.00761708 0.00249805 0.0127033 0.014969 0.0056125 6.30499e-05
internal_weight=17244.2 17171.2 69.7546 17101.4 17044.1 805.525 452.883 352.642 330.094 175.664 154.43 138.263 149.788 92.1486
internal_count=274036 270771 1229 269542 266168 37524 20543 16981 15205 9452 5753 5317 8362 5398
cat_boundaries=0 1
cat_threshold=449
is_linear=0
shrinkage=0.03


Tree=226
num_leaves=15
num_cat=1
split_feature=152 101 147 26 16 137 13 148 81 0 136 157 109 80
split_gain=4.26013 4.34914 4.26119 8.67798 9.96798 9.64417 7.52773 7.14835 6.94702 7.63129 7.20151 6.96629 9.69818 7.59871
threshold=0.0027572842848808837 -0.055449224175395447 -0.26374006221271878 0.068404634581105184 12.788888888888893 566.50000000000011 0.32291666666666669 0.7098899715110748 0.55000000000000082 0 0.078857500446987319 0.89587973461402759 2.0380065359477135 333.33333333333343
decision_type=2 10 8 2 2 2 2 8 8 1 2 2 8 10
left_child=1 -1 3 4 5 7 -5 -2 11 10 -10 -8 -13 -14
right_child=2 -3 -4 6 -6 -7 8 -9 9 -11 -12 12 13 -15
leaf_value=-0.013409347695534365 0.0077417520990315748 0.0053350085369734653 -9.2549471929439562e-05 -0.0044214312467925213 0.014239456329759233 0.011972966739339966 0.015513786263911386 -0.0067012323137378973 0.013926796407882211 -0.0053705941388563112 -0.0019887725850213124 -0.0009037834341795581 0.013988582860674849 -0.0073708057119355437
leaf_weight=24.677201965823773 29.568937591975555 6.2103358510648823 16229.571981003275 205.84876292664558 82.611137981992215 43.351259949151427 34.332888297736645 90.162158872466534 31.531023480696604 150.19292914331891 49.76301329722628 188.35225101141259 69.652774859918281 8.4062587637454254
leaf_count=10815 842 2212 227940 7412 2398 1398 233 3209 1459 6085 1991 4188 3258 596
internal_value=9.57466e-08 -0.00912858 2.44098e-05 0.00192633 0.0066319 0.00190341 0.000259035 -0.00266957 0.00214085 -0.00171068 0.00488484 0.00504587 0.00294183 0.010871
internal_weight=17244.2 30.8875 17213.3 983.773 245.693 163.082 738.08 119.731 532.231 231.487 81.294 300.744 266.411 78.059
internal_count=274036 13027 261009 33069 7847 5449 25222 4051 17810 9535 3450 8275 8042 3854
cat_boundaries=0 1
cat_threshold=104
is_linear=0
shrinkage=0.03


Tree=227
num_leaves=15
num_cat=0
split_feature=107 129 110 67 49 49 139 10 10 18 116 36 106 31
split_gain=4.28216 7.82017 10.3425 9.19611 8.77704 10.2193 7.96634 13.6333 9.94997 10.9966 8.9355 8.27977 9.49082 8.67671
threshold=-0.017474706533204053 1.5000000000000002 0.67156862745098056 0.41666666666666669 16.457458334877938 16.644862039208725 2648.5000000000005 463.00000000000006 529.00000000000011 0.057534678436317786 -0.10654761904762498 225.00000000000003 0.39087301587301593 0.28957960644007158
decision_type=2 2 10 10 10 10 2 2 2 2 10 10 2 2
left_child=1 2 4 6 -1 -6 -3 10 9 -9 -8 12 13 -11
right_child=-2 3 -4 -5 5 -7 7 8 -10 11 -12 -13 -14 -15
leaf_value=-0.010757753772551622 0.00021924449240314165 -0.0011901657020657967 0.0042531926123724638 -0.0066831794272087562 0.0086017773596328857 -0.0071126696413142251 0.0090750293798340723 -0.0031059085284821518 -0.0087485828443251128 0.011761434449859002 -0.0049972544201532061 -0.0045925093710535393 -0.0010745156917825306 -0.0068923606673717396
leaf_weight=202.70761203789152 14221.057600234519 1560.5571506134002 80.152487275190651 179.64539029751904 48.666010181885213 74.886637729476206 33.843584167771041 93.431253596674651 31.948116750922054 347.01285846566316 249.75167072820477 36.049023133818991 69.566095538903028 14.468935417360624
leaf_count=8001 190278 40918 1117 2709 1444 2118 878 3464 894 10085 9092 1277 1427 334
internal_value=1.05481e-06 -0.00102149 -0.00481484 -0.000408143 -0.00713162 -0.000661793 9.25563e-05 0.00235906 0.00490861 0.00589474 -0.00294638 0.00773573 0.00888652 0.0107699
internal_weight=17243.7 3022.69 406.413 2616.27 326.26 123.553 2436.63 876.072 592.476 560.528 283.595 467.097 431.048 361.482
internal_count=274036 83758 12680 71078 11563 3562 68369 27451 17481 16587 9970 13123 11846 10419
is_linear=0
shrinkage=0.03


Tree=228
num_leaves=15
num_cat=0
split_feature=134 134 54 105 56 18 154 35 16 13 57 112 122 55
split_gain=4.24109 5.70226 8.77973 8.52177 8.05586 6.41024 5.40874 9.01407 5.55412 5.46219 8.09022 5.34529 6.59182 5.01457
threshold=0.11247412008281575 0.10114004404715639 0.45804195804195807 -0.0079207058811229959 0.09090909090909087 0.081020255063765964 1.2869005265451376 40.500000000000007 -50.620192307692314 0.46410256410256417 -0.020833333333330959 0.1837784900285063 0.11447190631685622 0.24831649831503458
decision_type=2 2 8 2 10 2 2 10 2 2 10 8 2 8
left_child=1 6 3 -3 5 -5 7 11 9 -8 -11 12 -1 -10
right_child=-2 2 -4 4 -6 -7 8 -9 13 10 -12 -13 -14 -15
leaf_value=0.001579068168174889 -0.0073980443289181751 -0.0023682510106275063 -0.0031214973032443606 0.010493642495519531 0.017593728237094763 -0.0020243397452889009 -0.0096546632643183007 -0.0048740674228326068 -0.0010571463656358464 0.007387523342619602 -0.0061826136115191903 -0.00012166594019262115 0.019073741918360743 0.00022908722482951847
leaf_weight=32.849433294730261 54.452914416091517 63.879328067414463 108.7220839264337 58.853750697337091 61.193844309076667 65.374835788039491 92.726357668987475 47.203207328449935 3435.8979165158235 53.51413389609661 78.598235997487791 38.106812089681625 45.418019362259656 13006.906030447572
leaf_count=409 546 610 1192 380 412 574 2833 565 39917 1895 1855 514 651 221683
internal_value=3.92179e-07 3.02591e-05 0.00369901 0.00668182 0.00974353 0.00439772 -5.10046e-05 0.00514237 -0.000106551 -0.00463892 -0.000493038 0.00929782 0.013166 -4.04034e-05
internal_weight=17243.7 17189.2 358.024 249.302 185.422 124.229 16831.2 163.577 16667.6 224.839 132.112 116.374 78.2675 16442.8
internal_count=274036 273490 3168 1976 1366 954 270322 2139 268183 6583 3750 1574 1060 261600
is_linear=0
shrinkage=0.03


Tree=229
num_leaves=15
num_cat=0
split_feature=55 118 153 55 153 116 106 99 116 107 137 58 155 34
split_gain=4.25158 8.83099 9.81394 8.46601 13.8408 10.2027 9.32374 11.0395 10.5695 10.2526 8.15234 7.43964 7.26651 7.91566
threshold=0.5873015873006201 -0.071088450691888724 0.43562585255549074 0.82575757575614273 0.21366806211709052 0.16828046953049811 0.54006410256410264 0.028634159793233645 0.066151695526696142 -0.0038888105305366623 304.50000000000006 0.30384615384615393 0.23637679345142351 0.25716625716625724
decision_type=10 10 2 10 2 10 2 10 10 2 2 10 2 2
left_child=-1 2 12 -3 -5 6 7 -6 -9 -8 11 -11 13 -2
right_child=1 3 -4 4 5 -7 9 8 -10 10 -12 -13 -14 -15
leaf_value=0.00022991488884230502 0.0080363265217284607 -0.0021597644721337394 0.01541609943306836 -0.010326609922478637 -0.0073318245286150448 -0.0052951316338334473 0.024396248032884451 -0.00035733473463600931 0.016736856351156282 -0.00095111151768026946 -0.0023537235991955589 0.016690455879100268 -0.012984539801647476 -0.0022738226345911648
leaf_weight=13950.372682883404 116.51146784785669 2511.4667852468556 39.624947710195556 55.447247098200023 68.709985448396765 74.769557538907975 27.097357820835896 79.184415618306957 39.56665868149139 28.712731937645003 55.770456749829464 55.632658702903427 14.124472494935615 126.25875887589063
leaf_count=194085 4655 53797 1156 1693 5583 2465 1084 1954 1298 255 1527 1513 441 2530
internal_value=8.51167e-07 -0.000966226 0.00385082 -0.00145973 0.00212208 0.00402366 0.00612331 0.0013132 0.00657654 0.0109639 0.00625817 0.0114481 0.00131486 0.00285398
internal_weight=17243.3 3292.88 296.52 2996.36 484.891 429.444 354.674 187.461 118.751 167.213 140.116 84.3454 256.895 242.77
internal_count=274036 79951 8782 71169 17372 15679 13214 8835 3252 4379 3295 1768 7626 7185
is_linear=0
shrinkage=0.03


Tree=230
num_leaves=15
num_cat=0
split_feature=29 56 98 149 116 134 56 35 83 44 144 34 43 24
split_gain=4.17063 9.77485 10.3307 8.09673 7.88054 7.44254 6.09447 6.17114 6.4773 5.86024 14.8106 11.8202 10.0808 7.7322
threshold=7.5000000000000009 0.11111111111111109 0.071235778110778095 -0.10119047619047616 0.099504731379761333 0.10114004404715639 0.31009615384615391 21.500000000000004 -0.39000000000069118 0.36666666666666675 0.0694902914526421 0.23760245901639346 0.10555555555555557 2.8208556149732629
decision_type=2 8 10 2 10 2 10 10 10 10 2 2 10 8
left_child=5 3 -3 -2 -4 9 7 8 -7 -1 11 -11 -12 -14
right_child=1 2 4 -5 -6 6 -8 -9 -10 10 12 -13 13 -15
leaf_value=0.00020568799457753559 0.0029030974112312 0.010140258574842151 -0.0081268038388826562 -0.011374875525199829 0.008024202716343241 -0.0061761504065204345 -0.0038637550450202488 0.0093673380627764518 0.0067837369030176765 0.0055942566360983785 0.00090274424399058222 -0.010232643466937651 -3.3957423633483403e-05 -0.0066025195239736694
leaf_weight=14232.50746782776 40.552270941319875 64.129072475247085 80.95752682373859 129.2651099152863 24.431162195745856 54.227788604795933 56.736214908771217 175.57429875689559 54.648822929244488 41.08882250636816 1416.5425912253559 236.73712658579461 297.10540351644158 338.23357241228223
leaf_count=245605 1476 818 1368 2396 741 352 449 1511 452 692 9586 3930 2155 2505
internal_value=1.74002e-06 -0.00321944 0.00183703 -0.00800641 -0.0038494 6.9202e-05 0.00435985 0.00611149 0.000362603 -2.30517e-05 -0.00141283 -0.00772528 -0.00050826 -0.00360247
internal_weight=17242.7 339.335 169.518 169.817 105.389 16903.4 341.187 284.451 108.877 16562.2 2329.71 277.826 2051.88 635.339
internal_count=274036 6799 2927 3872 2109 267237 2764 2315 804 264473 18868 4622 14246 4660
is_linear=0
shrinkage=0.03


Tree=231
num_leaves=15
num_cat=0
split_feature=134 134 54 105 52 154 35 112 122 16 13 57 86 122
split_gain=4.16237 6.45603 9.22676 5.68694 7.54532 5.14108 8.58557 6.16852 7.00951 5.27495 5.24765 7.67409 7.96048 4.97966
threshold=0.11061326658322905 0.10114004404715639 0.45804195804195807 -0.0088211458209271811 0.21825396825396828 1.2869005265451376 48.500000000000007 0.1837784900285063 0.11447190631685622 -50.620192307692314 0.46410256410256417 -0.020833333333330959 -0.67251336132658246 0.11884326986694112
decision_type=2 2 8 2 10 2 10 8 2 2 2 10 8 2
left_child=1 5 3 -3 -5 6 7 8 -1 10 -7 -12 -13 -11
right_child=-2 2 -4 4 -6 9 -8 -9 -10 13 11 12 -14 -15
leaf_value=0.0013256040770237643 -0.0061644656358586037 -0.001315993797887751 -0.0031602078697401275 0.0019904759406420029 0.014493682137475487 -0.0094664658383915058 -0.0059393301035842961 -0.0010941949963541723 0.018360933867591633 -0.00042538562460737225 0.0071694319971569425 0.0055752738587241104 -0.011752383219516712 0.00066311195177065705
leaf_weight=36.286153258755803 82.972027201671153 50.702151095494628 100.60997793264687 78.164583677891642 101.02364089107141 91.964771418832242 37.714420882170089 39.577975436812267 50.454474781872705 10570.0464397287 53.865368648665026 25.886223183013499 52.28217125008814 5870.9369510542601
leaf_count=443 785 506 1109 584 730 2833 453 536 707 161299 1895 384 1471 100301
internal_value=1.562e-06 3.67347e-05 0.00409619 0.00727096 0.00961465 -4.65646e-05 0.00501015 0.00856272 0.0124807 -0.000100799 -0.00452566 -0.000469609 -0.0060404 -3.64422e-05
internal_weight=17242.5 17159.5 330.5 229.89 179.188 16829 164.033 126.319 86.7406 16665 223.999 132.034 78.1684 16441
internal_count=274036 273251 2929 1820 1314 270322 2139 1686 1150 268183 6583 3750 1855 261600
is_linear=0
shrinkage=0.03


Tree=232
num_leaves=15
num_cat=1
split_feature=35 35 140 55 0 49 120 154 83 102 116 147 121 99
split_gain=4.11246 9.01531 7.35598 7.75276 6.42587 6.97212 5.34541 4.93724 7.07407 6.81563 11.239 10.2115 10.2302 8.67213
threshold=174.50000000000003 167.50000000000003 0.083188225314490966 0.62503006253003457 0 16.321248459978964 15.500000000000002 1.5710959258255943 -1.5499999999995451 0.44722222222222224 0.085356379731399576 -0.065734452554844794 0.0080160642570281139 0.0059622962661582714
decision_type=10 10 2 8 1 10 10 2 8 10 10 8 10 10
left_child=1 7 3 4 5 -2 -4 8 -1 11 13 12 -10 -11
right_child=2 -3 6 -5 -6 -7 -8 -9 9 10 -12 -13 -14 -15
leaf_value=-0.0093601429074910095 -0.00067222027227484618 0.012159932418475562 -0.0097729587085857231 -0.0074338774266817275 -0.001993596006884799 0.014727281511648252 0.0022903484005569294 -0.00011450309729937672 0.012187829467725536 0.0050079427822965683 -0.007934342610481343 0.0015725836689302135 -0.0015273433902568705 -0.0050296414516444289
leaf_weight=34.957300329580903 41.161625042441301 40.394256794825196 139.04870776669122 66.278287675231695 97.073994769947603 53.247198530239984 35.755210576811805 15438.49167118629 179.4654111166019 248.93050802382641 123.64367902686354 586.40754122287035 61.292256657732651 95.942737019853666
leaf_count=250 920 699 2392 2252 1857 963 597 247334 2233 4919 2798 5079 727 1016
internal_value=1.7419e-06 7.72421e-05 -0.00283646 0.000439079 0.00350623 0.0081011 -0.00731947 3.72954e-05 0.00178015 0.0021844 -0.000695528 0.00379896 0.00881141 0.00212227
internal_weight=17242.1 16809.5 432.565 257.761 191.483 94.4088 174.804 16769.1 1330.64 1295.68 468.517 827.165 240.758 344.873
internal_count=274036 265055 8981 5992 3740 1883 2989 264356 17022 16772 8733 8039 2960 5935
cat_boundaries=0 1
cat_threshold=714
is_linear=0
shrinkage=0.03


Tree=233
num_leaves=15
num_cat=2
split_feature=13 82 48 149 126 38 148 84 128 0 34 123 19 0
split_gain=4.10413 8.39523 9.93822 10.3981 9.29599 8.70207 8.26407 12.8292 8.93415 7.6533 7.54951 7.18675 7.33776 7.0754
threshold=0.93933823529411775 0.1166666666663332 16.021990992702808 -0.081902835957436568 -0.68301270189221952 1.0000000180025095e-35 -0.27220891449307288 -0.53284460209021811 0.12797836874931529 0 0.27113095238095242 8.666666666666659 0.36512474012474017 1
decision_type=2 8 8 2 2 2 10 8 10 1 2 10 2 1
left_child=-1 2 3 -2 5 -3 7 -4 11 -5 -10 12 -8 -6
right_child=1 4 6 9 13 -7 8 -9 10 -11 -12 -13 -14 -15
leaf_value=0.00014165350747787412 -0.0088449932209400325 -0.0088872530352488641 -0.0051406891384815087 -0.0044581914497258436 0.0074284471427080558 0.0076461385036280518 -0.012297393784417441 0.010757327750635728 0.0024256468316264917 0.0083781617120152231 -0.0094974237423242902 0.0015903538160015791 0.0015193700975105152 -0.00080556721435034583
leaf_weight=15807.786230596132 44.970981137943454 98.798495546681806 104.4694570756983 41.513995890039951 200.57886774872895 25.565451627830043 282.96927877014969 59.117801978718489 143.86403418914415 138.06713920808397 53.681175570935011 44.551743785152212 35.64495810167864 160.23774082679302
leaf_count=251681 837 2017 1256 489 4225 576 3670 831 1820 1634 452 569 334 3645
internal_value=1.70903e-06 -0.00152644 -0.00315106 0.00225098 0.00164999 -0.00503134 -0.00483753 0.00102557 -0.00653024 0.0054973 -0.00125595 -0.0092356 -0.0107528 0.00406177
internal_weight=17241.8 1434.03 948.851 224.552 485.181 124.364 724.298 163.587 560.711 179.581 197.545 363.166 318.614 360.817
internal_count=274036 22355 11892 2960 10463 2593 8932 2087 6845 2123 2272 4573 4004 7870
cat_boundaries=0 1 2
cat_threshold=48 234
is_linear=0
shrinkage=0.03


Tree=234
num_leaves=15
num_cat=0
split_feature=24 117 32 105 100 59 149 148 150 123 28 102 102 75
split_gain=4.14745 20.8829 13.9872 12.9656 10.1605 11.443 8.32691 8.19425 7.34827 7.18646 7.40135 6.89038 7.49474 6.43951
threshold=9.0178571428571441 0.051428440624982218 3.3452380952380958 0.0056443986117898437 0.24264705882352944 0.76157407407360267 -0.045827223851417388 0.66022679171480092 -0.2181818181818182 7.3333333333333437 10.387500000000001 0.76696832579185525 0.67156862745098056 1250.0000000000002
decision_type=8 10 8 2 8 10 2 8 8 10 8 10 10 8
left_child=-1 3 -3 4 7 8 -5 -2 -6 10 -7 12 13 -10
right_child=1 2 -4 6 5 9 -8 -9 11 -11 -12 -13 -14 -15
leaf_value=0.00022938554096377814 0.0047453131442628865 0.0052137317782795095 -0.012247050532640198 -0.011445695584664501 0.008383861640524003 -0.0030540195850366908 -0.00071989783800447044 -0.007735759693532792 -0.0073601887484720232 -0.005580053005401227 0.016261603333751824 -0.0068042847721857605 0.0098587151302217541 0.00052386677874751287
leaf_weight=13911.081793596153 49.277981679071672 41.990634283516556 202.52680721203797 129.87038980738726 86.203796064248309 16.984792264644057 122.26703834079672 206.26358278794214 82.471086671808735 14.445427198195828 75.091650345362723 107.48306387010962 59.499583469936624 2136.5182710475056
leaf_count=189271 3500 468 2571 5918 1965 766 4085 15932 2708 640 3683 3236 1849 37444
internal_value=1.5193e-06 -0.000946899 -0.0091205 -0.000258368 0.000335411 0.00091078 -0.00657699 -0.00519929 0.000466088 0.00989983 0.0127699 0.000129433 0.000498879 0.000183395
internal_weight=17242 3330.89 244.517 3086.38 2834.24 2578.7 252.137 255.542 2472.18 106.522 92.0764 2385.97 2278.49 2218.99
internal_count=274036 84765 3039 81726 71723 52291 10003 19432 47202 5089 4449 45237 42001 40152
is_linear=0
shrinkage=0.03


Tree=235
num_leaves=15
num_cat=1
split_feature=34 112 20 27 89 130 0 76 134 116 85 137 48 24
split_gain=4.06867 6.3833 4.57903 4.51567 10.9302 4.7082 7.11623 9.66686 5.33811 17.2607 8.84757 14.7943 9.3922 8.75
threshold=0.16536458333333334 0.28888888888887249 7.1126984126984132 0.18405797101449275 0.014569570993933025 0.068834831658734372 0 1558.3333333333337 0.078386092371562036 -0.081595314407826428 -0.73555691868083761 186.50000000000003 16.477205238350702 9.0178571428571441
decision_type=2 10 10 2 8 2 1 10 2 10 8 2 10 8
left_child=1 2 -1 4 -2 6 7 -5 9 13 11 12 -11 -7
right_child=3 -3 -4 5 -6 8 -8 -9 -10 10 -12 -13 -14 -15
leaf_value=0.0014144723396520853 0.012980213618105698 0.0073223602374904153 -0.010992571479013166 -0.0077738028427217463 -0.0029644945177140173 -0.0015595134637304139 -0.0083582722186638803 0.012083630936434709 -0.00019607785828113471 -0.0021196945378891318 0.0033996312362151045 -0.0056002080562612471 0.012620633560938172 -0.01201600671309013
leaf_weight=32.834080182830803 63.400661625317298 19.333960324293002 80.652363758534193 26.406921268673614 67.487533051520586 677.23895631136838 114.29795433406252 34.158483471721411 13837.197977471864 64.112111569615081 1827.4489006709773 259.36467180983163 71.223953959997743 66.625575278187171
leaf_count=800 1567 690 4174 618 2351 9084 3125 848 210476 677 33853 2977 816 1980
internal_value=1.14352e-06 -0.00495466 -0.00765688 4.39228e-05 0.00529942 -1.23522e-06 -0.00469899 0.0031803 5.17996e-05 0.00120338 0.00252449 -0.00150352 0.006123 -0.00271507
internal_weight=17241.8 132.82 113.486 17109 130.888 16978.1 174.863 60.5654 16803.2 2966.01 2222.15 394.701 135.336 743.865
internal_count=274036 5664 4974 268372 3918 264454 4591 1466 259863 49387 38323 4470 1493 11064
cat_boundaries=0 1
cat_threshold=900
is_linear=0
shrinkage=0.03


Tree=236
num_leaves=15
num_cat=1
split_feature=15 101 51 106 84 0 49 13 111 83 32 35 86 125
split_gain=4.06083 10.9122 13.188 11.1755 9.97207 8.05793 10.7573 9.45693 10.2611 8.45789 8.31969 7.95121 10.3094 9.28572
threshold=-0.80902777777777846 -0.01824664949923481 -0.026732082539865584 0.68990384615384626 -0.27959772051249571 0 15.595458666037304 0.64495798319327746 0.24634794314572342 -0.6800000000002 5.8090909090909095 26.500000000000004 -0.95847004229678212 0.68301270189221941
decision_type=2 10 10 2 8 1 10 2 10 10 8 10 10 2
left_child=1 -1 3 4 -3 6 -4 8 11 -10 -7 13 -13 -8
right_child=-2 2 5 -5 -6 10 7 -9 9 -11 -12 12 -14 -15
leaf_value=-0.0039036271015334433 0.00022719672861009561 -0.0042286531158359847 -0.010259299862314691 -0.0047349783277274198 0.019681888094665648 -0.0058236329954699717 0.0096572398010837095 -0.0015651909018905153 -7.3618985236890016e-06 0.01287664707181233 -0.00020844756123580144 0.011675547614619931 -0.0024513576466963479 -0.0025314827277319045
leaf_weight=821.8457385142101 13890.301927723805 13.971911685075609 58.036503931041807 27.131459860596806 59.891622225288302 391.3352715910878 159.32038414664567 533.18887511477806 65.007283200509846 140.52260495536029 574.25849712220952 37.520972925471142 394.296377499355 75.304471779847518
leaf_count=29824 211423 378 966 420 1745 4066 2158 6777 501 1129 7458 417 5690 1084
internal_value=8.55258e-07 -0.000934014 4.80409e-05 0.0099315 0.0152087 -0.000421374 0.000980667 0.00155527 0.00345755 0.00907823 -0.00251281 0.00156246 -0.00087311 0.00582814
internal_weight=17241.9 3351.63 2529.79 100.995 73.8635 2428.79 1463.2 1405.16 871.972 205.53 965.594 666.442 431.817 234.625
internal_count=274036 62613 32789 2543 2123 30246 18722 17756 10979 1630 11524 9349 6107 3242
cat_boundaries=0 1
cat_threshold=61
is_linear=0
shrinkage=0.03


Tree=237
num_leaves=15
num_cat=0
split_feature=31 34 111 144 48 98 151 50 134 122 154 63 105 136
split_gain=4.05477 5.09808 11.3301 9.48207 8.0479 7.33865 7.1901 6.42422 6.36257 6.19686 5.63045 8.36144 7.70507 6.88077
threshold=0.38078947368421062 0.36228448275862074 0.066804205641245853 0.099317270373094124 16.389245633031994 -0.24622797837083546 2.5376494037109896 0.055700225058965998 0.087279411764705897 0.11789505449639651 2.3053633128505018 3.4166666666666674 0.0020617537206673244 0.073500359195402307
decision_type=2 2 10 2 8 10 2 10 2 2 2 8 2 2
left_child=1 10 5 6 -5 -3 7 -4 -6 -10 -1 12 -12 -13
right_child=-2 2 3 4 8 -7 -8 -9 9 -11 11 13 -14 -15
leaf_value=8.6533121972512975e-05 -0.0077502088760731452 0.0054610707159592773 0.02026324972650705 0.0073226742069737536 0.0026534188088963022 -0.0091771778679007026 4.1449239923388645e-06 0.0059849198582788716 -0.010975101124069346 0.0011713975040925416 6.0083378627370641e-05 -0.0067856980518851556 -0.0093690641012734582 0.00034838976810587058
leaf_weight=15077.142064958112 45.522776448400691 31.460993013344705 50.530192293226719 130.12297791242599 162.35935191810131 94.498433276079595 53.1811234629713 83.82053280621767 71.639952100813389 62.397076390683651 121.04741554055363 124.79538151598535 203.33896090369672 929.56048591120634
leaf_count=241997 456 454 484 847 1128 1584 981 779 476 403 1419 3093 2413 17522
internal_value=1.24025e-06 2.84974e-05 0.00243902 0.00412152 0.00152446 -0.00532891 0.00947787 0.0128509 -0.00125117 -0.00577185 -8.20248e-05 -0.00190637 -0.00600336 -0.000579353
internal_weight=17241.4 17195.9 740.011 614.051 426.519 125.959 187.532 134.351 296.396 134.037 16455.9 1378.74 324.386 1054.36
internal_count=274036 273580 7136 5098 2854 2038 2244 1263 2007 879 266444 24447 3832 20615
is_linear=0
shrinkage=0.03


Tree=238
num_leaves=15
num_cat=0
split_feature=152 101 147 26 16 137 154 81 13 139 28 116 106 55
split_gain=4.03513 4.24392 4.16951 8.13765 9.30201 9.05214 9.34813 8.05658 7.13984 6.70477 11.6326 7.48603 9.78587 8.61146
threshold=0.0027572842848808837 -0.055449224175395447 -0.26374006221271878 0.068404634581105184 12.788888888888893 566.50000000000011 2.0730561743158904 -0.050000000000000704 0.32291666666666669 3675.5000000000005 4.8596059113300498 -0.15638505081518586 0.16145833333333334 0.26587301587308815
decision_type=2 10 8 2 2 2 2 8 2 2 8 10 2 10
left_child=1 -1 3 4 5 6 -2 -8 -5 11 -11 -10 -13 -14
right_child=2 -3 -4 8 -6 -7 7 -9 9 10 -12 12 13 -15
leaf_value=-0.013212147964984006 -0.0078808722969959475 0.0052947219680286421 -9.1036955998340672e-05 -0.0042863363844195959 0.013753290834448834 0.011565535356659983 0.019094615521788174 -0.0029861989427375285 -0.0053005280555193171 -0.0071380664355131093 0.011461128595190925 -0.011133952714749856 0.014411706255855528 0.0015613989466463703
leaf_weight=24.214871632284488 81.867513139499351 6.2344241316895923 16226.766086229589 204.82638877420686 83.545053939800709 43.838148877955973 12.960453667677937 24.516878862632439 137.16747164353728 28.478511152556166 112.41593066882342 24.306899274233729 50.834949589567259 179.22882528486662
leaf_count=10815 2639 2212 227940 7412 2398 1398 335 1077 3974 471 4259 1280 1127 6699
internal_value=1.13583e-06 -0.00892604 2.46888e-05 0.00190581 0.0064506 0.00186877 -0.00258671 0.00792511 0.000286579 0.00211502 0.00737664 1.93181e-05 0.00302342 0.00510913
internal_weight=17241.2 30.4493 17210.8 983.987 246.728 163.183 119.345 37.4773 737.259 532.433 140.894 391.538 254.371 230.064
internal_count=274036 13027 261009 33069 7847 5449 4051 1412 25222 17810 4730 13080 9106 7826
is_linear=0
shrinkage=0.03


Tree=239
num_leaves=15
num_cat=1
split_feature=32 153 118 34 34 107 50 108 85 118 0 30 147 104
split_gain=4.01464 5.02087 4.28005 7.49132 11.559 8.57561 7.7559 8.60538 9.49496 7.93002 8.78148 8.48769 7.59276 7.3039
threshold=14.583333333333334 0.24805965151960249 -0.071088450691888724 0.33899769585253464 0.32097069597069605 0.071995793119371002 0.13285411397285787 0.83854166666666685 0.98306055756802391 -0.079157575171783859 0 0.11326979472140764 -0.21070467061834577 0.20294117647058826
decision_type=10 2 8 2 2 2 10 10 8 10 1 2 8 2
left_child=2 -2 3 4 6 -6 7 9 -9 10 11 13 -11 -1
right_child=1 -3 -4 -5 5 -7 -8 8 -10 12 -12 -13 -14 -15
leaf_value=-0.0080820779322897853 0.0035815674120970305 -0.010907769007065389 -9.6032781090520935e-05 -0.0036460357371212739 0.0193708204320019 -0.00042309465088499998 0.0099992528910859864 0.012697040657370819 -0.0014571782314628356 -0.006786628283102886 -0.0049330941948005948 -0.009510877090087454 0.0092472408159825371 0.0067918261624973749
leaf_weight=21.994121043826453 23.462496858090162 49.030959682888351 15970.948281222489 182.05873299168888 46.38586554909125 28.080606744391844 77.764137750025839 87.271463868790306 68.369212086778134 22.642123696277849 349.42115753854159 30.992139269364998 100.77356601320207 181.78842761134729
leaf_count=585 871 2394 246045 2224 781 323 765 3795 3427 610 6732 500 1608 3376
internal_value=1.70198e-06 -0.00640824 3.43381e-05 0.0017527 0.00275959 0.0130872 0.0017498 0.00084858 0.00689789 -0.000597547 -0.00208098 0.00231022 0.00588895 0.00474244
internal_weight=17241 72.4935 17168.5 1197.54 1015.48 74.4665 941.016 863.252 155.641 707.612 584.196 234.775 123.416 203.783
internal_count=274036 3265 270771 24726 22502 1104 21398 20633 7222 13411 11193 4461 2218 3961
cat_boundaries=0 1
cat_threshold=226
is_linear=0
shrinkage=0.03


end of trees

feature_importances:
odds_win_share=339
odds_log_win=278
odds_entropy=146
horse_win_rate_field_rank=101
odds_favorite_share=95
days_since_last_start=85
odds_concentration=84
market_share=73
racecourse=64
horse_win_rate_field_gap=58
recent3_late_pct=56
body_load_ratio=53
horse_surface_avg_finish=45
horse_distance_avg_finish=45
form_speed_trend=44
horse_number_pct=42
prior_early_pct=42
horse_wet_prior_top3_rate=37
horse_course_avg_finish=36
weight_carried_vs_field=34
prior_speed=34
prior_position_gain=34
matchup_horse_top3_rate=34
horse_weight=33
body_weight_vs_recent3=33
prior_closing3f_z=32
horse_weight_vs_field=31
prior_finish_pct=30
horse_recent5_avg_finish_field_gap=30
form_speed_last5=30
gate_course_bias_starts=30
matchup_recent3_closing3f_z=30
matchup_prior_early_pct=30
prior_speed_relative=29
recent3_result_strength_field_gap=29
form_surprise_trend=28
fit_course_rate=28
horse_top3_rate_field_gap=27
market_rank_fraction=27
form_surprise_last3=26
form_speed_last10=26
prior_late_pct=25
fit_surface_rate=25
odds_relative_to_favorite=24
horse_top3_rate=23
recent3_position_gain=23
fit_wet_starts=23
pace_course_style_starts=23
relative_early=22
relative_late=22
form_surprise_last5=22
recent3_past_popularity=21
recent5_closing3f_z=21
horse_recent5_avg_finish_field_rank=21
horse_distance_win_rate=20
body_change_pct=19
fit_surface_starts=19
matchup_recent3_speed_relative=19
horse_distance_top3_rate=18
recent3_speed=18
recent3_result_strength=18
horse_top3_rate_field_rank=18
form_surprise_last10=18
pace_course_style_rate=18
recent3_closing3f_z_field_gap=17
horse_surface_starts=16
gate_course_bias_rate=16
recent3_speed_relative_field_gap=15
recent3_closing3f_z_field_rank=15
horse_course_top3_rate=14
prior_closing3f_relative=14
recent5_closing3f_relative=14
body_change_abs=14
month_sin=14
recent3_finish_pct=13
field_speed_std=13
fit_wet_rate=13
horse_win_rate=12
horse_surface_top3_rate=12
recent3_early_pct=12
distance_vs_recent3=12
recent3_closing3f_relative=12
horse_course_win_rate=11
recent3_distance_m=10
closing_pressure_fit=10
recent3_speed_relative_field_rank=10
horse_surface_win_rate=9
distance_change_m=9
horse_recent5_avg_finish=9
recent3_closing3f_z=9
fit_distance_rate=9
horse_wet_prior_starts=8
recent3_speed_relative=8
horse_number=7
prior_distance_m=7
age=6
horse_starts=6
horse_avg_finish=6
prior_past_popularity=6
body_load_change=6
month_cos=6
horse_weight_change=5
same_surface_as_last=5
fit_course_starts=5
race_class=4
weight_carried=4
horse_recent5_top3_rate=4
distance_abs_change=4
front_pressure_share=4
known_style_share=4
sex=3
horse_distance_starts=3
horse_course_starts=3
history_exact_2_last5=3
history_exact_3_last10=3
recent3_placed=3
expected_front_count=3
going=2
distance_m=2
field_size=2
same_course_as_last=2
horse_recent5_win_rate=2
recent3_won=2
prior_class_tier=2
class_change=2
recent3_result_strength_field_rank=2
market_rank=2
surface=1
gate=1
gate_pct=1
history_exact_1_last5=1
history_exact_1_last10=1
class_vs_recent_max=1
shortening=1
stalk_style=1
closer_pressure_help=1
history_coverage=1
fit_distance_starts=1
odds_log_rank=1

parameters:
[boosting: gbdt]
[objective: binary]
[metric: binary_logloss]
[tree_learner: serial]
[device_type: cpu]
[data_sample_strategy: bagging]
[data: ]
[valid: ]
[num_iterations: 240]
[learning_rate: 0.03]
[num_leaves: 15]
[num_threads: 2]
[seed: 20260925]
[deterministic: 0]
[force_col_wise: 0]
[force_row_wise: 0]
[histogram_pool_size: -1]
[max_depth: -1]
[min_data_in_leaf: 400]
[min_sum_hessian_in_leaf: 0.001]
[bagging_fraction: 1]
[pos_bagging_fraction: 1]
[neg_bagging_fraction: 1]
[bagging_freq: 0]
[bagging_seed: 8810]
[bagging_by_query: 0]
[feature_fraction: 0.85]
[feature_fraction_bynode: 1]
[feature_fraction_seed: 17836]
[extra_trees: 0]
[extra_seed: 27358]
[early_stopping_round: 0]
[early_stopping_min_delta: 0]
[first_metric_only: 0]
[max_delta_step: 0]
[lambda_l1: 0]
[lambda_l2: 15]
[linear_lambda: 0]
[min_gain_to_split: 0]
[drop_rate: 0.1]
[max_drop: 50]
[skip_drop: 0.5]
[xgboost_dart_mode: 0]
[uniform_drop: 0]
[drop_seed: 13805]
[top_rate: 0.2]
[other_rate: 0.1]
[min_data_per_group: 100]
[max_cat_threshold: 32]
[cat_l2: 10]
[cat_smooth: 10]
[max_cat_to_onehot: 4]
[top_k: 20]
[monotone_constraints: ]
[monotone_constraints_method: basic]
[monotone_penalty: 0]
[feature_contri: ]
[forcedsplits_filename: ]
[refit_decay_rate: 0.9]
[cegb_tradeoff: 1]
[cegb_penalty_split: 0]
[cegb_penalty_feature_lazy: ]
[cegb_penalty_feature_coupled: ]
[path_smooth: 0]
[interaction_constraints: ]
[verbosity: -1]
[saved_feature_importance_type: 0]
[use_quantized_grad: 0]
[num_grad_quant_bins: 4]
[quant_train_renew_leaf: 0]
[stochastic_rounding: 1]
[linear_tree: 0]
[max_bin: 127]
[max_bin_by_feature: ]
[min_data_in_bin: 3]
[bin_construct_sample_cnt: 200000]
[data_random_seed: 5102]
[is_enable_sparse: 1]
[enable_bundle: 1]
[use_missing: 1]
[zero_as_missing: 0]
[feature_pre_filter: 1]
[pre_partition: 0]
[two_round: 0]
[header: 0]
[label_column: ]
[weight_column: ]
[group_column: ]
[ignore_column: ]
[categorical_feature: 0,1,2,3,4]
[forcedbins_filename: ]
[precise_float_parser: 0]
[parser_config_file: ]
[objective_seed: 25095]
[num_class: 1]
[is_unbalance: 0]
[scale_pos_weight: 1]
[sigmoid: 1]
[boost_from_average: 1]
[reg_sqrt: 0]
[alpha: 0.9]
[fair_c: 1]
[poisson_max_delta_step: 0.7]
[tweedie_variance_power: 1.5]
[lambdarank_truncation_level: 30]
[lambdarank_norm: 1]
[label_gain: ]
[lambdarank_position_bias_regularization: 0]
[eval_at: ]
[multi_error_top_k: 1]
[auc_mu_weights: ]
[num_machines: 1]
[local_listen_port: 12400]
[time_out: 120]
[machine_list_filename: ]
[machines: ]
[gpu_platform_id: -1]
[gpu_device_id: -1]
[gpu_device_id_list: ]
[gpu_use_dp: 0]
[num_gpu: 1]

end of parameters

pandas_categorical:[["\u4e2d\u5c71", "\u4eac\u90fd", "\u4e2d\u4eac", "\u6771\u4eac", "\u5c0f\u5009", "\u962a\u795e", "\u798f\u5cf6", "\u65b0\u6f5f", "\u51fd\u9928", "\u672d\u5e4c"], ["\u826f", "\u7a0d\u91cd", "\u91cd", "\u4e0d\u826f"], ["\u672a\u52dd\u5229", "\u65b0\u99ac", "500\u4e07\u5186\u4ee5\u4e0b", "1000\u4e07\u5186\u4ee5\u4e0b", "\u30aa\u30fc\u30d7\u30f3", "1600\u4e07\u5186\u4ee5\u4e0b", "1\u52dd\u30af\u30e9\u30b9", "2\u52dd\u30af\u30e9\u30b9", "3\u52dd\u30af\u30e9\u30b9"], ["\u7261", "\u725d", "\u305b\u3093"], ["\u30c0\u30fc\u30c8", "\u829d"]]
