tree
version=v4
num_class=1
num_tree_per_iteration=1
label_index=0
max_feature_idx=12
objective=binary sigmoid:1
feature_names=market_rank market_logrank market_inv_rank market_share market_rank_fraction market_field_size odds_log_win odds_win_share odds_favorite_share odds_entropy odds_concentration odds_relative_to_favorite odds_log_rank
feature_infos=[1:18] [0:2.8903717578961645] [0.055555555555555552:1] [0.015853995665515534:0.40816326530612251] [0.055555555555555552:1] [6:18] [0.095310179804324935:6.9076552739818036] [0.00078014041891180815:0.84650491007700301] [0.12819785060390484:0.87912931330524346] [0.53965722126137028:2.6275239866908153] [0.083596587701826056:0.77734917385331703] [-6.5153962178984584:0] [0:2.8903717578961645]
tree_sizes=1712 1773 1770 1775 1778 1773 1769 1782 1760 1762 1770 1772 1768 1782 1775 1780 1790 1789 1779 1773 1790 1781 1778 1787 1775 1783 1792 1786 1782 1782 1801 1788 1796 1774 1794 1796 1792 1795 1793 1786 1784 1794 1785 1791 1791 1802 1783 1795 1793 1801 1795 1796 1782 1805 1805 1792 1793 1801 1800 1790 1780 1803 1788 1808 1787 1806 1784 1810 1790 1806 1791 1799 1798 1795 1802 1800 1802 1812 1798 1800 1802 1796 1802 1809 1804 1806 1798 1790 1799 1806 1803 1803 1794 1800 1816 1801 1791 1795 1798 1806 1808 1803 1800 1807 1794 1804 1811 1806 1814 1796 1807 1796 1805 1803 1790 1805 1799 1811 1817 1790 1800 1801 1808 1798 1798 1793 1811 1797 1805 1814 1790 1805 1807 1803 1810 1808 1808 1811 1792 1811 1803 1803 1806 1801 1801 1803 1809 1786 1797 1793 1791 1817 1797 1800 1792 1794 1794 1800 1812 1814 1816 1800 1791 1803 1802 1794 1797 1793 1808 1798 1796 1811 1786 1799 1797 1797 1793 1788 1787 1789 1802 1795 1800 1796 1802 1799 1802 1785 1797 1799 1798 1797 1802 1807 1792 1794 1805 1797 1784 1798 1800 1801 1777 1793 1803 1796 1794 1787 1808 1804 1801 1776 1798 1795 1795 1788 1793 1799 1789 1788 1795 1779 1806 1788 1794 1779 1795 1799 1804 1794 1809 1787 1786 1788 1796 1788 1799 1807 1792 1797

Tree=0
num_leaves=15
num_cat=0
split_feature=7 7 7 9 7 9 6 7 9 6 6 7 8 3
split_gain=12752.5 1453.26 1339.85 387.48 218.128 169.137 124.083 84.4191 48.3987 45.6342 44.9955 29.574 19.8765 18.5505
threshold=0.06830590478145572 0.02114318502212691 0.14157481290980548 1.996611466501977 0.045622487434631244 1.8005263131333182 4.6303503656575673 0.096645139476576908 1.7165391499882074 1.4468497739944199 3.1925297413228297 0.086390984872955698 0.19824570467799713 0.074487952779820607
decision_type=2 2 2 2 2 2 2 2 2 2 2 2 2 2
left_child=1 6 5 -4 10 11 -1 -7 -6 -5 13 -2 -9 -3
right_child=2 4 3 9 8 7 -8 12 -10 -11 -12 -13 -14 -15
leaf_value=-2.5732018603833597 -2.529343316713307 -2.5574905293575516 -2.4911614646920088 -2.5082997504041646 -2.534984653784905 -2.5403554600090454 -2.5812779333332103 -2.5397010241306801 -2.5498057097506184 -2.521202987963393 -2.5641733599237657 -2.5093791386153166 -2.5272967271462505 -2.5370916918984769
leaf_weight=3656.413871973753 155.98176643252373 1405.2447654604912 1562.0315990746021 858.80541595816612 213.67824777960777 1089.859697073698 3773.0815243721008 179.06035897135735 1532.8479137420654 645.93223536014557 1785.2364751696587 351.613091558218 1147.623267352581 27.372284173965454
leaf_count=54501 2325 20946 23283 12801 3185 16245 56240 2669 22848 9628 26610 5241 17106 408
internal_value=-2.5516 -2.56897 -2.51572 -2.50188 -2.55638 -2.53041 -2.57735 -2.53392 -2.54787 -2.51348 -2.561 -2.5147 -2.52882 -2.55695
internal_weight=18384.8 12393.9 5990.91 3066.77 4964.38 2924.14 7429.5 2416.54 1746.53 1504.74 3217.85 507.595 1326.68 1432.62
internal_count=274036 184738 89298 45712 73997 43586 110741 36020 26033 22429 47964 7566 19775 21354
is_linear=0
shrinkage=1


Tree=1
num_leaves=15
num_cat=0
split_feature=7 7 7 10 9 7 7 6 7 10 9 10 6 7
split_gain=11844.8 1464.16 1132.87 345.078 179.175 154.923 128.327 92.0003 41.3075 40.1625 38.5847 29.2121 23.6825 20.6394
threshold=0.059336613533021415 0.14157481290980548 0.018895518052587035 0.16883184509694052 1.8005263131333182 0.034835010130559833 0.096645139476576908 4.6303503656575673 0.086390984872955698 0.29514862277192327 1.8612575538598153 0.15597578303162216 1.4468497739944199 0.045622487434631244
decision_type=2 2 2 2 2 2 2 2 2 2 2 2 2 2
left_child=2 4 7 12 8 -4 -6 -1 -2 13 -5 -8 -3 -7
right_child=1 3 5 10 6 9 11 -9 -10 -11 -12 -13 -14 -15
leaf_value=-0.02215665576086541 0.021504422135219324 0.038198904821575494 -0.012351829970805561 0.060090625727880854 0.0089789367071276254 -0.0056355305871002969 0.016559468409927964 -0.029539950482512661 0.039593673929847077 0.011702868585356217 0.04722369474875187 0.026370255580195678 0.027480701980184787 0.00022087323870528035
leaf_weight=3159.5063164234161 265.70002184808254 706.18467979133129 2465.7142835110426 1023.371334142983 1578.1203860789537 1068.7451969087124 678.30599492788315 3678.2952815294266 364.49971899390221 174.4187059700489 869.76345441490412 674.26939273625612 599.18398975580931 1080.4756710827351
leaf_count=47974 3900 10138 37177 14489 23355 16009 9931 56240 5241 2585 12391 9844 8694 16068
internal_value=-5.31965e-06 0.0315347 -0.018358 0.0462439 0.0181839 -0.0071373 0.014924 -0.0261844 0.0326443 -0.00156021 0.0545969 0.0216858 0.0336472 -0.00271022
internal_weight=18386.6 6759.4 11627.2 3198.5 3560.9 4789.35 2930.7 6837.8 630.2 2323.64 1893.13 1352.58 1305.37 2149.22
internal_count=274036 97983 176053 45712 52271 71839 43130 104214 9141 34662 26880 19775 18832 32077
is_linear=0
shrinkage=0.03


Tree=2
num_leaves=15
num_cat=0
split_feature=6 6 6 10 3 6 6 10 6 9 10 6 9 6
split_gain=11035.9 1380.89 1003.82 312.551 155.889 122.514 94.0993 63.1006 55.2175 44.1155 31.2704 28.5233 19.5328 18.5325
threshold=2.6497083809956692 1.7833559100698646 3.7412339808651516 0.16883184509694052 0.07701055138646222 3.1925297413228297 4.6303503656575673 0.28067672134826954 2.0856528016791152 1.8612575538598153 0.28942880160359347 1.4468497739944199 1.7837148450422828 2.4552969699580154
decision_type=2 2 2 2 2 2 2 2 2 2 2 2 2 2
left_child=1 3 5 11 8 10 -4 -6 -3 -5 -2 -1 -10 -14
right_child=2 4 6 9 7 -7 -8 -9 12 -11 -12 -13 13 -15
leaf_value=0.035902846071797986 -0.0039304516251017383 0.019998491957048357 -0.021869899673162049 0.055065809109158911 0.020501623744597377 -0.012761077915028155 -0.029404080642545641 0.03823453953436929 0.018794159269010922 0.043000970718508044 0.0082169049165611019 0.025550155827753322 0.010135384329881911 0.0036248632656494155
leaf_weight=729.39661352336407 2159.6361208632588 499.99653751403093 3098.5233030468225 1130.0542232766747 1012.2409242391586 2174.2075420096517 3585.8995515108109 246.8143091276288 150.28330561518669 961.96882954239845 195.06885494291782 732.2330824136734 1044.7305167838931 664.62168051302433
leaf_count=10138 32371 7184 47950 15238 14493 33161 56240 3486 2169 13202 2878 10407 15285 9834
internal_value=-9.2013e-06 0.029018 -0.0185897 0.0422798 0.0158738 -0.00764932 -0.0259684 0.0243871 0.0112059 0.0498637 -0.0028785 0.0310287 0.00870072 0.00765755
internal_weight=18385.7 7172.34 11213.3 3553.65 3618.69 4528.91 6684.42 1259.06 2359.63 2092.02 2354.7 1461.63 1859.64 1709.35
internal_count=274036 101436 172600 48985 52451 68410 104190 17979 34472 28440 35249 20545 27288 25119
is_linear=0
shrinkage=0.03


Tree=3
num_leaves=15
num_cat=0
split_feature=6 7 7 10 7 6 6 9 9 10 10 10 7 7
split_gain=10303.8 1211.24 994.795 243.823 169.505 115.994 93.7866 86.5882 67.7326 29.4817 24.3597 22.5058 18.7624 18.5031
threshold=2.6497083809956692 0.14157481290980548 0.018895518052587035 0.16883184509694052 0.096645139476576908 3.1925297413228297 4.6303503656575673 1.809077832229 1.5902600688429172 0.28942880160359347 0.20667262876402046 0.15597578303162216 0.045622487434631244 0.06830590478145572
decision_type=2 2 2 2 2 2 2 2 2 2 2 2 2 2
left_child=1 4 6 -3 8 9 -2 -6 -1 12 -5 -9 -4 -10
right_child=2 3 5 10 7 -7 -8 11 13 -11 -12 -13 -14 -15
leaf_value=0.02990887295168345 -0.021669739129929914 0.030019291288514272 -0.0060859321734714781 0.040907175268388329 0.037367292028379309 -0.012449321963953491 -0.029268660434841876 0.014989262157095094 0.005008682648413699 0.0079353572317752748 0.051246630782890275 0.023522391059808318 -0.00037143888277036991 0.011031803506466578
leaf_weight=135.98252756148577 3042.1442422121763 1378.487742908299 1294.3828937262297 891.0537197291851 314.35081594437361 2148.9627624154091 3495.8471944928169 699.95478587597609 772.3256188929081 196.44114851206541 1174.454788044095 690.71536384522915 857.99528132379055 1289.7598248273134
leaf_count=1893 47974 18832 19570 11731 4261 33137 56240 9931 11350 2878 15149 9673 12801 18616
internal_value=-1.26371e-05 0.0274824 -0.01833 0.0404311 0.0159457 -0.00743557 -0.0257906 0.0230368 0.0103264 -0.00279853 0.0471133 0.0194333 -0.00382632 0.00882839
internal_weight=18382.9 7347.09 11035.8 3444 3903.09 4497.78 6537.99 1705.02 2198.07 2348.82 2065.51 1390.67 2152.38 2062.09
internal_count=274036 101436 172600 45712 55724 68386 104214 23865 31859 35249 26880 19604 32371 29966
is_linear=0
shrinkage=0.03


Tree=4
num_leaves=15
num_cat=0
split_feature=6 7 7 10 9 6 7 6 3 10 9 6 10 7
split_gain=9631.23 1063.09 979.655 224.846 138.188 111.383 95.9048 94.6845 35.463 27.7997 25.3096 23.3593 20.4116 17.8235
threshold=2.6497083809956692 0.13656856474610526 0.018895518052587035 0.16883184509694052 1.8005263131333182 3.1925297413228297 0.096645139476576908 4.6303503656575673 0.090177835934696249 0.28942880160359347 1.8612575538598153 1.4468497739944199 0.15597578303162216 0.045622487434631244
decision_type=2 2 2 2 2 2 2 2 2 2 2 2 2 2
left_child=1 4 7 11 8 9 -6 -2 -1 13 -5 -3 -8 -4
right_child=2 3 5 10 6 -7 12 -9 -10 -11 -12 -13 -14 -15
leaf_value=0.018747400982800089 -0.021424892331377839 0.032120350424899496 -0.0059364792800310952 0.047703590363811402 0.0074124648158450839 -0.012209744052340887 0.013754548805307937 -0.029133573070008738 0.034041986242192603 0.0076651210013675974 0.038136219059634241 0.022877440265114839 0.022138133270824097 -0.00036059940854906905
leaf_weight=354.12637092918158 2985.6342171505094 770.87978112697601 1287.641733199358 1212.2824572622776 1803.3681892082095 2126.0412904620171 641.32782248407602 3408.0916991829872 342.60455963760614 197.77386412769556 1011.0111081004143 726.37510927766562 653.56943918764591 857.72263959050179
leaf_count=4896 47974 10138 19570 14979 26131 33137 8988 56240 4553 2878 12912 9857 8982 12801
internal_value=-1.60622e-05 0.0260643 -0.0180709 0.037445 0.0148033 -0.00726073 0.0119832 -0.0255925 0.0268272 -0.00272116 0.0436377 0.0279077 0.018191 -0.00372521
internal_weight=18378.5 7515.54 10862.9 3720.55 3795 4469.18 3098.27 6393.73 696.731 2343.14 2223.29 1497.25 1294.9 2145.36
internal_count=274036 101436 172600 47886 53550 68386 44101 104214 9449 35249 27891 19995 17970 32371
is_linear=0
shrinkage=0.03


Tree=5
num_leaves=15
num_cat=0
split_feature=6 7 6 9 7 9 6 7 6 7 9 10 3 6
split_gain=9012.49 964.388 941.746 217.217 107.005 105.406 95.5723 65.6662 33.1098 30.6909 26.7833 24.1435 23.8351 16.4251
threshold=2.6497083809956692 0.018895518052587035 1.8325494627242667 2.0484530748301237 0.034835010130559833 1.8005263131333182 4.6303503656575673 0.096645139476576908 1.4468497739944199 0.19344782932042962 1.6936169399515857 0.29514862277192327 0.098537378838069858 2.4552969699580154
decision_type=2 2 2 2 2 2 2 2 2 2 2 2 2 2
left_child=2 6 3 9 -3 12 -2 13 -5 10 -1 -6 -4 -7
right_child=1 4 5 8 11 7 -8 -9 -10 -11 -12 -13 -14 -15
leaf_value=0.045906466103576932 -0.021179530744392484 -0.011427010875467488 0.018359904013697487 0.030455722670984904 -0.0030429580699089689 0.0093388090508114349 -0.028998710528964716 0.016614113616518433 0.02083191037080357 0.043453110165092554 0.029902300409225091 0.0086179989141881869 0.031987380581649974 0.0033446488307947702
leaf_weight=191.59261596947908 2930.6263602599502 2367.8448666259646 405.92318369448185 807.88424377143383 1913.729811809957 1137.1530917584896 3322.5865542888641 1063.1748867183924 875.18009524792433 1563.2312242761254 709.05005784332752 159.80319754034281 246.9334536716342 677.61752746999264
leaf_count=2309 47974 37177 5499 10311 28909 16244 56240 14544 11694 18880 8873 2300 3195 9887
internal_value=-1.89663e-05 -0.0178125 0.0247526 0.0344357 -0.00708903 0.0132822 -0.0253936 0.010712 0.0256796 0.0402254 0.0340031 -0.00208883 0.024117 0.00714641
internal_weight=18372.3 10694.6 7677.74 4146.94 4441.38 3530.8 6253.21 2877.95 1683.06 2463.87 900.643 2073.53 652.857 1814.77
internal_count=274036 172600 101436 52067 68386 49369 104214 40675 22005 30062 11182 31209 8694 26131
is_linear=0
shrinkage=0.03


Tree=6
num_leaves=15
num_cat=0
split_feature=6 7 6 10 6 6 10 7 10 6 8 10 10 7
split_gain=8442.41 949.04 835.31 185.324 103.159 96.447 87.2036 72.5015 28.1853 33.5412 25.013 23.1742 21.7133 19.2194
threshold=2.6497083809956692 0.018895518052587035 1.8325494627242667 0.16667410127974996 3.1925297413228297 4.6303503656575673 0.28067672134826954 0.096645139476576908 0.23392313309077198 1.3986406674150766 0.35795470260283774 0.15597578303162216 0.12550938237196266 0.46570839807042735
decision_type=2 2 2 2 2 2 2 2 2 2 2 2 2 2
left_child=2 5 3 12 10 -2 7 -4 9 -5 -3 -9 -1 -10
right_child=1 4 6 8 -6 -7 -8 11 13 -11 -12 -13 -14 -15
leaf_value=0.0158074250845993 -0.02093366434031476 -0.004660894142108271 0.0076530023485736082 0.038130065438358805 -0.011748540275500246 -0.028863958132653952 0.027636824051003928 0.011748617053449073 0.045784796375279824 0.0272755716975852 0.0019765052058138667 0.020806102446535399 0.026037407160755061 0.029234700909723955
leaf_weight=322.59430754184723 2877.0860004276037 1592.2850105240941 2043.5054503679276 1021.8215261250734 2083.0830781683326 3239.2848294973373 314.39118661731482 535.26912447810173 749.66347371041775 646.50378422439098 738.93384727090597 676.47502574324608 1332.1358742266893 191.38760551810265
leaf_count=4204 47974 24190 29076 12065 33137 56240 4054 7314 8669 7898 11059 8925 17040 2191
internal_value=-2.07971e-05 -0.0175545 0.0235378 0.0324911 -0.00691997 -0.025194 0.0127513 0.0111935 0.0375787 0.0342043 -0.00255783 0.0169977 0.024203 0.0429304
internal_weight=18364.4 10530.7 7833.75 4264.11 4414.3 6116.37 3569.64 3255.25 2609.38 1668.33 2331.22 1211.74 1654.73 941.051
internal_count=274036 172600 101436 52067 68386 104214 49369 45315 30823 19963 35249 16239 21244 10860
is_linear=0
shrinkage=0.03


Tree=7
num_leaves=15
num_cat=0
split_feature=7 7 7 9 9 7 7 7 10 7 10 10 8 7
split_gain=7904.83 966.768 721.518 136.126 110.191 106.796 97.0646 81.2161 25.3202 23.9794 17.643 16.7104 15.9427 14.8755
threshold=0.057407164585244877 0.018895518052587035 0.14157481290980548 2.0484530748301237 1.8005263131333182 0.036065169011250925 0.0077983361164995187 0.096645139476576908 0.29514862277192327 0.086390984872955698 0.15597578303162216 0.20667262876402046 0.43947506386041491 0.06830590478145572
decision_type=2 2 2 2 2 2 2 2 2 2 2 2 2 2
left_child=1 6 4 11 9 12 -1 13 -7 -2 -9 -4 -3 -6
right_child=2 5 3 -5 7 8 -8 10 -10 -11 -12 -13 -14 -15
leaf_value=-0.028706809867333719 0.01642642272705052 -0.011705346207487035 0.03183450153551675 0.024272067006601852 0.0028444669287673754 -0.0024080129387174347 -0.020671694035153381 0.012466113157913256 0.0095549330407083619 0.028928086123704205 0.019675525651199056 0.039523406613909795 -0.0045625456589654476 0.008703039812359769
leaf_weight=3172.5091170482337 324.81207723915577 2108.9657231941819 1018.6378720104694 1504.6744326204062 615.47499834001064 1854.020673699677 2810.6103181801736 737.48729493469 159.3056233972311 426.89312542229891 757.69310537725687 1355.8700022473931 354.52296455204487 1153.7643885239959
leaf_count=56473 4307 33686 11897 18700 8896 28066 47741 9931 2259 5241 9844 15115 5635 16245
internal_value=-2.2312e-05 -0.0171167 0.0226143 0.0318353 0.0136225 -0.00654142 -0.0249934 0.0111449 -0.00139778 0.0239532 0.0162787 0.0364455 -0.0107113 0.00670603
internal_weight=18355.2 10459.9 7895.31 3879.18 4016.12 4476.81 5983.12 3264.42 2013.33 751.705 1495.18 2374.51 2463.49 1769.24
internal_count=274036 173860 100176 45712 54464 69646 104214 44916 30325 9548 19775 27012 39321 25141
is_linear=0
shrinkage=0.03


Tree=8
num_leaves=15
num_cat=0
split_feature=6 6 6 9 6 6 9 6 6 8 9 6 6 3
split_gain=7427.86 912.511 665.841 146.177 99.371 96.9114 81.3553 48.6053 26.9125 23.0899 23.0844 27.9703 25.6631 18.9993
threshold=2.6497083809956692 3.7412339808651516 1.8325494627242667 2.0484530748301237 4.6303503656575673 3.1925297413228297 1.8005263131333182 2.0856528016791152 1.4468497739944199 0.35795470260283774 1.7271110081475349 1.3986406674150766 0.55920745798214477 0.098537378838069858
decision_type=2 2 2 2 2 2 2 2 2 2 2 2 2 2
left_child=2 5 3 10 -3 9 13 -8 -5 -2 12 -12 -1 -4
right_child=1 4 6 8 -6 -7 7 -9 -10 -11 11 -13 -14 -15
leaf_value=0.025392463017796577 -0.0044378321644235573 -0.020394997549762407 0.016006367103519346 0.026178633034182788 -0.028594653025397637 -0.011366171299602426 0.014811680966068622 0.0066364212180661363 0.017854903523945431 0.0019443848721270472 0.03441402216304864 0.025123601393321305 0.042429593342016958 0.02775568211838295
leaf_weight=191.85248403251171 1580.518632158637 2773.539835434407 424.98024047911167 864.03266060352325 3079.2610508129001 2043.5692780055106 1015.2585938945413 1939.9733567461371 924.31744238734245 739.5709183216095 1125.8209151700139 746.56493438780308 631.9963670372963 264.20957636833191
leaf_count=2074 24190 47950 5499 10311 56240 33161 13323 27352 11694 11059 12487 8684 6817 3195
internal_value=-2.48362e-05 -0.0170419 0.021354 0.0290874 -0.024771 -0.00662566 0.0117576 0.00950562 0.0220608 -0.00240396 0.0336001 0.0309388 0.0389871 0.0210059
internal_weight=18345.5 10216.5 8129.01 4484.58 5852.8 4363.66 3644.42 2955.23 1788.35 2320.09 2696.23 1872.39 823.849 689.19
internal_count=274036 172600 101436 52067 104190 68410 49369 40675 22005 35249 30062 21171 8891 8694
is_linear=0
shrinkage=0.03


Tree=9
num_leaves=15
num_cat=0
split_feature=6 6 6 9 6 6 9 6 6 10 9 6 6 3
split_gain=6975.32 896.89 596.716 128.846 100.192 92.8782 74.3463 44.6142 23.9225 22.4311 19.9496 24.1427 21.3304 17.0069
threshold=2.6497083809956692 3.7412339808651516 1.8325494627242667 2.0484530748301237 4.6303503656575673 3.1925297413228297 1.8005263131333182 2.0856528016791152 1.4468497739944199 0.28942880160359347 1.7271110081475349 1.3986406674150766 0.55920745798214477 0.098537378838069858
decision_type=2 2 2 2 2 2 2 2 2 2 2 2 2 2
left_child=2 5 3 10 -3 9 13 -8 -5 -2 12 -12 -1 -4
right_child=1 4 6 8 -6 -7 7 -9 -10 -11 11 -13 -14 -15
leaf_value=0.024222766427807629 -0.0032602750869973733 -0.02014744634814904 0.015341367049668838 0.024872415390777072 -0.028459632208579808 -0.011137975370718927 0.014197488804565788 0.0064025386760576926 0.017074458463969076 0.0068922323556417026 0.032490275368069137 0.023897228028198037 0.039840129935893052 0.026387067073346253
leaf_weight=195.74661362171173 2113.6356463953853 2724.3230303898454 430.66119961440563 882.62163086235523 3002.2893555164337 2023.4900800138712 1027.8559749275446 1950.8928990587592 938.04026591777802 201.6666387245059 1157.0990869104862 761.86047744750977 653.51414676755667 270.25872408598661
leaf_count=2074 32371 47950 5499 10311 56240 33161 13323 27352 11694 2878 12487 8684 6817 3195
internal_value=-2.57177e-05 -0.0167863 0.0203706 0.0275819 -0.0245682 -0.00646592 0.0113019 0.00914995 0.0210271 -0.0023373 0.0317564 0.0292905 0.0367234 0.020064
internal_weight=18334 10065.4 8268.55 4588.88 5726.61 4338.79 3679.67 2978.75 1820.66 2315.3 2768.22 1918.96 849.261 700.92
internal_count=274036 172600 101436 52067 104190 68410 49369 40675 22005 35249 30062 21171 8891 8694
is_linear=0
shrinkage=0.03


Tree=10
num_leaves=15
num_cat=0
split_feature=7 7 6 9 3 6 6 6 8 7 9 7 3 8
split_gain=6578.86 784.693 615.399 124.729 101.232 78.4142 53.5916 46.7545 38.2235 37.663 16.1769 16.1525 14.4437 12.6001
threshold=0.045622487434631244 0.1185369858508937 3.8490826385811467 1.925001347811172 0.065239231439793002 4.6303503656575673 3.2939815763060616 1.4468497739944199 0.41376443347400643 0.06830590478145572 1.3772626059130288 0.096645139476576908 0.12560197603800521 0.18486769293965513
decision_type=2 2 2 2 2 2 2 2 2 2 2 2 2 2
left_child=2 4 6 12 9 -4 10 -5 11 -2 -1 -6 -3 -13
right_child=1 3 5 7 8 -7 -8 -9 -10 -11 -12 13 -14 -15
leaf_value=0.013436569109220951 0.00086130070688774968 0.02492831619027585 -0.02050301789366334 0.025498241890512714 0.0063280469317379649 -0.028324326624389454 -0.012353650066088443 0.017424861696248049 0.019221341059775864 0.0087477818194360828 -0.005502770203737386 -0.0031727428609592536 0.033325823612699812 0.014063633950694709
leaf_weight=27.679805435240269 1449.8732967674732 509.88082410395145 2331.9303940422833 1448.9194033667445 635.23595692962408 2927.3377951383591 1967.5524609833956 1527.4286250993609 632.55353435128927 861.87143270671368 1738.534198589623 35.133355967700481 1551.3435400873423 676.18380171060562
leaf_count=407 21313 5596 41793 16216 8734 56240 33028 18636 7994 11787 27237 463 16000 8592
internal_value=-2.63396e-05 0.0176106 -0.0183199 0.0256281 0.00814135 -0.0249246 -0.0089543 0.0214632 0.0131001 0.003839 -0.0050953 0.0100446 0.0314437 0.0131644
internal_weight=18321.5 9328.42 8993.03 5037.57 4290.85 5259.27 3733.77 2976.35 1979.11 2311.74 1766.21 1346.55 2061.22 711.317
internal_count=274036 115331 158705 56448 58883 98033 60672 34852 25783 33100 27644 17789 21596 9055
is_linear=0
shrinkage=0.03


Tree=11
num_leaves=15
num_cat=0
split_feature=6 6 6 10 3 6 6 8 6 3 6 9 6 6
split_gain=6185.49 661.378 657.713 104.922 103.127 79.1598 62.8237 33.9272 33.216 23.9102 19.3168 17.1626 24.3867 22.1856
threshold=2.8183938029159621 1.8325494627242667 3.8490826385811467 0.16667410127974996 0.065239231439793002 4.6303503656575673 3.2600159261750652 0.41376443347400643 2.4552969699580154 0.07701055138646222 2.0856528016791152 1.6820718360009785 1.3986406674150766 0.55920745798214477
decision_type=2 2 2 2 2 2 2 2 2 2 2 2 2 2
left_child=1 3 6 -1 8 -4 9 10 -3 -2 -6 13 -13 -5
right_child=2 4 5 11 7 -7 -8 -9 -10 -11 -12 12 -14 -15
leaf_value=0.018890697582852518 -0.0047038105466072943 0.0085486694423601729 -0.020258288392023271 0.021281180370431356 0.01352588903812715 -0.028188642800646327 -0.011881562702376745 0.018889060223411969 0.0010204677515961028 0.017354749644804653 0.0066913906094202402 0.029373700454852297 0.021613301840673164 0.037191155487831584
leaf_weight=1814.5209536105394 1774.3213128224015 880.89320004731417 2290.1157861053944 181.73694331198931 937.73668722063303 2854.3615335822105 2072.1992754526436 687.73562150448561 1294.2496722862124 30.909578699618578 700.31865403056145 1402.5986416786909 855.84075200557709 531.55220215022564
leaf_count=21244 27707 11951 41793 1841 11781 56240 35114 8483 18948 443 9509 14408 9337 5237
internal_value=-2.84784e-05 0.0171442 -0.0177052 0.024897 0.00884465 -0.0247275 -0.00832875 0.0132208 0.00410692 -0.00418622 0.0106912 0.0284511 0.0265949 0.0336593
internal_weight=18309.1 9287.18 9021.91 4786.25 4500.93 5144.48 3877.43 2325.79 2175.14 1805.23 1638.06 2971.73 2258.44 713.289
internal_count=274036 112739 161297 52067 60672 98033 63264 29773 30899 28150 21290 30823 23745 7078
is_linear=0
shrinkage=0.03


Tree=12
num_leaves=15
num_cat=0
split_feature=7 7 6 9 7 6 6 6 9 9 7 9 7 9
split_gain=5853.78 643.202 601.437 100.65 85.948 79.7438 41.9346 39.0992 38.5224 23.8138 16.3988 15.774 16.3485 15.0934
threshold=0.045622487434631244 0.1185369858508937 4.0613043372021433 1.925001347811172 0.06830590478145572 3.2939815763060616 4.6303503656575673 1.4468497739944199 2.0435025635765154 1.7165391499882074 0.018895518052587035 1.5902600688429172 0.086390984872955698 1.3772626059130288
decision_type=2 2 2 2 2 2 2 2 2 2 2 2 2 2
left_child=2 4 5 -3 9 13 -4 -5 11 -2 -7 -6 -13 -1
right_child=1 3 6 7 8 10 -8 -9 -10 -11 -12 12 -14 -15
leaf_value=0.0129635831165832 0.011006069227654978 0.028300345227079311 -0.021228563317771034 0.023121375106033029 0.024047019718320455 -0.016358827981705057 -0.028052494974074041 0.015868340274434407 0.007419908306506932 0.0011219845885780063 -0.011064406472298737 0.0080618651731211265 0.016245869320330085 -0.0052377878346829485
leaf_weight=28.097357228398323 241.15620672702789 2158.853385835886 1594.1877247020602 1506.1435768082738 160.25222589075565 993.31733890250325 2783.3159460350871 1573.0375840067863 1323.9921388998628 1561.4077255949378 1588.2417737282813 406.27745588123798 654.39238145947456 1722.7742499560118
leaf_count=407 3185 21596 29620 16216 1828 18354 56240 18636 17548 22848 26847 5383 8091 27237
internal_value=-2.93726e-05 0.0161345 -0.0178153 0.023204 0.00756648 -0.00983965 -0.0256484 0.019511 0.0111022 0.00252425 -0.0131843 0.0149568 0.0132672 -0.00483806
internal_weight=18295.4 9585.51 8709.93 5238.03 4347.48 4332.43 4377.5 3079.18 2544.91 1802.56 2581.56 1220.92 1060.67 1750.87
internal_count=274036 115331 158705 56448 58883 72845 85860 34852 32850 26033 45201 15302 13474 27644
is_linear=0
shrinkage=0.03


Tree=13
num_leaves=15
num_cat=0
split_feature=7 6 7 10 3 6 6 6 8 7 10 10 10 7
split_gain=5524.47 594.225 583.01 95.7122 80.1756 77.0358 42.5271 30.5204 30.4696 24.1002 28.745 18.4775 17.0497 16.0651
threshold=0.045622487434631244 4.0613043372021433 0.1185369858508937 0.16667410127974996 0.065239231439793002 3.2939815763060616 4.6303503656575673 2.4552969699580154 0.4122567235412089 0.1646155049132276 0.28422506276573184 0.28942880160359347 0.12550938237196266 0.018895518052587035
decision_type=2 2 2 2 2 2 2 2 2 2 2 2 2 2
left_child=1 5 4 12 7 11 -3 -2 -6 10 -5 -1 -4 -7
right_child=2 6 3 9 8 13 -8 -9 -10 -11 -12 -13 -14 -15
leaf_value=-0.005689011199323352 0.0078261779850407089 -0.020991447606928452 0.010613848321044663 0.017393743978945976 0.0088598253931154065 -0.016107184892918631 -0.027915791609394811 0.00077593163126871178 0.016842271803447859 0.027100732898672923 0.034118680014902029 0.0047266948401873165 0.018203214848761237 -0.010840556653920213
leaf_weight=1585.1423348262906 880.42298077791929 1564.4512911774218 411.53678716719151 761.57719608396292 1359.4947247579694 979.02347238361835 2714.1572448387742 1453.329620949924 680.81863194704056 2402.7703910991549 118.56656619906425 158.25787913799286 1639.3740687891841 1572.9508647695184
leaf_count=25291 11789 29620 4858 8249 17521 18354 56240 21311 8262 23552 1162 2353 18627 26847
internal_value=-3.15272e-05 -0.0175633 0.0154557 0.022104 0.00730087 -0.00963013 -0.0254661 0.00346868 0.0116269 0.0253457 0.0201808 -0.00471127 0.0167685 -0.0129433
internal_weight=18281.9 8573.98 9707.89 5333.83 4374.07 4295.37 4278.61 2333.75 2040.31 3282.91 880.144 1743.4 2050.91 2551.97
internal_count=274036 158705 115331 56448 58883 72845 85860 33100 25783 32963 9411 27644 23485 45201
is_linear=0
shrinkage=0.03


Tree=14
num_leaves=15
num_cat=0
split_feature=7 6 7 10 7 6 6 10 10 7 10 10 7 10
split_gain=5216.07 586.802 530.159 85.8974 74.7515 74.3512 43.1078 31.6866 22.033 21.0159 26.1355 17.5181 15.7284 15.3698
threshold=0.045622487434631244 4.0613043372021433 0.1185369858508937 0.16667410127974996 0.06830590478145572 3.2939815763060616 4.6303503656575673 0.22097931566515078 0.29514862277192327 0.1646155049132276 0.28422506276573184 0.28942880160359347 0.018895518052587035 0.12550938237196266
decision_type=2 2 2 2 2 2 2 2 2 2 2 2 2 2
left_child=1 5 4 13 8 11 -3 -6 -2 10 -5 -1 -7 -4
right_child=2 6 3 9 7 12 -8 -9 -10 -11 -12 -13 -14 -15
leaf_value=-0.0055473602015236583 0.0012885511140015974 -0.020753611421824556 0.010219982732704391 0.016652224231944172 0.0083474057708122443 -0.015856373682234474 -0.027778448548647014 0.016310559935543107 0.012796027119364683 0.025747535062132607 0.032436685089439359 0.004579989868405192 -0.010619313584298035 0.017404223030231786
leaf_weight=1577.3533606268466 1661.174173116684 1535.5205215476453 415.09766680747271 772.12823253124952 1981.1263859122992 965.12358432635665 2646.8418509587646 607.77382661402225 150.17857427150011 2453.1742300093174 121.70185081660748 158.89794628322124 1558.0904133096337 1663.5059601888061
leaf_count=25291 24138 29620 4858 8249 25721 18354 56240 7129 1895 23552 1162 2353 26847 18627
internal_value=-3.33967e-05 -0.0173119 0.0148151 0.0210821 0.00704234 -0.00942416 -0.0252827 0.0103 0.00233989 0.0241198 0.0193013 -0.00458924 -0.0127043 0.016053
internal_weight=18267.7 8441.83 9825.86 5425.61 4400.25 4259.47 4182.36 2588.9 1811.35 3347 893.83 1736.25 2523.21 2078.6
internal_count=274036 158705 115331 56448 58883 72845 85860 32850 26033 32963 9411 27644 45201 23485
is_linear=0
shrinkage=0.03


Tree=15
num_leaves=15
num_cat=0
split_feature=7 6 7 9 6 6 7 9 7 7 9 9 7 7
split_gain=4926.74 579.217 486.375 108.836 71.7274 63.8223 43.7545 37.8049 28.6669 15.3893 13.9277 12.6985 21.1334 15.9078
threshold=0.045622487434631244 4.0613043372021433 0.096645139476576908 1.913102243455109 3.2939815763060616 1.4468497739944199 0.0071010441150216657 1.5902600688429172 0.063566368367825213 0.018895518052587035 2.0730561743158904 1.642850023690644 0.46570839807042735 0.19344782932042962
decision_type=2 2 2 2 2 2 2 2 2 2 2 2 2 2
left_child=1 4 7 11 10 -5 -3 -2 -9 -6 -1 12 -4 -13
right_child=2 6 3 5 9 -7 -8 8 -10 -11 -12 13 -14 -15
leaf_value=-0.0019555475276404957 0.016240809499378058 -0.027908868149454709 0.030874279956629162 0.020405024216464833 -0.015606465192121491 0.012544619337104594 -0.020924656810698588 0.00070237388801932263 0.0064981689596834962 -0.010400718404931231 -0.0073773044894536663 0.01806920959200355 0.015708206420932805 0.024970272472953969
leaf_weight=940.78831170871854 229.16428629308939 2392.2436040863395 584.75606455653906 1642.5899766236544 951.60750873014331 2441.9411721974611 1696.4591984711587 1389.0013235360384 1714.3522975593805 1543.6489325650036 788.52088040113449 829.72271529585123 155.94401554763317 952.16297236829996
leaf_count=14912 2725 52122 5455 16761 18354 28499 33738 20301 22728 26847 12732 8632 1462 8768
internal_value=-3.49602e-05 -0.017061 0.0142094 0.0189155 -0.00922106 0.0157688 -0.0250981 0.00483618 0.00391994 -0.0124674 -0.00446991 0.0238873 0.0280564 0.0219345
internal_weight=18252.9 8313.27 9939.63 6607.12 4224.57 4084.53 4088.7 3332.52 3103.35 2495.26 1729.31 2522.59 740.7 1781.89
internal_count=274036 158705 115331 69577 72845 45260 85860 45754 43029 45201 27644 24317 6917 17400
is_linear=0
shrinkage=0.03


Tree=16
num_leaves=15
num_cat=0
split_feature=7 7 3 7 7 7 7 9 4 10 10 7 7 10
split_gain=4655.25 571.087 445.076 86.7565 66.1404 47.5105 47.1766 38.1912 29.3062 19.5191 17.8251 16.6414 15.4152 13.4168
threshold=0.045622487434631244 0.013936205915647789 0.07701055138646222 0.19344782932042962 0.030340511369926781 0.06830590478145572 0.0071010441150216657 1.6105421080976301 0.14835164835164838 0.28942880160359347 0.12550938237196266 0.13656856474610526 0.018895518052587035 0.14417916440866693
decision_type=2 2 2 2 2 2 2 2 2 2 2 2 2 2
left_child=1 6 5 7 12 -2 -1 -4 10 -6 -5 -9 -3 -13
right_child=2 4 3 8 9 -7 -8 11 -10 -11 -12 13 -14 -15
leaf_value=-0.027775539872933654 0.001423794251037166 -0.015282147160049667 0.023421020084467972 0.0051079369293851838 -0.0052109038889610517 0.0083544834550516589 -0.020573772497769358 0.010939836731234769 0.028862293205408281 0.0057842809660199517 0.020878483815397215 0.011284057894004086 -0.010039230220265883 0.017729917774210749
leaf_weight=2332.5894662439823 1682.9805737063289 888.43891385570168 440.25250917673111 78.009509049355984 1479.2041900381446 1892.4189908206463 1715.0207189656794 1370.0524409934878 569.76489780843258 148.58428596705198 2321.6518596559763 548.96176940202713 1624.5157711654902 1145.2362901046872
leaf_count=52122 24338 17374 4527 830 23855 24132 34718 16125 5215 2177 22282 6194 28459 11688
internal_value=-3.63538e-05 -0.0168107 0.0136364 0.0183216 -0.00892882 0.00511171 -0.0248113 0.0149877 0.0221612 -0.00416361 0.0204007 0.0136679 -0.0119725 0.0157587
internal_weight=18237.7 8188.35 10049.3 6473.93 4140.74 3575.4 4047.61 3504.5 2969.43 1627.79 2399.66 3064.25 2512.95 1694.2
internal_count=274036 158705 115331 66861 71865 48470 86840 38534 28327 26032 23112 34007 45833 17882
is_linear=0
shrinkage=0.03


Tree=17
num_leaves=15
num_cat=0
split_feature=7 7 7 10 7 7 10 7 7 7 10 3 10 7
split_gain=4402.68 509.96 467.06 94.0474 56.127 41.9913 35.8654 34.0255 33.4483 24.6283 21.1716 17.2812 13.5055 22.938
threshold=0.042678452167369506 0.013420447673330027 0.096645139476576908 0.15597578303162216 0.02114318502212691 0.0071010441150216657 0.29514862277192327 0.063566368367825213 0.15242160459103429 0.20287913452745662 0.28422506276573184 0.049658635186547062 0.24654055576928524 0.46570839807042735
decision_type=2 2 2 2 2 2 2 2 2 2 2 2 2 2
left_child=1 5 6 9 -3 -1 7 -2 10 -4 -5 -6 -10 -14
right_child=2 4 3 8 11 -7 -8 -9 12 -11 -12 -13 13 -15
leaf_value=-0.027641437456732542 -3.6989696025304247e-05 -0.01439650210089059 0.0099230317237523347 0.014023356653698364 -0.0079017550017181047 -0.020563699608324947 0.013787900174400956 0.0060056851260093117 0.020002188784381415 0.017799862301535855 0.025307819175927733 -0.0013638105889444705 0.028912958108248711 0.015973247135975199
leaf_weight=2274.5399458184838 1624.9699085354805 1350.9779200181365 1602.0603525564075 1323.9854610785842 2144.5993153899908 1575.1791107319295 294.84652657806873 1717.7788611873984 2337.8173496052623 501.250557474792 190.70254458487034 446.06602985039353 595.88250281661749 241.53472662717104
leaf_count=52122 24074 26092 18542 14584 36414 32527 3488 22533 22104 5154 1830 7209 5172 2191
internal_value=-3.76696e-05 -0.0170816 0.0126996 0.0173378 -0.00944203 -0.0248365 0.00400208 0.00308119 0.019725 0.0119129 0.0156783 -0.00679037 0.0215726 0.0255275
internal_weight=18222.2 7791.36 10430.8 6793.23 3941.64 3849.72 3637.6 3342.75 4689.92 2103.31 1514.69 2590.67 3175.23 837.417
internal_count=274036 154364 119672 69577 69715 84649 50095 46607 45881 23696 16414 43623 29467 7363
is_linear=0
shrinkage=0.03


Tree=18
num_leaves=15
num_cat=0
split_feature=6 6 6 10 6 6 6 6 9 6 10 9 10 9
split_gain=4169.36 501.957 429.519 80.4587 51.0417 45.5021 37.9991 29.8281 27.1692 20.1664 14.7427 13.0087 12.8158 12.1635
threshold=3.0228579809699494 2.0856528016791152 4.0613043372021433 0.16667410127974996 2.6497083809956692 4.6303503656575673 3.5010415791527305 1.6581827230727291 1.5902600688429172 1.7316163862908043 0.29514862277192327 2.1621903311161921 0.28422506276573184 1.9755702351929652
decision_type=2 2 2 2 2 2 2 2 2 2 2 2 2 2
left_child=1 3 6 9 8 -4 13 -5 -3 -1 -6 -10 -9 -2
right_child=2 4 5 7 10 -7 -8 12 11 -11 -12 -13 -14 -15
leaf_value=0.014498663685816975 -0.003487771261438944 0.016936151759089146 -0.019784206706250061 0.021159662124337342 -0.0016096422693328129 -0.027225011681478003 -0.013067933654546161 0.01338983213596971 0.0067903533319752006 0.0087484832780539458 0.0082188402151560647 0.002097611068233955 0.022836119158049055 -0.0087091067146196563
leaf_weight=1719.4872775301337 697.19474158808589 180.18961483240128 1426.2595352493227 2862.009800478816 1477.9951270893216 2396.798141092062 1709.1587769091129 1048.7805851474404 1541.1122644022107 948.8674059137702 136.36692311614752 834.95544591546059 182.93999356776476 1043.7998577356339
leaf_count=18098 11708 1962 29620 25743 22761 56240 32600 11293 20102 11285 1819 11233 1720 17852
internal_value=-3.81434e-05 0.0116661 -0.0176191 0.0167064 0.0034633 -0.0245373 -0.00988019 0.0193833 0.00608853 0.0125142 -0.0007114 0.00516482 0.0150507 -0.00666584
internal_weight=18205.9 10932.7 7273.21 6762.09 4170.62 3823.06 3450.15 4093.73 2556.26 2668.35 1614.36 2376.07 1231.72 1740.99
internal_count=274036 126016 148020 68139 57877 85860 62160 38756 33297 29383 24580 31335 13013 29560
is_linear=0
shrinkage=0.03


Tree=19
num_leaves=15
num_cat=0
split_feature=6 3 7 6 7 6 7 8 4 3 7 8 10 6
split_gain=3950 466.072 424.371 67.5409 64.8356 43.3386 39.9188 38.5011 22.7749 16.2583 13.552 14.1934 12.1666 11.6074
threshold=3.0228579809699494 0.07701055138646222 0.013420447673330027 1.3986406674150766 0.06830590478145572 4.8445806323270011 0.02114318502212691 0.5268858976673908 0.14835164835164838 0.05036278123189173 0.13656856474610526 0.31774527464915747 0.12550938237196266 2.0081915103761951
decision_type=2 2 2 2 2 2 2 2 2 2 2 2 2 2
left_child=1 4 5 8 -1 -2 -4 10 12 -8 -5 -12 -3 -6
right_child=2 3 6 7 13 -7 9 -9 -10 -11 11 -13 -14 -15
leaf_value=0.00010057704024634357 -0.020599671118853875 0.0042628932928927442 -0.013919482917026963 0.010043225334559609 0.011838699733897179 -0.02779551574454232 -0.0082233573632156838 0.024441269746771545 0.025470578848694522 -0.00061329265994157923 0.011974850007409459 0.017952038333741527 0.018357591914974523 0.0061373578062150916
leaf_weight=2349.411443118006 1755.4908403940499 67.150672629475594 1317.9463595710695 1544.7731426954269 436.02327569574118 1926.0058286599815 1865.233633197844 260.97468503564596 564.12029614299536 294.81010785326362 1268.8168879896402 656.28154215961695 2389.6019920781255 1493.1585546806455
leaf_count=34802 38252 694 26092 17614 5067 46397 32403 2603 4882 4876 13370 6027 21892 19065
internal_value=-3.93832e-05 0.0112185 -0.0173711 0.0161198 0.00345479 -0.0244618 -0.00979269 0.013304 0.0195145 -0.0071961 0.0123647 0.0141356 0.0180005 0.00750734
internal_weight=18189.8 11030.3 7159.49 6751.72 4278.59 3681.5 3477.99 3730.85 3020.87 2160.04 3469.87 1925.1 2456.75 1929.18
internal_count=274036 126016 148020 67082 58934 84649 63371 39614 27468 37279 37011 19397 22586 24132
is_linear=0
shrinkage=0.03


Tree=20
num_leaves=15
num_cat=0
split_feature=7 7 7 9 7 7 7 7 9 11 10 9 7 9
split_gain=3741.89 455.492 394.554 75.0934 46.7624 43.7974 39.2389 34.5271 23.0854 14.314 12.5882 12.5438 11.8562 11.7647
threshold=0.037306525805610287 0.096645139476576908 0.013420447673330027 1.913102243455109 0.057407164585244877 0.0064598356318393462 0.14157481290980548 0.02114318502212691 1.5902600688429172 -1.9847443503287667 0.11570255786069407 1.4297488781424199 0.46570839807042735 1.9755702351929652
decision_type=2 2 2 2 2 2 2 2 2 2 2 2 2 2
left_child=2 4 5 11 9 -1 -5 -4 -6 -2 -8 12 -3 -9
right_child=1 3 7 6 8 -7 10 13 -10 -11 -12 -13 -14 -15
leaf_value=-0.027557441849064137 0.002521590644277062 0.0335267124666625 -0.013676327676222032 0.0086026192635310934 0.015894619082624489 -0.020249227620475371 0.0048762761261034702 -0.0043586982261966173 0.0046878304772342699 -0.0028490468912018931 0.015238847217402233 0.018423802789607962 0.012946865335619383 -0.0091816858390572388
leaf_weight=1933.7526103109121 715.33865354210138 123.08431342989206 1301.6530851237476 1479.0084082558751 168.12210865318775 1667.0152920857072 128.05108068883419 805.97158869355917 2197.727583438158 1136.8049638271332 2722.6995047256351 2533.3524464443326 65.391592636704445 1195.3397568836808
leaf_count=47773 10680 1045 26092 17120 1786 36876 1388 13909 28813 17493 26752 22700 572 21037
internal_value=-3.99616e-05 0.0106104 -0.0174108 0.0152676 0.00279793 -0.0242721 0.0127209 -0.00985493 0.00557933 -0.000771195 0.0148013 0.0192269 0.0278673 -0.00728624
internal_weight=18173.3 11269.6 6903.73 7051.59 4217.99 3600.77 4329.76 3302.96 2365.85 1852.14 2850.75 2721.83 188.476 2001.31
internal_count=274036 128349 145687 69577 58772 84649 45260 61038 30599 28173 28140 24317 1617 34946
is_linear=0
shrinkage=0.03


Tree=21
num_leaves=15
num_cat=0
split_feature=7 3 7 7 6 7 6 8 4 8 9 6 6 8
split_gain=3550.01 441.699 367.939 67.3544 58.0158 37.6385 35.3451 34.912 20.1213 15.1353 14.7644 12.7353 12.7168 10.9067
threshold=0.036065169011250925 0.07701055138646222 0.01240987691140401 0.063566368367825213 1.3986406674150766 0.018895518052587035 4.8445806323270011 0.5268858976673908 0.14835164835164838 0.43947506386041491 2.2821983118029467 2.0856528016791152 1.8325494627242667 0.21436060354570138
decision_type=2 2 2 2 2 2 2 2 2 2 2 2 2 2
left_child=2 3 6 -2 8 -4 -1 10 13 -7 12 -5 -6 -3
right_child=1 4 5 11 7 9 -8 -9 -10 -11 -12 -13 -14 -15
leaf_value=-0.020532072140968367 -0.00074800700031406992 0.0065642641805035429 -0.014796261544453963 0.0099300293746996289 0.013638287520397561 -0.0089773695089214126 -0.027539078178340101 0.022637749204764409 0.023417848064289096 -0.0018585684854125093 0.0058422631112164166 0.0049303248068602581 0.0093294550903938699 0.016989038159066418
leaf_weight=1494.4844569154084 2338.968279056251 119.98025476932526 1134.0115937255323 684.56716653704643 1958.2857323586941 1880.3128013461828 1830.8647517971694 271.08158338069916 582.4889088049531 323.74648487940431 429.82196836173534 1553.8920089453459 1153.8433307930827 2400.5658796727657
leaf_count=33933 35318 1186 23884 7895 19173 33686 46397 2624 4882 5635 4807 20151 13065 21400
internal_value=-4.08732e-05 0.010056 -0.01744 0.00281356 0.0148329 -0.0103325 -0.0244963 0.0122496 0.0179331 -0.00795135 0.0113624 0.00651526 0.0120932 0.0165346
internal_weight=18156.9 11493.5 6663.42 4577.43 6916.07 3338.07 3325.35 3813.03 3103.04 2204.06 3541.95 2238.46 3112.13 2520.55
internal_count=274036 130501 143535 63364 67137 63205 80330 39669 27468 39321 37045 28046 32238 22586
is_linear=0
shrinkage=0.03


Tree=22
num_leaves=15
num_cat=0
split_feature=7 7 7 10 6 7 6 6 9 9 9 10 6 7
split_gain=3367.75 408.495 363.676 66.0751 45.7227 36.7028 35.8481 32.6628 19.8036 13.2525 11.9494 10.9991 10.5082 10.4729
threshold=0.036065169011250925 0.096645139476576908 0.01240987691140401 0.18774223999511555 2.6497083809956692 0.02114318502212691 4.8445806323270011 1.4468497739944199 1.5902600688429172 1.4297488781424199 1.9755702351929652 0.29514862277192327 1.6193392260821904 0.46570839807042735
decision_type=2 2 2 2 2 2 2 2 2 2 2 2 2 2
left_child=2 4 6 7 8 -4 -1 -3 -2 13 -7 -6 -11 -5
right_child=1 3 5 9 11 10 -8 -9 -10 12 -12 -13 -14 -15
leaf_value=-0.020299187958893284 0.014302234987319888 0.014773954592498249 -0.013678359081297468 0.030935777771277803 -0.001787596186977748 -0.0041400638395288607 -0.027409139807185744 0.0090577317676276952 0.0042860660931503041 0.018024457273441898 -0.0091929825050525715 0.0060919421851694713 0.013568969057971933 0.011978484066493609
leaf_weight=1466.8733162097633 181.99057529121637 1580.076945528388 1465.2570955976844 128.00697135925293 1730.4718220606446 744.52025616168976 1785.1212638616562 2389.1667692512274 2297.569826580584 2033.7102397382259 1097.9304975047708 160.8048367574811 1011.9530783742666 66.863251745700836
leaf_count=33933 1893 14758 30411 1045 26935 13060 46397 26196 29966 16991 19734 2130 10015 572
internal_value=-4.16169e-05 0.00968367 -0.0171937 0.0140638 0.00243512 -0.0101192 -0.02431 0.0113803 0.0051028 0.0172833 -0.00720106 -0.00107498 0.0166178 0.0257522
internal_weight=18140.3 11580.6 6559.7 7209.78 4370.84 3307.71 3251.99 3969.24 2479.56 3240.53 1842.45 1891.28 3045.66 194.87
internal_count=274036 130501 143535 69577 60924 63205 80330 40954 31859 28623 32794 29065 27006 1617
is_linear=0
shrinkage=0.03


Tree=23
num_leaves=15
num_cat=0
split_feature=7 3 7 7 6 6 7 8 8 9 9 7 9 6
split_gain=3195.4 377.552 359.281 59.3978 48.4752 36.3373 35.7803 30.6839 14.2941 13.9192 13.1781 12.1269 12.2948 11.0222
threshold=0.036065169011250925 0.07701055138646222 0.01240987691140401 0.06830590478145572 1.3986406674150766 4.8445806323270011 0.018895518052587035 0.5268858976673908 0.43947506386041491 1.9486480188908109 2.2821983118029467 0.045622487434631244 2.2369659225247518 1.8325494627242667
decision_type=2 2 2 2 2 2 2 2 2 2 2 2 2 2
left_child=2 3 5 11 9 -1 -4 10 -8 -3 13 -2 -13 -6
right_child=1 4 6 -5 7 -7 8 -9 -10 -11 -12 12 -14 -15
leaf_value=-0.020065448639797076 -0.0030536608424256728 0.018490832684177016 -0.014322059194337529 0.0065394097169451347 0.012607464246728631 -0.027278150771512324 -0.0085892622716074157 0.020924123037585066 -0.0016527518726325578 0.013932569986646964 0.0053331232431921552 0.0025874939668311002 -0.0033619030906649099 0.0086333495434118869
leaf_weight=1440.025133471936 932.23065915703773 1720.5025914311409 1105.2773240469396 1972.7080177664757 1997.3611106947064 1740.6276119537652 1851.3582875579596 279.13166984915733 321.59898732602596 1461.8589000329375 435.10155722498894 1297.867249339819 396.33453977108002 1171.4289794191718
leaf_count=33933 14894 14034 23884 24132 19173 46397 33686 2624 5635 13434 4807 18556 5782 13065
internal_value=-4.19941e-05 0.0093288 -0.0169477 0.00262673 0.0136766 -0.0241221 -0.00990869 0.011331 -0.00758102 0.0164721 0.0105043 -0.000332529 0.00117843 0.0111859
internal_weight=18123.4 11664.5 6458.89 4599.14 7065.38 3180.65 3278.23 3883.02 2172.96 3182.36 3603.89 2626.43 1694.2 3168.79
internal_count=274036 130501 143535 63364 67137 80330 63205 39669 39321 27468 37045 39232 24338 32238
is_linear=0
shrinkage=0.03


Tree=24
num_leaves=15
num_cat=0
split_feature=6 3 6 6 6 6 6 8 4 6 9 8 9 6
split_gain=3033.37 399.479 298.702 68.5427 44.499 33.3594 28.3965 27.9742 17.7776 15.2199 12.0737 10.6974 10.4693 10.2854
threshold=3.1925297413228297 0.07701055138646222 4.2054383316843014 2.6497083809956692 1.3986406674150766 5.1038219627132824 3.7412339808651516 0.5268858976673908 0.14835164835164838 2.0856528016791152 2.2821983118029467 0.46707909178713253 2.2184820653350124 1.8325494627242667
decision_type=2 2 2 2 2 2 2 2 2 2 2 2 2 2
left_child=1 3 6 9 8 -4 11 10 -3 -1 13 -2 -5 -6
right_child=2 4 5 12 7 -7 -8 -9 -10 -11 -12 -13 -14 -15
leaf_value=0.0089693674158095905 -0.0089177002391409976 0.014519462133054254 -0.020973610021849144 -0.00073367355455957101 0.012114577131653894 -0.028201804557436348 -0.014289563472129025 0.019950233009043243 0.020779208590837824 0.0038282165251849903 0.0051568833815450335 -0.0010676975113019275 -0.0055545064095529947 0.008295885287999568
leaf_weight=699.10287649184465 1612.004077989608 2612.8878123909235 1740.6634479425848 1659.7774453833699 2016.5764983445406 1267.7005927562714 1193.8456589616835 285.67547231912613 607.58719769120216 2090.6771444305778 436.95624984800816 177.69059891626239 524.04939606040716 1181.709040351212
leaf_count=7895 29960 22586 43291 25923 19173 34653 26246 2654 4882 27288 4807 3201 8380 13097
internal_value=-4.31303e-05 0.00859062 -0.0174775 0.00205331 0.0131297 -0.0241443 -0.0106681 0.0108917 0.0157913 0.00515764 0.0101007 -0.00815366 -0.00192052 0.010749
internal_weight=18106.9 12115 5991.9 4973.61 7141.39 3008.36 2983.54 3920.92 3220.48 2789.78 3635.24 1789.69 2183.83 3198.29
internal_count=274036 136685 137351 69486 67199 77944 59407 39731 27468 35183 37077 33161 34303 32270
is_linear=0
shrinkage=0.03


Tree=25
num_leaves=15
num_cat=0
split_feature=6 7 7 10 6 6 7 10 6 9 8 6 7 8
split_gain=2881.47 375.08 296.695 55.6814 48.5599 37.417 24.8424 21.101 18.7294 16.2129 14.2764 13.3529 12.5457 11.5295
threshold=3.1925297413228297 0.096645139476576908 0.01240987691140401 0.15597578303162216 2.6497083809956692 4.8445806323270011 0.018895518052587035 0.24654055576928524 1.3479888099339705 1.5902600688429172 0.35795470260283774 1.5789255615152133 0.46570839807042735 0.46707909178713253
decision_type=2 2 2 2 2 2 2 2 2 2 2 2 2 2
left_child=1 4 5 8 9 -2 -4 11 -3 -1 -6 -5 -9 -8
right_child=2 3 6 7 10 -7 13 12 -10 -11 -12 -13 -14 -15
leaf_value=0.012756993793698544 -0.019587801872090117 0.013665108262946099 -0.013836399740059274 0.014405061004085761 -0.0031433946186403545 -0.027016640032269487 -0.0086931893248505462 0.019157955888481248 0.0069201072045748215 0.0038231894654081268 0.0019047210505606729 0.010387343220613268 0.010745255273610196 -0.00054704493265654575
leaf_weight=187.90862716734409 1387.7102399989963 490.57705507427454 1077.1597371026874 2391.3998173028231 1514.9671714194119 1656.4588672630489 1601.1689282916486 1083.9113469943404 1769.8491212129593 2324.2659145966172 739.90775397792459 1422.1954687312245 267.4453534334898 175.43174529075623
leaf_count=1893 33933 4583 23884 20280 24190 46397 29982 8898 19113 29966 11059 14512 2191 3155
internal_value=-4.40265e-05 0.00828197 -0.0172332 0.0124914 0.0017065 -0.0237428 -0.0102014 0.0142242 0.0084644 0.00456318 -0.00148528 0.0129533 0.0176292 -0.00790011
internal_weight=18090.4 12192.4 5897.93 7425.38 4767.05 3044.17 2853.76 5164.95 2260.43 2512.17 2254.87 3813.6 1351.36 1776.6
internal_count=274036 136685 137351 69577 67108 80330 57021 45881 23696 31859 35249 34792 11089 33137
is_linear=0
shrinkage=0.03


Tree=26
num_leaves=15
num_cat=0
split_feature=6 7 7 10 6 6 7 10 6 8 8 6 7 8
split_gain=2737.39 347.269 293.106 51.1152 45.5619 38.0054 24.1171 19.3229 17.3069 14.3134 13.4758 12.2378 11.3111 11.0193
threshold=3.1925297413228297 0.096645139476576908 0.01240987691140401 0.15597578303162216 2.6497083809956692 5.1038219627132824 0.018895518052587035 0.24654055576928524 1.3479888099339705 0.462102683714325 0.35795470260283774 1.5789255615152133 0.46570839807042735 0.46707909178713253
decision_type=2 2 2 2 2 2 2 2 2 2 2 2 2 2
left_child=1 4 5 8 9 -2 -4 11 -3 -1 -6 -5 -9 -8
right_child=2 3 6 7 10 -7 13 12 -10 -11 -12 -13 -14 -15
leaf_value=0.0035334543080582934 -0.020330390073372236 0.013133163148830916 -0.013596595982538472 0.013829355568259859 -0.0030583725852162363 -0.027984260071816282 -0.0085005080950220635 0.018339394483721821 0.0066773184298099652 0.010436560037777841 0.0018457230837707695 0.0099975994488434757 0.010363268790563923 -0.00053216647563038614
leaf_weight=2221.0026542320848 1774.0416310727596 495.66227478533983 1063.7425910942256 2416.4567050933838 1510.8507231548429 1204.5142106339335 1588.8676839731634 1098.7590948864818 1779.5696797594428 300.41725964844227 741.11262726038694 1433.7142407596111 269.50509412586689 175.34715770930052
leaf_count=28660 45677 4583 23884 20280 24190 34653 29982 8898 19113 3199 11059 14512 2191 3155
internal_value=-4.46113e-05 0.00798681 -0.0169889 0.0120092 0.00165435 -0.0235503 -0.00999038 0.0136589 0.00816054 0.00441279 -0.00144292 0.0124468 0.0168978 -0.00771969
internal_weight=18073.6 12267.1 5806.51 7493.67 4773.38 2978.56 2827.96 5218.44 2275.23 2521.42 2251.96 3850.17 1368.26 1764.21
internal_count=274036 136685 137351 69577 67108 80330 57021 45881 23696 31859 35249 34792 11089 33137
is_linear=0
shrinkage=0.03


Tree=27
num_leaves=15
num_cat=0
split_feature=6 7 7 9 6 6 7 6 9 8 10 8 10 9
split_gain=2600.67 321.754 289.411 47.6253 42.7484 38.5271 23.4001 23.0547 14.6811 12.7194 11.4 10.5282 9.25718 8.78985
threshold=3.1925297413228297 0.096645139476576908 0.01240987691140401 1.8612575538598153 2.6497083809956692 5.1038219627132824 0.018895518052587035 1.6193392260821904 1.887963475117773 0.35795470260283774 0.11570255786069407 0.46707909178713253 0.15781446557084358 1.4297488781424199
decision_type=2 2 2 2 2 2 2 2 2 2 2 2 2 2
left_child=1 4 5 13 8 -2 -4 10 -1 -6 -5 -8 -9 -3
right_child=2 3 6 7 9 -7 11 12 -10 -11 -12 -13 -14 -15
leaf_value=0.0078067254861004989 -0.020100273447941432 0.021735209121563532 -0.013358307598970701 0.00068267095965531726 -0.0029754362694279163 -0.027872085171229778 -0.0083107471240834469 0.0055241356693715628 0.002764865625418147 0.0017886418083792684 0.011938997704820533 -0.00051768590776535999 0.0096005612692021559 0.014277128337043183
leaf_weight=735.36904519796371 1741.1925364099443 207.97542585432529 1050.7033520638943 85.271253623068333 1506.8545444197953 1173.6086952388287 1576.9182832799852 1201.2552919238806 1795.0455771908164 742.28169308230281 2839.6791520416737 175.26490509882569 991.49242673814297 2233.9636918380857
leaf_count=8420 45677 1617 23884 879 24190 34653 29982 13285 23439 11059 25353 3155 10198 18245
internal_value=-4.52316e-05 0.00770395 -0.0167449 0.01155 0.00160365 -0.0233562 -0.00978198 0.00984514 0.00426746 -0.00140172 0.011616 -0.00754224 0.00742007 0.0150411
internal_weight=18056.9 12339.2 5717.69 7559.64 4779.55 2914.8 2802.89 5117.7 2530.41 2249.14 2924.95 1752.18 2192.75 2441.94
internal_count=274036 136685 137351 69577 67108 80330 57021 49715 31859 35249 26232 33137 23483 19862
is_linear=0
shrinkage=0.03


Tree=28
num_leaves=15
num_cat=0
split_feature=6 7 7 9 7 6 7 9 9 7 10 7 6 9
split_gain=2470.8 298.296 285.616 44.2073 40.1812 39.0955 22.692 16.3027 16.2009 15.6161 14.2754 14.1723 11.2387 9.45094
threshold=3.1925297413228297 0.096645139476576908 0.01240987691140401 2.1056593110128272 0.057407164585244877 4.8445806323270011 0.018895518052587035 1.887963475117773 1.642850023690644 0.13656856474610526 0.36486195457532639 0.46570839807042735 1.4468497739944199 2.2184820653350124
decision_type=2 2 2 2 2 2 2 2 2 2 2 2 2 2
left_child=1 4 5 8 10 -2 -4 -6 11 -10 13 -3 -5 -1
right_child=2 3 6 12 7 -7 -8 -9 9 -11 -12 -13 -14 -15
leaf_value=-0.00058544196238983711 -0.018853024676100821 0.018554049660879091 -0.013121606053744567 0.010573158862350841 0.0080282639009260914 -0.026618221771595424 -0.0073677718488697778 0.0026271907279520603 0.0083742082445169442 0.012876051580359397 0.011299343958656807 0.0081376045826737024 0.0061120782416747574 -0.0050958426044630202
leaf_weight=1739.9043615348637 1313.4232835285366 707.56514467298985 1038.0318549089134 824.01965600252151 708.97716095298529 1539.3917454443872 1740.4959626272321 1735.166792280972 1036.6074447333813 3270.4019735381007 64.085371844470501 182.30693060904741 1602.5925360247493 537.42985783144832
leaf_count=27031 33933 5455 23884 7515 8051 46397 33137 22548 10667 27198 817 1462 17280 8661
internal_value=-4.6005e-05 0.00743242 -0.0165012 0.0111121 0.00155428 -0.0231605 -0.00957627 0.0042333 0.0126867 0.0118254 -0.00125142 0.0165903 0.0076826 -0.00167623
internal_weight=18040.4 12409.1 5631.34 7623.49 4785.56 2852.82 2778.53 2444.14 5196.88 4307.01 2341.42 889.872 2426.61 2277.33
internal_count=274036 136685 137351 69577 67108 80330 57021 30599 44782 37865 36509 6917 24795 35692
is_linear=0
shrinkage=0.03


Tree=29
num_leaves=15
num_cat=0
split_feature=7 7 6 6 6 9 7 10 9 6 9 11 9 7
split_gain=2349.66 304.997 249.235 44.9803 42.1145 41.1541 20.0909 16.4048 13.6433 12.6974 10.3947 9.23634 8.17634 8.44155
threshold=0.030340511369926781 0.096645139476576908 4.5136028423406058 2.6497083809956692 3.8490826385811467 1.8612575538598153 0.14157481290980548 0.34890365439959597 1.5902600688429172 5.1038219627132824 2.2184820653350124 -0.58778666490211895 1.4297488781424199 0.46570839807042735
decision_type=2 2 2 2 2 2 2 2 2 2 2 2 2 2
left_child=2 3 4 8 -1 12 11 10 -2 -4 -5 -7 13 -3
right_child=1 5 9 7 -6 6 -8 -9 -10 -11 -12 -13 -14 -15
leaf_value=-0.0082279515234393447 0.01140283117496382 0.024472000562780063 -0.021365710223350411 -0.0010218027188472695 -0.015261807871936548 0.0075018420120421831 0.010442048306594577 0.010129817238845422 0.0033185688754209736 -0.02764956467059897 -0.0056160269574743946 0.0020420421060882371 0.013186281552086265 0.0090056102617793905
leaf_weight=1746.3321318812668 193.36810011416674 141.65254961699247 960.21406897157431 1837.4354395121336 1471.0527615770698 1338.184895336628 3486.8197466731071 87.457507345825434 2354.0174809321761 1115.5184971354902 573.24972841516137 368.77119774371386 2277.9755714088678 71.654950246214867
leaf_count=34640 1893 1045 27487 29294 35893 14403 31218 1164 29966 34653 9469 4094 18245 572
internal_value=-4.63615e-05 0.0069381 -0.016817 0.00120129 -0.0114999 0.0106949 0.00911946 -0.00165473 0.00399539 -0.0249169 -0.00214226 0.00635037 0.013905 0.0202095
internal_weight=18023.7 12730.6 5293.12 5045.53 3217.38 7685.06 5193.78 2498.14 2547.39 2075.73 2410.69 1706.96 2491.28 213.307
internal_count=274036 141363 132673 71786 70533 69577 49715 39927 31859 62140 38763 18497 19862 1617
is_linear=0
shrinkage=0.03


Tree=30
num_leaves=15
num_cat=0
split_feature=12 3 11 11 11 8 9 11 3 3 3 0 10 9
split_gain=2096.91 284.246 262.501 54.247 44.6217 32.8605 24.7264 20.2299 15.5331 14.5222 12.2937 11.6207 10.7181 9.28409
threshold=2.0126758453675748 0.07701055138646222 -3.5076391834373966 -2.650131694242575 -2.0497148252168498 0.30473410058163036 2.0917769211997883 -4.0754590133786008 0.12560197603800521 0.058914293729835886 0.034505572243049489 6.5000000000000009 0.33678488549221003 1.5291899590487417
decision_type=2 2 2 2 2 2 2 2 2 2 2 2 2 2
left_child=1 4 7 5 11 -4 8 -2 -3 -6 -5 -1 -9 -10
right_child=2 6 3 10 9 -7 -8 12 13 -11 -12 -13 -14 -15
leaf_value=-0.001004627019441361 -0.026418181500825838 0.0092884682736382399 -0.018099364307522983 -0.0085262977288492418 0.00068480826665606037 -0.0092298623368116794 0.0075776789896163047 -0.019950424394222614 0.017697833324364247 0.0045219544130145495 -0.0032821844074706948 -0.0065866923150165058 -0.0012238693571199207 0.012113711221190824
leaf_weight=781.8693716712296 1265.772693477571 2050.4568533599377 863.13833343610168 959.32090740650892 1543.1996489427984 765.60647732764482 2156.3248797804117 857.12409522011876 377.74291772767901 2094.6723222024739 735.01683091744781 581.86498552933335 30.497128091752529 2944.7053875923157
leaf_count=12569 39825 19860 21688 18752 22219 16999 21179 24326 2843 25509 12920 11091 749 23507
internal_value=-4.66676e-05 0.00672073 -0.0155074 -0.0101458 0.00117111 -0.0140524 0.0103976 -0.0236537 0.0115051 0.00290372 -0.00630013 -0.00343208 -0.019338 0.0128253
internal_weight=18007.3 12530.8 5476.48 3323.08 5001.61 1628.74 7529.23 2153.39 5372.91 3637.87 1694.34 1363.73 887.621 3322.45
internal_count=274036 138777 135259 70359 71388 38687 67389 64900 46210 47728 31672 23660 25075 26350
is_linear=0
shrinkage=0.03


Tree=31
num_leaves=15
num_cat=0
split_feature=6 7 6 7 6 10 10 6 6 8 10 6 7 3
split_gain=2128.86 273.1 235.534 43.0163 36.9775 36.3217 14.4736 13.4856 13.4641 13.3783 10.7088 10.3069 10.1721 10.1357
threshold=3.2939815763060616 0.096645139476576908 4.5136028423406058 0.045622487434631244 3.8490826385811467 0.15283654434326099 0.24654055576928524 5.1038219627132824 1.3479888099339705 0.462102683714325 0.28942880160359347 1.5789255615152133 0.06830590478145572 0.065239231439793002
decision_type=2 2 2 2 2 2 2 2 2 2 2 2 2 2
left_child=1 3 4 10 -2 8 11 -4 -3 12 -1 -7 -5 -11
right_child=2 5 7 9 -6 6 -8 -9 -10 13 -12 -13 -14 -15
leaf_value=-0.0037572299060895727 -0.0080279361100955085 0.011148536101173728 -0.020931419766429753 0.00055234337183758119 -0.014781436909373464 0.011430916248206248 0.013940360464679427 -0.027425519696601362 0.0052527697573694068 -0.0018254997029094415 0.0041206083807629216 0.0081219705586287345 0.0040065217967761094 0.0099216059603674106
leaf_weight=1484.2089718692005 1636.1111842170358 450.95013919472694 922.96622506156564 1623.1609581708908 1431.3493018038571 2627.6262940987945 1440.0726548805833 1061.132413174957 1713.0691612958908 75.724171847105026 160.85442592576146 1568.0702566429973 1449.8068265989423 347.00750726461411
leaf_count=25291 33028 4010 27487 23248 35893 21200 11089 34653 17913 1012 2353 15365 17843 3651
internal_value=-4.81927e-05 0.00639979 -0.016536 0.00102632 -0.0112359 0.00993262 0.0112108 -0.0245843 0.00654965 0.00290531 -0.00295666 0.0102276 0.00219355 0.00782689
internal_weight=17992.1 12940.6 5051.56 5140.76 3067.46 7799.79 5635.77 1984.1 2164.02 3495.7 1645.06 4195.7 3072.97 422.732
internal_count=274036 142975 131061 73398 68921 69577 47654 62140 21923 45754 27644 36565 41091 4663
is_linear=0
shrinkage=0.03


Tree=32
num_leaves=15
num_cat=0
split_feature=7 7 7 7 10 7 7 7 9 10 9 7 8 7
split_gain=2024.19 245.448 239.899 37.5331 33.745 26.8058 26.3325 15.3725 13.6674 12.602 9.59191 8.90298 8.36616 8.06703
threshold=0.030340511369926781 0.096645139476576908 0.010534141652292868 0.045622487434631244 0.18774223999511555 0.018895518052587035 0.0050895745722729308 0.14157481290980548 1.7165391499882074 0.28942880160359347 1.4297488781424199 0.063566368367825213 0.30473410058163036 0.46570839807042735
decision_type=2 2 2 2 2 2 2 2 2 2 2 2 2 2
left_child=2 3 6 9 7 12 -1 -3 -5 -2 13 -10 -4 -6
right_child=1 4 5 8 10 -7 -8 -9 11 -11 -12 -13 -14 -15
leaf_value=-0.026947570762984121 -0.0036606705593587958 0.0050913321784487008 -0.015768310274252972 0.0073335929938961545 0.022227432746970411 -0.0071130232042094623 -0.019552572761735675 0.0090040617368288469 0.00014893093059478889 0.0051133161428767032 0.011239744293653221 0.0034419049197368014 -0.010296243402574935 0.0077964470875766705
leaf_weight=1103.8818090241402 1403.7283790297806 1434.1005400344729 659.30206362530589 501.21473644673824 146.88030244410038 1445.1766972765326 1192.7043426148593 2845.3740018159151 1298.3924235701561 151.24280302226543 3355.4908755272627 1704.2160608991981 660.54505400359631 73.72641758620739
leaf_count=36907 23855 15471 16314 5486 1045 28459 34716 25483 18980 2177 27006 21288 16277 572
internal_value=-4.8794e-05 0.00625409 -0.0161012 0.00109489 0.00956808 -0.0100627 -0.0232589 0.00771522 0.00281307 -0.00276658 0.0117439 0.00202577 -0.0131762 0.018208
internal_weight=17976 12914.4 5061.61 5058.79 7855.57 2765.02 2296.59 4279.47 3503.82 1554.97 3576.1 3002.61 1319.85 220.607
internal_count=274036 141363 132673 71786 69577 61050 71623 40954 45754 26032 28623 40268 32591 1617
is_linear=0
shrinkage=0.03


Tree=33
num_leaves=15
num_cat=0
split_feature=6 7 6 7 6 10 6 9 9 7 6 7 10 3
split_gain=1926.05 235.976 231.043 38.0129 34.996 31.9015 14.1555 12.8601 12.6859 12.4703 12.2147 10.8939 9.54422 8.875
threshold=3.2939815763060616 0.096645139476576908 4.5136028423406058 0.045622487434631244 3.8490826385811467 0.15283654434326099 5.1038219627132824 1.5902600688429172 1.642850023690644 0.46570839807042735 1.3479888099339705 0.1646155049132276 0.28942880160359347 0.34745145726321047
decision_type=2 2 2 2 2 2 2 2 2 2 2 2 2 2
left_child=1 3 4 12 -2 10 -4 -5 9 -7 -3 -10 -1 -13
right_child=2 5 6 7 -6 8 -8 -9 11 -11 -12 13 -14 -15
leaf_value=-0.0035554140365791752 -0.0076615434305533654 0.010407824130205303 -0.020499172148555071 0.008883307372774386 -0.01429631291015725 0.015533792911757856 -0.027191118559428837 0.00217762152718495 0.0077388844795993582 0.0062142432530549827 0.0048373524464113814 0.011193591889337131 0.0038626289842108069 0.0019943822270013538
leaf_weight=1474.3618632405996 1612.6603945493698 457.71976587921381 888.33853846602142 267.37342174351215 1393.1810020618141 744.12050754576921 1008.3494000062346 3244.367204926908 1824.8830476626754 190.04395142197609 1729.6586997583508 2858.058460727334 162.00997146219015 105.07704010605812
leaf_count=25291 33028 4010 27487 2725 35893 5455 34653 43029 17376 1462 17913 22576 2353 785
internal_value=-4.93846e-05 0.0059711 -0.016054 0.000967344 -0.0107924 0.0092199 -0.0242423 0.00272378 0.0104065 0.013766 0.00606595 0.00971014 -0.00279257 0.0108791
internal_weight=17960.2 13057.7 4902.53 5148.11 3005.84 7909.56 1896.69 3511.74 5722.18 934.164 2187.38 4788.02 1636.37 2963.14
internal_count=274036 142975 131061 73398 68921 69577 62140 45754 47654 6917 21923 40737 27644 23361
is_linear=0
shrinkage=0.03


Tree=34
num_leaves=15
num_cat=0
split_feature=6 6 7 7 7 9 6 6 9 8 9 7 10 9
split_gain=1831.83 228.507 219.581 35.7614 34.0508 29.9174 14.6241 14.4939 12.3536 10.1552 9.36738 8.37443 7.66187 7.61339
threshold=3.2939815763060616 4.5136028423406058 0.096645139476576908 0.045622487434631244 0.018895518052587035 1.8612575538598153 1.3986406674150766 5.1038219627132824 1.7837148450422828 0.32832631460354583 2.0730561743158904 0.06830590478145572 0.12550938237196266 2.4067271694720795
decision_type=2 2 2 2 2 2 2 2 2 2 2 2 2 2
left_child=2 4 3 10 9 -4 12 -3 -5 -2 -1 -10 -7 -8
right_child=1 7 5 8 -6 6 13 -9 11 -11 -12 -13 -14 -15
leaf_value=-0.00065163918917839504 -0.015691798210968239 -0.020278088623143078 0.011561193636385282 0.0062115047735991653 -0.0069075612908747197 0.00016564055260987634 0.0065930179121962765 -0.02707123872045741 0.00019495180526780078 -0.010304055590935763 -0.0052101846799222744 0.0034542097223027803 0.0099196951643612426 3.9106040698249039e-05
leaf_weight=903.63568794727325 933.82165168598294 871.50256789289415 2598.1440132632852 685.75143783539534 1341.5767271220684 75.714204981923103 3118.4604511409998 982.88189657963812 1495.2206493169069 701.20605333521962 728.68670901656151 1338.5058455392718 2000.9592464715242 168.26743074506521
leaf_count=14912 24074 27487 19862 7679 26847 694 30897 34653 21542 18000 12732 16533 16309 1815
internal_value=-4.95937e-05 -0.015813 0.00576912 0.000938505 -0.010576 0.0088873 0.00756337 -0.024067 0.00263757 -0.0134959 -0.00271554 0.00174454 0.00956781 0.00625919
internal_weight=17944.3 4830.99 13113.3 5151.8 2976.6 7961.55 5363.4 1854.38 3519.48 1635.03 1632.32 2833.73 2076.67 3286.73
internal_count=274036 131061 142975 73398 68921 69577 49715 62140 45754 42074 27644 38075 17003 32712
is_linear=0
shrinkage=0.03


Tree=35
num_leaves=15
num_cat=0
split_feature=7 7 7 7 7 9 10 9 9 7 8 8 7 9
split_gain=1740.61 232.873 197.474 43.2907 31.8198 28.0309 15.0411 12.3551 11.5665 10.7388 10.2387 9.87066 9.42437 9.34399
threshold=0.030340511369926781 0.0077983361164995187 0.096645139476576908 0.013936205915647789 0.057407164585244877 2.1056593110128272 0.34890365439959597 1.887963475117773 1.4297488781424199 0.1646155049132276 0.5268858976673908 0.43562585255549074 0.02114318502212691 2.2184820653350124
decision_type=2 2 2 2 2 2 2 2 2 2 2 2 2 2
left_child=1 -1 4 -3 6 8 13 -6 -4 -10 -11 12 -5 -2
right_child=2 3 5 11 7 -7 -8 -9 9 10 -12 -13 -14 -15
leaf_value=-0.024664473100314267 -0.00076860409540041249 -0.015470693770481264 0.016597120193678028 -0.011292438284427183 0.0066511333121015339 0.0058872312566556773 0.0095053156042611726 0.0020161893372314644 0.0075377735143845517 0.010803809243836652 0.0006075353574337642 -0.0032683021392291732 -0.0066532488090314916 -0.0050748408835077268
leaf_weight=1614.7493462301791 1896.3466429561377 1108.6708856523037 226.72793070971966 849.55316198244691 731.2858769968152 2523.9742041304708 95.691912468522787 1763.1179188862443 1950.6638222932816 3217.8246441483498 93.02784726023674 352.09457056596875 921.4234606474638 584.09687763825059
leaf_count=56473 30216 30367 1617 19978 8051 24795 1221 22548 17894 24579 692 7391 18464 9750
internal_value=-5.09181e-05 -0.0153808 0.00563914 -0.0106497 0.00100116 0.00856694 -0.00133425 0.00340665 0.0097799 0.00943979 0.0105213 -0.00804134 -0.00895486 -0.00180705
internal_weight=17929.2 4846.49 13082.8 3231.74 5070.54 8012.22 2576.14 2494.4 5488.24 5261.52 3310.85 2123.07 1770.98 2480.44
internal_count=274036 132673 141363 76200 71786 69577 41187 30599 44782 43165 25271 45833 38442 39966
is_linear=0
shrinkage=0.03


Tree=36
num_leaves=15
num_cat=0
split_feature=6 6 6 6 6 10 6 10 10 6 6 8 10 8
split_gain=1656.83 223.141 189.706 44.7362 32.3534 16.1557 15.409 15.3453 12.7003 12.0424 9.92195 9.90651 8.85523 8.76506
threshold=3.2939815763060616 4.5136028423406058 2.4552969699580154 1.6193392260821904 3.8490826385811467 0.28422506276573184 5.1038219627132824 0.34890365439959597 0.22525760322425215 2.8535883538621087 0.55920745798214477 0.49251446170600338 0.11570255786069407 0.32730644829256944
decision_type=2 2 2 2 2 2 2 2 2 2 2 2 2 2
left_child=2 4 3 8 -2 -5 -3 9 12 -4 11 -10 -1 -6
right_child=1 6 7 5 13 -7 -8 -9 10 -11 -12 -13 -14 -15
leaf_value=-0.00072845599136767776 -0.0071274120809682977 -0.019805151173310578 0.00067824528517010287 0.0048683452522651494 -0.01592600733529129 0.011029790789505708 -0.026837883715055029 0.0088476647859546589 0.012805207791395046 -0.0029052048192438071 0.013548271683141338 0.0026987529868676315 0.008738609546611445 -0.010319745743128625
leaf_weight=88.999477319419384 1579.5389600023627 837.28537244908512 1773.3873162269592 4366.2000221833587 749.69742120057344 418.73212010413408 936.08067788183689 133.12272195145488 148.25589475035667 1587.6953572556376 1058.1042251512408 210.28003361821175 3434.9932707250118 591.47761545702815
leaf_count=879 33028 27487 24933 46578 20153 3465 34653 1597 1083 27125 7459 1581 28275 15740
internal_value=-5.11316e-05 -0.0153335 0.00538658 0.00753783 -0.0101516 0.00544032 -0.0237114 -0.000607731 0.00954663 -0.00101988 0.0120402 0.00722421 0.00849744 -0.0135951
internal_weight=17913.9 4694.08 13219.8 9725.57 2920.71 4784.93 1773.37 3494.21 4940.63 3361.08 1416.64 358.536 3523.99 1341.18
internal_count=274036 131061 142975 89320 68921 50043 62140 53655 39277 52058 10123 2664 29154 35893
is_linear=0
shrinkage=0.03


Tree=37
num_leaves=15
num_cat=0
split_feature=6 7 6 7 6 7 9 10 11 9 11 4 9 7
split_gain=1578.28 237.599 166.265 43.024 23.4131 22.8983 16.0074 15.5547 12.1082 10.3503 10.175 9.74098 8.82484 7.23225
threshold=3.5010415791527305 0.06830590478145572 4.6303503656575673 0.14157481290980548 4.0613043372021433 0.042678452167369506 2.0127692406526707 0.20667262876402046 -2.3777731648025111 2.1678930878040941 -3.0816574020173202 0.87083333333333346 2.2369659225247518 0.083170465775626826
decision_type=2 2 2 2 2 2 2 2 2 2 2 2 2 2
left_child=1 5 4 6 10 9 13 -5 -7 11 -2 -1 -10 -3
right_child=2 3 -4 7 -6 8 -8 -9 12 -11 -12 -13 -14 -15
leaf_value=-0.002578502570587133 -0.0042107452559856234 0.0033042595504170235 -0.024371609961156813 0.0076896172751489628 -0.015138053903577968 0.011539713534687588 0.0031431079900645039 0.011061692038114935 0.0014029984992153265 -0.0069276639622994837 -0.010419805391775129 0.01237690885108025 -0.0032884761800055615 0.0079700175050935514
leaf_weight=1369.0355941019952 341.06744228303432 416.10196904093027 1533.9185017812997 3596.454138033092 1048.6707044877112 76.213433410972357 2226.1579473987222 2107.4404429867864 1615.0411288850009 585.15671310946345 1079.1219347901642 25.671414658427238 448.60062485188246 1430.1868046224117
leaf_count=24482 8099 4683 56240 30563 29620 936 25222 15149 22744 10940 24501 482 6694 13681
internal_value=-5.15871e-05 0.00473201 -0.016614 0.00727534 -0.0116761 -0.00130796 0.00488981 0.00896126 0.000842276 -0.00362082 -0.00898825 -0.00217446 0.000366781 0.00695359
internal_weight=17898.8 13896.1 4002.78 9776.34 2468.86 4119.72 4072.45 5703.89 2139.86 1979.86 1420.19 1394.71 2063.64 1846.29
internal_count=274036 155576 118460 89298 62220 66278 43586 45712 30374 35904 32600 24964 29438 18364
is_linear=0
shrinkage=0.03


Tree=38
num_leaves=15
num_cat=0
split_feature=6 7 6 7 6 6 9 9 8 4 8 9 6 7
split_gain=1503.47 221.817 164.713 39.9214 22.8282 21.7093 14.9094 13.1903 12.3692 11.4101 10.7832 8.11884 7.53798 7.3636
threshold=3.5010415791527305 0.06830590478145572 4.6303503656575673 0.14157481290980548 4.0613043372021433 3.0228579809699494 2.0127692406526707 1.8612575538598153 0.41538400459687669 0.74166666666666681 0.31889292310885048 1.9755702351929652 5.1038219627132824 0.46570839807042735
decision_type=2 2 2 2 2 2 2 2 2 2 2 2 2 2
left_child=1 5 4 6 8 10 -3 13 -2 -7 11 -1 -4 -5
right_child=2 3 12 7 -6 9 -8 -9 -10 -11 -12 -13 -14 -15
leaf_value=-0.0070049201043710279 -0.010191097177930691 0.0067119910326614062 -0.020121996334220751 0.011386463418858409 -0.014898108718160467 -0.004780484214198257 0.0030416984719932624 0.0075003477137514383 -0.0029674766787555649 0.0040330298590346078 0.0026733406304291149 -0.00037069480638000777 -0.026599620006779311 0.0057238133910337387
leaf_weight=176.71808979287744 1127.3221675492823 1856.0311465784907 607.19274713657796 1752.4869168028235 1034.0583401322365 1450.9217125996947 2231.7789600640535 3698.2554571256042 281.41013189032674 134.01928841695189 1099.381441373378 1253.6516413576901 891.82348672114313 288.72213844954967
leaf_count=2617 26246 18364 21587 12354 29620 27003 25222 31218 6354 2557 15137 18964 34653 2140
internal_value=-5.16801e-05 0.00457592 -0.0163746 0.00702144 -0.0114534 -0.00126909 0.00472661 0.00863931 -0.00879457 -0.00400441 0.000458146 -0.00125453 -0.0242011 0.0106331
internal_weight=17883.8 13942 3941.81 9827.27 2442.79 4114.69 4087.81 5739.46 1408.73 1584.94 2529.75 1430.37 1499.02 2041.21
internal_count=274036 155576 118460 89298 62220 66278 43586 45712 32600 29560 36718 21581 56240 14494
is_linear=0
shrinkage=0.03


Tree=39
num_leaves=15
num_cat=0
split_feature=6 6 6 7 6 7 9 9 8 7 11 9 9 4
split_gain=1432.3 207.276 163.156 37.1044 22.2457 20.6108 14.6989 13.0233 11.8772 10.9929 10.9474 9.88858 9.49069 9.09502
threshold=3.5010415791527305 2.4552969699580154 4.6303503656575673 0.14157481290980548 4.0613043372021433 0.042678452167369506 2.0127692406526707 1.4297488781424199 0.41538400459687669 0.46570839807042735 -2.3777731648025111 2.1678930878040941 2.1056593110128272 0.87083333333333346
decision_type=2 2 2 2 2 2 2 2 2 2 2 2 2 2
left_child=1 3 4 6 8 11 -1 9 -2 -5 -7 13 -9 -3
right_child=2 5 -4 7 -6 10 -8 12 -10 -11 -12 -13 -14 -15
leaf_value=0.0065319548735654044 -0.0099816538695617629 -0.0024205755338526521 -0.024030623694584953 0.022203184871878518 -0.01465898060963435 0.010901930031136674 0.0028978275735506826 0.0088381322011518871 -0.0028904389247689424 0.0059927560581051068 0.00034618596205827597 -0.0066868486028182393 0.0059653590788346792 0.011964780042701042
leaf_weight=1866.8057682514191 1116.9214621335268 1362.1128816828132 1465.4054567050189 102.95101375877857 1019.8604274578393 77.449215047061443 2237.6359262615442 3992.0589160174131 280.654575265944 76.952174678444862 2062.9936128854752 579.83002379536629 1601.7973382174969 26.037136893719435
leaf_count=18377 26246 24482 56240 659 29620 939 25231 30066 6354 572 29413 10940 14415 482
internal_value=-5.26453e-05 0.00442495 -0.0161366 0.00677731 -0.0112328 -0.00123507 0.00456849 0.0083316 -0.00860344 0.0162642 0.000801342 -0.00343924 0.00803367 -0.00202573
internal_weight=17869.5 13986.6 3882.84 9878.2 2417.44 4108.42 4104.44 5773.76 1397.58 179.903 2140.44 1967.98 5593.86 1388.15
internal_count=274036 155576 118460 89320 62220 66256 43608 45712 32600 1231 30352 35904 44481 24964
is_linear=0
shrinkage=0.03


Tree=40
num_leaves=15
num_cat=0
split_feature=6 7 6 7 6 6 9 9 8 4 7 8 8 6
split_gain=1364.32 193.695 161.455 34.4902 21.6651 19.5916 12.9138 12.2701 11.4 10.6455 10.1491 9.9685 9.01117 8.3359
threshold=3.5010415791527305 0.06830590478145572 4.6303503656575673 0.14157481290980548 4.0613043372021433 3.0228579809699494 2.0127692406526707 1.4297488781424199 0.41538400459687669 0.74166666666666681 0.46570839807042735 0.31889292310885048 0.22615388202153433 5.1038219627132824
decision_type=2 2 2 2 2 2 2 2 2 2 2 2 2 2
left_child=1 5 4 6 8 11 -3 10 -2 -7 -5 -1 -9 -4
right_child=2 3 13 7 -6 9 -8 12 -10 -11 -12 -13 -14 -15
leaf_value=-0.0012097386963972911 -0.0097747604120522295 0.006254317100393811 -0.019637613177695041 0.021364040240441261 -0.014420752314919677 -0.0045636251528559648 0.0028510640321510791 0.0047026471533595637 -0.0028152239662144083 0.0039399314094884785 0.0058221351403912021 0.0025649678204749775 0.0082557995996855871 -0.026356364455803229
leaf_weight=1428.438688274473 1106.8179734386504 1874.8303153663874 582.42477521859109 104.35226280987263 1006.0656733997166 1440.0706511512399 2242.4119260385633 822.62982206791639 279.92036966234446 134.38557632640004 77.265840142965317 1102.4962687082589 4802.4205738306046 850.01147855818272
leaf_count=21581 26246 18364 21587 659 29620 27003 25222 7543 6354 2557 572 15137 36938 34653
internal_value=-5.19956e-05 0.00428086 -0.0158977 0.00654532 -0.0110143 -0.00119689 0.00441785 0.00803855 -0.0084151 -0.00380748 0.0157006 0.000439979 0.00775006 -0.0238564
internal_weight=17854.5 14029.3 3825.24 9923.91 2392.8 4105.39 4117.24 5806.67 1386.74 1574.46 181.618 2530.93 5625.05 1432.44
internal_count=274036 155576 118460 89298 62220 66278 43586 45712 32600 29560 1231 36718 44481 56240
is_linear=0
shrinkage=0.03


Tree=41
num_leaves=15
num_cat=0
split_feature=6 6 6 7 6 7 10 8 11 10 6 4 8 7
split_gain=1299.67 181.094 159.755 32.1208 21.087 18.5723 12.7254 10.9374 10.1934 9.85035 8.58489 7.77184 7.87752 6.39126
threshold=3.5010415791527305 2.4552969699580154 4.6303503656575673 0.14157481290980548 4.0613043372021433 0.042678452167369506 0.20667262876402046 0.41538400459687669 -2.3777731648025111 0.28067672134826954 5.1038219627132824 0.87083333333333346 0.27305979975297617 0.083170465775626826
decision_type=2 2 2 2 2 2 2 2 2 2 2 2 2 2
left_child=1 3 4 9 7 11 -5 -2 -7 -1 -4 12 -3 -11
right_child=2 5 10 6 -6 8 -8 -9 -10 13 -12 -13 -14 -15
leaf_value=0.0037574200338336122 -0.0095704524115406801 -0.0060183589622440341 -0.019416598549085513 0.0066231149465703397 -0.014183504610144464 0.01046482188022727 0.0096264299774608091 -0.0027417974089200704 0.00032400225684607321 0.0019762470987471901 -0.026226517070662814 0.0094356193100557945 -0.0020239985124820173 0.010809815353253769
leaf_weight=3725.1173111796379 1097.0034867860377 707.6169534958899 571.71641932986677 3676.0438604131341 992.66303454339504 78.302344657480717 2162.509574636817 279.20691042393446 2064.2440793849528 106.18087637424469 828.98575053177774 28.539639052003622 1220.5777685493231 301.68114530295134
leaf_count=40217 26246 13377 21587 30563 29620 939 15149 6354 29413 994 34653 524 22003 2397
internal_value=-5.2262e-05 0.00414139 -0.0156604 0.00632089 -0.0107981 -0.00116397 0.00775731 -0.00822955 0.000764791 0.00427098 -0.0236821 -0.00326563 -0.00352501 0.0086618
internal_weight=17840.4 14070.8 3769.58 9971.53 2368.87 4099.28 5838.55 1376.21 2142.55 4132.98 1400.7 1956.73 1928.19 407.862
internal_count=274036 155576 118460 89320 62220 66256 45712 32600 30352 43608 56240 35904 35380 3391
is_linear=0
shrinkage=0.03


Tree=42
num_leaves=15
num_cat=0
split_feature=6 6 6 6 6 3 10 8 10 6 8 6 3 10
split_gain=1237.98 169.251 157.986 29.9751 20.5121 17.8408 12.8459 10.4894 9.98602 13.2776 8.9194 8.82767 8.27691 8.35956
threshold=3.5010415791527305 2.4552969699580154 4.6303503656575673 1.6193392260821904 4.0613043372021433 0.047945671803998974 0.28422506276573184 0.41538400459687669 0.24654055576928524 0.55920745798214477 0.49251446170600338 5.1038219627132824 0.34745145726321047 0.11570255786069407
decision_type=2 2 2 2 2 2 2 2 2 2 2 2 2 2
left_child=1 3 4 8 7 -3 -5 -2 12 10 -10 -4 13 -1
right_child=2 5 11 6 -6 -7 -8 -9 9 -11 -12 -13 -14 -15
leaf_value=-0.0015236127226453085 -0.0093687655608369318 -0.0030393067153536646 -0.019194593414453134 0.0039001008785456794 -0.013947319804373385 0.00091090091082961038 0.0092936730841522985 -0.0026701264783819509 0.010729633867490854 0.01293731068845741 0.001395826065476322 -0.026095016589781844 -0.0005974346936399572 0.0074393953289091643
leaf_weight=91.200742244720459 1087.4699475243688 2110.856054905802 561.31087202392519 4465.6676121726632 979.64174653217196 1983.9540465213358 433.14061046391726 278.51362522691488 152.40424309670925 671.30240489542484 216.71060164272785 808.55318059399724 123.2329043596983 3862.4763338565826
leaf_count=879 26246 37463 21587 46578 29620 28793 3465 6354 1070 4455 1581 34653 869 30423
internal_value=-5.25697e-05 0.0040068 -0.0154237 0.00610501 -0.0105841 -0.00112907 0.0044039 -0.0080468 0.00771584 0.010421 0.00551818 -0.0235061 0.00698981 0.00722767
internal_weight=17826.4 14110.9 3715.49 10016.1 2345.63 4094.81 4898.81 1365.98 5117.33 1040.42 369.115 1369.86 4076.91 3953.68
internal_count=274036 155576 118460 89320 62220 66256 50043 32600 39277 7106 2651 56240 32171 31302
is_linear=0
shrinkage=0.03


Tree=43
num_leaves=15
num_cat=0
split_feature=7 7 6 6 6 9 6 10 3 6 8 8 10 11
split_gain=1183.06 186.689 126.336 28.1202 23.6911 15.9075 12.1207 10.2269 10.1792 9.06392 8.95669 8.624 7.82627 7.15682
threshold=0.02114318502212691 0.06830590478145572 4.6303503656575673 1.4468497739944199 3.0228579809699494 2.0874899894146641 4.0613043372021433 0.29514862277192327 0.05036278123189173 5.1038219627132824 0.53527908367973165 0.41538400459687669 0.12260418901207577 -0.58778666490211895
decision_type=2 2 2 2 2 2 2 2 2 2 2 2 2 2
left_child=2 4 6 12 7 10 11 -2 -6 -4 -5 -1 -3 -14
right_child=1 3 9 5 8 -7 -8 -9 -10 -11 -12 -13 13 -15
leaf_value=-0.010060394011995334 -0.00019417577793638772 -0.0011122390828841263 -0.018971655457405673 0.0054760914851175405 -0.0048565344595633561 0.0027793260747106365 -0.013712277198248669 0.0061467475316018434 0.0012840248759222847 -0.025961822654349643 0.011824180262039871 -0.0029052757532988371 0.013156664521897503 0.0076458004669455243
leaf_weight=786.91726827248931 2291.6949419751763 82.457845725119114 551.19983373768628 3230.2197525724769 1646.7404113709927 2587.1518887355924 966.9912969134748 239.22624082863331 278.12533077597618 788.69781359471381 212.98016101866961 205.86088843271136 246.0254138559103 3698.5761427357793
leaf_count=19967 33999 737 21587 30124 32403 27614 29620 2719 4876 34653 1611 4914 1647 27565
internal_value=-5.28865e-05 0.00363699 -0.0162254 0.0058991 -0.00147159 0.00458187 -0.011229 0.000437861 -0.00396621 -0.0233281 0.00591834 -0.00864205 0.00784726 0.00803805
internal_weight=17812.9 14513.2 3299.67 10057.4 4455.79 6030.35 1959.77 2530.92 1924.87 1339.9 3443.2 992.778 4027.06 3944.6
internal_count=274036 163295 110741 89298 73997 59349 54501 36718 37279 56240 31735 24881 29949 29212
is_linear=0
shrinkage=0.03


Tree=44
num_leaves=15
num_cat=0
split_feature=7 7 6 7 7 9 7 9 9 6 9 7 9 3
split_gain=1128.14 175.059 125.045 30.4729 18.9104 12.7365 11.8143 11.2438 9.89675 9.29334 9.24058 8.8939 7.38237 6.51242
threshold=0.02114318502212691 0.063566368367825213 4.6303503656575673 0.14157481290980548 0.036065169011250925 2.0127692406526707 0.013420447673330027 1.4297488781424199 1.3772626059130288 5.1038219627132824 2.1785552222788298 0.46570839807042735 2.1056593110128272 0.027086528283571127
decision_type=2 2 2 2 2 2 2 2 2 2 2 2 2 2
left_child=2 4 6 5 10 -3 -1 11 -6 -4 -2 -5 -9 -12
right_child=1 3 9 7 8 -7 -8 12 -10 -11 13 -13 -14 -15
leaf_value=-0.013590534685668213 -0.0027482103468432174 0.0054414145980211884 -0.018747846226038346 0.019388479406335601 0.011638003421577087 0.0022256992678208638 -0.0085563503042520757 0.0074249271600034692 -0.00035444749736796797 -0.025826898648844167 -0.00090148187564298595 0.0051144282967165548 0.0049335408238068128 -0.0096402567131674086
leaf_weight=912.96333323046565 1199.1411845907569 2059.9777444675565 541.37520229443908 107.73630537092686 48.560602277517319 2458.3221883103251 1026.7409074530005 4101.0162479877472 2403.3126131594181 769.40402342565358 101.17030902579427 78.582459524273872 1638.3566632419825 352.75155423954129
leaf_count=28409 23500 20190 21587 659 522 27783 26092 30066 36294 34653 2135 572 14415 7159
internal_value=-5.31415e-05 0.0035202 -0.0159898 0.00558104 -0.00172432 0.00370496 -0.0110119 0.00699856 -4.76094e-05 -0.0231483 -0.00418849 0.0141978 0.00672845 -0.0077837
internal_weight=17799.4 14548.9 3250.48 10444 4104.94 4518.3 1939.7 5925.69 2451.87 1310.78 1653.06 186.319 5739.37 453.922
internal_count=274036 163295 110741 93685 69610 47973 54501 45712 36816 56240 32794 1231 44481 9294
is_linear=0
shrinkage=0.03


Tree=45
num_leaves=15
num_cat=0
split_feature=7 7 7 7 7 9 7 9 7 9 9 8 7 8
split_gain=1075.62 163.942 123.509 28.4199 17.9375 11.8866 11.3317 10.6064 9.78662 9.37876 8.94111 8.52141 8.24418 7.08882
threshold=0.02114318502212691 0.063566368367825213 0.0077983361164995187 0.14157481290980548 0.036065169011250925 2.0127692406526707 0.013420447673330027 1.4297488781424199 0.0041745393042925327 1.3772626059130288 1.9755702351929652 0.41538400459687669 0.46570839807042735 0.22615388202153433
decision_type=2 2 2 2 2 2 2 2 2 2 2 2 2 2
left_child=2 4 8 5 10 -3 -4 12 -1 -6 -2 -8 -5 -9
right_child=1 3 6 7 9 -7 11 13 -10 -11 -12 -13 -14 -15
leaf_value=-0.026397987667920151 -0.0014024785562263683 0.0052573654074717048 -0.013335267881378893 0.018687892753620695 0.011290697534321803 0.0021554496600013468 -0.0097598916998821762 0.0038347695174401619 -0.019296885961612661 -0.00034398529219728904 -0.005916744730312614 -0.0027548556783051721 0.0049710289626395746 0.0069377251099780783
leaf_weight=611.00348669476807 680.31930726766586 2068.5229073986411 893.52147303521633 108.96516460180283 49.007221207022667 2462.7106469348073 807.54076765850186 839.07602435350418 679.40972643718123 2402.5844221822917 966.69387301430106 211.17120152711868 78.852384939789772 4926.6981572806835
leaf_count=28215 13060 20190 28176 659 522 27783 20962 7543 28258 36294 19734 5130 572 36938
internal_value=-5.32059e-05 0.00340752 -0.0157542 0.00539408 -0.00167554 0.00358416 -0.0107752 0.00675914 -0.0229239 -4.41611e-05 -0.00408156 -0.00836885 0.0137226 0.00649728
internal_weight=17786.1 14583.4 3202.65 10484.8 4098.6 4531.23 1912.23 5953.59 1290.41 2451.59 1647.01 1018.71 187.818 5765.77
internal_count=274036 163295 110741 93685 69610 47973 54268 45712 56473 36816 32794 26092 1231 44481
is_linear=0
shrinkage=0.03


Tree=46
num_leaves=15
num_cat=0
split_feature=7 7 6 7 7 8 9 6 8 9 8 9 6 4
split_gain=1025.6 177.415 99.4596 30.6127 18.4895 13.6605 10.183 9.78799 9.54206 8.9166 8.73912 8.41297 8.3649 7.08021
threshold=0.018895518052587035 0.059336613533021415 4.6303503656575673 0.1185369858508937 0.034835010130559833 0.22615388202153433 1.5291899590487417 5.1038219627132824 0.32730644829256944 2.0338468345065026 0.46707909178713253 2.2184820653350124 0.55920745798214477 0.43303571428571436
decision_type=2 2 2 2 2 2 2 2 2 2 2 2 2 2
left_child=2 4 8 9 10 -5 12 -4 -1 -3 -2 -6 -7 -11
right_child=1 3 7 5 11 6 -8 -9 -10 13 -12 -13 -14 -15
leaf_value=-0.01348611913555069 -0.0051950329937716175 0.0044019150267906636 -0.018289247859108175 0.0031015516894019389 0.00058524090363454935 0.004647750808008947 0.006439641686805434 -0.025555078740474111 -0.0083968825628648602 0.00079068492664822402 0.0014980115444727742 -0.0037559100783769767 0.01408693767499496 0.006455001776025337
leaf_weight=898.26295949332416 1617.7985569275916 1796.562305085361 522.20434680581093 1086.0885278061032 1736.4555183686316 143.48109866678715 5601.8959203511477 732.87272420525551 713.54055751860142 1718.5687695518136 190.15370783209801 506.6028999350965 297.98112499713898 210.5557891651988
leaf_count=27002 33626 18703 21587 10093 26363 1028 43432 34653 20972 20147 3551 8299 1895 2685
internal_value=-5.32731e-05 0.00311124 -0.0164375 0.00510872 -0.00224033 0.006261 0.00681972 -0.0227837 -0.0113313 0.00288744 -0.00448455 -0.000413661 0.0112726 0.00145396
internal_weight=17773 14906.1 2866.88 10855.1 4051.01 7129.45 6043.36 1255.08 1611.8 3725.69 1807.95 2243.06 441.462 1929.12
internal_count=274036 169822 104214 97983 71839 56448 46355 56240 47974 41535 37177 34662 2923 22832
is_linear=0
shrinkage=0.03


Tree=47
num_leaves=15
num_cat=0
split_feature=6 6 6 6 6 9 10 6 8 8 8 8 4 4
split_gain=973.912 166.676 99.7592 31.0684 15.7195 11.9714 10.8018 9.99504 9.64118 7.52659 7.12846 6.94133 5.07813 5.66916
threshold=3.7412339808651516 2.6497083809956692 4.6303503656575673 1.7833559100698646 3.1925297413228297 2.1678930878040941 0.20667262876402046 5.1038219627132824 0.32730644829256944 0.5972509909368876 0.35795470260283774 0.46707909178713253 0.74166666666666681 0.77350427350427364
decision_type=2 2 2 2 2 2 2 2 2 2 2 2 2 2
left_child=1 3 8 6 10 9 -1 -4 -2 -5 -3 12 -6 -14
right_child=2 4 7 5 11 -7 -8 -9 -10 -11 -12 -13 13 -15
leaf_value=0.0052393174462687445 -0.013212467277326537 -0.0019989865493008994 -0.01806319119066838 0.0037404557940121847 -0.0061520644347641436 0.00074780290893161259 0.0078705465678782088 -0.025414800795364303 -0.0080996338993609852 0.012507867619696906 0.0015779984696841808 0.0010114316298285488 0.0049846694037974865 -0.004447301141848551
leaf_weight=4029.3849293068051 888.28608038462698 1460.848355088383 513.20224240422249 3235.0557401254773 1188.6913646012545 1473.5035885050893 2338.764705106616 715.16128287836909 706.98876353912055 78.875508487224579 746.10246133059263 166.17021901160479 75.155081372708082 144.09477821364999
leaf_count=33004 27018 24190 21587 34454 25254 17369 15981 34653 20932 628 11059 3201 1622 3084
internal_value=-5.34715e-05 0.00300502 -0.0161628 0.00484838 -0.00243128 0.00300764 0.00622189 -0.0225983 -0.0110431 0.00400455 -0.000787228 -0.00470709 -0.00538556 -0.00110202
internal_weight=17760.3 14936.6 2823.64 11155.6 3781.06 4787.43 6368.15 1228.36 1595.27 3313.93 2206.95 1574.11 1407.94 219.25
internal_count=274036 169846 104190 101436 68410 52451 48985 56240 47950 35082 35249 33161 29960 4706
is_linear=0
shrinkage=0.03


Tree=48
num_leaves=15
num_cat=0
split_feature=6 6 6 6 6 8 4 6 8 3 8 9 8 4
split_gain=929.244 156.309 98.6903 23.6253 21.1591 11.5879 10.3909 10.1941 9.37395 8.76364 8.34523 7.58834 7.4379 7.11017
threshold=3.7412339808651516 2.4552969699580154 4.6303503656575673 3.0228579809699494 1.4468497739944199 0.5268858976673908 0.16025641025641027 5.1038219627132824 0.32730644829256944 0.05036278123189173 0.36221517699566258 2.0874899894146641 0.51851564389571481 0.85164835164835173
decision_type=2 2 2 2 2 2 2 2 2 2 2 2 2 2
left_child=1 4 8 10 6 11 12 -4 -2 13 -3 -6 -1 -5
right_child=2 3 7 9 5 -7 -8 -9 -10 -11 -12 -13 -14 -15
leaf_value=0.0062216880072925211 -0.012981279184150714 -0.00080620410571671439 -0.017836534642562896 -0.0049316201293970463 0.0045255672506300439 0.0098387884192439167 0.0098813687152491374 -0.025272662043097902 -0.0079207623930650471 0.00089491285899873584 0.0028707290166885072 0.002330506782637846 -4.9218515618041579e-05 0.0058214043331135511
leaf_weight=3184.385370016098 877.41613552346826 1734.7326085194945 504.45584298484027 1841.8624751679599 3246.6370458751917 267.65219826996326 756.37829902768135 697.95295644551516 701.68598791770637 293.74929465353489 799.27407273650169 2617.1577274352312 179.54706284403801 44.980525378137827
leaf_count=23547 27018 26128 21587 37633 29772 1982 5127 34653 20932 5245 10568 27617 1275 952
internal_value=-5.37982e-05 0.00290957 -0.0159287 -0.00160795 0.00498641 0.00385198 0.00665446 -0.0224111 -0.0108283 -0.00388591 0.000363639 0.0035543 0.00588825 -0.00463139
internal_weight=17747.9 14966.4 2781.51 4714.6 10251.8 6131.45 4120.31 1202.41 1579.1 2180.59 2534.01 5863.79 3363.93 1886.84
internal_count=274036 169846 104190 80526 89320 59371 29949 56240 47950 43830 36696 57389 24822 38585
is_linear=0
shrinkage=0.03


Tree=49
num_leaves=15
num_cat=0
split_feature=7 7 7 7 7 8 7 8 9 8 9 9 7 11
split_gain=891.392 146.686 96.0397 25.5566 15.7478 11.9131 10.9023 9.30271 9.29173 7.88826 7.62833 7.61648 6.79519 5.67652
threshold=0.018895518052587035 0.059336613533021415 0.0077983361164995187 0.1185369858508937 0.034835010130559833 0.22615388202153433 0.0041745393042925327 0.32730644829256944 1.5291899590487417 0.43947506386041491 1.9003209804924526 2.2184820653350124 0.46570839807042735 -0.58778666490211895
decision_type=2 2 2 2 2 2 2 2 2 2 2 2 2 2
left_child=2 4 6 10 9 -5 -1 -4 12 -2 -3 -6 -7 -12
right_child=1 3 7 5 11 8 -8 -9 -10 -11 13 -13 -14 -15
leaf_value=-0.0259028046112076 -0.0050038905194385013 0.004610898800491617 -0.012829684666693281 0.0027327012627985981 0.00056475599635910309 0.012785183074910571 -0.018384228635281719 -0.0077623868601396206 0.0058251897800987969 0.00045305235008052773 0.0019944567818475827 -0.0035748882299342635 0.0041556853949668623 -0.0043452024886261624
leaf_weight=553.79102613218129 1507.3529713004827 1159.0050365626812 862.45017376542091 1095.5305046960711 1737.3595706559718 312.55933219194412 631.05811955966055 693.23238160088658 5671.0412759184837 279.87289302423596 2472.9707770645618 503.54248301684856 135.66318497061729 120.11816927045584
leaf_count=28215 31841 11348 26902 10093 26363 1954 28258 20839 43432 5336 28859 8299 969 1328
internal_value=-5.37691e-05 0.00282552 -0.0157376 0.00462209 -0.00206478 0.00566697 -0.0221783 -0.0106673 0.00618433 -0.0041527 0.00259836 -0.000383029 0.0103924 0.00167749
internal_weight=17735.5 14995 2740.53 10966.9 4028.13 7214.79 1184.85 1555.68 6119.26 1787.23 3752.09 2240.9 448.223 2593.09
internal_count=274036 169822 104214 97983 71839 56448 56473 47741 46355 37177 41535 34662 2923 30187
is_linear=0
shrinkage=0.03


Tree=50
num_leaves=15
num_cat=0
split_feature=7 7 6 7 6 8 7 9 9 8 8 9 6 8
split_gain=850.357 137.576 95.1554 23.8711 15.0353 11.1063 10.7953 9.28182 8.70773 8.50695 7.22073 7.14073 6.88083 6.7013
threshold=0.018895518052587035 0.059336613533021415 4.6303503656575673 0.1185369858508937 3.1925297413228297 0.22615388202153433 0.0041745393042925327 2.2184820653350124 1.5291899590487417 0.32730644829256944 0.46707909178713253 1.9003209804924526 0.55920745798214477 0.56691064609807629
decision_type=2 2 2 2 2 2 2 2 2 2 2 2 2 2
left_child=2 4 9 11 7 -5 -4 13 12 -1 -6 -3 -7 -2
right_child=1 3 6 5 10 8 -8 -9 -10 -11 -12 -13 -14 -15
leaf_value=-0.012565683068274111 6.1725412283047894e-05 0.0044586231109750001 -0.025772102281790752 0.0026463956305498061 -0.0049984991874789881 0.004079932135705352 -0.018196879710330481 -0.0039252178099197779 0.0056281619868211166 -0.0076874399581565635 0.0015288749110545824 0.0016244752173391092 0.012543988568701281 0.0084962254769675675
leaf_weight=855.39771698974073 1841.8553962484002 1163.0800694823265 540.18363111652434 1097.7751163095236 1391.7212015762925 145.29488748311996 612.60034017637372 549.05175579339266 5693.6572370901704 692.50757560692728 164.23552590608597 2596.6615414023399 305.69097200036049 73.880425065755844
leaf_count=27002 28630 11348 28215 10093 29982 1028 28025 9206 43432 20972 3155 30187 1895 866
internal_value=-5.41412e-05 0.00273604 -0.0155042 0.00446994 -0.00200749 0.00547727 -0.022032 -0.000542088 0.00597534 -0.010478 -0.0043015 0.00251546 0.0100362 0.000450483
internal_weight=17723.6 15022.9 2700.69 11002.2 4020.74 7242.42 1152.78 2464.79 6144.64 1547.91 1555.96 3759.74 450.986 1915.74
internal_count=274036 169822 104214 97983 71839 56448 56240 38702 46355 47974 33137 41535 2923 29496
is_linear=0
shrinkage=0.03


Tree=51
num_leaves=15
num_cat=0
split_feature=7 7 6 7 6 7 9 9 8 8 11 8 6 8
split_gain=811.156 129.018 93.9893 22.2953 14.2497 11.007 10.3605 8.78491 8.25942 8.16292 6.89065 6.85321 6.37967 6.33225
threshold=0.018895518052587035 0.059336613533021415 4.6303503656575673 0.1185369858508937 3.1925297413228297 0.0041745393042925327 1.5291899590487417 2.2184820653350124 0.32730644829256944 0.22615388202153433 -0.58778666490211895 0.46707909178713253 0.55920745798214477 0.56691064609807629
decision_type=2 2 2 2 2 2 2 2 2 2 2 2 2 2
left_child=2 4 8 10 7 -4 12 13 -1 -8 -3 -6 -5 -2
right_child=1 3 5 6 11 -7 9 -9 -10 -11 -12 -13 -14 -15
leaf_value=-0.012338930036098161 5.9885495161847153e-05 0.0026732402204780997 -0.025639614544676975 0.0039591890898730362 -0.0048721685022464186 -0.01797097581365379 0.0025629839224697065 -0.0038235003965741568 -0.0075149771707816787 0.0054385847607999532 -0.0042809829962878205 0.0014849677741341015 0.012098117198565572 0.0082366056351741192
leaf_weight=845.41233036853373 1841.9531144015491 3647.2413621470332 526.96329068019986 145.68556855618954 1385.4583983495831 602.04136003553867 1099.9515042752028 547.17641512677073 687.56813164614141 5715.5453049615026 119.85738267749548 164.4589461684227 307.96582046896219 74.387840785086155
leaf_count=27002 28630 40207 28215 1028 29982 28025 10093 9206 20972 43432 1328 3155 1895 866
internal_value=-5.41483e-05 0.00264998 -0.0152713 0.00432348 -0.00195083 -0.0218396 0.00529466 -0.000525324 -0.0102691 0.00498114 0.00243588 -0.00418986 0.00969476 0.000438792
internal_weight=17711.7 15049.7 2661.99 11036.2 4013.43 1129 7269.15 2463.52 1532.98 6815.5 3767.1 1549.92 453.651 1916.34
internal_count=274036 169822 104214 97983 71839 56240 56448 38702 47974 53525 41535 33137 2923 29496
is_linear=0
shrinkage=0.03


Tree=52
num_leaves=15
num_cat=0
split_feature=6 6 6 6 6 8 6 4 10 10 8 8 10 6
split_gain=771.045 136.817 78.2662 22.8695 15.6782 11.2096 8.30331 8.00885 8.73572 7.5618 6.95854 6.40757 6.35982 5.8976
threshold=3.8490826385811467 2.6497083809956692 4.8445806323270011 1.6193392260821904 3.2939815763060616 0.5972509909368876 4.2054383316843014 0.16025641025641027 0.30854390169055218 0.34890365439959597 0.20402376598122593 0.31774527464915747 0.11570255786069407 2.0856528016791152
decision_type=2 2 2 2 2 2 2 2 2 2 2 2 2 2
left_child=1 3 6 7 9 13 11 12 -9 -3 -6 -2 -1 -5
right_child=2 4 -4 5 10 -7 -8 8 -10 -11 -12 -13 -14 -15
leaf_value=-0.0026119913397260656 -0.011314642515717049 -0.0012625558610775513 -0.022913810025050007 0.0035400343851300642 -0.010956467659184649 0.012575295282845463 -0.01354247857983551 0.006708145824541446 0.015681489810790154 0.0066800390696183003 -0.0040545421284290577 -0.0050146490350341825 0.0050016731100353167 0.001626551181926533
leaf_weight=92.618763044476509 355.50387623533607 2418.707391269505 884.17694776318967 3117.286231406033 139.9526564925909 90.333218336105347 854.74114423803985 1275.4625175073743 103.00674313306808 98.101131998002529 1309.8974927552044 307.57085351087153 3868.4832303151488 2784.3216058388352
leaf_count=873 11083 40305 46397 28607 3267 684 31547 9195 612 1234 29761 9006 28597 32868
internal_value=-5.43203e-05 0.0024312 -0.0158013 0.00410842 -0.0023575 0.00282444 -0.0114744 0.00553731 0.00754027 -0.000915224 -0.00482615 -0.00856793 0.00481447 0.00264368
internal_weight=17700.2 15298.2 2401.99 11331.5 3966.66 5991.94 1517.82 5339.57 1378.47 2516.81 1449.85 663.075 3961.1 5901.61
internal_count=274036 176003 98033 101436 74567 62159 51636 39277 9807 41539 33028 20089 29470 61475
is_linear=0
shrinkage=0.03


Tree=53
num_leaves=15
num_cat=0
split_feature=7 7 7 7 7 8 8 7 9 7 8 10 9 9
split_gain=738.137 113.559 91.6459 20.9054 11.7379 9.41221 9.09804 9.09509 8.65604 8.37967 7.76301 8.98053 7.71318 5.9481
threshold=0.018895518052587035 0.057407164585244877 0.0071010441150216657 0.1185369858508937 0.030340511369926781 0.22615388202153433 0.56691064609807629 0.01240987691140401 1.9003209804924526 0.0041745393042925327 0.30473410058163036 0.17827455168055786 1.4297488781424199 2.2184820653350124
decision_type=2 2 2 2 2 2 2 2 2 2 2 2 2 2
left_child=2 4 9 8 -2 -5 13 -4 -3 -1 -9 -12 -7 -6
right_child=1 3 7 5 6 12 -8 10 -10 -11 11 -13 -14 -15
leaf_value=-0.025383123244398828 -0.0042649331144714022 0.0043135434251222677 -0.012585537702386138 0.0023567045507860511 -0.00029654367538323959 0.010886438482020018 0.0084685631712548073 -0.010694556862570273 0.0012769086687431925 -0.017799490443765654 0.0068707335689086445 -0.0060865877762177039 0.0051793685361898652 -0.0037859938478925241
leaf_weight=502.89579484798014 1302.2256752997637 1223.6713294535875 788.54974092170596 1105.3385418206453 1894.9639588780701 220.44457609951496 77.712176743894815 393.90140531398356 2723.6778244897723 487.99910338036716 42.334925757721066 372.453094413504 5993.803263142705 558.65801122784615
leaf_count=28215 28459 11959 28208 10093 30499 1387 938 12022 31769 23907 1258 10604 44968 9750
internal_value=-5.3945e-05 0.00248714 -0.0148088 0.00400334 -0.00196723 0.0049526 -0.00076703 -0.0102035 0.00223103 -0.0219694 -0.00769386 -0.00457047 0.00540755 -0.00110922
internal_weight=17688.6 15100.5 2588.13 11266.9 3833.56 7319.59 2531.33 1597.24 3947.35 990.895 808.689 414.788 6214.25 2453.62
internal_count=274036 169822 104214 100176 69646 56448 41187 52092 43728 52122 23884 11862 46355 40249
is_linear=0
shrinkage=0.03


Tree=54
num_leaves=15
num_cat=0
split_feature=7 7 7 7 6 9 4 8 7 9 8 10 9 3
split_gain=703.896 106.588 90.4473 17.0353 15.7707 10.4168 9.77134 8.96614 8.56535 8.0435 6.89269 8.30104 8.10689 6.43245
threshold=0.018895518052587035 0.06830590478145572 0.0071010441150216657 0.036065169011250925 1.3986406674150766 1.6271661634722758 0.14835164835164838 0.32730644829256944 0.0041745393042925327 1.9810261925759773 0.51851564389571481 0.24414981615364431 1.7052298814355191 0.074487952779820607
decision_type=2 2 2 2 2 2 2 2 2 2 2 2 2 2
left_child=2 3 8 9 6 -6 10 -4 -1 -2 11 12 -3 -5
right_child=1 4 7 13 5 -7 -8 -9 -10 -11 -12 -13 -14 -15
leaf_value=-0.025245313513163947 -0.0012299675579160779 -0.0056554483220616165 -0.012114414551780053 -0.00031305077998779906 0.007048456720327112 0.0028016063929111735 0.0087213281237054161 -0.0072224172446152092 -0.017574240063852078 -0.0052185856348888658 -0.00080979092742517573 0.0086103213084830349 0.0046724326062487654 0.0047019117450888964
leaf_weight=490.73779230564833 798.24205188453197 58.275103643536568 869.22411019355059 2564.2701246514916 564.14403133094311 5990.9949309527874 746.15367269515991 712.98574673011899 479.74422027356923 1080.7920787408948 179.61800676584244 524.82228960096836 2379.8104574903846 237.7580743059516
leaf_count=28215 16020 381 29272 38570 4110 57720 4882 22820 23907 23301 1256 3416 17533 2633
internal_value=-5.41059e-05 0.00240918 -0.014578 -0.00134959 0.00409343 0.00318235 0.00561109 -0.00999848 -0.0217784 -0.00354732 0.00483468 0.00517922 0.0043925 0.00013525
internal_weight=17677.6 15124.9 2552.69 4681.06 10443.8 6555.14 3888.68 1582.21 970.482 1879.03 3142.53 2962.91 2438.09 2802.03
internal_count=274036 169822 104214 80524 89298 61830 27468 52092 52122 39321 22586 21330 17914 41203
is_linear=0
shrinkage=0.03


Tree=55
num_leaves=15
num_cat=0
split_feature=6 7 6 7 6 9 7 9 10 8 6 8 10 4
split_gain=671.207 113.321 75.7761 18.647 14.0527 8.71617 8.09441 7.97476 7.62173 6.74869 5.75691 5.6774 6.28205 5.58392
threshold=3.8490826385811467 0.057407164585244877 4.8445806323270011 0.14157481290980548 3.2939815763060616 1.9003209804924526 0.01240987691140401 1.4297488781424199 0.34890365439959597 0.20402376598122593 0.55920745798214477 0.5268858976673908 0.20667262876402046 0.71008403361344552
decision_type=2 2 2 2 2 2 2 2 2 2 2 2 2 2
left_child=1 4 6 5 8 -3 -2 10 13 -6 -5 12 -9 -1
right_child=2 3 -4 7 9 -7 -8 11 -10 -11 -12 -13 -14 -15
leaf_value=-0.0014680346930453566 -0.012711323476885613 0.0042324847401648061 -0.022372520155852331 0.0038372246723046449 -0.010547928204884654 0.0015625766074454745 -0.0076943994130087949 0.0040401489455795673 0.0066021827073399885 -0.0037111217196179086 0.014832851563516025 -0.0016304010489266605 0.0061706902003469616 0.0045726107215439266
leaf_weight=2369.7625776603818 893.8183211684227 1603.9072718992829 828.85752917453647 85.24765282869339 137.11980373039842 3542.4666364341974 577.73593366704881 3879.9349508956075 105.55836871266365 1294.3493206985295 112.46358379721642 120.45801980793476 1983.2888590022922 131.74937912076712
leaf_count=39236 33933 14867 46397 595 3267 39597 17703 30563 1291 29761 636 813 13105 2272
internal_value=-5.41615e-05 0.00221272 -0.0151128 0.00374972 -0.00209635 0.00240456 -0.0108392 0.00486112 -0.000775699 -0.00446861 0.0106968 0.00464203 0.00477473 -0.00112453
internal_weight=17666.7 15366.3 2300.41 11327.8 4038.54 5146.37 1471.55 6181.39 2607.07 1431.47 197.711 5983.68 5863.22 2501.51
internal_count=274036 176003 98033 100176 75827 54464 51636 45712 42799 33028 1231 44481 43668 41508
is_linear=0
shrinkage=0.03


Tree=56
num_leaves=15
num_cat=0
split_feature=6 6 6 6 6 10 4 6 8 10 8 8 10 3
split_gain=640.26 106.42 74.8666 18.1546 12.7434 10.4933 7.94681 7.74529 6.51069 6.27565 6.25185 6.07688 5.8797 6.81281
threshold=3.8490826385811467 2.6497083809956692 4.8445806323270011 1.4468497739944199 3.2939815763060616 0.28067672134826954 0.16025641025641027 4.2054383316843014 0.20402376598122593 0.34890365439959597 0.51851564389571481 0.31774527464915747 0.24414981615364431 0.34745145726321047
decision_type=2 2 2 2 2 2 2 2 2 2 2 2 2 2
left_child=1 3 7 6 9 -5 10 11 -6 -3 12 -2 13 -1
right_child=2 4 -4 5 8 -7 -8 -9 -10 -11 -12 -13 -14 -15
leaf_value=0.0045187309315322275 -0.010526507982788947 -0.0011299654085167273 -0.022185171115868839 0.002294505782238331 -0.010353381922763786 0.0061489070979426717 0.0079191828321037508 -0.012666467083698545 -0.003613263232052868 0.0060563105468491273 -0.00082750199683473825 -0.0043596645014320739 0.0076494123270702723 -0.0024649271340993913
leaf_weight=2597.3655337616801 341.96085543558002 2408.9505727812648 811.17640230432153 6514.1267093196511 135.80742137134075 698.14376378059387 783.26799231767654 814.79018758237362 1289.9955072291195 99.744381945580244 182.89891031384468 299.99625885300338 554.46115890145302 123.01853478699923
leaf_count=19145 11083 40305 46397 66056 3267 5431 5127 31547 29761 1234 1275 9006 3573 829
internal_value=-5.35609e-05 0.00214401 -0.0148801 0.00360511 -0.00210678 0.0026796 0.00516406 -0.0106277 -0.00435636 -0.000809944 0.00450844 -0.00780999 0.00480886 0.00419114
internal_weight=17655.7 15387.8 2267.92 11453.3 3934.5 7212.27 4241.01 1456.75 1425.8 2508.69 3457.74 641.957 3274.85 2720.38
internal_count=274036 176003 98033 101436 74567 71487 29949 51636 33028 41539 24822 20089 23547 19974
is_linear=0
shrinkage=0.03


Tree=57
num_leaves=15
num_cat=0
split_feature=7 7 7 7 7 7 8 8 9 11 8 10 3 9
split_gain=610.255 88.7618 86.6854 14.5211 12.6042 9.49513 8.75922 8.14349 7.47736 7.03035 6.99066 7.90761 6.25567 5.86631
threshold=0.018895518052587035 0.06830590478145572 0.0071010441150216657 0.036065169011250925 0.17804574776847867 0.0041745393042925327 0.32730644829256944 0.53527908367973165 1.9810261925759773 -0.58778666490211895 0.51851564389571481 0.24414981615364431 0.34745145726321047 2.3575769664228465
decision_type=2 2 2 2 2 2 2 2 2 2 2 2 2 2
left_child=2 3 5 8 7 -1 -4 -3 -2 -6 11 12 -11 -5
right_child=1 4 6 13 9 -7 -8 -9 -10 10 -12 -13 -14 -15
leaf_value=-0.024852403306733887 -0.0010561818522098856 0.002556250153593927 -0.01151229817313958 0.00050661203648330101 0.0088954900591049248 -0.016827919064027537 -0.0066503396291696477 0.0082823943952022114 -0.0049131650985726966 0.0044261070583191077 -0.0012090603879586987 0.0078815261827095123 -0.0021873388246946451 -0.0046648033778908778
leaf_weight=458.7456948235631 793.85749811679125 5708.5715552717447 843.13419339247048 2604.5831880494952 366.16885226964951 454.12835839577019 696.56428486481309 221.46082873642445 1068.9456019178033 3297.7108998969197 177.76057218015194 629.8100800961256 125.38455711305141 198.51840791478753
leaf_count=28215 16020 55063 29272 38062 2342 23907 22820 1577 23301 24231 1247 3993 845 3141
internal_value=-5.34434e-05 0.00219201 -0.013892 -0.0012495 0.00371703 -0.021197 -0.00939812 0.00279045 -0.00329103 0.00489936 0.00452329 0.00477824 0.00417538 0.000117487
internal_weight=17645.3 15192.8 2452.57 4665.9 10526.9 912.874 1539.7 5930.03 1862.8 4596.83 4230.67 4052.91 3423.1 2803.1
internal_count=274036 169822 104214 80524 89298 52122 52092 56640 39321 32658 30316 29069 25076 41203
is_linear=0
shrinkage=0.03


Tree=58
num_leaves=15
num_cat=0
split_feature=6 7 6 7 6 10 8 8 11 11 3 10 3 6
split_gain=583.214 94.9072 73.0321 23.2558 12.8499 9.07299 8.11648 6.38085 7.60539 6.16843 6.00976 5.69727 9.13449 5.55784
threshold=3.8490826385811467 0.045622487434631244 5.1038219627132824 0.096645139476576908 4.5136028423406058 0.15283654434326099 0.32730644829256944 0.23354826738118997 -1.8548554039531877 -1.9522423914320821 0.079469725670761784 0.22936716169073168 0.054366026199827479 1.3479888099339705
decision_type=2 2 2 2 2 2 2 2 2 2 2 2 2 2
left_child=1 7 4 9 6 13 -2 -1 10 11 -9 -3 -13 -5
right_child=2 3 -4 5 -6 -7 -8 8 -10 -11 -12 12 -14 -15
leaf_value=-0.0055089599111550975 -0.011312308328526073 0.0099269144890878069 -0.023807170216142849 0.0051306889536789704 -0.014777866163016139 0.0045912886272363555 -0.0057347358939927604 -0.0026076516911943981 0.0056076642734295473 0.00062045212746181689 0.009169676658202737 -0.0095376426178321472 0.0037792502277782737 0.0016126589689378489
leaf_weight=603.32376272603869 580.77821141108871 103.57531929388642 555.60953380540013 510.90073419362307 583.68993843346834 6408.3769673332572 486.68067871034145 2260.4179847091436 97.483870681375265 3103.5390485525131 25.325260810554028 37.616916067898273 410.37711858004332 1867.6007378846407
leaf_count=12870 20153 1527 34653 4010 27487 47654 15740 45792 1667 39085 343 536 4606 17913
internal_value=-5.3501e-05 0.00201406 -0.0144249 0.00316638 -0.0110818 0.00400208 -0.00888406 -0.00277832 -0.00205692 0.00114922 -0.00241823 0.00402925 0.00238829 0.00239575
internal_weight=17635.3 15428.5 2206.76 12442 1651.15 8786.88 1067.46 2986.55 2383.23 3655.11 2285.74 551.569 447.994 2378.5
internal_count=274036 176003 98033 115331 63380 69577 35893 60672 47802 45754 46135 6669 5142 21923
is_linear=0
shrinkage=0.03


Tree=59
num_leaves=15
num_cat=0
split_feature=6 6 6 6 6 6 9 9 8 10 11 8 8 8
split_gain=556.249 88.6723 72.2482 15.2597 12.586 11.0662 8.4031 6.79758 6.19076 5.78662 5.74597 5.6048 5.06322 6.11859
threshold=3.8490826385811467 2.6497083809956692 5.1038219627132824 1.7833559100698646 4.2054383316843014 3.2939815763060616 2.1678930878040941 1.5511502758327356 0.20402376598122593 0.34890365439959597 -2.9355019112486889 0.5972509909368876 0.22047695614180265 0.24698214739507679
decision_type=2 2 2 2 2 2 2 2 2 2 2 2 2 2
left_child=1 3 4 7 10 9 11 -1 -7 -3 -2 12 -5 -14
right_child=2 5 -4 6 -6 8 -8 -9 -10 -11 -12 -13 13 -15
leaf_value=0.0075773644358026254 -0.0048731859277658983 -0.0010472157994362288 -0.023644046699914052 0.0084757732497302094 -0.012993616770235422 -0.0099479266050934816 0.00012185588822049214 0.0039200426029674263 -0.003332847193469388 0.005836512740936428 -0.011188171329664695 0.0099460749130459592 -0.0024139707594096221 0.0026994505384694075
leaf_weight=502.4531673938036 413.4856592323631 2402.8103276118636 542.95476485416293 113.95991515368223 1007.5113590471447 133.13473160564899 1498.3129969090223 6125.9880156442523 1277.6336934044957 100.32772873714566 213.21175340004265 83.339008122682571 215.09095503389835 2995.1516206264496
leaf_count=3135 13051 40305 34653 1288 43291 3267 17369 45850 29761 1234 7038 628 2392 30774
internal_value=-5.33275e-05 0.00195167 -0.0141959 0.00327463 -0.0108704 -0.00194472 0.00199678 0.00421376 -0.00405521 -0.000738187 -0.00723295 0.00281704 0.00259444 0.00234721
internal_weight=17625.4 15448.2 2177.16 11534.3 1634.21 3913.91 4905.85 6628.44 1410.77 2503.14 626.697 3407.54 3324.2 3210.24
internal_count=274036 176003 98033 101436 63380 74567 52451 48985 33028 41539 20089 35082 34454 33166
is_linear=0
shrinkage=0.03


Tree=60
num_leaves=15
num_cat=0
split_feature=6 6 6 6 6 9 3 8 4 4 8 9 6 6
split_gain=531.25 106.162 51.3764 19.5652 11.1876 8.19683 8.00941 7.79928 7.03456 7.0136 6.0475 5.60073 5.44583 5.09473
threshold=4.0613043372021433 2.8183938029159621 5.1038219627132824 2.0081915103761951 3.5010415791527305 1.4297488781424199 0.074487952779820607 0.41538400459687669 0.87083333333333346 0.21825396825396828 0.22615388202153433 1.6560164723978006 2.0856528016791152 4.5136028423406058
decision_type=2 2 2 2 2 2 2 2 2 2 2 2 2 2
left_child=1 3 13 5 6 -1 8 -6 -3 11 -7 -5 -13 -2
right_child=2 4 -4 9 7 10 -8 -9 -10 -11 -12 12 -14 -15
leaf_value=0.0091813261401189096 -0.0097013805785596454 -0.0021432184869774654 -0.023478893383533015 0.012715449476634942 -0.0064202683183087602 0.0017370725923751159 0.0090474356391897614 -0.00053352484037774857 0.0099613962812358011 0.0009590746829200356 0.0040333214410172959 0.008033865767902288 -0.00063843134711955008 -0.014342773524946593
leaf_weight=243.50914813578129 655.61185069568455 2240.2054307051003 530.66265662480146 62.369609609246254 963.24960242584348 1260.1404712125659 46.87451433762908 259.07815745472908 29.443892031908035 3853.756096072495 6656.2357407584786 99.517973028123379 146.55722077190876 568.39215900376439
leaf_count=1503 23720 41671 34653 502 26246 11552 616 6354 550 46690 50014 942 1536 27487
internal_value=-5.30781e-05 0.00168488 -0.0156441 0.00299964 -0.00288637 0.00385274 -0.00164308 -0.00519414 -0.00192182 0.00131933 0.00367178 0.00556716 0.0031289 -0.0120043
internal_weight=17615.6 15860.9 1754.67 12322.1 3538.85 8159.89 2316.52 1222.33 2269.65 4162.2 7916.38 308.445 246.075 1224
internal_count=274036 188176 85860 112739 75437 63069 42837 32600 42221 49670 61566 2980 2478 51207
is_linear=0
shrinkage=0.03


Tree=61
num_leaves=15
num_cat=0
split_feature=7 7 7 7 7 9 10 11 9 10 9 8 4 3
split_gain=508.285 99.7001 49.4437 19.2994 8.09108 7.27204 6.90982 6.69822 6.62678 5.83462 5.64293 5.48226 5.19148 5.10532
threshold=0.013936205915647789 0.045622487434631244 0.0050895745722729308 0.1185369858508937 0.02114318502212691 1.5291899590487417 0.43194275929263715 -2.9730193800863263 2.1734494846250758 0.17827455168055786 2.2369659225247518 0.22615388202153433 0.87083333333333346 0.079469725670761784
decision_type=2 2 2 2 2 2 2 2 2 2 2 2 2 2
left_child=2 4 -1 6 7 -5 10 -2 12 -4 -3 -7 13 -6
right_child=1 3 9 5 8 11 -8 -9 -10 -11 -12 -13 -14 -15
leaf_value=-0.02267608432774916 -0.002134646888485896 0.0018284581163717009 -0.0140396714859309 0.0074416106024727509 -0.0015927815234837053 0.0016364833291672941 0.011706776100998179 -0.007658253777923521 -0.0045309990215303122 -0.0091790994039264665 -0.00064408236464834844 0.0039532466577611534 0.0080911712679770011 0.0092548644382624071
leaf_weight=559.39810928981751 345.91207928024232 3946.9011994376779 559.56778360903263 471.68727870285511 1723.5214208997786 1124.4291794151068 43.508131831884384 499.20227744244039 692.56479378044605 641.89558010548353 1042.8755650445819 5889.8639760017395 39.124990995973349 25.189184561371803
leaf_count=36907 9552 45335 23602 2923 32712 10093 351 14349 14156 26331 13197 43432 766 330
internal_value=-5.20704e-05 0.00165223 -0.0152723 0.00287831 -0.00295568 0.00384347 0.00143569 -0.00547405 -0.00206988 -0.0115881 0.00131131 0.00358614 -0.00108674 -0.00135915
internal_weight=17605.6 15844.8 1760.86 12519.3 3325.51 7485.98 5033.28 845.114 2480.4 1201.46 4989.78 7014.29 1787.84 1748.71
internal_count=274036 187196 86840 115331 71865 56448 58883 23901 47964 49933 58532 53525 33808 33042
is_linear=0
shrinkage=0.03


Tree=62
num_leaves=15
num_cat=0
split_feature=6 6 6 6 6 11 9 3 4 4 4 3 6 3
split_gain=484.837 93.801 50.5968 17.2298 10.2439 7.63416 7.42045 7.3487 7.09016 6.58523 6.46385 5.86987 7.58997 6.58941
threshold=4.0613043372021433 2.8183938029159621 5.1038219627132824 2.0081915103761951 3.5010415791527305 -3.0816574020173202 1.642850023690644 0.074487952779820607 0.080128205128205135 0.21825396825396828 0.87083333333333346 0.073616688305191719 1.3986406674150766 0.34745145726321047
decision_type=2 2 2 2 2 2 2 2 2 2 2 2 2 2
left_child=1 3 -2 6 7 -6 8 10 -1 -5 -3 -8 13 -13
right_child=2 4 -4 9 5 -7 11 -9 -10 -11 -12 12 -14 -15
leaf_value=-0.0018852564253035373 -0.011565541552047637 -0.0020227912257376707 -0.023147171488363514 0.0053426022235297035 -0.0007721180211452376 -0.0063043344375992624 0.0087080873833339841 0.0086534710869074476 0.0067810901711025722 0.00088827492779462638 0.0095219642437727892 0.004401189012193045 0.0021553599692110703 -0.0025604869855806538
leaf_weight=87.069400727748871 1196.7988990973681 2231.6679664067924 507.44000663701445 310.00725141167641 302.6261787712574 908.66752805747092 163.29329285025597 47.414883647114038 927.78619169443846 3860.9389857687056 29.893124978989363 3238.8228861391544 3665.7960163354874 117.87732307612896
leaf_count=588 51207 41671 34653 2980 8099 24501 1631 616 5860 46690 550 22750 31451 789
internal_value=-5.14999e-05 0.00158429 -0.0151859 0.00281324 -0.00272831 -0.00494853 0.00361106 -0.00153916 0.00602093 0.0012373 -0.00180846 0.00325888 0.00311388 0.00414641
internal_weight=17596.1 15891.9 1704.24 12371.6 3520.27 1211.29 8200.65 2308.98 1014.86 4170.95 2261.56 7185.79 7022.5 3356.7
internal_count=274036 188176 85860 112739 75437 32600 63069 42837 6448 49670 42221 56621 54990 23539
is_linear=0
shrinkage=0.03


Tree=63
num_leaves=15
num_cat=0
split_feature=7 7 6 7 6 11 9 9 7 10 11 10 3 9
split_gain=463.456 88.2219 51.6304 17.0982 7.9041 7.63552 7.61548 6.27362 5.79792 5.60748 5.55344 5.69381 8.45741 5.11313
threshold=0.013936205915647789 0.045622487434631244 5.1038219627132824 0.096645139476576908 3.5010415791527305 -3.0816574020173202 1.8612575538598153 2.1734494846250758 0.0077983361164995187 0.17827455168055786 -1.9522423914320821 0.22936716169073168 0.054366026199827479 1.9371150399690593
decision_type=2 2 2 2 2 2 2 2 2 2 2 2 2 2
left_child=2 4 8 10 7 -6 -5 -2 -1 -10 11 -3 -13 -11
right_child=1 3 -4 6 5 -7 -8 -9 9 13 -12 12 -14 -15
leaf_value=-0.014436662478528641 -0.00066111310494549182 0.0095521928882988973 -0.022975991658773356 0.0046622101465837998 -0.0004417614744792527 -0.0061074953042086974 0.0027786220114346494 -0.0042645490631886664 -0.012167064479743016 -0.0085747185472886279 0.00047198694080753564 -0.0094188711978331549 0.0034031649529297726 -0.001125152717096866
leaf_weight=407.26419625990093 1538.3376701436937 104.56782604008913 496.16671515349299 2952.6792317852378 283.54874177090824 890.82611675560474 5942.6564816907048 595.21973529830575 376.44759268127382 313.85991883277893 3115.8441455364227 37.375268720090389 414.13720162957907 117.580606341362
leaf_count=21820 28302 1527 34653 19862 7539 24081 49715 11943 14547 11484 39085 536 4606 4336
internal_value=-5.05042e-05 0.00155338 -0.0148133 0.00270039 -0.00279676 -0.00476235 0.00341065 -0.00168915 -0.0112408 -0.00939596 0.000972887 0.00369343 0.00207306 -0.0066505
internal_weight=17586.5 15875.2 1711.32 12567.3 3307.93 1174.37 8895.34 2133.56 1215.15 807.888 3671.92 556.08 451.512 431.441
internal_count=274036 187196 86840 115331 71865 31620 69577 40245 52187 30367 45754 6669 5142 15820
is_linear=0
shrinkage=0.03


Tree=64
num_leaves=15
num_cat=0
split_feature=7 7 6 7 6 11 4 9 8 6 11 11 9 10
split_gain=442.553 83 51.0707 16.1154 7.50922 7.26606 6.84438 6.61674 6.46442 5.69481 5.38928 6.40855 5.48898 5.32964
threshold=0.013936205915647789 0.045622487434631244 5.1038219627132824 0.1185369858508937 3.5010415791527305 -3.0816574020173202 0.74166666666666681 1.4297488781424199 0.63714962435624423 4.5136028423406058 -0.58778666490211895 -0.71314984786679469 2.2369659225247518 0.17827455168055786
decision_type=2 2 2 2 2 2 2 2 2 2 2 2 2 2
left_child=2 4 9 8 6 -6 -2 -5 10 13 11 12 -3 -1
right_child=1 3 -4 7 5 -7 -8 -9 -10 -11 -12 -13 -14 -15
leaf_value=-0.011690790121780082 -0.0021187354602775978 0.0015879916632135223 -0.022802802244431382 0.0084090672878241977 -0.0004293423565470686 -0.0059607065601367318 0.0042486637478703713 0.0033210469596928961 0.011119412208047795 -0.013512075617288 -0.0047156528642290025 0.0067614375911615714 -0.0010891970301215781 -0.0058250863175373282
leaf_weight=307.10799499973655 1979.7762419618666 3884.1252672374249 485.2171294791624 230.01724871993065 283.4335401840508 885.82707963511348 150.62060461193323 7309.7836653441191 44.815721705555916 541.1553812418133 121.63513668626547 174.11954355239868 826.08997187763453 354.30487506836653
leaf_count=11857 37333 44519 34653 1387 7539 24081 2912 55061 358 27487 1328 1873 10805 12843
internal_value=-5.0988e-05 0.00150523 -0.0145867 0.00261483 -0.00272138 -0.0046423 -0.001642 0.00349266 0.00129796 -0.0110316 0.00117708 0.00133781 0.00111649 -0.00874751
internal_weight=17578 15890.2 1687.79 12590.6 3299.66 1169.26 2130.4 7539.8 5050.79 1202.57 5005.97 4884.33 4710.22 661.413
internal_count=274036 187196 86840 115331 71865 31620 40245 56448 58883 52187 58525 57197 55324 24700
is_linear=0
shrinkage=0.03


Tree=65
num_leaves=15
num_cat=0
split_feature=7 7 7 7 7 8 9 7 4 4 10 11 10 3
split_gain=422.515 78.0782 48.151 15.1589 9.21105 7.05237 6.98806 6.54854 5.36326 8.10655 5.30803 5.091 5.40242 8.0351
threshold=0.013936205915647789 0.045622487434631244 0.0041745393042925327 0.096645139476576908 0.0077983361164995187 0.46707909178713253 1.8612575538598153 0.02114318502212691 0.74166666666666681 0.77350427350427364 0.17827455168055786 -1.9522423914320821 0.22936716169073168 0.054366026199827479
decision_type=2 2 2 2 2 2 2 2 2 2 2 2 2 2
left_child=2 5 -1 11 -4 7 -5 -2 -9 -10 -6 12 -3 -14
right_child=1 3 4 6 10 -7 -8 8 9 -11 -12 -13 13 -15
leaf_value=-0.023685636513372417 -0.0055647997649462613 0.0091823401064829689 -0.014739779742722876 0.0043944979957180053 -0.011732990188036946 0.0012457635876718446 0.0025953619019577524 -0.0027518150906110875 0.0097435212011541626 -0.0021261567740786277 -0.0063346659409482054 0.00042708177179811413 -0.0092957319322624823 0.0032211265920863348
leaf_weight=382.51556712482125 738.02093323878944 105.56319263577461 488.52342609968036 2967.7932680994272 367.92383157089353 364.45253726281226 5966.9680486992002 1992.1973623521626 66.821696173399687 130.05934711918235 425.89629000239074 3119.6114320829511 37.127641461789608 416.00861762464046
leaf_count=28215 21540 1527 28258 19862 14547 6851 49715 39407 1401 2666 15820 39085 536 4606
internal_value=-5.07564e-05 0.00145924 -0.0143601 0.00253268 -0.0113367 -0.00264696 0.00319933 -0.00313553 -0.00228423 0.00230701 -0.0090079 0.000906925 0.00350501 0.00193057
internal_weight=17569.5 15904.6 1664.86 12613.1 1282.34 3291.55 8934.76 2927.1 2189.08 196.881 793.82 3678.31 558.699 453.136
internal_count=274036 187196 86840 115331 58625 71865 69577 65014 43474 4067 30367 45754 6669 5142
is_linear=0
shrinkage=0.03


Tree=66
num_leaves=15
num_cat=0
split_feature=6 6 6 6 6 8 4 8 4 8 4 9 9 8
split_gain=403.246 73.4222 48.5826 12.6563 11.0233 9.92805 7.76616 5.9894 5.24996 5.1795 5.56008 5.09878 5.16331 6.6163
threshold=4.0613043372021433 2.6497083809956692 5.1038219627132824 3.2939815763060616 1.3986406674150766 0.5972509909368876 0.14835164835164838 0.51851564389571481 0.71008403361344552 0.36061877803980896 0.63068181818181823 2.0180679305337335 2.0730561743158904 0.27365334311234152
decision_type=2 2 2 2 2 2 2 2 2 2 2 2 2 2
left_child=1 4 -2 8 6 -6 7 -1 9 11 -11 -3 13 -13
right_child=2 3 -4 -5 5 -7 -8 -9 -10 10 -12 12 -14 -15
leaf_value=0.0035440983404204838 -0.010720724370643421 -0.0048255616198776266 -0.022455893868939612 -0.0039053091679210456 0.0018125967499618418 0.01050188245798511 0.0065965392931230877 -0.0018983236455385 0.0048544308433427392 0.001734478629038447 -0.0079034713488664414 -0.0037601300841737057 -0.0017038734163401863 0.0079295532287762625
leaf_weight=3061.165150873363 1147.477894583717 389.19512138143182 464.56032698508352 1762.4227229896933 7568.8606037050486 105.99814061075449 774.89600060880184 184.37444788217545 135.39668641984463 735.29112405702472 43.244749702513218 57.145299900323153 1026.0828706733882 105.09971137717366
leaf_count=21330 51207 6529 34653 45201 73228 740 4882 1256 2318 11160 712 967 18069 1784
internal_value=-5.08406e-05 0.00139926 -0.0142784 -0.0019709 0.00262602 0.00195286 0.00389904 0.00322761 -0.000587348 -0.000928805 0.00105985 -0.00191098 -0.000908158 0.00384249
internal_weight=17561.2 15949.2 1612.04 4253.88 11695.3 7674.86 4020.44 3245.54 2491.46 2356.06 778.536 1577.52 1188.33 162.245
internal_count=274036 188176 85860 86740 101436 73968 27468 22586 41539 39221 11872 27349 20820 2751
is_linear=0
shrinkage=0.03


Tree=67
num_leaves=15
num_cat=0
split_feature=7 7 7 7 7 7 9 10 9 8 11 11 8 3
split_gain=384.86 72.5678 44.6615 13.6557 7.8605 7.34135 6.13986 5.88672 5.88179 5.71125 5.14376 5.95078 5.05246 5.04299
threshold=0.013420447673330027 0.045622487434631244 0.0041745393042925327 0.1185369858508937 0.0077983361164995187 0.02114318502212691 1.4297488781424199 0.43194275929263715 2.1734494846250758 0.41538400459687669 -0.58778666490211895 -0.71314984786679469 0.22615388202153433 0.099317270373094124
decision_type=2 2 2 2 2 2 2 2 2 2 2 2 2 2
left_child=2 5 -1 7 -4 9 -5 10 -7 -2 11 -3 -8 -14
right_child=1 3 4 6 -6 8 12 -9 -10 -11 -12 -13 13 -15
leaf_value=-0.023370517863607939 -0.0061516944125360714 0.00099620409257551485 -0.014311161260984823 0.0078919011004386815 -0.008798367955622265 -0.00079361219521183256 0.0011603208055624475 0.010541239298936814 -0.0040577835458408748 -0.00031870981922289078 -0.0047034540378180344 0.0064135979181968962 0.0056604703413127636 0.003021131054049068
leaf_weight=365.71998116001487 694.36360944993794 4725.4685897305608 475.65107027534395 232.06715181469917 714.85896592587233 1771.6773486919701 1137.3938843905926 44.771671421825886 681.15992724895477 194.11267420649529 121.58399328589439 175.60103987902403 755.79918500036001 5462.6296035051346
leaf_count=28215 20962 55331 28258 1387 28176 33808 10093 351 14156 5130 1328 1873 6372 38596
internal_value=-5.02591e-05 0.00134015 -0.0142188 0.0023781 -0.0111516 -0.00258415 0.00318283 0.00116727 -0.00171924 -0.00490376 0.00105257 0.00120928 0.00301851 0.00335477
internal_weight=17552.9 15996.6 1556.23 12655.3 1190.51 3341.31 7587.89 5067.43 2452.84 888.476 5022.65 4901.07 7355.82 6218.43
internal_count=274036 189387 84649 115331 56434 74056 56448 58883 47964 26092 58532 57204 55061 44968
is_linear=0
shrinkage=0.03


Tree=68
num_leaves=15
num_cat=0
split_feature=6 6 6 6 3 8 4 10 10 6 6 4 10 10
split_gain=367.178 65.2031 47.5494 12.1921 7.92649 6.6488 6.09616 6.51094 5.37604 5.05816 4.88646 6.66844 4.82673 4.64156
threshold=4.0613043372021433 2.8183938029159621 5.1038219627132824 1.6193392260821904 0.049658635186547062 0.5972509909368876 0.16025641025641027 0.30854390169055218 0.28422506276573184 4.6303503656575673 3.5336854991202276 0.87083333333333346 0.11570255786069407 0.17827455168055786
decision_type=2 2 2 2 2 2 2 2 2 2 2 2 2 2
left_child=1 3 9 6 10 -5 12 8 -8 13 11 -3 -1 -2
right_child=2 4 -4 5 -6 -7 7 -9 -10 -11 -12 -13 -14 -15
leaf_value=-0.003518847145166897 -0.011146592539665294 -0.0022610064243325789 -0.022101442720497449 0.0013487204642464621 0.00070288946440190414 0.0082532130462020948 0.0048346655183392033 0.011762626354034907 -0.0030781462544938985 -0.013388860608417633 -0.0046327770723631478 0.010883121513692315 0.0029246685329778555 -0.0059429417469658453
leaf_weight=95.302702501416206 346.33091989345849 1786.0948262736201 445.06091681774706 6815.1063337735832 634.60599956288934 113.58604667335749 1261.7019262760878 109.92452298104763 72.413945734500885 375.48082035221159 1030.9683134295046 20.786949403584003 4034.835154786706 402.60922487825155
leaf_count=873 14170 35119 34653 72610 10933 852 8773 612 422 21587 28985 400 28597 15450
internal_value=-4.98443e-05 0.00131519 -0.013825 0.00232485 -0.00231457 0.00147949 0.00336885 0.00505318 0.00437572 -0.0103013 -0.00298948 -0.00202143 0.00276379 -0.00852087
internal_weight=17544.8 15975.3 1569.48 12502.9 3472.46 6928.69 5574.18 1444.04 1334.12 1124.42 2837.85 1806.88 4130.14 748.94
internal_count=274036 188176 85860 112739 75437 73462 39277 9807 9195 51207 64504 35519 29470 29620
is_linear=0
shrinkage=0.03


Tree=69
num_leaves=15
num_cat=0
split_feature=7 7 7 7 7 10 11 4 4 4 7 9 9 10
split_gain=351.068 69.8288 38.9158 12.4222 8.23911 6.0958 5.84124 5.6285 6.82739 6.6721 5.36601 4.68168 4.68055 9.6328
threshold=0.01240987691140401 0.045622487434631244 0.0041745393042925327 0.096645139476576908 0.02114318502212691 0.15283654434326099 -2.9355019112486889 0.74166666666666681 0.77350427350427364 0.86190476190476206 0.0077983361164995187 1.3772626059130288 2.1621903311161921 0.14973845481185566
decision_type=2 2 2 2 2 2 2 2 2 2 2 2 2 2
left_child=2 4 -1 12 6 -5 -2 -6 -9 -10 -4 -7 13 -3
right_child=1 3 10 5 7 11 -8 8 9 -11 -12 -13 -14 -15
leaf_value=-0.023048185622375674 -0.0024793376716559382 0.0090148394227436059 -0.013847382664879265 0.0015343860283493157 -0.0020715708683900855 0.0080548092277646522 -0.0071525206389069246 0.0094897401705008634 -0.0052421308160699237 0.0071992880411014815 -0.0088359159982500223 0.0031612581283985198 -0.00081582225366900844 0.0010225225706689493
leaf_weight=349.87085926346481 504.59300337545574 129.33729086816311 462.42332464642823 2427.2471895515919 2230.3768964856863 173.15132945775986 492.37494661472738 72.361383717507124 98.340299796313047 44.215003084391356 587.08559925295413 6402.6985135003924 1151.5033831335604 2411.3323058560491
leaf_count=28215 15294 1655 28258 21923 43577 1050 15117 1491 2026 870 23857 46604 15277 28822
internal_value=-4.93847e-05 0.00120562 -0.0143813 0.00223295 -0.00257647 0.00283329 -0.0048591 -0.00162186 0.00287582 -0.00106527 -0.011208 0.00330815 0.000763519 0.00147991
internal_weight=17536.9 16137.5 1399.38 12695.3 3442.26 9003.1 996.968 2445.29 214.917 142.555 1049.51 6575.85 3692.17 2540.67
internal_count=274036 193706 80330 115331 78375 69577 30411 47964 4387 2896 52115 47654 45754 30477
is_linear=0
shrinkage=0.03


Tree=70
num_leaves=15
num_cat=0
split_feature=6 3 6 6 6 8 4 8 10 9 9 8 8 6
split_gain=334.938 62.3599 41.5008 13.318 10.5529 10.4762 6.89777 5.82112 6.01878 6.92203 5.60087 5.74087 5.21719 4.57464
threshold=4.132763350584395 0.049658635186547062 5.1038219627132824 3.0228579809699494 1.3986406674150766 0.63714962435624423 0.14835164835164838 0.51851564389571481 0.24414981615364431 1.7052298814355191 2.2184820653350124 0.21366806211709052 0.48855503453053578 2.0856528016791152
decision_type=2 2 2 2 2 2 2 2 2 2 2 2 2 2
left_child=1 3 12 -1 6 13 7 8 9 -3 11 -5 -2 -6
right_child=2 4 -4 10 5 -7 -8 -9 -10 -11 -12 -13 -14 -15
leaf_value=0.00019066273250685674 -0.010993919161183294 -0.0065611060441590017 -0.021739680548805873 0.0060583323377562288 0.002077599906178743 0.011345446919152092 0.0059975289667471548 -0.0021784569257670412 0.0059779635637476642 0.0027678044042099745 -0.0060793566742120258 -0.0029713467171412111 -0.0029189872212186888 0.0006373493914445152
leaf_weight=1357.6786633208394 904.24914610758424 59.847665444016457 426.65708305034786 52.089212311431766 4793.3125285804272 83.454657148569822 783.24646505713463 185.62248930335045 550.46125268936157 2474.9319673627615 578.12176820449531 1775.8716098424047 92.273285647854209 3411.2814090643078
leaf_count=20556 42969 381 34653 1327 40492 846 4882 1256 3416 17533 14637 43507 4302 43279
internal_value=-4.88979e-05 0.0011887 -0.0139209 -0.00218562 0.0022191 0.00160068 0.00347283 0.00284364 0.00315487 0.00251024 -0.00351936 -0.00266682 -0.0103006 0.00148103
internal_weight=17529.1 16105.9 1423.18 3763.76 12342.2 8288.05 4054.11 3270.86 3085.24 2534.78 2406.08 1827.96 996.522 8204.59
internal_count=274036 192112 81924 80027 112085 84617 27468 22586 21330 17914 59471 44834 47271 83771
is_linear=0
shrinkage=0.03


Tree=71
num_leaves=15
num_cat=0
split_feature=7 7 7 7 7 10 11 4 4 4 7 11 10 3
split_gain=320.113 61.9584 38.2744 10.8882 7.66395 5.73616 5.5659 5.35963 6.43896 6.34836 5.30179 4.44252 5.35213 7.45115
threshold=0.01240987691140401 0.045622487434631244 0.0041745393042925327 0.096645139476576908 0.02114318502212691 0.20667262876402046 -2.9355019112486889 0.74166666666666681 0.77350427350427364 0.86190476190476206 0.0077983361164995187 -1.9522423914320821 0.22936716169073168 0.054366026199827479
decision_type=2 2 2 2 2 2 2 2 2 2 2 2 2 2
left_child=2 4 -1 11 6 -5 -2 -6 -9 -10 -4 12 -3 -14
right_child=1 3 10 5 7 -7 -8 8 9 -11 -12 -13 13 -15
leaf_value=-0.022718753946742554 -0.0023280245227148152 0.0087492324275946533 -0.013420997101625115 0.0020906737998021602 -0.0019596527569719475 0.0036858414682319528 -0.0069014729209226225 0.0092620642834368595 -0.0050838655987152388 0.0070471953139249035 -0.0084304732103839819 0.00027449332375533803 -0.009223276426553139 0.0028271152284295
leaf_weight=334.91492785140872 501.95985591411591 106.747589237988 450.85468394029886 5851.3992379158735 2222.3934278078377 3184.7165812477469 487.33929844200611 72.824752982705832 97.705905325710773 44.435356870293617 576.5412133038044 3132.4318079948425 36.982495434582233 420.03777109086514
leaf_count=28215 15294 1527 28258 48266 43577 21311 15117 1491 2026 870 23857 39085 536 4606
internal_value=-4.82681e-05 0.00113407 -0.0139321 0.00209754 -0.0024394 0.00265806 -0.00465038 -0.00151903 0.00286699 -0.000980832 -0.0107821 0.000722031 0.0031371 0.00158987
internal_weight=17521.3 16159 1362.31 12732.3 3426.66 9036.12 989.299 2437.36 214.966 142.141 1027.4 3696.2 563.768 457.02
internal_count=274036 193706 80330 115331 78375 69577 30411 47964 4387 2896 52115 45754 6669 5142
is_linear=0
shrinkage=0.03


Tree=72
num_leaves=15
num_cat=0
split_feature=7 7 6 7 6 8 4 9 8 11 11 11 8 4
split_gain=305.576 58.2858 38.515 10.2915 7.33161 5.99921 5.62473 5.31796 5.14038 8.12127 5.09586 5.28214 5.39385 7.70576
threshold=0.01240987691140401 0.045622487434631244 5.1038219627132824 0.1185369858508937 3.5010415791527305 0.55573667729892617 0.87083333333333346 1.3772626059130288 0.25608342065234407 -1.8548554039531877 -0.58778666490211895 -0.71314984786679469 0.25688016278728132 0.31009615384615391
decision_type=2 2 2 2 2 2 2 2 2 2 2 2 2 2
left_child=2 4 -1 10 6 -6 8 -5 -2 -10 11 12 13 -3
right_child=1 3 -4 7 5 -7 -8 -9 9 -11 -12 -13 -14 -15
leaf_value=-0.010071116819755803 -0.0037740771292252145 -0.0051186067952369105 -0.021370764423375651 0.0081015513546418283 -0.0045388238721255619 0.0049606493668275303 0.0092496664181764728 0.0026025981147976235 -0.00090748719661017097 0.011519084227253278 -0.0047428581439152104 0.006018455090170083 0.0015699715082337707 0.00046793277416303441
leaf_weight=935.26361937448382 603.1223905980587 262.89624097943306 409.28436589427292 150.523636713624 1263.149462049827 50.847949963063002 30.154014404863119 7508.7501202970743 1437.7924493029714 33.953496400266886 121.7454699203372 177.30554039776325 3430.1241683512926 1099.1179720759392
leaf_count=45677 12226 2924 34653 894 36836 1294 542 55554 26894 583 1328 1873 38332 14426
internal_value=-4.80954e-05 0.00109947 -0.0137086 0.00203195 -0.00237166 -0.00411938 -0.00125927 0.00272629 -0.00147729 -0.000507478 0.000982426 0.00113654 0.000937697 -0.000654394
internal_weight=17514 16169.5 1344.55 12750.5 3419.02 1314 2105.02 7659.27 2074.87 1471.75 5091.19 4969.44 4792.14 1362.01
internal_count=274036 193706 80330 115331 78375 38130 40245 56448 39703 27477 58883 57555 55682 17350
is_linear=0
shrinkage=0.03


Tree=73
num_leaves=15
num_cat=0
split_feature=7 7 6 6 8 3 4 8 3 8 3 6 4 8
split_gain=291.539 54.7777 38.0126 9.87279 8.95404 7.15153 6.40604 5.60469 5.31177 4.62981 4.88079 5.03621 5.81274 4.60673
threshold=0.01240987691140401 0.045622487434631244 5.1038219627132824 1.3986406674150766 0.63714962435624423 0.024191545538525212 0.14835164835164838 0.51851564389571481 0.079469725670761784 0.20402376598122593 0.027086528283571127 3.5010415791527305 0.87083333333333346 0.48855503453053578
decision_type=2 2 2 2 2 2 2 2 2 2 2 2 2 2
left_child=2 5 13 6 -5 -2 7 -3 9 -7 -11 12 -12 -1
right_child=1 3 -4 4 -6 8 -8 -9 -10 10 11 -13 -14 -15
leaf_value=-0.010550061214490127 -0.0093330418389330934 0.0028865648870813601 -0.021180597532289121 0.0013019819810601288 0.011843893089425054 -0.0058031627206554665 0.0056072545335673135 -0.0023291114979284437 0.0087277788116525406 0.0026302889217140182 -0.0014329387404747867 -0.0038741937762549372 0.009725708819009379 -0.0027333482762231967
leaf_weight=838.953976245597 111.64804942160845 3101.9126448482275 400.833301410079 8632.818911999464 58.39331716299057 273.29687594808638 788.74752694368362 186.29743182659149 26.427915997803211 197.11676437780261 1823.5645482689142 951.12676730193198 28.173380088061094 87.340243440121412
leaf_count=41479 3662 21330 34653 87441 422 6410 4882 1256 354 5954 34699 26798 498 4198
internal_value=-4.71445e-05 0.00106644 -0.0134835 0.0019685 0.00139309 -0.00230366 0.00318555 0.00258183 -0.00202466 -0.00215089 -0.00179095 -0.00211423 -0.00118638 -0.00986833
internal_weight=17506.7 16179.5 1327.13 12768.2 8691.21 3411.35 4076.96 3288.21 3299.71 3273.28 2999.98 2802.86 1851.74 926.294
internal_count=274036 193706 80330 115331 87863 78375 27468 22586 74713 74359 67949 61995 35197 45677
is_linear=0
shrinkage=0.03


Tree=74
num_leaves=15
num_cat=0
split_feature=6 3 6 6 6 8 10 10 3 8 3 11 11 8
split_gain=277.66 49.8043 39.3608 10.9896 8.47638 9.44739 5.33789 5.49437 5.25246 5.18941 5.65841 7.26028 5.1436 6.97775
threshold=4.132763350584395 0.049658635186547062 5.1038219627132824 3.0228579809699494 1.3986406674150766 0.63714962435624423 0.17827455168055786 0.19737023816377317 0.024191545538525212 0.20402376598122593 0.027086528283571127 -2.650131694242575 -0.58778666490211895 0.49251446170600338
decision_type=2 2 2 2 2 2 2 2 2 2 2 2 2 2
left_child=1 3 6 -1 12 -6 -2 -8 -5 -10 11 -11 -3 -14
right_child=2 4 -4 8 5 -7 7 -9 9 10 -12 -13 13 -15
leaf_value=0.00017534089226747376 -0.012042532340253275 0.0076802449377635978 -0.020988669696034312 -0.0094626173325644252 0.0012985329417091128 0.010601627928502111 -0.0011593926129021329 -0.0086727093306158964 -0.007217190270500105 -0.0023982929235035495 -0.0028649739814664045 0.008733516575817224 0.0031460393578736884 -0.002061272850275798
leaf_weight=1358.1956832781434 442.01354581862688 198.15920862555504 392.62554499879479 102.63663818314672 8239.6420715376735 84.779187953099608 117.51130026206374 399.87198499590158 210.66691923327744 112.43274905532598 1877.3137263581157 76.911995491012931 3649.6621270105243 237.22450198233128
leaf_count=20556 22248 1159 34653 3344 83771 846 5753 19270 5249 3668 45235 1975 24719 1590
internal_value=-4.64226e-05 0.00105167 -0.0130289 -0.00197844 0.00196573 0.00141218 -0.00949849 -0.00704698 -0.00320096 -0.00285868 -0.00236558 0.00243262 0.00308445 0.00282152
internal_weight=17499.6 16147.6 1352.02 3738.16 12409.5 8324.42 959.397 517.383 2379.96 2277.33 2066.66 189.345 4085.05 3886.89
internal_count=274036 192112 81924 80027 112085 84617 47271 25023 59471 56127 50878 5643 27468 26309
is_linear=0
shrinkage=0.03


Tree=75
num_leaves=15
num_cat=0
split_feature=7 7 7 7 7 6 11 10 9 6 8 9 9 8
split_gain=265.502 48.7223 36.9555 9.15268 6.61097 5.33482 5.30072 5.27256 4.93504 4.73802 6.04827 5.70315 4.32502 4.24885
threshold=0.01240987691140401 0.045622487434631244 0.0041745393042925327 0.096645139476576908 0.02114318502212691 4.6303503656575673 -2.9355019112486889 0.24654055576928524 2.1734494846250758 0.55920745798214477 0.49251446170600338 1.7669551885720913 2.4067271694720795 0.46008951601118958
decision_type=2 2 2 2 2 2 2 2 2 2 2 2 2 2
left_child=2 4 -1 -3 6 -4 -2 12 -6 10 -9 -11 -5 -13
right_child=1 3 5 7 8 -7 -8 9 -10 11 -12 13 -14 -15
leaf_value=-0.022048960255394445 -0.0019896885580939368 0.00059151378741417488 -0.0076293546299473752 0.002126872920545593 -0.00048303548390559608 -0.012640005725403929 -0.0064682161793710976 0.0050519253122791648 -0.0034940153897439173 0.0054412750403458792 -0.002106535525102191 0.0036290390388241324 -0.0022358575438813423 -0.0053606522572476941
leaf_weight=307.84751537255943 496.16796045564115 3709.014314096421 561.92432926408947 7164.2460283637047 1754.8504318371415 424.38776657637209 478.8627715613693 170.4051159620285 668.0008853264153 1162.5703510865569 235.21731372177601 88.299829684197903 198.85684906691313 72.479233957827091
leaf_count=28215 15294 45754 24090 56530 33808 28025 15117 1070 14156 7300 1581 596 1958 542
internal_value=-4.62467e-05 0.0010031 -0.0130419 0.00185056 -0.00218372 -0.00994238 -0.00425388 0.00236236 -0.00132958 0.00385498 0.000973703 0.00471732 0.00200474 -0.000535141
internal_weight=17493.1 16199 1294.16 12801.1 3397.88 986.312 975.031 9092.07 2422.85 1728.97 405.622 1323.35 7363.1 160.779
internal_count=274036 193706 80330 115331 78375 52115 30411 69577 47964 11089 2651 8438 58488 1138
is_linear=0
shrinkage=0.03


Tree=76
num_leaves=15
num_cat=0
split_feature=7 7 7 7 3 6 9 3 9 9 8 3 6 4
split_gain=253.281 45.8748 36.4689 8.58757 6.47386 5.19871 4.9851 4.91866 4.52914 4.31909 4.09375 4.56743 4.47678 5.5198
threshold=0.01240987691140401 0.045622487434631244 0.0041745393042925327 0.096645139476576908 0.024191545538525212 4.6303503656575673 1.3772626059130288 0.079469725670761784 2.4067271694720795 2.4865450930316295 0.20402376598122593 0.027086528283571127 3.5010415791527305 0.87083333333333346
decision_type=2 2 2 2 2 2 2 2 2 2 2 2 2 2
left_child=2 4 -1 -3 9 -4 -5 10 -8 -2 -6 -12 13 -13
right_child=1 3 5 6 7 -7 8 -9 -10 -11 11 12 -14 -15
leaf_value=-0.021869929981013076 -0.010899216034952069 0.00057355998650693621 -0.0074598287576750832 0.007122273668964672 -0.0054405408780458728 -0.012422030848543633 0.0022837989756675243 0.0084478546714064576 -0.0021770157385775563 0.0040045338956572977 0.0026283011111157177 -0.0013276405791724094 -0.0036275901943485147 0.0095190500264843211
leaf_weight=301.27904494293034 96.357716139405966 3710.8039082475007 557.85666914470494 175.96945017576218 269.49594733677804 419.22187606897205 8731.6738294810057 26.686342500150204 198.51539865136147 12.805135266855357 197.11756163090467 1817.5535008050501 942.84157670848072 28.377246916294098
leaf_count=28215 3280 45754 24090 1050 6410 28025 66569 354 1958 382 5954 34699 26798 498
internal_value=-4.63748e-05 0.000972231 -0.0128227 0.00179302 -0.00212411 -0.00974452 0.00228819 -0.00186009 0.00218115 -0.00887838 -0.00198295 -0.00164525 -0.00195976 -0.00108551
internal_weight=17486.6 16208.2 1278.36 12817 3391.24 977.079 9106.16 3282.07 8930.19 109.163 3255.39 2985.89 2788.77 1845.93
internal_count=274036 193706 80330 115331 78375 52115 69577 74713 68527 3662 74359 67949 61995 35197
is_linear=0
shrinkage=0.03


Tree=77
num_leaves=15
num_cat=0
split_feature=7 7 7 7 3 8 6 8 9 11 9 8 7 7
split_gain=241.603 43.1506 35.9686 8.12871 6.20846 5.60213 5.06286 4.86599 4.50065 4.28178 4.18129 4.01086 3.98231 3.42915
threshold=0.01240987691140401 0.045622487434631244 0.0041745393042925327 0.13190940246168517 0.024191545538525212 0.63714962435624423 4.6303503656575673 0.46707909178713253 2.2821983118029467 -0.58778666490211895 2.4865450930316295 0.48855503453053578 0.032532465394676212 0.096645139476576908
decision_type=2 2 2 2 2 2 2 2 2 2 2 2 2 2
left_child=2 4 -1 5 10 9 11 12 -5 13 -2 -4 -6 -3
right_child=1 3 6 8 7 -7 -8 -9 -10 -11 -12 -13 -14 -15
leaf_value=-0.021689083806528967 -0.010712010976680354 0.00045192739633205027 -0.0080974351484083777 0.0026433703512719407 -0.0030885264653894265 0.0095821443952007739 -0.012205436341499527 0.0013426953774210051 -0.00023777971770186815 -0.0028063864865084292 0.0039423502964810184 0.00046964431638699296 -0.00078517885206812871 0.0020321937747774651
leaf_weight=294.89932387694716 95.377559481188655 3663.1193030290306 501.3064052965492 6466.3973676934838 1798.8361337780952 51.376941651105881 414.20437800791115 380.26167886890471 525.13153351098299 266.98717753589153 12.852771397680042 52.60001496039331 1097.2570637464523 1859.5377646684647
leaf_count=28215 3280 45313 21918 45410 47560 380 28025 7520 4620 2778 382 2172 19633 16830
internal_value=-4.60515e-05 0.000942784 -0.0126048 0.00173735 -0.00206415 0.000907841 -0.00954891 -0.00180615 0.00242692 0.000806303 -0.0087037 -0.00729296 -0.00222439 0.000988083
internal_weight=17480.1 16217.1 1263.01 12832.6 3384.59 5841.02 968.111 3276.35 6991.53 5789.64 108.23 553.906 2896.09 5522.66
internal_count=274036 193706 80330 115331 78375 65301 52115 74713 50030 64921 3662 24090 67193 62143
is_linear=0
shrinkage=0.03


Tree=78
num_leaves=15
num_cat=0
split_feature=7 7 7 6 10 10 4 11 11 6 11 10 10 10
split_gain=230.425 40.6274 35.4545 7.73025 8.03584 5.95397 5.7322 5.20576 4.96072 4.92673 4.87833 4.4971 4.36223 4.32514
threshold=0.01240987691140401 0.045622487434631244 0.0041745393042925327 1.3986406674150766 0.43194275929263715 0.13808176879400566 0.14835164835164838 -0.58778666490211895 -2.4448304484744443 4.6303503656575673 -0.40546510810816433 0.30854390169055218 0.11760440007810852 0.12550938237196266
decision_type=2 2 2 2 2 2 2 2 2 2 2 2 2 2
left_child=2 5 -1 6 -5 8 7 -3 12 -4 -9 13 -2 -12
right_child=1 3 9 4 -6 -7 -8 10 -10 -11 11 -13 -14 -15
leaf_value=-0.02150644974149149 0.0015039320961425346 0.0098702042923789843 -0.0071290334631851941 0.0010892727045758172 0.011010401843892598 -0.0013957637156222207 0.0050302033226786447 -0.0045217554574699609 -0.0032065179250314745 -0.01199029563744694 -0.0037151480218626069 -0.0018886964943392365 -0.012618250782310485 0.0027024284711251196
leaf_weight=288.70295975543559 20.626797702163458 63.510151550173759 550.0753324944526 8676.5547679848969 59.317282445728779 2759.3920623306185 796.93485046923161 86.8605647534132 509.34512046910822 409.33101367391646 85.145491652190685 215.58296626806259 88.911914546042681 2863.5078095197678
leaf_count=28215 774 387 24090 87446 417 63037 4882 565 11485 28025 694 1437 3079 19503
internal_value=-4.59454e-05 0.000914021 -0.0123884 0.00168364 0.0011754 -0.0020073 0.00275532 0.00218816 -0.00463638 -0.00935574 0.00199345 0.00219279 -0.0100981 0.00249925
internal_weight=17473.8 16225.7 1248.11 12847.4 8735.87 3378.28 4111.54 3314.61 618.884 959.406 3251.1 3164.24 109.539 2948.65
internal_count=274036 193706 80330 115331 87863 78375 27468 22586 15338 52115 22199 21634 3853 20197
is_linear=0
shrinkage=0.03


Tree=79
num_leaves=15
num_cat=0
split_feature=6 3 6 6 6 8 3 4 8 3 11 11 8 10
split_gain=219.737 40.319 32.7667 9.54869 6.59279 8.73827 5.38934 5.37282 4.97576 7.00152 6.06799 4.94037 6.04398 5.33488
threshold=4.2054383316843014 0.049658635186547062 5.1038219627132824 3.1245627302238765 1.3986406674150766 0.63714962435624423 0.024191545538525212 0.14835164835164838 0.20402376598122593 0.027086528283571127 -2.650131694242575 -0.58778666490211895 0.49251446170600338 0.24414981615364431
decision_type=2 2 2 2 2 2 2 2 2 2 2 2 2 2
left_child=1 3 -2 -1 7 -6 -5 11 -8 10 -10 -3 13 -13
right_child=2 4 -4 6 5 -7 8 -9 9 -11 -12 12 -14 -15
leaf_value=-8.7781917501566508e-05 -0.0089057771859687579 0.0095852241587902915 -0.020029956636981407 -0.0090614957371320509 0.0010902884625326676 0.0099574731393482115 -0.0073683448278154609 0.0048678253423918025 -0.0011805923565913659 -0.0028775170021005316 0.0087799939694716486 0.0017263626590063553 -0.0026241932638978523 0.0051742053334261915
leaf_weight=1620.8574837744236 821.40722677670419 63.876739025115967 355.88448263052851 117.27699825540185 8281.3163152318448 86.523575918748975 176.64530191384256 799.2770176678896 131.56339754909277 1681.8501430656761 76.065317125990987 2550.6040557399392 231.04961489140987 473.66133296489716
leaf_count=25420 43291 387 34653 4123 83895 853 4752 4882 4498 43123 1960 17774 1552 2873
internal_value=-4.57685e-05 0.000863355 -0.0124782 -0.00183557 0.00168687 0.00119963 -0.0031236 0.00266888 -0.00272367 -0.00223483 0.0028142 0.00211984 0.00193006 0.00228924
internal_weight=17467.9 16290.6 1177.29 3804.26 12486.3 8367.84 2183.4 4118.47 2066.12 1889.48 207.629 3319.19 3255.32 3024.27
internal_count=274036 196092 77944 83876 112216 84748 58456 27468 54333 49581 6458 22586 22199 20647
is_linear=0
shrinkage=0.03


Tree=80
num_leaves=15
num_cat=0
split_feature=7 7 7 9 7 9 7 5 6 6 11 3 10 9
split_gain=209.485 36.5866 34.5484 9.54577 7.62227 6.55272 5.62079 5.01776 4.78117 4.66527 4.44918 4.11085 4.02489 8.05294
threshold=0.01240987691140401 0.059336613533021415 0.0041745393042925327 2.2184820653350124 0.030340511369926781 1.7373324713914402 0.46570839807042735 13.500000000000002 4.6303503656575673 1.2946333325561217 -2.7901758260511134 0.31763161865277817 0.17827455168055786 1.9428236118074744
decision_type=2 2 2 2 2 2 2 2 2 2 2 2 2 2
left_child=2 3 -1 4 -2 6 7 -3 12 -7 -6 -8 -4 -14
right_child=1 5 8 -5 10 9 11 -9 -10 -11 -12 -13 13 -15
leaf_value=-0.021147341504237024 -0.0022929407468618543 0.0029949341203830849 -0.009578118236468397 -0.0040259388944726459 0.0091489419031563473 0.0025225787264630197 -0.00471662506880251 0.0069069771813847309 -0.011580502838798674 0.001002250321641114 0.00026460596414618997 0.0022755245927113346 -0.0068756097254909143 0.0038286247516035894
leaf_weight=277.19005159847438 1524.4438429195434 1575.8202312290668 247.08627107925713 970.43127869255841 37.053871627897024 2463.3999395892024 116.57061177492142 368.50100028514862 400.33165605273098 6969.4223853871226 2052.488663315773 163.97341430187225 219.33536442369223 75.587403019890189
leaf_count=28215 40977 10702 11428 21661 542 16732 781 2624 28025 66059 32543 1085 9418 3244
internal_value=-4.49325e-05 0.00085982 -0.0119588 -0.00140753 -0.000690701 0.00175213 0.00321444 0.00378357 -0.00896694 0.00140266 0.000486238 -0.000721757 -0.00677667 -0.00407964
internal_weight=17461.6 16242.1 1219.53 4584.42 3613.99 11657.7 2224.87 1944.32 942.341 9432.82 2089.54 280.544 542.009 294.923
internal_count=274036 193706 80330 95723 74062 97983 15192 13326 52115 82791 33085 1866 24090 12662
is_linear=0
shrinkage=0.03


Tree=81
num_leaves=15
num_cat=0
split_feature=6 6 6 6 3 3 8 3 11 10 8 10 3 6
split_gain=199.88 36.0735 31.7179 8.42048 6.74784 5.41618 5.30194 6.39876 5.78222 5.04258 4.84355 3.97097 5.54757 3.74806
threshold=4.2054383316843014 3.0228579809699494 5.1038219627132824 2.0856528016791152 0.05036278123189173 0.024191545538525212 0.20402376598122593 0.027086528283571127 -2.4106495796758152 0.29514862277192327 0.48855503453053578 0.24654055576928524 0.34745145726321047 0.55920745798214477
decision_type=2 2 2 2 2 2 2 2 2 2 2 2 2 2
left_child=1 3 10 11 5 -3 -7 8 -8 -5 -2 12 -1 -13
right_child=2 4 -4 9 -6 6 7 -9 -10 -11 -12 13 -14 -15
leaf_value=0.0017848224678635918 -0.009274572901281166 -0.0088182971150431878 -0.019632652698243911 6.4945320627982805e-05 0.0017426607863024752 -0.0069000630624299402 0.00014878151198044408 -0.0025377530919514116 0.011516665955186424 0.0034632415773623621 -0.0011230275397366308 0.00072950434536197498 -0.004080204748757481 0.0040479696977330356
leaf_weight=7158.3166945800185 730.88023144379258 115.88452058844268 342.47546372562647 4087.7658945284784 320.01135037466884 208.19196399115026 170.34016446396708 1928.5427616797388 37.901507517322898 419.85456140339375 76.81211253348738 407.63108086585999 134.4058830589056 1316.7256556376815
leaf_count=56341 39315 4124 34653 53827 6255 5415 5588 47809 885 4050 3976 2651 869 8278
internal_value=-4.46338e-05 0.000812425 -0.0120489 0.0014524 -0.00229117 -0.00282311 -0.00247267 -0.00199621 0.00285262 0.00039191 -0.00853397 0.001981 0.00166858 0.00327655
internal_weight=17455.7 16305.6 1150.17 13524.7 2780.87 2460.86 2344.98 2136.78 208.242 4507.62 807.692 9017.08 7292.72 1724.36
internal_count=274036 196092 77944 126016 70076 63821 59697 54282 6473 57877 43291 68139 57210 10929
is_linear=0
shrinkage=0.03


Tree=82
num_leaves=15
num_cat=0
split_feature=6 7 7 7 9 8 9 8 8 9 7 6 4 9
split_gain=190.499 34.0845 31.8027 9.32859 6.18044 4.90134 4.55094 3.90259 3.94505 3.89843 3.87896 3.67487 6.95111 4.92618
threshold=4.2054383316843014 0.034835010130559833 0.0041745393042925327 0.096645139476576908 2.2118685301763787 0.48855503453053578 1.3772626059130288 0.21366806211709052 0.39096017660132915 2.4067271694720795 0.0096776612385934407 3.5010415791527305 0.73030303030303034 2.0387041915679345
decision_type=2 2 2 2 2 2 2 2 2 2 2 2 2 2
left_child=1 4 -2 -3 7 -4 -5 -1 11 -8 -7 12 13 -9
right_child=2 3 5 6 -6 10 9 8 -10 -11 -12 -13 -14 -15
leaf_value=0.006001960523533606 -0.020782448219515828 0.00027480383146817931 -0.0095151222394686871 0.006502477152331613 -0.0053928183376725503 -0.0051725335759999057 0.0019086593388300615 -0.005400606840001764 -7.5890895012946656e-05 -0.0022201871592131546 0.0067769451365817628 -0.0044288027765196592 0.0074989204236250266 0.00064514042980987573
leaf_weight=43.513529678806663 266.32478784583509 4731.2788969427347 787.33604938909411 177.86149369180202 509.6715894844383 62.145496701821685 8800.6952961981297 223.18586378917098 673.34722657501698 198.76521600037813 21.267894396558404 653.2555715367198 59.951066579669714 241.37070501223207
leaf_count=1224 28215 63068 45134 1050 14334 3713 66569 4751 16333 1958 882 20253 1220 5332
internal_value=-4.42736e-05 0.000787668 -0.0118345 0.00135812 -0.0025003 -0.00879208 0.00191525 -0.00168594 -0.00191345 0.00181393 -0.00155723 -0.00294985 -0.00103595 -0.00233748
internal_weight=17450 16312.9 1137.07 13908.6 2404.3 870.749 9177.32 1894.62 1851.11 8999.46 83.4134 1177.76 524.508 464.557
internal_count=274036 196092 77944 132645 63447 49729 69577 49113 47889 68527 4595 31556 11303 10083
is_linear=0
shrinkage=0.03


Tree=83
num_leaves=15
num_cat=0
split_feature=7 7 7 7 8 6 4 4 4 10 6 8 4 6
split_gain=181.805 36.8761 26.4857 8.75976 6.31502 4.84874 6.71224 4.47386 4.12827 4.11663 4.08349 3.08902 3.20397 3.1753
threshold=0.010534141652292868 0.034835010130559833 0.0041745393042925327 0.096645139476576908 0.39096017660132915 3.7784909597419731 0.74166666666666681 0.78174603174603186 0.82843137254901966 0.18774223999511555 3.5681222583105501 0.56691064609807629 0.34313725490196084 2.4973207021709536
decision_type=2 2 2 2 2 2 2 2 2 2 2 2 2 2
left_child=2 4 -1 11 5 6 -2 10 -9 -5 -8 12 -3 -14
right_child=1 3 -4 9 -6 -7 7 8 -10 -11 -12 -13 13 -15
leaf_value=-0.020591654428218493 -0.0033725153428699121 -0.00095024795798201401 -0.0091831073477409413 0.0012592206261231814 -0.00019990113839890892 -0.0057418336864666387 0.012009191003719367 -0.0063729811760581062 0.0036571480837144744 0.0025392974150850122 -0.00077259777710366731 0.0043183916912073739 0.002263777183506442 9.0364431388778395e-05
leaf_weight=260.94931040890515 1035.3317196946591 1611.4937023892999 722.49745229166001 4929.7985212877393 711.50535114482045 594.85177855379879 46.137006100267172 55.523284416645765 63.411828968673944 4259.1216875240207 32.876449413597584 148.51784811168909 828.56713939458132 2143.7758397087455
leaf_count=28215 24454 19172 43408 40954 17954 22580 995 1396 1515 28623 874 1351 9286 33259
internal_value=-4.37729e-05 0.000709553 -0.0124741 0.00131636 -0.00260492 -0.0035317 -0.00240949 0.00251017 -0.00121462 0.00185572 0.00741614 0.000266525 0.000121586 0.000704547
internal_weight=17444.4 16460.9 983.447 13921.3 2539.64 1828.13 1233.28 197.949 118.935 9188.92 79.0135 4732.35 4583.84 2972.34
internal_count=274036 202413 71623 132645 69768 51814 29234 4780 2911 69577 1869 63068 61717 42545
is_linear=0
shrinkage=0.03


Tree=84
num_leaves=15
num_cat=0
split_feature=7 7 7 7 3 8 3 11 9 9 8 8 9 9
split_gain=173.4 34.7334 26.0986 8.21964 6.18499 5.16938 5.54494 6.07416 4.66173 4.25741 4.07856 4.22275 3.63459 3.61477
threshold=0.010534141652292868 0.034835010130559833 0.0041745393042925327 0.096645139476576908 0.024191545538525212 0.20402376598122593 0.027086528283571127 -2.650131694242575 2.275344184745427 1.3772626059130288 0.21366806211709052 0.43947506386041491 2.4067271694720795 2.1621903311161921
decision_type=2 2 2 2 2 2 2 2 2 2 2 2 2 2
left_child=2 4 -1 13 -2 -6 7 -7 10 -5 -8 -12 -11 -3
right_child=1 3 -4 9 5 6 8 -9 -10 12 11 -13 -14 -15
leaf_value=-0.020399315981391011 -0.0082788115027642942 0.0008098269159842144 -0.0089920617083867876 0.0062228847275513149 -0.0068963174977975912 -0.00090571640808372652 0.0075684886137228824 0.0086948410387590585 -0.0092725538605494626 0.0017914094274813928 -0.0028428245901441287 0.00059615630035016989 -0.002194897513631416 -0.00098031759003131642
leaf_weight=255.72817396651953 144.98951491340995 3280.433920416981 716.1286291833967 178.75431305170059 175.734583504498 162.49827565252781 25.657143700867891 76.247591519728303 67.319952744990587 8822.7287922725081 1477.3935960829258 403.64134243875742 198.61845961213112 1452.8182151392102
leaf_count=28215 5573 42240 43408 1050 4933 5969 697 1959 1605 66569 39346 9686 1958 20828
internal_value=-4.32172e-05 0.000688195 -0.0122581 0.00127604 -0.00253324 -0.00213497 -0.00171294 0.00249313 -0.00223661 0.00179801 -0.00191775 -0.00210599 0.00170015 0.000259001
internal_weight=17438.7 16466.8 971.857 13933.4 2533.48 2388.49 2212.76 238.746 1974.01 9200.1 1906.69 1881.03 9021.35 4733.25
internal_count=274036 202413 71623 132645 69768 64195 59262 7928 51334 69577 49729 49032 68527 63068
is_linear=0
shrinkage=0.03


Tree=85
num_leaves=15
num_cat=0
split_feature=6 7 7 7 4 8 9 5 9 10 7 7 11 11
split_gain=165.971 40.8381 17.5758 9.07039 7.53497 5.73239 4.01296 3.94395 3.91069 7.05916 4.74075 3.47344 5.66979 7.23346
threshold=4.5136028423406058 0.030340511369926781 0.0041745393042925327 0.096645139476576908 0.91987179487179505 0.56691064609807629 1.3772626059130288 17.500000000000004 2.1621903311161921 0.14973845481185566 0.044133243594029252 0.086390984872955698 -1.1302608166928625 -1.0957304363097344
decision_type=2 2 2 2 2 2 2 2 2 2 2 2 2 2
left_child=1 4 -2 5 7 8 -5 -1 9 10 -3 12 -10 -14
right_child=2 3 -4 6 -6 -7 -8 -9 11 -11 -12 -13 13 -15
leaf_value=-0.0023169364454991913 -0.020205480451297057 -0.0026766999924103768 -0.009924118034813632 0.006031237628828753 -0.011402816428571898 0.005445667698433629 0.001647216718513668 -0.0067583716628124863 -0.0017112918946994627 0.00022710743803465983 0.0086189228020505937 -0.0048979618118765089 0.012514499987956453 0.00067981714372787518
leaf_weight=2025.7672195527703 250.65693748556077 35.336079400032759 503.42433103639632 179.36849388480186 81.262871500104666 164.11734004691243 9031.6233757957816 189.17694321647286 1085.157874725759 3260.9825311116874 134.95772287994623 189.73802319914103 42.147648122161627 259.79976314678788
leaf_count=61247 28215 657 33925 1050 3228 1570 68527 6058 17635 44280 1717 2228 537 3162
internal_value=-4.30322e-05 0.000584733 -0.0136691 0.00117846 -0.00311781 0.000172279 0.00174226 -0.00273919 -1.62773e-05 0.000551824 0.00624813 -0.00124604 -0.000699451 0.00284586
internal_weight=17433.5 16679.4 754.081 14383.2 2296.21 5172.24 9210.99 2214.94 5008.12 3431.28 170.294 1576.84 1387.11 301.947
internal_count=274036 211896 62140 141363 70533 71786 69577 67305 70216 46654 2374 23562 21334 3699
is_linear=0
shrinkage=0.03


Tree=86
num_leaves=15
num_cat=0
split_feature=6 7 7 7 4 10 3 10 3 7 4 10 11 11
split_gain=158.559 38.5666 17.3636 8.56821 7.27947 6.82732 5.56168 7.74302 6.92527 10.4703 5.10944 5.10659 4.72477 8.73991
threshold=4.5136028423406058 0.030340511369926781 0.0041745393042925327 0.083170465775626826 0.91987179487179505 0.15283654434326099 0.10343821412571083 0.27224449296239461 0.11182418367337867 0.14157481290980548 0.080128205128205135 0.25578459032525896 -1.1302608166928625 -1.0957304363097344
decision_type=2 2 2 2 2 2 2 2 2 2 2 2 2 2
left_child=1 4 -2 12 -1 10 7 -7 9 11 -5 -8 -3 -14
right_child=2 3 -4 5 -6 6 8 -9 -10 -11 -12 -13 13 -15
leaf_value=-0.0026655726582617825 -0.020010200482270989 -0.00023709035123671852 -0.0097267534084183056 0.0026847367549658876 -0.011217055344801975 0.0028892052218301031 -0.0090532814445167861 0.01002041900100583 0.0019204972914042423 0.002675398549146734 -0.00035580480090992311 0.00017500668696380372 0.01311114015400725 0.00087422494830822507
leaf_weight=2209.4150401670486 245.73123678658158 4072.838005091995 498.60828297119588 633.2427811473608 80.392082553356886 1890.4076205417514 156.04262053966522 136.68306762725115 4783.4984489306808 222.63937540352345 2126.4459091424942 78.025269635021687 53.047152120620012 241.35346704721451
leaf_count=67305 28215 59432 33925 4946 3228 17007 1341 1050 31568 1565 20286 575 658 2935
internal_value=-4.25808e-05 0.000567115 -0.0134499 0.00114299 -0.00303685 0.00162543 0.00210704 0.00344012 0.00158301 -0.00190041 0.000352625 -0.0061518 3.35672e-05 0.0036079
internal_weight=17428.4 16684 744.34 14394.2 2289.81 10027 7267.3 2027.09 5240.21 456.707 2759.69 234.068 4367.24 294.401
internal_count=274036 211896 62140 141363 70533 78338 53106 18057 35049 3481 25232 1916 63025 3593
is_linear=0
shrinkage=0.03


Tree=87
num_leaves=15
num_cat=0
split_feature=6 6 7 3 4 10 8 4 7 4 8 8 8 9
split_gain=151.458 36.406 17.1436 8.37281 6.81607 5.69998 5.00907 5.29191 4.32354 7.26842 7.33353 4.31508 10.6519 5.0283
threshold=4.5136028423406058 3.2939815763060616 0.0041745393042925327 0.065239231439793002 0.91987179487179505 0.39119038556042368 0.20402376598122593 0.83974358974358987 0.22062071035209826 0.14835164835164838 0.51851564389571481 0.25489553971539775 0.26358042431741752 2.0484530748301237
decision_type=2 2 2 2 2 2 2 2 2 2 2 2 2 2
left_child=1 3 -2 -1 6 8 7 -3 -5 10 11 -10 -13 -14
right_child=2 4 -4 5 -6 -7 -8 -9 9 -11 -12 12 13 -15
leaf_value=-7.0011112620579208e-05 -0.019813532647081602 -0.0091895193721218803 -0.0095315997824406157 0.0010109815936594441 -0.010984909991149663 0.0062090408105129691 -0.0021761923358862103 0.0040963404819205256 0.0050128678081124613 0.0057600778133673897 -0.0048687174983494865 -0.006510663353943044 0.0028178271732274009 -0.00070074683995575797
leaf_weight=3998.352267678827 240.94684221968055 155.8177771307528 493.93127548880875 6995.9950597286224 79.325903525575995 216.80782245844603 1949.8253317084163 23.130287434905767 376.22955926507711 464.5857018828392 129.77430419623852 123.68566459417343 1718.16269056499 456.6230626553297
leaf_count=59634 28215 4990 33925 60383 3224 1567 59800 907 2737 2750 876 878 10883 3267
internal_value=-4.19923e-05 0.000550182 -0.0132317 0.00109798 -0.0030253 0.00154297 -0.00265391 -0.00728823 0.00143551 0.00233525 0.00174027 0.0020863 0.00157786 0.00207932
internal_weight=17423.2 16688.3 734.878 14480.2 2208.1 10481.9 2128.77 178.948 10265.1 3269.06 2804.48 2674.7 2298.47 2174.79
internal_count=274036 211896 62140 142975 68921 83341 65697 5897 81774 21391 18641 17765 15028 14150
is_linear=0
shrinkage=0.03


Tree=88
num_leaves=15
num_cat=0
split_feature=6 7 7 7 4 8 8 5 8 8 11 9 10 7
split_gain=144.64 34.3827 16.916 7.66689 6.7931 5.19902 3.83746 4.05568 4.23211 3.77059 3.64027 3.6346 6.65732 4.44484
threshold=4.5136028423406058 0.030340511369926781 0.0041745393042925327 0.096645139476576908 0.91987179487179505 0.56691064609807629 0.46707909178713253 17.500000000000004 0.46008951601118958 0.43947506386041491 -3.4274191881169513 2.1621903311161921 0.14973845481185566 0.044133243594029252
decision_type=2 2 2 2 2 2 2 2 2 2 2 2 2 2
left_child=1 4 -2 5 6 11 7 8 9 -1 -11 12 13 -3
right_child=2 3 -4 -5 -6 -7 -8 -9 -10 10 -12 -13 -14 -15
leaf_value=-0.0024471202441671402 -0.019615529174915651 -0.0026185911356435511 -0.0093387009562124913 0.0015920885513229068 -0.010852112963814419 0.0051556434616533489 0.00092923572504159701 -0.007169912933217581 -0.0097551084030658985 -0.0047918425355186955 0.0086581513004928574 -0.0012166149410602607 0.00020112397088289656 0.0083141844719383864
leaf_weight=1660.9924651011825 236.29967851378024 35.242531660944223 489.38930692058057 9239.9699311181903 78.72383177280426 165.24173115193844 249.91125619038939 176.54453501664102 55.705061703920364 15.441634831950067 40.208680883049965 1575.434051271528 3263.1762638762593 135.97839928045869
leaf_count=51573 28215 657 33925 69577 3228 1570 6817 5755 1578 612 970 23562 44280 1717
internal_value=-4.19258e-05 0.00053322 -0.0130145 0.00107498 -0.00288034 0.000149773 -0.00252333 -0.00296977 -0.00249473 -0.00217667 0.00470109 -3.02355e-05 0.000516907 0.00603422
internal_weight=17418.3 16692.6 725.689 14415 2277.53 5175.07 2198.8 1948.89 1772.35 1716.64 55.6503 5009.83 3434.4 171.221
internal_count=274036 211896 62140 141363 70533 71786 67305 60488 54733 53155 1582 70216 46654 2374
is_linear=0
shrinkage=0.03


Tree=89
num_leaves=15
num_cat=0
split_feature=7 7 7 7 3 8 3 9 9 8 8 8 8 4
split_gain=137.68 25.8748 23.7836 6.22365 5.61742 4.77608 5.49479 4.58555 4.13349 3.87881 3.85386 5.2763 4.87508 4.2741
threshold=0.010534141652292868 0.034835010130559833 0.0041745393042925327 0.1185369858508937 0.024191545538525212 0.20402376598122593 0.027086528283571127 2.275344184745427 1.5291899590487417 0.21366806211709052 0.25608342065234407 0.22615388202153433 0.1806655184068662 0.2817460317460318
decision_type=2 2 2 2 2 2 2 2 2 2 2 2 2 2
left_child=2 4 -1 10 -2 -6 -7 9 -5 -8 11 12 -3 -13
right_child=1 3 -4 8 5 6 7 -9 -10 -11 -12 13 -14 -15
leaf_value=-0.019416252096595022 -0.0077400964738316667 -0.0030868515298128115 -0.0081307240160717071 0.0042702354939101244 -0.006441890686094175 0.0027717641504483781 0.0076011833526392269 -0.0089622977610473182 0.0014702137474116878 -0.0018218244728484124 0.00088536385717274447 -0.0067591533284425652 0.0016540659641710261 -0.0014002319957524209
leaf_weight=231.78574933949858 141.39716800861061 235.71132783964276 688.63336056657135 498.25574547052383 172.3964969124645 236.70520424097776 25.623428978025913 66.250207539647818 7331.3144884556532 1863.4863144904375 4236.3699763305485 157.53027721121907 871.92400561273098 656.41163233667612
leaf_count=28215 5573 3154 43408 2923 4933 7928 697 1605 53525 49032 50761 1705 11565 9012
internal_value=-4.19542e-05 0.000592517 -0.0112385 0.00109575 -0.00220628 -0.00182865 -0.00142452 -0.00194973 0.00165623 -0.00163514 0.00038083 -0.000729725 0.000617406 -0.00254094
internal_weight=17413.8 16493.4 920.419 13987.5 2505.86 2364.46 2192.07 1955.36 7829.57 1889.11 6157.95 1921.58 1107.64 813.942
internal_count=274036 202413 71623 132645 69768 64195 59262 51334 56448 49729 76197 25436 14719 10717
is_linear=0
shrinkage=0.03


Tree=90
num_leaves=15
num_cat=0
split_feature=6 6 7 7 3 8 9 3 7 10 10 6 11 11
split_gain=132.188 30.7941 16.3634 7.10629 6.31247 5.71794 5.61074 7.30728 7.56161 6.41322 5.818 5.0562 5.7397 4.60706
threshold=4.5136028423406058 3.2939815763060616 0.0041745393042925327 0.083170465775626826 0.05753480616479878 0.20845629550644371 2.0435025635765154 0.10343821412571083 0.19344782932042962 0.28422506276573184 0.27224449296239461 2.0856528016791152 -1.0957304363097344 -1.1302608166928625
decision_type=2 2 2 2 2 2 2 2 2 2 2 2 2 2
left_child=1 3 -2 13 -5 -3 7 10 9 -9 -6 12 -8 -1
right_child=2 5 -4 4 6 -7 11 8 -10 -11 -12 -13 -14 -15
leaf_value=-0.0002594865261180446 -0.019215760404331258 -0.0074172928315267058 -0.0089808414497112854 -0.0048551960896759455 0.0032627078924153835 -0.0022714779341361509 0.0087740674760597784 -0.001367840210027663 0.0023842162568037261 0.0030689484283632361 0.0095723251156839984 -0.002549609799417376 0.00082535757708001147 0.0035315257673457423
leaf_weight=4149.0734995938838 227.40119185112417 205.68884043768048 481.16956043615937 127.06971210986376 1330.2640925124288 1985.4657731056213 68.918814979493618 1123.2423852831125 2940.8889787048101 380.02184138447046 137.94879949837923 383.60393062978983 3573.6697633191943 294.98420718684793
leaf_count=61044 28215 7018 33925 1435 11617 61903 646 8171 18441 2384 1050 4387 30207 3593
internal_value=-4.20309e-05 0.000501415 -0.0125958 0.0010026 0.00144319 -0.00280167 0.00153092 0.00211833 0.00150317 -0.000226991 0.00394635 0.000663656 0.00101112 3.18369e-06
internal_weight=17409.4 16700.8 708.571 14509.7 10065.6 2191.15 9938.56 5912.37 4444.15 1503.26 1468.21 4026.19 3642.59 4444.06
internal_count=274036 211896 62140 142975 78338 68921 76903 41663 28996 10555 12667 35240 30853 64637
is_linear=0
shrinkage=0.03


Tree=91
num_leaves=15
num_cat=0
split_feature=7 6 6 7 3 6 8 9 3 7 3 10 6 11
split_gain=126.415 33.0655 11.9895 6.68037 5.9801 5.30134 6.0206 5.26828 6.8569 7.18429 7.50999 5.46761 4.77216 5.42974
threshold=0.0077983361164995187 3.2939815763060616 5.480430546593821 0.083170465775626826 0.05753480616479878 3.8490826385811467 0.32730644829256944 2.0435025635765154 0.10343821412571083 0.14157481290980548 0.11182418367337867 0.27224449296239461 2.0856528016791152 -1.0957304363097344
decision_type=2 2 2 2 2 2 2 2 2 2 2 2 2 2
left_child=2 3 -1 -2 -5 -3 -7 8 11 10 -10 -6 13 -9
right_child=1 5 -4 4 7 6 -8 12 9 -11 -12 -13 -14 -15
leaf_value=-0.010361328434439598 3.4075147016646226e-06 -0.0015982095124135369 -0.020870110151756296 -0.0047416759107624063 0.0031583880649687147 -0.0066767356075881036 -0.0019490092372133601 0.0085106617515259136 -0.0058787488211702599 0.0019237869544824517 0.0010105702361989735 0.0092579131889073511 -0.0024809768855409728 0.00080021999810907035
leaf_weight=437.83944988343865 4444.0037890300155 1298.2539884801954 151.85822546016425 126.57523485273123 1333.4224408119917 530.47969267889857 467.25638663396239 69.377463951706886 214.8077414855361 3868.0937786251307 365.11583168059587 138.85017101466656 382.81642536073923 3575.7909995242953
leaf_count=37267 64637 33028 19206 1435 11617 23327 18233 646 1742 24601 2653 1050 4387 30207
internal_value=-4.13416e-05 0.000442917 -0.0135181 0.000972558 0.00139941 -0.00289088 -0.00452432 0.00148456 0.00205324 0.00145717 -0.00162516 0.0038212 0.000644216 0.000981247
internal_weight=17404.5 16814.8 589.698 14518.9 10074.9 2295.99 997.736 9948.27 5920.29 4448.02 579.924 1472.27 4027.98 3645.17
internal_count=274036 217563 56473 142975 78338 74588 41560 76903 41663 28996 4395 12667 35240 30853
is_linear=0
shrinkage=0.03


Tree=92
num_leaves=15
num_cat=0
split_feature=7 6 6 7 12 8 7 9 9 9 10 4 4 9
split_gain=120.854 31.1979 11.896 6.2996 5.89794 5.06176 5.67107 4.96857 4.69758 4.18864 5.528 4.14667 4.12268 3.47848
threshold=0.0077983361164995187 3.2939815763060616 5.480430546593821 0.06830590478145572 1.8688348091416842 0.26480591205103771 0.016234966639383036 2.1056593110128272 1.3772626059130288 1.8320841984596787 0.22097931566515078 0.82843137254901966 0.79285714285714304 2.2184820653350124
decision_type=2 2 2 2 2 2 2 2 2 2 2 2 2 2
left_child=2 3 9 8 7 6 -3 -5 -2 10 -1 -8 -7 -10
right_child=1 5 -4 4 -6 12 11 -9 13 -11 -12 -13 -14 -15
leaf_value=0.0090637576089694517 0.0065250935400612943 -0.0081316478661943876 -0.020688922715747706 0.0016706786944879614 0.010143471456647363 -0.0010424474213559119 -0.0035347889647038195 0.00030407629815317806 0.00016327909899296108 -0.011979390068681622 -0.0067673853474041522 0.0055582451153577735 -0.0049301116830675479 -0.002130980417128856
leaf_weight=10.24430290609598 76.676625031977892 279.1809945134446 148.77075590612367 7506.0992689728737 52.613172493875027 1262.887009466067 417.00366776995361 3524.0013450831175 2614.27041368559 314.71486941166222 108.4791053570807 36.935675023123622 293.85887078382075 754.24885646998882
leaf_count=880 779 12676 19206 55993 612 38180 11377 32693 40018 27094 9293 1067 11288 12880
internal_value=-4.10384e-05 0.000429529 -0.0133033 0.000943109 0.00129101 -0.00281378 -0.00485289 0.00123507 -0.000176797 -0.0101611 -0.00453789 -0.00264079 -0.00181635 -0.000357601
internal_weight=17400 16817.8 582.209 14527.9 11082.7 2289.87 733.12 11030.1 3445.2 433.438 118.723 453.939 1556.75 3368.52
internal_count=274036 217563 56473 142975 89298 74588 25120 88686 53677 37267 10173 12444 49468 52898
is_linear=0
shrinkage=0.03


Tree=93
num_leaves=15
num_cat=0
split_feature=6 6 6 7 9 6 11 10 11 11 4 11 6 7
split_gain=115.534 29.6209 11.6149 6.01631 5.30307 4.91685 4.16061 3.875 3.75877 3.54557 3.53164 3.51129 3.59342 3.57232
threshold=4.6303503656575673 3.2939815763060616 5.480430546593821 0.13190940246168517 1.2869005265451376 3.8490826385811467 -4.8020008729355483 0.33678488549221003 -3.0816574020173202 -0.58778666490211895 0.45804195804195807 -2.248891616930504 3.5010415791527305 0.025308527785297543
decision_type=2 2 2 2 2 2 2 2 2 2 2 2 2 2
left_child=1 3 6 4 -1 8 -2 -7 -3 -6 -10 12 13 -12
right_child=2 5 -4 -5 9 7 -8 -9 10 -11 11 -13 -14 -15
leaf_value=0.0077059716866196655 0.0030906329694048969 0.0028621493326891124 -0.020506408243977519 0.0015368293626091532 0.00035958943289358312 -0.0047561635748353259 -0.010569976496260765 0.0031174253829706813 -0.0069279312938900885 -0.0030593812400862841 0.0063603574060783555 -0.0049922039038419576 -0.0020838399381222059 -0.00029519646574860641
leaf_weight=71.388137608766556 14.800001705531029 144.17914678715169 145.77107116859406 7119.2097114548087 7077.1860611028969 944.9483762383461 409.43741748528555 49.806941444054246 107.18199351802468 268.98470241576433 92.71940315887332 192.2206997834146 539.11487576738 218.71246223524213
leaf_count=596 1763 3515 19206 50030 89571 39920 35271 1873 2525 2778 2133 4905 14963 4987
internal_value=-4.06275e-05 0.000414692 -0.0131469 0.00091475 0.000315795 -0.00274647 -0.0100041 -0.00432148 -0.00150016 0.000228423 -0.00207691 -0.00148712 -0.000622201 0.00188751
internal_weight=17395.7 16825.7 570.008 14536.8 7417.56 2288.88 424.237 994.755 1294.13 7346.17 1149.95 1042.77 850.547 311.432
internal_count=274036 217796 56240 142975 92945 74821 37034 41793 33028 92349 29513 26988 22083 7120
is_linear=0
shrinkage=0.03


Tree=94
num_leaves=15
num_cat=0
split_feature=3 3 11 11 8 9 9 8 9 11 10 11 8 11
split_gain=98.4891 27.0465 14.1011 12.2037 7.19067 4.85212 4.24689 4.00668 3.92783 4.14752 5.38213 4.56176 4.5906 6.61059
threshold=0.024191545538525212 0.049658635186547062 -3.847980912097928 -2.650131694242575 0.26480591205103771 2.0917769211997883 2.4865450930316295 0.31692723612697682 1.7271110081475349 -0.20294084399669046 0.11570255786069407 -2.4448304484744443 0.24805965151960249 -1.2406146307779895
decision_type=2 2 2 2 2 2 2 2 2 2 2 2 2 2
left_child=2 3 -1 4 -2 -6 7 -4 -3 11 -11 -10 13 -13
right_child=1 8 6 -5 5 -7 -8 -9 9 10 -12 12 -14 -15
leaf_value=-0.01672463643702193 -0.0090583507672135945 0.0020883358396538332 -0.0091799595944308879 -0.00050247715371034315 -0.0035911899372438757 0.0025904758514441587 0.0047404608683624108 0.00059798486181542824 -0.0081623453353727761 -0.0035004892313590563 0.0020037697398147072 -0.0074400487251796875 0.00091782140814009082 -0.00034226605907247389
leaf_weight=281.59441472357139 197.83958241343498 2704.8023711903952 252.69335728511214 2676.4621160142124 1147.0518294391222 116.05006989836693 16.519665458239615 41.845686990767717 40.756233890540898 155.67679660767317 2928.6277256906033 112.22737909480929 5046.8221888616681 1672.6234580203891
leaf_count=31808 10109 23482 14025 51125 47338 4217 667 1872 814 1429 20388 1609 48490 16663
internal_value=-4.02815e-05 0.000388563 -0.0119055 -0.00171323 -0.00390371 -0.0029995 -0.00697422 -0.00782913 0.00107658 0.000799004 0.00171035 0.000387162 0.000455937 -0.000846845
internal_weight=17391.6 16798.9 592.653 4137.4 1460.94 1263.1 311.059 294.539 12661.5 9956.73 3084.3 6872.43 6831.67 1784.85
internal_count=274036 225664 48372 112789 61664 51555 16564 15897 112875 89393 21817 67576 66762 18272
is_linear=0
shrinkage=0.03


Tree=95
num_leaves=15
num_cat=0
split_feature=6 6 6 7 3 8 7 3 11 11 6 8 11 10
split_gain=106.103 26.2835 11.5772 5.50595 5.49779 4.47413 5.14641 4.68432 4.32425 8.2906 4.78759 4.17759 4.48445 4.09147
threshold=4.6303503656575673 3.2939815763060616 5.480430546593821 0.083170465775626826 0.05753480616479878 0.20402376598122593 0.018895518052587035 0.027086528283571127 -1.1302608166928625 -1.0957304363097344 2.3748949377990178 0.3154142874010652 -2.650131694242575 0.15283654434326099
decision_type=2 2 2 2 2 2 2 2 2 2 2 2 2 2
left_child=1 3 -2 8 -5 -3 11 -8 -1 -10 -11 12 -7 -6
right_child=2 5 -4 4 13 6 7 -9 9 10 -12 -13 -14 -15
leaf_value=-0.00027402947820161531 -0.0096153514682060636 -0.0068128333528936838 -0.02018886290124931 -0.0046475465108978863 0.00032011651282956615 -0.0065947497967995469 0.0056625593360368123 -0.0012390173125769142 0.012591748630895336 0.0044514781546238971 -0.00352526686737533 -0.0018321730088808692 0.0022782772525931816 0.0016946283722716802
leaf_weight=4150.4683551900089 416.14966511167586 194.32778633385897 140.79954081447795 126.16702524572611 2666.0960805863142 431.63323948159814 82.904783081263304 919.38563927263021 53.763915311545134 129.09108815342188 113.19486326724291 598.25972698442638 50.489492936059833 7314.8041113466024
leaf_count=61044 37034 6978 19206 1435 24026 19011 2084 22097 658 1504 1431 22884 1767 52877
internal_value=-4.03949e-05 0.000391087 -0.0127478 0.000860576 0.00124712 -0.00259567 -0.00215627 -0.000593074 -1.92997e-05 0.00339288 0.000736524 -0.0035785 -0.00562483 0.0013285
internal_weight=17387.5 16830.6 556.949 14553.6 10107.1 2277 2082.67 1002.29 4446.52 296.05 242.286 1080.38 482.123 9980.9
internal_count=274036 217796 56240 142975 78338 74821 67843 24181 64637 3593 2935 43662 20778 76903
is_linear=0
shrinkage=0.03


Tree=96
num_leaves=15
num_cat=0
split_feature=7 6 6 9 7 12 9 4 8 9 9 11 3 11
split_gain=101.4 24.635 11.6235 5.51094 5.97253 4.67168 4.64581 4.51576 4.18141 4.14005 4.2686 4.92735 4.52566 4.00409
threshold=0.0077983361164995187 3.2939815763060616 5.480430546593821 1.3772626059130288 0.063566368367825213 1.8688348091416842 2.1056593110128272 0.91987179487179505 0.19390556603211642 1.8320841984596787 1.7271110081475349 -4.8020008729355483 0.032940281711368258 -3.5481186001187672
decision_type=2 2 2 2 2 2 2 2 2 2 2 2 2 2
left_child=2 3 9 -2 -5 6 -6 -3 -7 10 11 -1 -12 -9
right_child=1 7 -4 4 5 8 -8 13 -10 -11 12 -13 -14 -15
leaf_value=0.0054705914852075706 0.0048266095051253972 -0.0021983516619130086 -0.020002984160775002 -0.00043618327650296449 0.0014287084517195518 -0.00054914441511467592 0.00012302199675649612 0.0020186898152136667 0.011556676496182767 -0.01121658317181894 -0.0026405906537192358 -0.010963957297665789 0.013615868323870923 -0.011277489250438292
leaf_weight=11.134863224346189 290.23239200562239 2170.7031440790743 138.02620459767058 3013.0942835099995 7524.4213588759303 38.164459936320782 3639.5859432369471 21.103539577685297 56.054907396435738 301.82934004673734 37.146612766198814 59.421799445990473 7.6298855370841911 74.818922305479646
leaf_count=1313 2052 70276 19206 48570 57074 465 34129 1011 685 27094 3377 4854 629 3301
internal_value=-4.0041e-05 0.000381201 -0.0124823 0.000834602 0.000748435 0.00106564 0.00100378 -0.00251794 0.00725113 -0.00938605 -0.00385594 -0.00786595 0.00285108 -0.00847484
internal_weight=17383.4 16828.2 555.189 14561.6 14271.3 11258.2 11164 2266.63 94.2194 417.163 115.333 70.5567 44.7765 95.9225
internal_count=274036 217563 56473 142975 140923 92353 91203 74588 1150 37267 10173 6167 4006 4312
is_linear=0
shrinkage=0.03


Tree=97
num_leaves=15
num_cat=0
split_feature=6 7 6 7 0 8 11 4 4 8 4 4 4 4
split_gain=96.8665 23.6481 11.3403 7.25459 5.37953 4.81445 3.90187 3.67171 4.51892 4.44481 5.33554 3.67896 3.51482 4.71464
threshold=4.6303503656575673 0.02114318502212691 5.480430546593821 0.06830590478145572 6.5000000000000009 0.37894738988107363 -4.8020008729355483 0.74166666666666681 0.77350427350427364 0.36061877803980896 0.63068181818181823 0.86190476190476206 0.87867647058823539 0.65686274509803932
decision_type=2 2 2 2 2 2 2 2 2 2 2 2 2 2
left_child=1 5 6 7 -5 -1 -2 9 -9 -3 -11 -10 13 -7
right_child=2 3 -4 4 -6 12 -8 8 11 10 -12 -13 -14 -15
leaf_value=-0.0044544986010476477 0.0033099054412814308 -0.0012529047907779388 -0.019815964675165568 0.00105961002395612 0.0094112723661941983 -0.002792009176932658 -0.0098023573309565237 0.0082814416390120833 -0.003045936275443621 0.0014083847099840563 -0.0051971336281180719 0.0059432242160235987 -0.0079663939654712104 0.0035854232273179352
leaf_weight=990.73211656697094 14.606739148031918 2703.2763304784894 135.3314992650412 11069.620696231723 55.120156019926071 197.86123328097165 393.87147684907541 81.510819148272276 106.17857512459159 1252.0076566301286 105.81257043406367 46.910921510308981 36.737405152991414 189.7773994076997
leaf_count=39549 1763 48216 19206 88665 633 6384 35271 1624 2190 19084 1971 912 1497 7071
internal_value=-3.94931e-05 0.000368054 -0.0123278 0.000709679 0.00111361 -0.00332303 -0.00923285 -0.000336625 0.0031975 -0.000551799 0.000842467 -6.85188e-06 -0.000619646 0.000347466
internal_weight=17379.4 16835.5 543.81 15420.4 11124.7 1415.11 408.478 4295.7 234.6 4061.1 1357.82 153.089 424.376 387.639
internal_count=274036 217796 56240 163295 89298 54501 37034 73997 4726 69271 21055 3102 14952 13455
is_linear=0
shrinkage=0.03


Tree=98
num_leaves=15
num_cat=0
split_feature=6 6 6 7 3 8 11 11 9 6 7 3 9 3
split_gain=92.5119 22.349 11.2187 5.91228 5.18466 5.15884 4.15777 7.85495 5.73417 4.50287 4.44032 5.21557 4.04791 6.70076
threshold=4.6303503656575673 3.5010415791527305 5.480430546593821 0.083170465775626826 0.05753480616479878 0.46707909178713253 -1.1302608166928625 -1.0957304363097344 2.2246354074553003 2.3748949377990178 0.07659254705838596 0.063575780536609436 2.0435025635765154 0.10343821412571083
decision_type=2 2 2 2 2 2 2 2 2 2 2 2 2 2
left_child=1 3 -2 6 -5 -3 8 -8 10 -9 -1 -12 13 -6
right_child=2 5 -4 4 12 -7 7 9 -10 -11 11 -13 -14 -15
leaf_value=0.00043672968562831282 -0.009043171450642061 -0.0034573828283750887 -0.019627860761928014 -0.0045858335067597272 0.0034562514996945644 0.0015755545237096207 0.012139049141526899 0.0042397173209307209 -0.0025673631052832856 -0.0034881417161249633 0.0026425222942269809 -0.0060081410511631673 0.00048604901272282996 0.0011315131538940347
leaf_weight=3580.9320583082736 404.77397741843015 1522.7934268116951 132.71313233440742 125.90036931633949 1484.2350011914968 199.33896874077618 54.399873491376638 129.82954770326614 837.49268019944429 113.04310434684157 79.982746660709381 190.8199695572257 4042.8462126851082 4476.6902974694967
leaf_count=55721 37034 55890 19206 1435 12667 6330 658 1504 15068 1431 909 1947 35240 28996
internal_value=-3.89901e-05 0.00035704 -0.0121186 0.000726735 0.0011425 -0.00286624 -0.000118756 0.00323388 -0.000340929 0.000649173 0.000151251 -0.00344854 0.00122135 0.00171758
internal_weight=17375.8 16838.3 537.487 15116.2 10129.7 1722.13 4986.5 297.273 4689.23 242.873 3851.73 270.803 10003.8 5960.93
internal_count=274036 217796 56240 155576 78338 62220 77238 3593 73645 2935 58577 2856 76903 41663
is_linear=0
shrinkage=0.03


Tree=99
num_leaves=15
num_cat=0
split_feature=7 7 7 6 12 9 9 9 6 7 3 3 5 3
split_gain=88.3825 21.0446 11.2622 6.42357 5.83624 5.02337 4.09121 3.61322 3.41083 4.91095 3.84062 3.36063 3.31718 3.48378
threshold=0.0077983361164995187 0.02114318502212691 0.0041745393042925327 2.4552969699580154 1.8688348091416842 2.1785552222788298 2.1056593110128272 2.1056593110128272 2.8183938029159621 0.061297778017475525 0.042366020629594159 0.024829317593273531 14.500000000000002 0.027086528283571127
decision_type=2 2 2 2 2 2 2 2 2 2 2 2 2 2
left_child=2 -2 11 4 7 6 -5 -3 9 -8 -10 -1 -7 -14
right_child=1 3 -4 5 -6 12 8 -9 10 -11 -12 -13 13 -15
leaf_value=-0.019445381621176219 -0.0031511786733582309 0.0013625656602836442 -0.0079655786126904653 -0.00015589526301097419 0.009771019492657837 0.0018889977682539129 0.0086509203187286748 0.00019978051310343587 0.0023770288590046983 -0.0012974396095247944 -0.0056151228371248921 -0.0057560810884256476 0.0027463562011264468 -0.0031707041962465207
leaf_weight=160.85495210904628 1402.1238586828113 7555.2242919802666 339.96287349145859 2646.3350486718118 53.802557833492756 160.32574754208326 134.06903299689293 3533.5744722560048 232.82309652492404 58.71839664131403 54.392094168812037 35.417254889849573 87.637756448239088 916.92220190167427
leaf_count=23239 54268 56011 28258 43681 614 2913 1930 32695 4928 754 946 4976 2140 16683
internal_value=-3.85356e-05 0.000348184 -0.0118593 0.000668843 0.00104827 -0.000316587 0.000311487 0.000992801 0.00281489 0.00574596 0.000659919 -0.0175592 -0.00198475 -0.00262169
internal_weight=17372.2 16835.9 536.235 15433.8 11142.6 4291.22 3126.34 11088.8 480.003 192.787 287.215 196.272 1164.89 1004.56
internal_count=274036 217563 56473 163295 89320 73975 52239 88706 8558 2684 5874 28215 21736 18823
is_linear=0
shrinkage=0.03


Tree=100
num_leaves=15
num_cat=0
split_feature=7 7 7 7 12 8 9 4 11 4 9 8 9 4
split_gain=84.4547 19.8585 11.0848 6.04047 5.05007 4.81748 4.61859 5.00096 6.52671 5.18046 4.36871 4.73099 4.47375 4.75076
threshold=0.0077983361164995187 0.02114318502212691 0.0041745393042925327 0.06830590478145572 1.8688348091416842 0.32730644829256944 2.1785552222788298 0.63068181818181823 -2.0497148252168498 0.34313725490196084 1.868316234883389 0.46707909178713253 1.9193783370142892 0.85164835164835173
decision_type=2 2 2 2 2 2 2 2 2 2 2 2 2 2
left_child=2 5 -1 6 -5 -2 -3 8 -8 -10 11 -7 -12 -14
right_child=1 3 -4 4 -6 10 7 -9 9 -11 12 -13 13 -15
leaf_value=-0.017357901035108279 -0.0046947754693466154 0.0002952158306334729 -0.0077953670894952655 0.00096500023453161042 0.0091132269397070087 -0.005756580898148957 -0.0084959599858074331 0.0025539255114018318 -0.0079280076441454097 -0.00080216740480680408 0.0078898872036306331 0.00081667660607497483 -0.00240736445430836 0.0092220992139916327
leaf_weight=193.01657872414216 744.77569277491421 3127.7872733809054 337.33226072695106 11094.402387291193 54.116926141083241 228.77302623260766 136.67031812295318 178.80271722003818 90.255340211093426 758.24792069196701 62.674126827158034 159.8230955414474 179.10466707311571 22.809715849347413
leaf_count=28215 30659 52245 28258 88686 612 8393 3294 4156 1278 13024 2312 5423 6487 994
internal_value=-3.80048e-05 0.000338014 -0.0116573 0.000648962 0.00101675 -0.00306679 -0.000306626 -0.00190705 -0.00274285 -0.00168469 -0.00114681 -0.00312323 0.00176776 -0.00054674
internal_weight=17368.6 16838.2 530.349 15440.3 11148.5 1397.96 4291.76 1163.98 985.174 848.503 653.185 388.596 264.589 201.914
internal_count=274036 217563 56473 163295 89298 54268 73997 21752 17596 14302 23609 13816 9793 7481
is_linear=0
shrinkage=0.03


Tree=101
num_leaves=15
num_cat=0
split_feature=6 7 6 9 7 4 9 10 12 9 7 11 4 11
split_gain=80.6471 18.9023 10.9862 5.75756 4.49108 4.29892 4.19573 5.15407 4.02401 3.89866 3.5521 3.51372 3.38281 3.93897
threshold=4.6303503656575673 0.030340511369926781 5.480430546593821 1.3772626059130288 0.063566368367825213 0.91987179487179505 1.8320841984596787 0.22097931566515078 1.8688348091416842 2.1056593110128272 0.061297778017475525 -4.8020008729355483 0.36931818181818188 -0.30673026742247539
decision_type=2 2 2 2 2 2 2 2 2 2 2 2 2 2
left_child=1 5 6 12 10 -1 7 -2 9 -6 -5 -9 13 -3
right_child=2 3 -4 4 8 -7 -8 11 -10 -11 -12 -13 -14 -15
leaf_value=-0.0018772541983220763 0.0099742001890818395 0.0096775626945962128 -0.019096532577144523 -0.00013276679378818279 0.0012426630048716844 -0.0080065317494088326 -0.010337393631383154 0.0052374926580640432 0.0066091831949309093 4.8372137213314004e-05 -0.0044202957964348862 -0.0074664506084029117 -0.00033482044271521344 0.0010844042352229223
leaf_weight=2228.2944417912513 9.679385310970245 129.3888322673738 125.77705908706412 2765.3497729003429 7554.5501944571733 95.011412752792239 285.18778488086537 13.000799311324952 95.819178178906441 3646.2590339109302 170.65876604616642 86.126266724430025 82.066279113292694 78.182875588536263
leaf_count=72077 875 823 19206 44848 57074 4356 26965 1604 1150 34129 2143 7590 712 484
internal_value=-3.7617e-05 0.000326202 -0.0115073 0.00072861 0.000640536 -0.00217766 -0.00847299 -0.00292588 0.000911975 0.000854464 -0.000403186 -0.0053309 0.00481188 0.00673212
internal_weight=17365.4 16845.6 519.771 14522.3 14232.6 2323.31 393.994 108.806 11296.6 11200.8 2936.01 99.1271 289.638 207.572
internal_count=274036 217796 56240 141363 139344 76433 37034 10069 92353 91203 46991 9194 2019 1307
is_linear=0
shrinkage=0.03


Tree=102
num_leaves=15
num_cat=0
split_feature=6 7 7 7 9 10 8 9 11 10 9 10 4 8
split_gain=76.9507 18.0398 10.8732 6.05126 4.58886 5.11418 4.45166 4.80894 4.22465 4.24227 4.03906 4.0128 5.26982 6.36045
threshold=4.6303503656575673 0.018895518052587035 0.0029533603988354286 0.083170465775626826 1.8320841984596787 0.23637679345142351 0.3154142874010652 1.868316234883389 -2.650131694242575 0.14107026549974302 1.913102243455109 0.20840153801199365 0.85164835164835173 0.34500353505361098
decision_type=2 2 2 2 2 2 2 2 2 2 2 2 2 2
left_child=1 6 -2 -3 5 -4 8 -8 -1 -10 -5 12 13 -9
right_child=2 3 4 10 -6 -7 7 11 9 -11 -12 -13 -14 -15
leaf_value=-0.0063180167756896454 -0.02004749337947162 -0.00021381427589326033 0.0070314596442970813 0.0017548614823207926 -0.010537430457657364 -0.0060432902793987166 -0.0037235659962769245 0.0018665651199353073 -0.0031541698177547004 0.0087796130202266592 0.00053117948022673946 0.0062449881444383406 0.0087069717627229586 -0.0098943235191091463
leaf_weight=465.23928706906736 97.6288728332147 5537.4805577918887 22.061837662942708 4026.2217319086194 300.52337804902345 93.877739059738815 331.44215068034828 83.584951370954514 75.441929563879967 23.140137411653996 6130.5449560955167 89.658605175092816 24.836898799985647 60.059420315548778
leaf_count=21341 15199 91484 2121 26826 29801 9119 12693 3323 2933 816 51512 3455 1105 2308
internal_value=-3.70559e-05 0.000316451 -0.0113026 0.000583667 -0.0086269 -0.00303484 -0.00328035 -0.00140295 -0.00515629 0.000436569 0.00101813 0.0016175 -0.00115428 -0.00352138
internal_weight=17361.7 16847.7 514.092 15694.2 416.463 115.94 1153.4 589.582 563.821 98.5821 10156.8 258.14 168.481 143.644
internal_count=274036 217796 56240 169822 41041 11240 47974 22884 25090 3749 78338 10191 6736 5631
is_linear=0
shrinkage=0.03


Tree=103
num_leaves=15
num_cat=0
split_feature=7 7 7 4 7 8 10 11 9 10 3 9 8 7
split_gain=73.6367 18.7446 9.19282 5.70072 6.71688 5.16752 4.31837 4.09603 4.07188 4.06022 3.7926 6.02676 5.37811 3.91111
threshold=0.0071010441150216657 0.018895518052587035 0.0029533603988354286 0.22649572649572652 0.22062071035209826 0.32730644829256944 0.18897778053552591 -2.650131694242575 2.1841343131136015 0.14107026549974302 0.086862864315802618 1.6936169399515857 0.24021986153610536 0.079740200000714509
decision_type=2 2 2 2 2 2 2 2 2 2 2 2 2 2
left_child=2 5 -1 -3 8 7 -7 -2 10 -9 13 -12 -13 -5
right_child=1 3 -4 4 -6 6 -8 9 -10 -11 11 12 -14 -15
leaf_value=-0.0198687896962534 -0.0061288626023121946 0.0011897546407871171 -0.0088906889899108433 0.00016727120093578711 0.0067244116666338154 0.005499509525174283 -0.0021230342282821165 -0.0030830245288933455 -0.0012249749373714044 0.0085759763613205264 0.0010973155601954525 0.0033564584474272637 -0.0039956499846765864 0.002028438352001245
leaf_weight=95.715714233927429 537.56096622068435 7155.2531178444624 357.67633013334125 3708.7421077974141 118.29009258747101 62.180574359372258 506.74898313451558 75.216978738084435 2039.645096866414 23.332143507897854 587.3036816380918 92.773209355771542 611.57765844464302 1386.3264910653234
leaf_count=15199 25523 52162 36923 61751 659 2557 20263 2933 32276 816 4143 747 4693 13391
internal_value=-3.67028e-05 0.00028815 -0.0117703 0.000566004 4.25083e-05 -0.00329433 -0.00117007 -0.00512352 -6.30752e-05 0.000445573 0.000309986 -0.00113338 -0.00297747 0.000678147
internal_weight=17358.3 16905 453.392 15699.9 8544.66 1205.04 568.93 636.11 8426.37 98.5491 6386.72 1291.65 704.351 5095.07
internal_count=274036 221914 52122 169822 117660 52092 22820 29272 117001 3749 84725 9583 5440 75142
is_linear=0
shrinkage=0.03


Tree=104
num_leaves=15
num_cat=0
split_feature=6 6 6 8 4 6 9 8 4 9 6 8 9 3
split_gain=70.3687 17.4865 9.07534 4.51607 4.477 5.62335 4.03933 4.24221 4.60102 5.87304 4.44769 4.48744 4.00548 3.75474
threshold=4.7153688780111835 3.5010415791527305 5.480430546593821 0.46707909178713253 0.22649572649572652 1.2382692000587421 2.1841343131136015 0.21503303153802586 0.63961038961038974 2.3714193507923191 3.2939815763060616 0.19390556603211642 1.8320841984596787 0.086862864315802618
decision_type=2 2 2 2 2 2 2 2 2 2 2 2 2 2
left_child=1 4 12 -3 -1 -6 13 10 9 -9 11 -8 -2 -7
right_child=2 3 -4 -5 5 6 7 8 -10 -11 -12 -13 -14 -15
leaf_value=0.0011532237799389462 -0.0025154689097992215 -0.00309669138573599 -0.018544717339162797 0.001555748647266573 0.0069070580914573224 0.00080630301408089375 -0.0011043667589017165 -0.0023545121148606848 0.0050579442692574835 -0.011544562626942267 -0.0067895985841431201 0.0031375789803230626 -0.010309214296346882 -0.00099948778561986351
leaf_weight=7160.8428091593087 93.029191708657891 1546.4216177510098 119.21879753936082 204.21667095366865 93.40331868827343 4687.2835421748459 477.43203103914857 852.24201534688473 53.675473425537348 54.388349004089832 59.359145231544971 399.4207581654191 238.60204645711929 1315.5130389966071
leaf_count=52162 9045 59395 19206 6769 515 64772 6584 12679 1180 856 1552 5557 24045 9719
internal_value=-3.61393e-05 0.000280598 -0.0115385 -0.00254537 0.000609266 0.000120675 2.74925e-05 -0.00117396 -0.00255882 -0.00308474 0.000264487 0.000848181 -0.00832638 0.000409059
internal_weight=17355 16904.2 450.85 1750.64 15153.6 7992.72 7899.31 1896.52 960.306 906.63 936.212 876.853 331.631 6002.8
internal_count=274036 221740 52296 66164 155576 103414 102899 28408 14715 13535 13693 12141 33090 74491
is_linear=0
shrinkage=0.03


Tree=105
num_leaves=15
num_cat=0
split_feature=7 7 7 6 12 8 10 11 10 8 8 11 7 10
split_gain=67.2796 18.6526 7.40833 5.16974 5.21266 4.95687 4.74219 4.30389 3.87805 3.67675 3.67599 3.56119 3.35581 2.93676
threshold=0.0064598356318393462 0.018895518052587035 0.0029533603988354286 2.4552969699580154 1.8688348091416842 0.3154142874010652 0.18897778053552591 -2.650131694242575 0.14107026549974302 0.33327454813561458 0.56691064609807629 -4.8020008729355483 0.012918276556817055 0.17722983935928052
decision_type=2 2 2 2 2 2 2 2 2 2 2 2 2 2
left_child=2 5 -1 4 -3 7 9 -2 -9 12 -5 -4 -7 -14
right_child=1 3 11 10 -6 6 -8 8 -10 -11 -12 -13 13 -15
leaf_value=-0.01951934370349721 -0.0062253521178796643 0.00082722658235866761 0.0016621635986677165 -0.00048419562693089151 0.0090577981783325039 -0.0061125559617722204 -0.0024434230577540616 -0.0029432272797011846 0.0084490845955079701 0.010428442323191019 0.0040969874194196265 -0.0099042765120221175 0.010606920657702633 -0.0036604430201758451
leaf_weight=92.152676091063768 513.34312494192272 11128.388533346355 21.796066490001976 4378.5643751937896 54.859931826591492 30.677434302866459 546.93724772334099 74.77808054536581 23.452726785093546 34.7746263127774 148.58372393622994 274.96003355644643 17.124875366687778 11.920436814427374
leaf_count=15199 25646 88706 3023 78626 614 1620 22933 2933 816 1471 1876 29551 606 416
internal_value=-3.61565e-05 0.000251749 -0.012137 0.00053377 0.000879681 -0.00324875 -0.0013573 -0.00515257 0.000535659 0.00440258 -0.000320805 -0.00901565 -0.000495172 0.005499
internal_weight=17352.3 16963.4 388.909 15710.4 11183.2 1253.01 641.435 611.574 98.2308 94.4974 4527.15 296.756 59.7227 29.0453
internal_count=274036 226263 47773 169822 89320 56441 27046 29395 3749 4113 80502 32574 2642 1022
is_linear=0
shrinkage=0.03


Tree=106
num_leaves=15
num_cat=0
split_feature=7 7 7 7 8 9 3 11 9 8 8 9 3 11
split_gain=64.345 17.573 7.35003 4.94926 4.72505 4.90919 4.9601 4.12556 4.11643 3.71105 3.69249 3.6769 3.54414 3.42779
threshold=0.0064598356318393462 0.018895518052587035 0.0029533603988354286 0.1185369858508937 0.3154142874010652 1.7757804432266548 0.049658635186547062 -2.650131694242575 2.4246864496311145 0.21503303153802586 0.5972509909368876 1.8320841984596787 0.02624916865529792 -4.8020008729355483
decision_type=2 2 2 2 2 2 2 2 2 2 2 2 2 2
left_child=2 4 -1 8 7 6 -6 11 10 -9 12 -2 -3 -4
right_child=1 3 13 -5 5 -7 -8 9 -10 -11 -12 -13 -14 -15
leaf_value=-0.019338194303649456 0.0046273399853608132 0.0068100760875100773 0.0016310192835489493 0.0010448048022592181 -0.0061431863664644561 0.00082867709034736999 0.0043315935725960113 -0.0036361562844250987 -0.0037607230850866024 0.0068173373140457778 0.0044401670615529468 -0.0065866203145128034 -5.7411486103771991e-05 -0.0097128636405962119
leaf_weight=90.392676229588687 17.56418923009187 53.260928109288216 21.831778517924249 7928.8085743486881 216.58496625907719 385.74896271992475 38.132988684810698 62.751096643507481 241.01123088225722 35.458608452230692 157.96168786287308 492.72932916413993 7334.6820502914488 272.30366078345105
leaf_count=15199 817 1391 3023 56448 9194 16484 1368 2503 3809 1246 1611 24829 106563 29551
internal_value=-3.53272e-05 0.000244712 -0.0119355 0.000517956 -0.00315884 -0.00131269 -0.00442136 -0.00502364 -1.94699e-05 0.000541281 0.000107247 -0.00607952 5.7958e-06 -0.00883259
internal_weight=17349.2 16964.7 384.528 15715.7 1248.97 640.467 254.718 608.503 7786.92 98.2097 7545.9 510.294 7387.94 294.135
internal_count=274036 226263 47773 169822 56441 27046 10562 29395 113374 3749 109565 25646 107954 32574
is_linear=0
shrinkage=0.03


Tree=107
num_leaves=15
num_cat=0
split_feature=6 7 7 7 9 4 8 8 9 11 9 8 11 11
split_gain=61.6393 17.0965 6.73035 4.70605 4.99974 5.80696 4.94162 4.65447 4.57355 4.03972 3.69857 3.49 4.1785 3.40392
threshold=4.8445806323270011 0.018895518052587035 0.0029533603988354286 0.059336613533021415 2.2184820653350124 0.34313725490196084 0.20907170956341639 0.3154142874010652 1.7757804432266548 -2.7187029352165912 1.8462830653215196 0.48855503453053578 -3.5481186001187672 -4.8020008729355483
decision_type=2 2 2 2 2 2 2 2 2 2 2 2 2 2
left_child=1 7 -2 4 6 -6 -3 9 11 10 -1 -9 -13 -4
right_child=2 3 13 -5 5 -7 -8 8 -10 -11 -12 12 -14 -15
leaf_value=0.0040329400806614155 -0.019156319657926697 0.0076307232301861365 0.0015770821080043219 0.00079640443784919648 -0.013795828977844093 -0.001882767908164696 -4.37964883000741e-05 -0.0072158927138003337 0.00076140179612214009 -0.0003342738251503215 -0.0067915551551201731 0.0028727402054624282 -0.0084655513522420948 -0.0097711839961919442
leaf_weight=20.718104995787144 88.681763288099319 62.488305319100618 21.893825658597052 11899.182119987905 24.315894059836864 781.91679275408387 2952.9232508055866 140.73748884256929 391.41982417367399 135.93981792964041 457.2543169092387 90.538192803040147 25.488484425470233 252.76368719199672
leaf_count=982 15199 1229 3025 97983 389 16274 53947 6081 16922 5280 23823 3982 747 28173
internal_value=-3.48472e-05 0.000231755 -0.0120113 0.000502485 -0.000412209 -0.00248749 0.000152226 -0.00310678 -0.00128759 -0.004951 -0.00621392 -0.00428077 -0.000302027 -0.00883175
internal_weight=17346.3 16982.9 363.339 15720.8 3821.64 806.233 3015.41 1262.1 648.184 613.912 477.972 256.764 116.027 274.658
internal_count=274036 227639 46397 169822 71839 16663 55176 57817 27732 30085 24805 10810 4729 31198
is_linear=0
shrinkage=0.03


Tree=108
num_leaves=15
num_cat=0
split_feature=7 7 7 7 8 9 3 9 11 10 8 3 9 9
split_gain=58.8518 15.6715 7.21516 4.49113 4.24267 4.43235 4.7544 3.85532 3.78079 3.62658 3.47696 3.41277 3.40498 3.32823
threshold=0.0064598356318393462 0.018895518052587035 0.0029533603988354286 0.1185369858508937 0.3154142874010652 1.7757804432266548 0.049658635186547062 2.4246864496311145 -2.650131694242575 0.14107026549974302 0.5972509909368876 0.02624916865529792 1.8320841984596787 1.4297488781424199
decision_type=2 2 2 2 2 2 2 2 2 2 2 2 2 2
left_child=2 4 -1 7 8 6 -6 10 12 -10 11 -3 -2 -5
right_child=1 3 -4 13 5 -7 -8 -9 9 -11 -12 -13 -14 -15
leaf_value=-0.018973774733556104 0.0044680309484722716 0.0066632834554556869 -0.0084770547933112929 0.0043229844028493704 -0.0059189259935792694 0.000781788735573207 0.0043289312264030103 -0.003652199820595821 -0.0028401221154920309 0.0081551345172177388 0.0042951888083516609 -6.3294162580840928e-05 -0.0062901800084080696 0.00087337884427741844
leaf_weight=87.018496642354876 17.708636525087059 53.515832146629691 289.16639997251332 246.53314845263958 214.56926870066673 386.32871617097408 38.136967971920967 240.12062557041645 74.456097882241011 23.734785065054893 158.50780911743641 7335.6655842103064 486.71505674347281 7691.7423272952437
leaf_count=15199 817 1391 32574 1387 9194 16484 1368 3809 2933 816 1611 106563 24829 55061
internal_value=-3.51839e-05 0.000229843 -0.0115396 0.000487024 -0.00299442 -0.00124615 -0.00421648 -2.50187e-05 -0.00477306 0.000546167 9.73906e-05 -1.17688e-06 -0.00579437 0.000988462
internal_weight=17343.9 16967.7 376.185 15726.1 1241.65 639.035 252.706 7787.81 602.615 98.1909 7547.69 7389.18 504.424 7938.28
internal_count=274036 226263 47773 169822 56441 27046 10562 113374 29395 3749 109565 107954 25646 56448
is_linear=0
shrinkage=0.03


Tree=109
num_leaves=15
num_cat=0
split_feature=6 7 7 3 9 11 10 7 4 9 3 9 3 7
split_gain=56.4189 15.259 6.61083 4.1247 4.02395 4.3749 4.78971 4.10358 5.17092 7.00442 4.13342 4.11609 3.89356 4.11352
threshold=4.8445806323270011 0.02114318502212691 0.0029533603988354286 0.024191545538525212 1.7271110081475349 -0.20294084399669046 0.11570255786069407 0.46570839807042735 0.31009615384615391 1.4297488781424199 0.33627821447247958 1.7052298814355191 0.34745145726321047 0.24701531374281144
decision_type=2 2 2 2 2 2 2 2 2 2 2 2 2 2
left_child=1 3 -2 -1 7 -6 -7 8 9 -3 -11 -10 13 -8
right_child=2 4 -4 -5 5 6 12 -9 11 10 -12 -13 -14 -15
leaf_value=-0.0059592210329968334 -0.018790615196796225 0.0083620185633507833 -0.0084786413918684893 -0.0018816293091321263 -4.5187155773009705e-05 -0.0036495477476471369 0.0031619642750188022 -0.0018188071648399791 0.00096417155479886613 0.0029804160341907089 -0.0016795212750485939 -0.005046739855669515 -0.0046859904155171156 0.00081935759779158885
leaf_weight=266.50434246100485 85.401478191837668 183.85234078392386 270.02909664995968 1229.8929830677807 9610.782121475786 156.3754506111145 1076.2629342377186 283.00651177763939 972.5144018381834 1030.5363586694002 194.75098310410976 99.467884868383408 74.2931909263134 1807.2475082427263
leaf_count=14680 15199 1106 31198 49664 118144 1429 8045 1831 11080 6864 1149 1304 480 11863
internal_value=-3.45345e-05 0.00021787 -0.0116169 -0.00265977 0.000498182 0.000271961 0.00124625 0.00153253 0.00192342 0.0031083 0.0022284 0.00034448 0.00152219 0.00170557
internal_weight=17340.9 16985.5 355.431 1496.4 15489.1 12725 3114.18 2764.13 2481.12 1409.14 1225.29 1071.98 2957.8 2883.51
internal_count=274036 227639 46397 64344 163295 139961 21817 23334 21503 9119 8013 12384 20388 19908
is_linear=0
shrinkage=0.03


Tree=110
num_leaves=15
num_cat=0
split_feature=6 7 7 7 4 11 4 4 10 11 11 3 10 5
split_gain=53.9536 14.4382 6.54936 4.15126 3.79083 3.31219 3.22217 5.08696 2.7533 2.8706 4.8325 2.88259 2.72475 3.0096
threshold=4.8445806323270011 0.018895518052587035 0.0029533603988354286 0.059336613533021415 0.71008403361344552 -4.8020008729355483 0.77350427350427364 0.86190476190476206 0.43194275929263715 -1.3796041756115249 -1.5876777671372608 0.04406032201926819 0.20840153801199365 16.500000000000004
decision_type=2 2 2 2 2 2 2 2 2 2 2 2 2 2
left_child=1 12 -2 4 8 -4 -6 -8 9 10 -3 -12 -1 -14
right_child=2 3 5 -5 6 -7 7 -9 -10 -11 11 -13 13 -15
leaf_value=-0.0039275112975768346 -0.018606896807896182 -0.00064785021973775886 0.0018652596947432679 0.00073438838073018424 0.0048965966138693048 -0.0092504590796116115 -0.003739935795091361 0.0059512615133406272 0.0058824142042438674 0.0031254440057022115 -0.0017800345165808727 -0.007986127932356096 -0.0017160518658491872 0.0064069711071120597
leaf_weight=790.09940999746323 83.829350628890097 2973.018111884594 21.564881971571594 11914.756462402642 197.55856537632644 246.22630377020687 128.05706791393459 59.017829366028309 41.157919261604548 143.76971810311079 159.53151106834412 118.12793138623238 430.9474995629862 30.47676226310432
leaf_count=38100 15199 56175 3025 97983 4323 28173 2852 1247 512 2254 2720 1756 18399 1318
internal_value=-3.45073e-05 0.000211061 -0.011421 0.000458686 -0.0004007 -0.00830387 0.00236789 -0.000467771 -0.000719603 -0.000825181 -0.00101346 -0.00469436 -0.0028708 -0.000994703
internal_weight=17338.1 16986.5 351.621 15735 3820.24 267.791 384.633 187.075 3435.61 3394.45 3250.68 277.659 1251.52 461.424
internal_count=274036 227639 46397 169822 71839 31198 8422 4099 63417 62905 60651 4476 57817 19717
is_linear=0
shrinkage=0.03


Tree=111
num_leaves=15
num_cat=0
split_feature=6 6 6 3 8 9 9 9 9 8 4 8 11 11
split_gain=51.5868 13.6613 6.35302 4.46292 4.87789 4.37817 6.2372 4.11265 3.84754 4.67218 4.95485 4.45258 3.83511 3.82982
threshold=4.8445806323270011 3.2939815763060616 5.480430546593821 0.024191545538525212 0.20402376598122593 2.0874899894146641 1.9810261925759773 1.3772626059130288 1.868316234883389 0.30543539618336063 0.46410256410256417 0.46707909178713253 -3.6736990204985651 -4.8020008729355483
decision_type=2 2 2 2 2 2 2 2 2 2 2 2 2 2
left_child=1 7 13 -3 -5 6 8 -1 11 -10 -11 -6 -12 -2
right_child=2 3 -4 4 5 -7 -8 -9 9 10 12 -13 -14 -15
leaf_value=0.003965452663303547 0.0042521359497833429 -0.0054040741137092374 -0.017277545596104525 -0.0067487463185915766 -0.0037296803328288964 0.0012319400618936846 -0.0052749117324054299 0.00047068531144894436 -0.0034659112012890452 -0.006945685537311585 -0.0038234483635072002 0.001166046030786465 0.0068240308880906765 -0.008654923141703165
leaf_weight=294.96794119477272 13.803939235862343 276.73265165276825 106.2144947447814 129.05975454393774 442.31558996252716 549.92315734829754 350.26358436979353 14356.555140879005 92.402158141136169 20.258849326521158 25.707694909535348 254.41423799004406 195.0788866924122 227.88797446386889
leaf_count=2052 1763 15023 19206 4407 15422 17844 12301 140923 3520 502 1511 8020 6114 25428
internal_value=-3.40385e-05 0.000204874 -0.011226 -0.00191831 -0.00141422 -0.00100828 -0.00190436 0.000545026 -0.00069911 0.00189641 0.00403461 -0.00195508 0.00541991 -0.00771235
internal_weight=17335.6 16987.7 347.906 2336.16 2059.42 1930.36 1380.44 14651.5 1030.18 333.448 241.045 696.73 220.787 241.692
internal_count=274036 227639 46397 84664 69641 65234 47390 142975 35089 11647 8127 23442 7625 27191
is_linear=0
shrinkage=0.03


Tree=112
num_leaves=15
num_cat=0
split_feature=6 7 7 7 10 4 3 6 3 7 10 11 10 3
split_gain=49.2765 13.0127 6.46536 3.74953 6.30308 6.19624 3.71066 3.38488 6.94269 5.16544 3.52374 3.12955 3.05766 3.31597
threshold=4.8445806323270011 0.02114318502212691 0.0029533603988354286 0.22062071035209826 0.43194275929263715 0.13809523809523813 0.024191545538525212 3.6724951675895521 0.030380098546291135 0.018895518052587035 0.24414981615364431 -4.8020008729355483 0.18064536651278498 0.021282272222805883
decision_type=2 2 2 2 2 2 2 2 2 2 2 2 2 2
left_child=1 6 -2 4 -3 -5 12 8 -8 -9 -11 -4 13 -1
right_child=2 3 11 5 -6 -7 7 9 -10 10 -12 -13 -14 -15
leaf_value=-0.0021492260556709823 -0.018249560665655695 0.0001439716537055804 0.0018953944137019057 0.00073487007890483621 0.0075272082516117502 0.0040824308650070024 0.0041016988994879147 -0.002003345750622075 -0.011658181070201196 0.00080080122406135234 0.010797463833358908 -0.0088832863961535412 0.00084793486188041833 -0.01003614989640411
leaf_weight=88.77513736858964 80.906147376168519 12015.900247763842 21.530418890528381 2804.2702765911818 89.984442733228207 592.80883741378784 28.024598401039839 993.83962605241686 62.516407039016485 107.57917018793523 31.708124332129955 241.8013868983835 50.159507756121457 123.84460825100541
leaf_count=5249 15199 140716 3025 18329 783 3467 779 43476 1645 3015 749 28173 2844 6587
internal_value=-3.42276e-05 0.000198092 -0.0110296 0.000455954 0.000208099 0.00133442 -0.00246898 -0.00173234 -0.00689046 -0.00123555 0.00390499 -0.00794735 -0.00562047 -0.00710176
internal_weight=17333.6 16989.4 344.238 15503 12105.9 3397.08 1486.45 1223.67 90.541 1133.13 139.287 263.332 262.779 212.62
internal_count=274036 227639 46397 163295 141499 21796 64344 49664 2424 47240 3764 31198 14680 11836
is_linear=0
shrinkage=0.03


Tree=113
num_leaves=15
num_cat=0
split_feature=6 7 7 9 3 8 10 7 8 8 8 9 9 8
split_gain=47.1036 12.3574 6.39613 4.24115 4.16353 3.03292 3.62609 2.98006 7.01751 4.32444 11.358 5.64921 4.54816 3.40441
threshold=4.8445806323270011 0.030340511369926781 0.0029533603988354286 1.3772626059130288 0.024191545538525212 0.31692723612697682 0.11760440007810852 0.22062071035209826 0.51851564389571481 0.25489553971539775 0.26271571672200988 2.0484530748301237 2.0778917183253838 0.27434112213093659
decision_type=2 2 2 2 2 2 2 2 2 2 2 2 2 2
left_child=1 4 -2 -3 5 6 -1 -5 9 -9 -11 13 -13 -12
right_child=2 3 -4 7 -6 -7 -8 8 -10 10 11 12 -14 -15
leaf_value=-0.00037732730446481301 -0.018064536987832138 0.0039991298959435422 -0.0077787936931386047 0.00020731237113686608 -0.0013244115853093933 0.00045231646296641447 -0.0091148359817611775 0.0043547726447492694 -0.0051302847379455906 -0.0077041817977530824 0.0065714482056715992 -0.0064140171820406336 0.00023184807839616702 0.0018143252848973606
leaf_weight=59.453432806767523 79.458416881971061 294.0947790555656 261.27246424974874 10993.102455124259 2129.689975252375 64.459063375368714 150.3488101856783 408.99980204552412 134.71526195108891 111.64178548753262 133.49325640499592 107.90749102830887 372.86110982298851 2029.6630893200636
leaf_count=2781 15199 2019 31198 118137 71246 3515 8734 2896 892 774 859 738 2651 12397
internal_value=-3.38494e-05 0.000192189 -0.010838 0.000521042 -0.00179406 -0.00518313 -0.0068292 0.000445356 0.00123398 0.00152783 0.00108693 0.00149951 -0.00140873 0.00215113
internal_weight=17331.2 16990.4 340.731 14586.5 2403.95 274.261 209.802 14292.4 3299.28 3164.57 2755.57 2643.92 480.769 2163.16
internal_count=274036 227639 46397 141363 86276 15030 11515 139344 21207 20315 17419 16645 3389 13256
is_linear=0
shrinkage=0.03


Tree=114
num_leaves=15
num_cat=0
split_feature=6 6 7 10 9 7 5 3 9 12 9 6 9 11
split_gain=45.2702 15.4399 3.97952 3.96002 3.39893 5.17574 4.57014 3.39929 2.90655 4.71433 4.5975 5.34046 4.16876 4.02221
threshold=5.1038219627132824 3.8490826385811467 0.057407164585244877 0.26520268686840837 1.7373324713914402 0.46570839807042735 13.500000000000002 0.31763161865277817 2.2184820653350124 1.8688348091416842 2.2611502360414586 2.7504658133048774 2.3053633128505018 -2.3437465851328017
decision_type=2 2 2 2 2 2 2 2 2 2 2 2 2 2
left_child=1 2 8 -2 5 6 -4 -7 -1 -10 13 -12 -13 -11
right_child=3 -3 4 -5 -6 7 -8 -9 9 10 11 12 -14 -15
leaf_value=-2.407604726418302e-05 -0.015195574327428676 -0.0031428316415747829 0.00149790436522446 -0.003098121953672157 0.00040893481537775892 -0.0055712905064712326 0.0050864841285514929 0.0007622060788293715 -0.0092984033318971489 0.0026816075010147669 0.007190690214542707 0.0028887702321324506 -0.0028801875502608232 -0.0072484735152732816
leaf_weight=3029.3595184236765 173.25550034502521 1182.7892460366711 1646.8778181970119 38.245437488891184 9778.3458833098412 119.2252974063158 389.12039850652218 169.46606086194515 58.719056963920593 38.707997985184193 67.417506638914347 152.18845046311617 335.69216283224523 149.34566253982484
leaf_count=58353 28548 63380 10938 6105 84675 781 2697 1085 962 1111 1083 3491 7741 3086
internal_value=-3.39021e-05 0.000142283 0.000388858 -0.0133581 0.00065543 0.00168299 0.00221594 -0.00199942 -0.000452484 -0.0020404 -0.0012945 0.000114937 -0.00104814 -0.00515741
internal_weight=17328.8 17117.3 15934.5 211.501 12103 2324.69 2036 288.691 3831.43 802.071 743.352 555.298 487.881 188.054
internal_count=274036 239383 176003 34653 100176 15501 13635 1866 75827 17474 16512 12315 11232 4197
is_linear=0
shrinkage=0.03


Tree=115
num_leaves=15
num_cat=0
split_feature=6 6 10 4 7 9 3 9 7 6 6 11 7 11
split_gain=43.3593 14.5736 3.8483 3.81309 5.32508 3.2047 4.12822 5.09902 4.06083 3.99241 3.76813 3.33474 2.99412 3.22239
threshold=5.1038219627132824 3.8490826385811467 0.26520268686840837 0.22649572649572652 0.22062071035209826 2.1841343131136015 0.086862864315802618 1.6936169399515857 0.12738657106068649 2.0081915103761951 1.4928409688502451 -0.45473615711494725 0.10338973583053314 -1.3101149182386425
decision_type=2 2 2 2 2 2 2 2 2 2 2 2 2 2
left_child=1 3 -2 -1 5 6 9 10 -9 11 -8 -5 13 -11
right_child=2 -3 -4 4 -6 -7 7 8 -10 12 -12 -13 -14 -15
leaf_value=0.00088733314714253147 -0.014984550232359664 -0.0030589448330792168 -0.0030381249261363999 0.0037012111839850761 0.0058663073533155629 -0.0011584138168007315 0.0061790175763963779 -0.0065774854076570844 -0.0015303580885118778 7.2248174183625982e-05 -0.00028769204254891278 -0.0033804695430695352 -0.0046570054764807026 0.0023762520917884884
leaf_weight=7200.583138320595 170.67514083720744 1179.2347959969193 38.128683180082589 503.96664465218782 120.06805869936943 2078.8343231398612 81.174449324607849 192.02449756860733 512.95203916728497 3970.787919074297 509.98250618577003 55.850046448409557 93.343033865094185 618.68262423574924
leaf_count=52162 28548 63380 6105 4397 659 33939 455 1690 3750 67236 3688 470 853 6704
internal_value=-3.36333e-05 0.000137775 -0.0131529 0.000376947 -4.44552e-05 -0.000136859 0.000189826 -0.00131674 -0.00301351 0.000564988 0.000731214 0.00292493 0.000274426 0.000389568
internal_weight=17326.3 17117.5 208.804 15938.2 8737.67 8617.6 6538.76 1296.13 704.977 5242.63 591.157 559.817 4682.81 4589.47
internal_count=274036 239383 34653 176003 123841 123182 89243 9583 5440 79660 4143 4867 74793 73940
is_linear=0
shrinkage=0.03


Tree=116
num_leaves=15
num_cat=0
split_feature=7 7 7 8 4 8 9 8 9 8 4 11 8 9
split_gain=41.3129 9.39593 7.99657 4.36142 3.94951 3.91262 3.63941 3.70564 3.32666 2.72222 4.08799 5.76818 8.16565 3.62239
threshold=0.0071010441150216657 0.034835010130559833 0.0029533603988354286 0.46707909178713253 0.91987179487179505 0.462102683714325 1.8320841984596787 0.32730644829256944 2.4865450930316295 0.39096017660132915 0.85164835164835173 -3.0816574020173202 0.32832631460354583 1.9544544195385984
decision_type=2 2 2 2 2 2 2 2 2 2 2 2 2 2
left_child=2 3 -1 4 5 9 7 -4 -3 10 -2 12 -12 -13
right_child=1 8 6 -5 -6 -7 -8 -9 -10 -11 11 13 -14 -15
leaf_value=-0.0176144747022722 -0.0022324114465523135 0.00054896582142903926 0.010034390218880026 0.0018207696150300281 -0.0074168993083242544 -0.0089768145796509553 -0.0086786677915107312 -0.0036843122770088186 -0.0046185862943287047 0.00083625800467926564 -0.0098260002694064499 -0.0015552069428021586 0.0089472214869799564 0.01110843758026905
leaf_weight=76.110205349512398 1742.4305818919092 14065.673030789942 6.6794537641108027 321.63271806389093 95.065715461038053 47.829718647524714 230.96945230290294 86.615997099783272 98.166642375290394 411.5023188162595 43.310334986075759 23.912007309496403 18.55976633541286 55.292303907684982
leaf_count=15199 55278 131416 714 8940 4948 1434 26735 9474 1229 12436 2539 628 878 2188
internal_value=-3.32025e-05 0.000196046 -0.00938041 -0.00140075 -0.0018343 -0.00156203 -0.0067544 -0.00144831 0.000508302 -0.00135022 -0.00183074 0.00286806 -0.00354742 0.00764637
internal_weight=17323.8 16923.4 400.375 2759.54 2437.9 2342.84 324.265 93.2955 14163.8 2295.01 1883.5 141.074 61.8701 79.2043
internal_count=274036 221914 52122 89269 80329 75381 36923 10188 132645 73947 61511 6233 3417 2816
is_linear=0
shrinkage=0.03


Tree=117
num_leaves=15
num_cat=0
split_feature=7 7 7 9 3 8 3 10 11 4 11 9 11 7
split_gain=39.481 9.68565 6.74073 3.91841 2.99791 3.41604 3.73346 3.31894 2.88855 2.88713 3.41296 2.66972 2.88758 4.16228
threshold=0.0064598356318393462 0.030340511369926781 0.0029533603988354286 1.3772626059130288 0.024191545538525212 0.31692723612697682 0.021282272222805883 0.11570255786069407 -4.8020008729355483 0.36931818181818188 -0.30673026742247539 2.3575769664228465 -1.3101149182386425 0.1646155049132276
decision_type=2 2 2 2 2 2 2 2 2 2 2 2 2 2
left_child=2 4 -1 9 5 6 7 -2 -4 10 -3 -5 -13 -14
right_child=1 3 8 11 -6 -7 -8 -9 -10 -11 -12 12 13 -15
leaf_value=-0.017428558202481421 0.0058978412866171033 0.0082551764390572067 0.0023462023487912606 0.00048700741222207242 -0.0012008835376486632 0.0014141018592236342 -0.0093300822977854456 -0.0048982339580124499 -0.0078441625989614464 -0.00083893845528459909 0.00044944353398125261 -0.0051418255942493329 0.00080690437105051236 -0.0052970550975084685
leaf_weight=74.794449064414948 26.315813356079161 132.67805796861649 21.027940002270043 13579.101444978267 2110.86556003429 61.121303579770029 121.87030103616416 53.201924782246351 248.66562194982544 83.214920807629824 79.289838641881943 131.10833772644401 487.82995652034879 110.78171853721142
leaf_count=15199 1386 823 3023 130322 70578 3271 6349 3316 29551 712 484 2498 5573 951
internal_value=-3.30888e-05 0.000175081 -0.00987153 0.000464308 -0.00159635 -0.00453953 -0.00631923 -0.00095638 -0.00696787 0.00380127 0.00555799 0.000391559 -0.00135863 -0.000424596
internal_weight=17321.9 16977.4 344.488 14604 2373.37 262.509 201.388 79.5177 269.694 295.183 211.968 14308.8 729.72 598.612
internal_count=274036 226263 47773 141363 84900 14322 11051 4702 32574 2019 1307 139344 9022 6524
is_linear=0
shrinkage=0.03


Tree=118
num_leaves=15
num_cat=0
split_feature=7 7 7 8 9 3 11 11 4 4 7 8 8 3
split_gain=37.7013 9.23507 6.64649 3.44985 4.40114 4.54263 3.53327 4.44013 3.53135 3.21299 4.91535 3.40441 4.15224 3.82958
threshold=0.0064598356318393462 0.018895518052587035 0.0029533603988354286 0.3154142874010652 1.7757804432266548 0.049658635186547062 -2.7187029352165912 -2.8263358733785466 0.71008403361344552 0.22649572649572652 0.22062071035209826 0.22047695614180265 0.19390556603211642 0.14411193125933389
decision_type=2 2 2 2 2 2 2 2 2 2 2 2 2 2
left_child=2 3 -1 6 5 -5 7 8 -2 11 -11 12 -3 -13
right_child=1 9 -4 4 -6 -7 -8 -9 -10 10 -12 13 -14 -15
leaf_value=-0.017242509788298083 0.00086756305598456476 0.0015769652311361736 -0.0068128118858237158 -0.0054522548591034777 0.0012565051492902859 0.0045598294044325626 0.00031429716562489602 -0.01161757918646528 -0.0053796234425093868 -0.00011973393705283465 0.0056389235144735849 0.0024510537723627158 -0.0024526457580343478 0.00067853151914998462
leaf_weight=73.514749387744814 108.04198393877596 370.01071690022945 267.83424032758921 210.4681805819273 380.51654464844614 37.799541339278221 132.87213308550417 68.679217416793108 274.7999184075743 8435.5592616926879 120.53946241736412 1409.0713901035488 561.25111906975508 4868.9318018183112
leaf_count=15199 5271 3374 32574 9194 16484 1368 5280 2924 15920 117001 659 11890 4645 32253
internal_value=-3.29956e-05 0.000169543 -0.00969026 -0.00233641 -0.000763586 -0.00375493 -0.00396725 -0.0051968 -0.00365036 0.000364419 -2.88787e-05 0.000830283 -0.000851975 0.00108126
internal_weight=17319.9 16978.5 341.349 1213.18 628.784 248.268 584.393 451.521 382.842 15765.4 8556.1 7209.27 931.262 6278
internal_count=274036 226263 47773 56441 27046 10562 29395 24115 21191 169822 117660 52162 8019 44143
is_linear=0
shrinkage=0.03


Tree=119
num_leaves=15
num_cat=0
split_feature=3 11 3 11 10 8 4 10 9 4 9 11 12 9
split_gain=35.7932 8.60701 6.75372 3.72799 3.69394 6.72345 5.57838 3.60716 3.42787 3.28887 2.82331 2.71508 3.34462 2.64897
threshold=0.024191545538525212 -3.847980912097928 0.049658635186547062 -1.3796041756115249 0.14619806323268461 0.19901073751732082 0.48529411764705888 0.30147511177332381 2.4865450930316295 0.91987179487179505 2.2976202650879833 -3.1962452022713399 2.6735537653587347 1.7271110081475349
decision_type=2 2 2 2 2 2 2 2 2 2 2 2 2 2
left_child=1 7 3 9 5 -5 10 -1 11 -2 -7 12 -3 -4
right_child=2 8 13 4 -6 6 -8 -9 -10 -11 -12 -13 -14 -15
leaf_value=-0.01337571234230501 -0.00102547757847012 -0.0044622887645515558 0.0013630401172605672 -0.00088457338682993781 -0.0061849111867813946 0.0065319934112617493 0.015454612230170302 0.00098302087708267388 0.0060171206507564756 -0.0065513694306125947 -0.001527094895901853 -0.0081107407707406882 0.0047432234145398282 0.00031277464985176239
leaf_weight=195.20268659992144 3511.1964334789664 106.24779601115733 2742.5785842696205 219.71320732310414 33.597871355712414 78.188928753137589 35.59728891029954 14.887900250032542 15.446258717682211 85.400283899158239 59.30276758223772 118.2551828538999 36.397724046837538 10065.835795107298
leaf_count=29694 99903 7172 23482 3062 404 989 463 2114 667 7191 777 5626 3099 89393
internal_value=-3.2894e-05 -0.00793136 0.000202235 -0.000867952 0.0017422 0.0026228 0.00679042 -0.0123605 -0.00410113 -0.00118335 0.00324767 -0.00499473 -0.00188557 0.000538992
internal_weight=17317.8 486.438 16831.4 4023 426.4 392.802 173.089 210.091 276.347 3596.6 137.492 260.901 142.646 12808.4
internal_count=274036 48372 225664 112789 5695 5291 2229 31808 16564 107094 1766 15897 10271 112875
is_linear=0
shrinkage=0.03


Tree=120
num_leaves=15
num_cat=0
split_feature=6 6 3 8 9 4 7 8 8 3 9 7 6 9
split_gain=35.8774 11.1937 3.73511 3.45566 3.30056 3.1318 4.62829 3.18094 3.91823 3.61333 5.98432 5.83254 3.30503 3.97059
threshold=5.1038219627132824 3.8490826385811467 0.023719130064064207 0.46707909178713253 1.7486080662999435 0.22649572649572652 0.22062071035209826 0.22047695614180265 0.19390556603211642 0.14411193125933389 1.6560164723978006 0.086390984872955698 1.3479888099339705 2.1734494846250758
decision_type=2 2 2 2 2 2 2 2 2 2 2 2 2 2
left_child=1 5 -2 -3 -5 7 -7 8 -1 10 -9 -12 13 -10
right_child=2 3 -4 4 -6 6 -8 9 12 -11 11 -13 -14 -15
leaf_value=0.0015203807127463708 -0.014785787437999458 -0.0032970175265234873 -0.0042359110062814382 -0.00073708415936140313 0.0095691783155985293 -0.00014033682215830069 0.005438149937892366 0.0097764566658876152 -0.0039901930901559456 0.00064120601371890141 -0.0046563821601252912 0.0024077386027908923 -0.0036734894166721818 0.0054021478255211969
leaf_weight=370.53302925825119 141.13895637821406 1025.8144690440968 56.756838561967015 117.37340012006462 20.994033860042691 8617.0448926966637 120.96331709623337 77.467088539153337 56.301832035183907 4872.5942439287901 101.05571255087852 1233.4212650284171 423.32434933632612 80.767571173608303
leaf_count=3374 25598 56625 9055 5745 1010 123182 659 560 408 32253 1089 10241 3624 613
internal_value=-3.21439e-05 0.000119977 -0.0122717 -0.00270079 0.00160962 0.000328162 -5.39249e-05 0.000790025 -0.000836408 0.00103237 0.00236132 0.00182698 -0.00239373 0.00153116
internal_weight=17315.6 17117.7 197.896 1164.18 138.367 15953.5 8738.01 7215.47 930.927 6284.54 1411.94 1334.48 560.394 137.069
internal_count=274036 239383 34653 63380 6755 176003 123841 52162 8019 44143 11890 11330 4645 1021
is_linear=0
shrinkage=0.03


Tree=121
num_leaves=15
num_cat=0
split_feature=6 7 10 8 10 10 9 7 9 12 9 6 8 9
split_gain=34.3645 10.631 3.89012 5.25669 3.67081 6.01204 4.84722 3.38384 3.32418 4.32625 4.94452 5.25255 4.21617 4.06334
threshold=5.1038219627132824 0.013936205915647789 0.26520268686840837 0.462102683714325 0.17827455168055786 0.19737023816377317 2.0826384122702293 0.057407164585244877 2.2184820653350124 1.8688348091416842 2.2611502360414586 2.7504658133048774 0.20907170956341639 2.3053633128505018
decision_type=2 2 2 2 2 2 2 2 2 2 2 2 2 2
left_child=1 4 -2 -4 6 -6 -1 8 12 -10 -11 -12 -3 -13
right_child=2 7 3 -5 5 -7 -8 -9 9 10 11 13 -14 -15
leaf_value=-0.011252445996445473 -0.013967262762165956 0.0066697629856174003 0.0098889755039244 -0.0078975834779939583 0.0045828862164654892 -0.0030829418428207152 -0.0031861797254431174 0.00054211764794400634 -0.0091104805298531724 -0.0053001737054855442 0.0070297145933399486 0.0026528110727804979 -0.000185358979791082 -0.0028451972177313376
leaf_weight=80.40567369479686 159.1464370614849 67.82458065263927 8.276734179351477 28.187803061679006 106.40599773265421 373.35489861760288 299.26055597979575 12132.543396208435 58.173367969691753 202.29469750449061 67.735663462430239 165.04599158279598 3205.3110938034952 359.14484552294016
leaf_count=5223 28548 1516 1431 4674 6318 21255 19391 100176 962 4845 1083 4036 65708 8870
internal_value=-3.12607e-05 0.000116828 -0.0120756 -0.00215481 -0.00310572 -0.00129534 -0.0052572 0.000289883 -0.000451178 -0.00210242 -0.00142974 -8.6992e-06 -1.35315e-05 -0.00108846
internal_weight=17313.1 17117.5 195.611 36.4645 859.427 479.761 379.666 16258.1 4125.53 852.395 794.221 591.927 3273.14 524.191
internal_count=274036 239383 34653 6105 52187 27573 24614 187196 87020 19796 18834 13989 67224 12906
is_linear=0
shrinkage=0.03


Tree=122
num_leaves=15
num_cat=0
split_feature=6 7 3 7 11 11 3 3 11 9 6 8 9 7
split_gain=32.8436 10.0693 3.69667 3.23029 3.60616 6.00291 3.30967 8.19923 8.24731 4.35098 4.69815 4.63518 4.28541 3.67803
threshold=5.1038219627132824 0.013936205915647789 0.023719130064064207 0.14157481290980548 -0.98407565891916737 -0.8324463741746323 0.10343821412571083 0.11182418367337867 -1.4835633173593024 2.1621903311161921 2.2137389487888997 0.27365334311234152 2.1056593110128272 0.13190940246168517
decision_type=2 2 2 2 2 2 2 2 2 2 2 2 2 2
left_child=1 -1 -2 6 -5 -6 9 8 -8 10 11 13 -12 -3
right_child=2 3 -4 4 5 -7 7 -9 -10 -11 12 -13 -14 -15
leaf_value=-0.0030279099350269947 -0.014398768660673567 -0.0018580550191069131 -0.0039355143930107942 0.0039587976929828968 -0.0035473694904977504 0.00083037254583620123 0.0026140989020456288 0.00041554373595874012 -0.0084005558675182487 -0.00088663451902117366 -0.00033080375920441587 0.002866260112761317 0.0024679105544691384 0.0051722643310308904
leaf_weight=857.00367918238044 137.34911355515942 380.60259506106377 55.942134351469576 292.97396291792393 280.7877368927002 6135.9837735891342 73.947945140302181 524.36756701394916 226.52989786863327 2743.9428403247148 3781.6185124162585 1203.5936767160892 550.7804289162159 65.82466783374548
leaf_count=52187 25598 3700 9055 1748 1793 42171 592 4015 1914 44555 65421 10585 10134 568
internal_value=-3.10502e-05 0.000112931 -0.011872 0.000281102 0.000784795 0.000630983 -7.34197e-05 -0.00187217 -0.00569443 9.95254e-05 0.000552931 0.00190736 3.22859e-05 -0.000687009
internal_weight=17311.2 17118 193.291 16261 6709.75 6416.77 9551.21 824.845 300.478 8726.36 5982.42 1650.02 4332.4 446.427
internal_count=274036 239383 34653 187196 45712 43964 141484 6521 2506 134963 90408 14853 75555 4268
is_linear=0
shrinkage=0.03


Tree=123
num_leaves=15
num_cat=0
split_feature=6 7 10 8 10 7 4 8 8 8 10 9 4 9
split_gain=31.4482 9.55278 3.83262 5.08624 2.85003 3.15365 5.17482 6.44245 4.03754 9.13521 4.22121 6.16043 3.30341 3.26065
threshold=5.1038219627132824 0.018895518052587035 0.26520268686840837 0.462102683714325 0.39119038556042368 0.22062071035209826 0.14835164835164838 0.49251446170600338 0.25489553971539775 0.26358042431741752 0.24414981615364431 1.7052298814355191 0.86190476190476206 2.0484530748301237
decision_type=2 2 2 2 2 2 2 2 2 2 2 2 2 2
left_child=1 -1 -2 -4 5 12 7 8 -7 -10 11 -11 -3 -13
right_child=2 4 3 -5 -6 6 -8 -9 9 10 -12 13 -14 -15
leaf_value=-0.0023101405759103385 -0.013580983962879123 -8.6998115701493168e-07 0.0098624172313527009 -0.0076443339247878094 0.0033364019590412905 0.0037445965501283702 0.0039108142942618808 -0.0045985305938609413 -0.0069485058080397876 -0.0080993555390953282 0.003316092433599406 0.001463031147817312 0.0063573251912767362 -0.0014806355944181602
leaf_weight=1337.7620174186304 155.13379515893757 12109.3983024396 8.2920687887817603 27.706637935712934 261.47274697571993 386.35219460725784 479.69303640723228 186.32640925049782 125.23664714396 61.629901170730591 503.54485166072845 1142.582724198699 58.991685349494219 464.97857514023781
leaf_count=69561 28548 145022 1431 4674 2166 2737 2750 1217 878 376 2941 7225 1243 3267
internal_value=-3.06525e-05 0.000109514 -0.0116786 -0.00189706 0.000316639 0.000262587 0.00107541 0.000583736 0.000967006 0.000478761 0.000951576 0.00021509 3.77433e-05 0.000605774
internal_weight=17309.1 17118 191.133 35.9987 15780.2 15518.7 3350.34 2870.65 2684.32 2297.97 2172.74 1669.19 12168.4 1607.56
internal_count=274036 239383 34653 6105 169822 167656 21391 18641 17424 14687 13809 10868 146265 10492
is_linear=0
shrinkage=0.03


Tree=124
num_leaves=15
num_cat=0
split_feature=6 7 10 10 10 9 12 9 7 9 12 9 6 9
split_gain=30.0474 9.08683 3.742 3.55044 5.69963 4.7599 3.25046 3.57525 2.95697 3.07018 4.18679 4.71379 4.95912 3.8484
threshold=5.1038219627132824 0.013936205915647789 0.26520268686840837 0.17827455168055786 0.19737023816377317 2.0826384122702293 2.3502401828962087 2.096535701219373 0.057407164585244877 2.2184820653350124 1.8688348091416842 2.2611502360414586 2.7504658133048774 2.3053633128505018
decision_type=2 2 2 2 2 2 2 2 2 2 2 2 2 2
left_child=1 3 -2 5 6 -1 -5 -8 9 -3 -11 -12 -13 -14
right_child=2 8 -4 4 -6 -7 7 -9 -10 10 11 12 13 -15
leaf_value=-0.010983585839943426 -0.013374622404923079 -7.4426725929813161e-06 -0.001825835761295948 -0.0018430810832450314 -0.0028632252840970545 -0.0029668412877779135 0.010277165937795566 -0.005232861176363404 0.00050104982999301382 -0.0089346150397354822 -0.0051485357519806029 0.0068485748504381865 0.0026088903607083039 -0.0027417240395629875
leaf_weight=79.12656768783927 153.06460373522714 3272.4839492980391 35.871525341179222 39.527937339618802 370.34705349523574 296.80502758640796 60.167115663178265 6.6336472686380139 12142.890831518918 57.669246803969145 201.11418125405908 68.096624106168747 165.26582633517683 357.86254734918475
leaf_count=5223 28548 67224 6105 2096 21255 19391 3861 361 100176 962 4845 1083 4036 8870
internal_value=-3.01204e-05 0.000106166 -0.0114775 -0.00288547 -0.00110751 -0.00501091 0.00460567 0.00805982 0.000265497 -0.000427629 -0.00201714 -0.00135701 2.8209e-05 -0.00102576
internal_weight=17306.9 17118 188.936 852.607 476.676 375.932 106.329 66.8008 16265.4 4122.49 850.008 792.339 591.225 523.128
internal_count=274036 239383 34653 52187 27573 24614 6318 4222 187196 87020 19796 18834 13989 12906
is_linear=0
shrinkage=0.03


Tree=125
num_leaves=15
num_cat=0
split_feature=3 11 3 10 3 10 11 10 8 4 4 9 11 11
split_gain=28.0637 7.16185 4.84241 3.46219 3.40184 4.22133 3.20134 3.55134 6.38385 5.23675 2.82854 2.68197 2.59514 2.49217
threshold=0.024191545538525212 -3.847980912097928 0.049658635186547062 0.30147511177332381 0.021282272222805883 0.18516802433732621 -1.3796041756115249 0.14619806323268461 0.19901073751732082 0.48529411764705888 0.91987179487179505 2.2976202650879833 -3.7149852916478832 -5.1765761872210314
decision_type=2 2 2 2 2 2 2 2 2 2 2 2 2 2
left_child=1 3 6 -1 -3 12 10 8 -8 11 -2 -10 -6 -5
right_child=2 4 -4 13 5 -7 7 -9 9 -11 -12 -13 -14 -15
leaf_value=-0.012376094963602308 -0.00088300934353841693 0.00038312526954338333 0.00045878874027993437 -0.0067107928613071429 0.0033942418735238853 0.0045614657625979828 -0.00087935380707510123 -0.0061017027942812749 0.0063419192752332577 0.014933484577961642 -0.00605641997561286 -0.001504864014719454 -0.0090367261564857099 0.0076069782794982374
leaf_weight=183.53408601880074 3495.0387924271636 111.4840158270672 12830.136484343093 5.5754892281256607 9.1629488533362728 18.47905249428004 219.67827063053846 33.466168113052845 78.602287843823433 36.113202128559351 83.388224485330284 59.255830947309732 132.5772508601658 8.852466934360562
leaf_count=29694 99903 7645 112875 1169 877 870 3062 404 989 463 7191 777 7172 945
internal_value=-3.02032e-05 -0.00714748 0.000174533 -0.011334 -0.00366381 -0.0062715 -0.000734278 0.00168074 0.00254205 0.00658921 -0.00102834 0.00315242 -0.00798519 0.00147368
internal_weight=17305.3 469.665 16835.7 197.962 271.703 160.219 4005.54 427.116 393.65 173.971 3578.43 137.858 141.74 14.428
internal_count=274036 48372 225664 31808 16564 8919 112789 5695 5291 2229 107094 1766 8049 2114
is_linear=0
shrinkage=0.03


Tree=126
num_leaves=15
num_cat=0
split_feature=7 7 3 10 9 10 9 10 11 12 9 9 11 9
split_gain=27.849 9.53551 5.20718 3.06384 4.23391 4.20211 3.69606 2.84331 4.00504 4.01794 2.84153 2.77677 3.05731 4.04263
threshold=0.0041745393042925327 0.013936205915647789 0.022919370086098647 0.30147511177332381 1.7271110081475349 0.17827455168055786 2.0826384122702293 0.19737023816377317 -4.0754590133786008 2.3502401828962087 1.7837148450422828 1.2869005265451376 -1.3796041756115249 2.2184820653350124
decision_type=2 2 2 2 2 2 2 2 2 2 2 2 2 2
left_child=2 3 -1 4 -2 6 -6 8 -7 -10 -9 -3 13 -13
right_child=1 11 -4 -5 5 7 -8 10 9 -11 -12 12 -14 -15
leaf_value=-0.01617452942147838 -0.0096583425776819425 0.0040328345245035499 -0.002627710123033158 0.0023024090490922711 -0.0098843055574756606 -0.0076165101397345659 -0.0029252769024791661 0.0039497484476736112 -0.0016664993931379656 0.0096050451500657181 -0.0036431458704393807 -2.0680860608454396e-05 0.00051399971446784893 -0.0022940131362845784
leaf_weight=96.8132493365556 75.815934047102928 157.93755587004125 41.73999989265576 81.912187215872109 82.9293009233661 11.665839407127349 310.67330175405368 43.482151683885604 39.195971372537315 61.371399033349007 188.01755567966029 4846.2226685099304 10456.946827087551 808.72415049560368
leaf_count=20388 4765 1317 7827 4843 5901 1377 21627 2725 2079 3663 11645 82940 83953 18986
internal_value=-2.95022e-05 8.42083e-05 -0.0127488 -0.00290435 -0.00346106 -0.00264396 -0.00470053 -0.000190951 0.00345926 0.00556587 -0.00206342 0.000251144 0.000210357 -0.000351003
internal_weight=17303.4 17164.9 138.553 895.064 813.151 737.336 393.603 343.733 112.233 100.567 231.5 16269.8 16111.9 5654.95
internal_count=274036 245821 28215 58625 53782 49017 27528 21489 7119 5742 14370 187196 185879 101926
is_linear=0
shrinkage=0.03


Tree=127
num_leaves=15
num_cat=0
split_feature=7 7 3 8 7 0 6 4 8 11 4 8 12 7
split_gain=26.7295 9.05159 5.07579 3.72035 2.93416 2.85817 2.63163 3.691 4.37431 4.5468 4.59153 3.10531 3.06654 7.33024
threshold=0.0041745393042925327 0.013936205915647789 0.022919370086098647 0.32922835780806908 0.0031482179538451695 10.500000000000002 1.6193392260821904 0.16025641025641027 0.48855503453053578 -0.20294084399669046 0.2817460317460318 0.5972509909368876 0.89587973461402759 0.19344782932042962
decision_type=2 2 2 2 2 2 2 2 2 2 2 2 2 2
left_child=2 -2 -1 -4 -5 -6 7 -3 9 10 12 -8 13 -9
right_child=1 6 3 4 5 -7 11 8 -10 -11 -12 -13 -14 -15
leaf_value=-0.015977583252962693 -0.0028343704239486476 0.00030154620180601198 -0.010156347247180562 -0.0045279206791636693 -0.0037268497901232099 0.014119327706423657 -0.00011748900089840185 -0.0046265453601606879 0.0076621851834034315 0.0046070922485921834 -0.0031403278641234864 0.0035651533500903132 0.0036392110908536213 0.0025968419039997092
leaf_weight=95.274736250285059 892.80240136478096 4344.9546857327223 15.116720088291911 12.019441869575532 4.3788773003034285 10.11662102350965 10203.104711344466 178.66466550529003 100.10985577106476 319.48853328824043 220.02386876940727 195.32022711634636 361.21057356894016 349.26139874756336
leaf_count=20388 58625 29470 2955 2508 686 1678 145890 1213 524 2101 1355 2029 2583 2031
internal_value=-2.96096e-05 8.11987e-05 -0.0125586 -0.00257471 0.00385562 0.0095746 0.00024363 0.000750373 0.00201068 0.00153916 0.000605775 -4.32798e-05 0.0015695 9.19663e-05
internal_weight=17301.8 17164.9 136.906 41.6317 26.5149 14.4955 16272.1 5873.71 1528.76 1428.65 1109.16 10398.4 889.137 527.926
internal_count=274036 245821 28215 7827 4872 2364 187196 39277 9807 9283 7182 147919 5827 3244
is_linear=0
shrinkage=0.03


Tree=128
num_leaves=15
num_cat=0
split_feature=7 7 3 8 10 9 10 8 7 7 8 9 7 10
split_gain=25.6744 8.54794 4.9324 3.6277 2.91909 4.11661 4.02347 4.31004 4.06269 3.23124 2.88509 4.32026 3.54793 3.26561
threshold=0.0041745393042925327 0.013936205915647789 0.022919370086098647 0.32922835780806908 0.30147511177332381 1.7271110081475349 0.17827455168055786 0.26271571672200988 0.0053354059941901977 0.012918276556817055 0.356750429361477 1.9428236118074744 0.012918276556817055 0.20840153801199365
decision_type=2 2 2 2 2 2 2 2 2 2 2 2 2 2
left_child=2 4 -1 -4 5 -2 7 8 -7 -9 11 -8 -13 -12
right_child=1 -3 3 -5 -6 6 10 9 -10 -11 13 12 -14 -15
leaf_value=-0.015780800128355997 -0.0094416434268319496 0.00023667575487602534 -0.010054649602833927 0.0037960823967234363 0.002316894665840119 0.0072939110753914927 -0.0018080622758157403 -0.0096551002130407949 -0.00322311344394117 0.0022184525010944009 -0.0084221361256175617 0.010069752382540584 -0.0050339120350248656 -8.8205944860126039e-05
leaf_weight=93.778734090737998 74.908851533662528 16274.194677093998 14.965541379526256 26.587150655686855 81.870340737514198 24.249061897397041 78.203265170101076 136.66901580011472 211.81637949123979 18.125682393088937 43.588629390113056 59.818969902582467 7.5876721888780585 153.52597114117816
leaf_count=20388 4765 187196 2955 4872 4843 2961 5043 9949 13801 817 2662 3965 302 9517
internal_value=-2.89935e-05 7.90487e-05 -0.0123729 -0.00253613 -0.00275827 -0.00330503 -0.00250177 -0.00452291 -0.00177155 -0.00819161 -0.000103766 0.00293373 0.00776277 -0.00239638
internal_weight=17299.9 17164.6 135.331 41.5527 890.364 808.493 733.585 390.86 236.065 154.795 342.725 145.61 67.4066 197.115
internal_count=274036 245821 28215 7827 58625 53782 49017 27528 16762 10766 21489 9310 4267 12179
is_linear=0
shrinkage=0.03


Tree=129
num_leaves=15
num_cat=0
split_feature=7 7 3 8 7 0 10 9 10 8 7 7 11 10
split_gain=24.6756 8.10643 4.77713 3.52528 2.84506 2.78234 2.77677 3.97188 3.80629 4.14618 3.88703 3.11505 2.76862 3.70322
threshold=0.0041745393042925327 0.013936205915647789 0.022919370086098647 0.32922835780806908 0.0031482179538451695 10.500000000000002 0.30147511177332381 1.7271110081475349 0.17827455168055786 0.26271571672200988 0.0053354059941901977 0.012918276556817055 -4.0754590133786008 0.19737023816377317
decision_type=2 2 2 2 2 2 2 2 2 2 2 2 2 2
left_child=2 6 -1 -4 -5 -6 7 -2 9 10 -9 -11 -10 -14
right_child=1 -3 3 4 5 -7 -8 8 12 11 -12 -13 13 -15
leaf_value=-0.015584245840798601 -0.0092767394710541653 0.00022954123332380273 -0.0099539764439332528 -0.0045196142666596578 -0.0037272614985132489 0.013801680964970574 0.0022538413190177314 0.0071265549892347273 -0.0051861589087602673 -0.0094748408173342558 -0.0031420872967411581 0.0021794700213856899 0.0054099711276218597 -0.0013789422611658621
leaf_weight=92.323997044935822 74.230238823685795 16277.045147592202 14.817350305151193 12.010733761824669 4.3791765365749589 10.297215970233081 82.052748259622604 24.423534383997321 61.627561796922237 135.39594197785482 211.15716696530581 18.164091017097235 101.06130525749177 180.08264872152358
leaf_count=20388 4765 187196 2955 2508 686 1678 4843 2961 6567 9949 13801 817 5742 9180
internal_value=-2.91514e-05 7.62388e-05 -0.0121921 -0.00251248 0.00371421 0.00933108 -0.00269033 -0.00322555 -0.00243786 -0.00441022 -0.00171462 -0.00802502 -0.000107672 0.00121185
internal_weight=17299.1 17165.2 133.828 41.5045 26.6871 14.6764 888.195 806.142 731.912 389.141 235.581 153.56 342.772 281.144
internal_count=274036 245821 28215 7827 4872 2364 58625 53782 49017 27528 16762 10766 21489 14922
is_linear=0
shrinkage=0.03


Tree=130
num_leaves=15
num_cat=0
split_feature=6 7 10 8 6 3 7 8 9 7 6 10 8 10
split_gain=23.7073 6.74135 3.57789 4.90029 2.70938 7.00363 3.95977 5.95033 2.5205 3.6062 6.45652 3.72967 3.48854 5.75532
threshold=5.1038219627132824 0.02114318502212691 0.26520268686840837 0.462102683714325 3.6724951675895521 0.030380098546291135 0.018895518052587035 0.41896581059515986 1.7271110081475349 0.30328073515712589 1.2382692000587421 0.43194275929263715 0.48855503453053578 0.24414981615364431
decision_type=2 2 2 2 2 2 2 2 2 2 2 2 2 2
left_child=1 4 -2 -4 5 -1 -6 -8 9 10 -3 -12 13 -11
right_child=2 8 3 -5 6 -7 7 -9 -10 12 11 -13 -14 -15
leaf_value=0.0040668380286664682 -0.01238679005267284 0.0064460305258452364 0.01018164866829911 -0.0070757144264816801 -0.0019531889925558854 -0.011404054859241172 -0.00047862862861027498 0.012297811371660947 9.9013362501435237e-05 -0.005868131842800375 0.00078330299316165257 0.0065643547260129968 -0.0036045500489888193 0.0025342078334299177
leaf_weight=30.639096098020673 143.79922486608848 215.05426889657974 8.1084792860783619 26.662062280345708 1321.2136605009437 61.584163347259164 116.67382538504899 30.080278780311346 12771.77440745011 77.658514767885208 1822.4268254302442 91.859778858721256 239.95610070228577 340.67865183949471
leaf_count=867 28548 1191 1431 4674 69561 1645 3322 693 139961 471 17391 783 1558 1940
internal_value=-2.91362e-05 8.88308e-05 -0.0104692 -0.00119562 -0.00178155 -0.00641431 -0.00142856 0.00303773 0.000277915 0.00109265 0.00168987 0.0011096 -0.000833769 0.000825296
internal_weight=17298.2 17119.6 178.57 34.7705 1560.19 92.2233 1467.97 146.754 15559.4 2787.63 2129.34 1914.29 658.293 418.337
internal_count=274036 239383 34653 6105 76088 2512 73576 4015 163295 23334 19365 18174 3969 2411
is_linear=0
shrinkage=0.03


Tree=131
num_leaves=15
num_cat=0
split_feature=7 7 3 8 7 0 10 7 10 8 8 4 8 10
split_gain=22.8144 7.2838 4.69301 3.44587 2.76448 2.72461 2.63461 2.47817 4.7126 4.63006 9.61546 4.96145 4.636 4.11619
threshold=0.0041745393042925327 0.013936205915647789 0.022919370086098647 0.32922835780806908 0.0031482179538451695 10.500000000000002 0.30147511177332381 0.22062071035209826 0.43194275929263715 0.25489553971539775 0.26271571672200988 0.14835164835164838 0.49251446170600338 0.24414981615364431
decision_type=2 2 2 2 2 2 2 2 2 2 2 2 2 2
left_child=2 6 -1 -4 -5 -6 -2 8 -3 -9 -11 12 13 -12
right_child=1 7 3 4 5 -7 -8 9 -10 10 11 -13 -14 -15
leaf_value=-0.015246295750748028 -0.0030813229044728335 -2.8869587317772101e-05 -0.0097305708830237835 -0.0043911609756916341 -0.0036759916522463086 0.013708888872465845 0.0022520489718412177 0.0038523420936662422 0.0060616137729712681 -0.00759490422673591 4.3147079851293592e-05 0.0036925739871788159 -0.0035027025827357211 0.0030926964094680309
leaf_weight=89.910580738447607 801.89323487691581 12757.722705723718 14.493596901185809 11.876738426741214 4.3419758053496471 10.350428717676548 82.057540162932128 413.28332086652517 100.3733692523092 111.2673382461071 1698.5076708048582 453.29559081792831 241.3866278976202 505.57598596811295
leaf_count=20388 53782 164406 2955 2508 686 1678 4843 2896 994 774 11054 2557 1574 2941
internal_value=-2.83062e-05 7.20627e-05 -0.0118383 -0.00229358 0.00381064 0.00930963 -0.00255691 0.000217017 2.56819e-05 0.000932431 0.000514407 0.000863174 0.000319398 0.000758834
internal_weight=17296.3 17165.4 130.973 41.0627 26.5691 14.6924 883.951 16281.4 12858.1 3423.32 3010.03 2898.77 2445.47 2204.08
internal_count=274036 245821 28215 7827 4872 2364 58625 187196 165400 21796 18900 18126 15569 13995
is_linear=0
shrinkage=0.03


Tree=132
num_leaves=15
num_cat=0
split_feature=7 7 3 8 7 0 9 11 7 10 8 11 10 3
split_gain=21.9092 6.8907 4.55334 3.35927 2.68055 2.65254 2.30096 3.43725 5.71412 3.41847 6.2592 2.78956 4.20478 3.6711
threshold=0.0041745393042925327 0.018895518052587035 0.022919370086098647 0.32922835780806908 0.0031482179538451695 10.500000000000002 1.7271110081475349 -0.080042707673536287 0.24701531374281144 0.24414981615364431 0.48855503453053578 -0.20294084399669046 0.11570255786069407 0.34745145726321047
decision_type=2 2 2 2 2 2 2 2 2 2 2 2 2 2
left_child=2 -2 -1 -4 -5 -6 7 8 -3 -9 -11 -8 -13 -14
right_child=1 6 3 4 5 -7 11 9 -10 10 -12 12 13 -15
leaf_value=-0.01505068833940725 -0.001965278128753438 0.0011121032552862573 -0.0096331939118430385 -0.0043413996231032401 -0.0036542518343423594 0.013464909112726169 -0.00017123390802041054 -0.0055091637657709962 0.0066277281925747221 0.0028970790106141869 -0.0034203528146429987 -0.0037222302024067615 0.0012901293408622773 -0.0048884178472297394
leaf_weight=88.562221816275269 1362.3012013686821 2014.1963690109551 14.354637658689169 11.825197096914055 4.3262477628886691 10.491481093224136 9832.0605568885803 103.27510210871696 170.87378886342049 305.34447406232357 237.34807577729225 156.71972229331732 2908.2410268336535 74.703693047165871
leaf_count=20388 75999 19449 2955 2508 686 1678 123710 624 925 1747 1550 1429 19908 480
internal_value=-2.78816e-05 7.00046e-05 -0.0116582 -0.00226118 0.00374994 0.0091428 0.000247156 0.00101964 0.00158568 -0.000887567 0.000116451 7.75807e-05 0.000853869 0.00111171
internal_weight=17294.6 17165.1 129.56 40.9976 26.6429 14.8177 15802.8 2831.04 2185.07 645.968 542.693 12971.7 3139.66 2982.94
internal_count=274036 245821 28215 7827 4872 2364 169822 24295 20374 3921 3297 145527 21817 20388
is_linear=0
shrinkage=0.03


Tree=133
num_leaves=15
num_cat=0
split_feature=7 7 9 9 11 10 0 11 10 11 9 12 10 5
split_gain=21.0389 6.5742 3.74129 3.06582 2.92062 3.9843 4.10065 3.67843 6.42919 3.71517 2.85746 3.39408 3.48167 3.56782
threshold=0.0041745393042925327 0.01240987691140401 1.791334307541256 1.2869005265451376 -1.3796041756115249 0.13913114089408754 6.5000000000000009 -2.4106495796758152 0.11760440007810852 -2.3437465851328017 2.4865450930316295 1.8688348091416842 0.12260418901207577 15.500000000000002
decision_type=2 2 2 2 2 2 2 2 2 2 2 2 2 2
left_child=2 -2 -1 -3 5 6 -5 8 -8 -9 11 -6 -13 -14
right_child=1 3 -4 4 10 -7 7 9 -10 -11 -12 12 13 -15
leaf_value=-0.0021797083529320345 -0.0026889243031505343 0.0041296791618206791 -0.014360933208300982 -0.010658098657596746 0.00041436353649116427 -9.0584147692956347e-05 0.0059677589053142499 0.008075826462595222 -0.0096358324997093733 -0.0013684908888557004 -0.0044567776263865384 0.00062916620535337668 0.0026352740200636269 0.014466497853435669
leaf_weight=36.55160344322212 729.94468439742923 161.11186776310205 91.634580495534465 36.653771013021469 10156.615207254887 5082.352285373956 19.642104495316744 25.265595888718963 90.275580130517483 548.67561966180801 90.945335362106562 129.13098751008511 63.057672418653965 31.024124097079039
leaf_count=7256 52115 1386 20959 583 79783 90414 884 801 3573 12112 1094 1857 801 418
internal_value=-2.77878e-05 6.76841e-05 -0.0114797 0.000192458 0.000149712 -0.000389517 -0.00245328 -0.00179419 -0.00646571 -0.000757643 0.000448681 0.00049803 0.00403922 0.00798952
internal_weight=17292.9 17164.7 128.186 16434.8 16273.6 5802.86 720.513 683.859 109.918 573.941 10470.8 10379.8 223.213 94.0818
internal_count=274036 245821 28215 193706 192320 108367 17953 17370 4457 12913 83953 82859 3076 1219
is_linear=0
shrinkage=0.03


Tree=134
num_leaves=15
num_cat=0
split_feature=7 7 3 8 8 9 11 10 3 11 10 9 9 10
split_gain=20.1803 6.20878 4.43513 3.28152 3.05028 2.89256 2.75587 3.77441 6.13791 3.91584 6.19713 4.83331 5.03762 5.68104
threshold=0.0041745393042925327 0.01240987691140401 0.022919370086098647 0.3154142874010652 0.48855503453053578 1.2869005265451376 -1.3796041756115249 0.13913114089408754 0.043400140780415902 -2.4106495796758152 0.11760440007810852 2.2184820653350124 2.2611502360414586 0.13046559175362643
decision_type=2 2 2 2 2 2 2 2 2 2 2 2 2 2
left_child=2 4 -1 -4 -2 -3 7 8 9 10 -7 -11 -13 -14
right_child=1 5 3 -5 -6 6 -8 -9 -10 11 -12 12 13 -15
leaf_value=-0.014695432755904641 -0.0032781891239190269 0.0040066988678549948 -0.0099546142626392338 0.003480701133389818 0.002698272934868776 0.0058470398720701653 0.00043566687315195658 -8.7881484043081436e-05 -0.011245739610789769 0.0069606457342105323 -0.0094626748044855866 -0.0074035323286858147 -0.001573292442464426 0.0071054864985368631
leaf_weight=86.198915294138715 652.57063978165388 161.52923025563359 11.852772179059683 28.760703187901527 75.476156448945403 19.754188567399979 10473.875129733235 5081.9622627478093 49.632311958819628 55.544530196115375 89.456719188019633 86.561072366312146 349.6261891592294 68.410553386434913
leaf_count=20388 47298 1386 2497 5330 4817 884 83953 90414 800 1177 3573 1933 8171 1415
internal_value=-2.72362e-05 6.58229e-05 -0.0112977 -0.00206768 -0.00261665 0.00018692 0.000145354 -0.000378591 -0.0023896 -0.00150083 -0.00632175 -0.000420533 -0.00141052 4.38968e-05
internal_weight=17291.2 17164.4 126.812 40.6135 728.047 16436.4 16274.8 5800.95 718.986 669.353 109.211 560.142 504.598 418.037
internal_count=274036 245821 28215 7827 52115 193706 192320 108367 17953 17153 4457 12696 11519 9586
is_linear=0
shrinkage=0.03


Tree=135
num_leaves=15
num_cat=0
split_feature=6 6 8 8 9 4 4 4 12 10 10 8 8 8
split_gain=19.3121 5.20485 3.70764 4.56146 4.43913 3.47897 3.0947 3.34276 3.43059 3.86129 4.03303 3.70551 2.97301 4.7129
threshold=5.1038219627132824 3.1925297413228297 0.46707909178713253 0.462102683714325 1.3772626059130288 0.93933823529411775 0.44097222222222227 0.91987179487179505 2.6735537653587347 0.17079476091449794 0.19737023816377317 0.25608342065234407 0.26480591205103771 0.24068541547754876
decision_type=2 2 2 2 2 2 2 2 2 2 2 2 2 2
left_child=1 -1 3 6 -4 -2 -3 12 9 -9 -11 -10 13 -8
right_child=5 2 4 -5 -6 -7 7 8 11 10 -12 -13 -14 -15
leaf_value=0.00030304048027139869 -0.0048778823311019567 -0.0056422417997710915 -0.0051871058467163784 -0.0095111414466013452 0.0034527759714011084 -0.014365511101260565 -0.00053448168952241503 -0.013205122305971715 0.0068825459471351406 0.0066552591130984926 -0.0069370751736823541 -0.0065418373765697433 0.00017677739363039388 -0.0055580453778832735
leaf_weight=14433.971721660346 100.16352561768144 125.55096270795912 52.233859786763787 48.298706182278693 264.14457272179425 70.684569937409833 522.28114847932011 46.045184594579041 27.792754128575325 19.073362965136766 32.269001869484782 17.957113123498857 1293.8159874705598 235.46669834293425
leaf_count=136685 19198 3008 1642 1769 8894 15455 19800 3169 2199 1265 2041 1559 48369 8983
internal_value=-2.71749e-05 7.71804e-05 -0.00113196 -0.00154026 0.00185611 -0.00964582 -0.00131431 -0.00103011 -0.00523802 -0.00807252 -0.00152454 0.00129915 -0.000700633 -0.00217312
internal_weight=17289.7 17118.9 2684.93 2368.55 316.378 170.848 2320.25 2194.7 143.137 97.3875 51.3424 45.7499 2051.56 757.748
internal_count=274036 239383 102698 92162 10536 34653 90393 87385 10233 6475 3306 3758 77152 28783
is_linear=0
shrinkage=0.03


Tree=136
num_leaves=15
num_cat=0
split_feature=7 7 3 8 8 9 11 9 7 3 9 8 4 9
split_gain=18.6943 5.67315 4.33568 3.24059 2.81902 2.75452 2.51906 3.40662 2.87695 5.42381 2.79805 3.64431 4.21021 2.77551
threshold=0.0041745393042925327 0.01240987691140401 0.022919370086098647 0.3154142874010652 0.48855503453053578 1.2869005265451376 -1.3796041756115249 2.2184820653350124 0.059336613533021415 0.046599451028423562 2.2611502360414586 0.22615388202153433 0.6132478632478634 2.2894319625241715
decision_type=2 2 2 2 2 2 2 2 2 2 2 2 2 2
left_child=2 4 -1 -4 -2 -3 7 -7 9 10 11 -9 -13 -12
right_child=1 5 3 -5 -6 6 -8 8 -10 -11 13 12 -14 -15
leaf_value=-0.014372583915402314 -0.0031481647067205165 0.0039004600635756132 -0.0097884030118224538 0.0035867620512775983 0.0025902365052473523 -6.5594814177109869e-05 0.00041332420117809547 -0.0098355033562065285 0.0043651434683775964 -0.010897839269318114 0.0031864787027442026 -0.005383391788760513 0.0043076917403077264 -0.0017662325527344506
leaf_weight=84.14192022732459 649.44214747287333 161.86214969865978 11.635053818579761 28.62385262735188 75.765330045484006 4968.8741622585803 10479.141591157764 64.005904413759708 44.34560027718544 50.268318671733141 118.91710815578699 84.094088092446327 54.043633490800858 413.89691540971398
leaf_count=20388 47298 1386 2497 5330 4817 88061 83953 1709 585 846 2958 1762 1682 10764
internal_value=-2.78303e-05 6.09788e-05 -0.0109696 -0.00188651 -0.00250831 0.000176503 0.000135916 -0.000365199 -0.00212669 -0.00256827 -0.00179199 -0.00466561 -0.00154138 -0.000603869
internal_weight=17289.1 17164.7 124.401 40.2589 725.207 16439.4 16277.6 5798.45 829.572 785.226 734.958 202.144 138.138 532.814
internal_count=274036 245821 28215 7827 52115 193706 192320 108367 20306 19721 18875 5153 3444 13722
is_linear=0
shrinkage=0.03


Tree=137
num_leaves=15
num_cat=0
split_feature=11 10 3 9 10 9 9 12 9 11 3 9 7 3
split_gain=18.0808 5.01922 4.65243 3.23767 3.1235 3.33948 2.80105 2.64987 2.49239 2.44867 2.81661 5.24037 2.75143 2.56049
threshold=-4.0754590133786008 0.24958975124249741 0.024191545538525212 2.4865450930316295 0.18064536651278498 2.0019646614755104 2.0826384122702293 2.6735537653587347 1.2869005265451376 -1.3796041756115249 0.045178308518216963 2.314311775978211 0.070996906961518544 0.027086528283571127
decision_type=2 2 2 2 2 2 2 2 2 2 2 2 2 2
left_child=1 -1 3 4 7 -6 -7 -2 -4 13 11 -11 -12 -10
right_child=2 -3 8 -5 5 6 -8 -9 9 10 12 -13 -14 -15
leaf_value=-0.01122362954117696 -0.0071519410391094511 -0.0024011613162451002 0.0036867472349040756 0.0063286101056039476 -0.0048231789117608118 0.012311168612873876 -0.0033778270362553203 4.7801383393628922e-05 0.0019923925748583323 0.0084923944426664282 -0.0027243757729620267 -0.00035295439114711811 0.00040405487576090633 -0.00051440240683012413
leaf_weight=143.35931390244514 189.21753444499336 107.60953890089877 163.63367005810142 15.196477707708253 20.297187706455588 16.679061647504572 7.3420750359073272 59.131261928705499 377.17108069546521 93.652803476899862 244.73708051070571 132.83682804182172 10010.662807770073 5706.2106280797161
leaf_count=27361 12549 12837 1446 676 1246 993 356 5555 16531 1243 3164 1950 77592 110537
internal_value=-2.78923e-05 -0.00778953 9.31961e-05 -0.00347395 -0.00426667 0.00243254 0.00806072 -0.00553262 0.000161896 0.000123773 0.000401437 0.00360489 0.000325527 -0.000354462
internal_weight=17287.7 250.969 17036.8 307.864 292.667 44.3183 24.0211 248.349 16728.9 16565.3 10481.9 226.49 10255.4 6083.38
internal_count=274036 40198 233838 21375 20699 2595 1349 18104 212463 211017 83949 3193 80756 127068
is_linear=0
shrinkage=0.03


Tree=138
num_leaves=15
num_cat=0
split_feature=7 6 3 8 8 7 6 3 3 9 3 9 3 9
split_gain=17.3523 5.14166 4.2237 3.3054 3.16847 3.02664 2.83391 3.01353 6.03691 3.59253 3.57491 3.50479 2.90569 2.64832
threshold=0.0041745393042925327 3.5010415791527305 0.022919370086098647 0.48855503453053578 0.3154142874010652 0.025308527785297543 3.2939815763060616 0.039703952331597271 0.037243976389910304 1.9863936706090892 0.042366020629594159 1.642850023690644 0.027086528283571127 2.2001832529860863
decision_type=2 2 2 2 2 2 2 2 2 2 2 2 2 2
left_child=2 5 -1 -3 -4 13 -7 8 9 -8 -9 -12 -11 -2
right_child=1 3 4 -5 -6 6 7 10 -10 12 11 -13 -14 -15
leaf_value=-0.014057260829184985 0.0065412710171899461 -0.0018344913251012757 -0.0096080959463097255 0.00218641309395377 0.0036442766991518567 0.00026724524923154214 0.0062437518748618276 -0.011302931271822374 0.0092609005261096566 0.0040914752208203228 -0.0079703238165043638 0.0018716409061809017 -0.0052739588828832661 -0.0024423555104061967
leaf_weight=82.21126290014945 104.80327393114567 1700.9923808039166 11.402773456880821 193.39881759695709 28.549944156780839 14736.916715875268 24.569894798099995 44.269782327115536 35.680504947900772 24.537433620542288 36.720714651048183 76.574841566383839 155.12576304376125 30.399849701672792
leaf_count=20388 2393 82276 2497 7969 5330 142975 557 1044 837 618 747 1743 3882 780
internal_value=-2.70778e-05 5.78043e-05 -0.0106551 -0.00141004 -0.00172826 0.000241115 0.000198857 -0.00225421 -7.47631e-05 -0.00222779 -0.00527776 -0.00187719 -0.00377817 0.00447916
internal_weight=17286.2 17164 122.164 1894.39 39.9527 15269.6 15134.4 397.479 239.914 204.233 157.565 113.296 179.663 135.203
internal_count=274036 245821 28215 90245 7827 155576 152403 9428 5894 5057 3534 2490 4500 3173
is_linear=0
shrinkage=0.03


Tree=139
num_leaves=15
num_cat=0
split_feature=11 7 3 11 3 10 10 7 8 8 10 11 8 3
split_gain=16.7327 4.93478 4.24589 3.14913 3.03841 3.38309 2.10884 2.01715 4.36283 9.09618 4.20416 3.8067 4.61491 2.99913
threshold=-4.0754590133786008 0.0027572842848808837 0.024191545538525212 -4.1737567642749651 0.021282272222805883 0.18064536651278498 0.11570255786069407 0.22062071035209826 0.25489553971539775 0.26271571672200988 0.43194275929263715 -0.58778666490211895 0.51851564389571481 0.29816818931961325
decision_type=2 2 2 2 2 2 2 2 2 2 2 2 2 2
left_child=1 -1 4 -3 6 -6 -2 10 13 -10 -4 -11 -13 -9
right_child=2 3 7 -5 5 -7 -8 8 9 11 -12 12 -14 -15
leaf_value=-0.015077331140201291 0.0055144925437622489 -0.0023663482264167212 -6.3614606615648437e-05 -0.011066935449113337 -0.0076147027328142582 0.0021576788353104906 -0.002045645846751069 0.0058548665407142583 -0.0075004220313685871 0.0070226718720082602 0.0056047204964871193 0.00087572111932962397 -0.0038055913867937347 0.00074238851551186927
leaf_weight=48.955763085512444 31.806092618498951 159.3769545131363 13195.129625087138 39.678792962338775 142.09884079312906 32.887408080045134 99.368442446459085 225.67808283120394 110.95965120196342 69.258260875940323 103.8229377232492 2647.195005223155 189.28818614780903 189.53944916278124
leaf_count=13017 2193 23070 189586 4111 9057 1857 8268 1583 774 366 1081 16513 1247 1313
internal_value=-2.67836e-05 -0.00753596 8.9062e-05 -0.00475466 -0.00332787 -0.00575271 0.000165244 0.000154514 0.000801254 0.000396105 -1.30981e-05 0.000734615 0.000544946 0.00362836
internal_weight=17285 248.012 17037 199.056 306.161 174.986 131.175 16730.9 3431.92 3016.7 13299 2905.74 2836.48 415.218
internal_count=274036 40198 233838 27181 21375 10914 10461 212463 21796 18900 190667 18126 17760 2896
is_linear=0
shrinkage=0.03


Tree=140
num_leaves=15
num_cat=0
split_feature=7 7 3 8 0 7 4 10 9 10 8 6 6 8
split_gain=16.1397 4.73998 4.09057 3.11658 2.40869 3.21616 2.17434 2.13582 4.14105 3.47879 4.19413 3.87799 2.94367 2.67597
threshold=0.0041745393042925327 0.013936205915647789 0.022919370086098647 0.3154142874010652 10.500000000000002 0.0025521733920247842 0.78174603174603186 0.30147511177332381 1.7271110081475349 0.17827455168055786 0.26271571672200988 5.0156227806031533 4.0951772018816319 0.25489553971539775
decision_type=2 2 2 2 2 2 2 2 2 2 2 2 2 2
left_child=2 7 -1 -4 -5 -6 -7 8 -2 10 11 13 -12 -10
right_child=1 -3 3 4 5 6 -8 -9 9 -11 12 -13 -14 -15
leaf_value=-0.013747642958354123 -0.0087776427587764952 0.00017059933179610728 -0.0094687307531399374 -0.0053938455180386887 -0.0048572780864635946 -0.0024218152263971592 0.015144282180098022 0.0022207469797376742 -0.0036392688861311921 0.0004487529058088831 0.0034700319676494152 0.0079588415193609773 -0.0086036652687424969 0.0055797353466470025
leaf_weight=80.386225502705202 72.229079517535865 16294.505164865404 11.225896208547054 6.8967170887626734 5.2564863003790405 3.4697645078413215 12.860936128068714 82.145522146951407 187.51455625798553 336.43662389693782 12.520159058272837 22.784911080263555 136.29985176119953 19.307064845226705
leaf_count=20388 4765 187196 2497 1227 1204 588 2311 4843 12592 21489 559 2859 10207 1311
internal_value=-2.65846e-05 5.46649e-05 -0.0103553 -0.00160157 0.00369573 0.00762049 0.0120394 -0.00208464 -0.0025671 -0.00177209 -0.00368835 -0.00100102 -0.00736319 -0.00245955
internal_weight=17283.8 17163.7 120.096 39.7098 28.4839 21.5872 16.3307 869.238 787.092 714.863 378.427 229.607 148.82 206.822
internal_count=274036 245821 28215 7827 5330 4103 2899 58625 53782 49017 27528 16762 10766 13903
is_linear=0
shrinkage=0.03


Tree=141
num_leaves=15
num_cat=0
split_feature=7 6 3 8 8 7 10 6 3 3 10 3 3 3
split_gain=15.5233 4.48593 3.93215 3.0346 3.02612 2.86367 2.90592 2.66423 2.93603 5.72651 3.96674 3.86816 3.45057 2.89036
threshold=0.0041745393042925327 3.5010415791527305 0.022919370086098647 0.48855503453053578 0.3154142874010652 0.025308527785297543 0.14107026549974302 3.2939815763060616 0.039703952331597271 0.037243976389910304 0.16470689983068956 0.027086528283571127 0.042366020629594159 0.056988621543545101
decision_type=2 2 2 2 2 2 2 2 2 2 2 2 2 2
left_child=2 5 -1 -3 -4 6 -2 -7 9 10 11 -9 -10 -14
right_child=1 3 4 -5 -6 7 -8 8 12 -11 -12 -13 13 -15
leaf_value=-0.013557186240298029 -0.0032698108643279913 -0.0017289744225169644 -0.0093852235996338719 0.0021203224823874416 0.0035990596670692162 0.00024898696652399276 0.0063470465297113489 0.0041640593101889322 -0.011137893163992213 0.0090079059335851086 0.0032142934625699654 -0.0072120496579099053 0.00092219306401943144 -0.0088238748777295459
leaf_weight=79.297384599223733 26.389677062630653 1694.8663258124143 11.121062546037136 193.79727479675785 28.607648089062423 14742.889318093657 109.37754412740469 23.611245818436146 43.820541709661484 35.985959958285093 69.673134967684746 110.43723926693201 90.288486298173666 22.905129916965961
leaf_count=20388 680 82276 2497 7969 5330 142975 2493 595 1044 837 1638 2824 2018 472
internal_value=-2.63928e-05 5.29755e-05 -0.0101966 -0.0013204 -0.00161169 0.00022391 0.00433843 0.000182754 -0.00219796 -4.88366e-05 -0.00215669 -0.00499086 -0.00518859 -0.00185168
internal_weight=17283.1 17164 119.026 1888.66 39.7287 15275.4 135.767 15139.6 396.722 239.708 203.722 134.048 157.014 113.194
internal_count=274036 245821 28215 90245 7827 155576 3173 152403 9428 5894 5057 3419 3534 2490
is_linear=0
shrinkage=0.03


Tree=142
num_leaves=15
num_cat=0
split_feature=11 7 3 11 9 8 12 9 7 8 8 9 9 8
split_gain=15.1083 4.65741 3.73795 3.14169 3.01733 3.55897 2.31394 2.26242 2.12061 4.0864 8.66547 3.81237 4.25818 3.88366
threshold=-4.0754590133786008 0.0027572842848808837 0.024191545538525212 -4.1737567642749651 2.4865450930316295 0.34393151530750243 2.6735537653587347 1.2869005265451376 0.22062071035209826 0.25489553971539775 0.26271571672200988 2.0484530748301237 2.0778917183253838 0.27434112213093659
decision_type=2 2 2 2 2 2 2 2 2 2 2 2 2 2
left_child=1 -1 4 -3 5 6 -2 -4 -9 -10 -11 13 -13 -12
right_child=2 3 7 -5 -6 -7 -8 8 9 10 11 12 -14 -15
leaf_value=-0.014647530407386786 -0.0066430575498963654 -0.0021549205000728272 0.0034961227221759219 -0.010848796720674573 0.0062748153828388999 0.003791140035692185 6.479465271029894e-05 -6.4366569711456369e-05 0.0035053464243485154 -0.0073435045961939621 0.0058830001229175487 -0.0065184683965568901 -8.8075130726245448e-05 0.00088752261146287411
leaf_weight=47.190588855650276 193.77294425736181 158.06709837424569 164.30503325350583 39.075131135294214 15.239426399813963 35.822612686082721 59.097152393311262 13184.472814477049 416.28656553477049 110.44885602593422 135.33500903844833 108.22724276781082 375.59268581867218 2239.1911859512329
leaf_count=13017 13173 23070 1446 4111 676 1921 5605 189509 2896 774 859 738 2651 13590
internal_value=-2.63019e-05 -0.00721287 8.30121e-05 -0.00452336 -0.00313442 -0.0039165 -0.00515955 0.000144204 0.000107834 0.00077586 0.000377431 0.000712553 -0.00167927 0.00120738
internal_weight=17282.1 244.333 17037.8 197.142 303.932 288.693 252.87 16733.9 16569.6 3385.08 2968.79 2858.35 483.82 2374.53
internal_count=274036 40198 233838 27181 21375 20699 18778 212463 211017 21508 18612 17838 3389 14449
is_linear=0
shrinkage=0.03


Tree=143
num_leaves=15
num_cat=0
split_feature=7 3 9 7 3 8 8 3 9 0 11 7 11 8
split_gain=14.5941 5.81904 3.14046 2.62915 2.66567 6.0412 4.66357 3.48175 5.50616 3.68612 3.64911 3.31407 3.26747 3.13832
threshold=0.0029533603988354286 0.024191545538525212 2.4865450930316295 0.010534141652292868 0.027086528283571127 0.20845629550644371 0.27251929088330179 0.030120064231871236 2.2894319625241715 9.5000000000000018 -3.3895860005876952 0.030340511369926781 -3.3895860005876952 0.23354826738118997
decision_type=2 2 2 2 2 2 2 2 2 2 2 2 2 2
left_child=-1 2 -2 -3 5 -5 -7 8 -6 11 -11 -9 -8 -12
right_child=1 3 -4 4 7 6 12 9 -10 10 13 -13 -14 -15
leaf_value=-0.01372735881714417 -0.0041660519951268963 -0.0024230840643259931 0.0061780624757185147 -0.0044357752760204004 -0.00053269011468112012 0.0095832263284945079 0.0084579846683038983 -0.001424188476652805 -0.0093560791517429479 0.0136433332271499 0.0075314800437784558 0.0002509052153898153 -0.0018087139735167795 -0.00064617655530519868
leaf_weight=54.686913648853078 371.10897296224721 344.76988344080746 15.315920995082704 63.369755383580923 235.60632252600044 100.6829914227128 22.763320874422789 1131.511403599754 73.253592099994421 16.999167440459132 49.716613676398993 14592.121707290411 93.476526573300362 115.57638773601502
leaf_count=15199 34610 26719 672 2121 8142 3585 949 31396 1862 702 1436 139659 3285 3699
internal_value=-2.61841e-05 2.9217e-05 -0.00354053 0.00011421 0.000169396 0.00299426 0.00531131 0.000117843 -0.00296178 0.000180377 0.00425568 0.000129119 0.000938728 0.00223545
internal_weight=17281 17226.3 386.425 16839.8 16495.1 280.293 216.923 16214.8 308.86 15905.9 182.292 15723.6 116.24 165.293
internal_count=274036 258837 35282 223555 196836 9940 7819 186896 10004 176892 5837 171055 4234 5135
is_linear=0
shrinkage=0.03


Tree=144
num_leaves=15
num_cat=0
split_feature=7 7 4 10 4 10 8 8 10 0 8 6 6 10
split_gain=14.0696 5.3958 2.86587 3.16441 2.65878 2.54583 3.58685 3.16252 2.63472 5.24204 4.97265 2.4342 4.59061 2.2749
threshold=0.0029533603988354286 0.010534141652292868 0.91287878787878796 0.17079476091449794 0.86190476190476206 0.17827455168055786 0.26271571672200988 0.32832631460354583 0.19181112624163446 13.500000000000002 0.27305979975297617 5.1904536818982168 5.0156227806031533 0.16883184509694052
decision_type=2 2 2 2 2 2 2 2 2 2 2 2 2 2
left_child=-1 5 4 -4 -3 6 11 -8 9 10 -7 12 -2 -6
right_child=1 2 3 -5 13 8 7 -9 -10 -11 -12 -13 -14 -15
leaf_value=-0.013550304295950997 -0.0024170570358388937 0.00012592334062585189 -0.010714263494934583 0.0014446524650641708 0.0093246854020596123 -0.0065089177543005989 -0.01053972419006181 0.003326274233825637 -0.0021473230486455733 -0.0078028398389513682 0.012074554860297904 -0.0089504286067817167 0.010071066580094885 0.0006494277466793742
leaf_weight=53.946704187430441 122.33529975265265 16459.063437162898 30.415965678170323 27.979768551886082 37.430147588253021 6.5891646589152506 91.200824245810509 10.079240854131056 290.67889157566242 11.859810622874646 39.459107363596559 19.069083088543266 17.824067515786737 61.640765994787216
leaf_count=15199 9361 196659 1410 1031 1479 554 9228 933 25577 1526 3091 4026 2128 1834
internal_value=-2.52542e-05 2.88556e-05 0.000131595 -0.00578382 0.000157673 -0.00270975 -0.00487177 -0.00890872 -0.000959679 0.00421715 0.00846948 -0.00175808 -8.85466e-06 0.00472221
internal_weight=17279.6 17225.6 16616.5 58.3957 16558.1 609.095 260.509 101.28 348.587 57.9081 46.0483 159.228 140.159 99.0709
internal_count=274036 258837 202413 2441 199972 56424 25676 10161 30748 5171 3645 15515 11489 3313
is_linear=0
shrinkage=0.03


Tree=145
num_leaves=15
num_cat=0
split_feature=6 3 6 3 11 10 6 3 8 11 6 4 8 3
split_gain=13.5068 4.85808 2.28537 2.33541 3.3689 2.56722 2.93123 2.31293 4.88725 2.31349 2.17227 3.04711 2.12395 3.13902
threshold=5.480430546593821 0.024191545538525212 4.2054383316843014 0.031576604791400252 -3.7585365900405265 0.22097931566515078 4.8862051444645926 0.025805877334661873 0.21436060354570138 -2.7901758260511134 5.3281188283429985 0.79285714285714304 0.32922835780806908 0.021282272222805883
decision_type=2 2 2 2 2 2 2 2 2 2 2 2 2 2
left_child=1 12 7 10 5 6 -5 8 -3 -10 11 -4 13 -1
right_child=-2 2 3 4 -6 -7 -8 -9 9 -11 -12 -13 -14 -15
leaf_value=-0.00096312437278396536 -0.011901949071214807 -0.0041790586278054268 0.0011201032829327026 0.014203424611399647 -0.0093014760135548252 -0.0029183950835410125 -0.0037667599319331979 0.00013759448460269299 0.0021085189476417465 0.013017208390990442 0.0088276844676580795 -0.0051675597990730451 0.00053390728174403752 -0.0073518288974033915
leaf_weight=129.84875658014789 70.751363176153973 31.404704719781876 193.8639623192139 4.6387462681159359 64.385038568638265 69.027853677049279 5.5289292833767831 16301.300239833072 40.030668385326862 30.210570840165019 6.6026462828740469 89.720051398966461 94.669621633831412 147.04646988492459
leaf_count=12366 19206 1079 12802 362 3589 4967 684 188399 1592 896 1115 7149 9094 10736
internal_value=-2.5197e-05 3.3957e-05 0.000110205 -0.00200218 -0.00493134 -0.000463043 0.00801067 0.000167844 0.00437753 0.00826535 -0.000381722 -0.00102885 -0.00329128 -0.00455933
internal_weight=17279 17208.3 16836.7 433.767 143.581 79.1955 10.1677 16402.9 101.646 70.2412 290.187 283.584 371.565 276.895
internal_count=274036 254830 222634 30668 9602 6013 1046 191966 3567 2488 21066 19951 32196 23102
is_linear=0
shrinkage=0.03


Tree=146
num_leaves=15
num_cat=0
split_feature=7 3 9 9 7 3 8 8 3 9 1 6 8 11
split_gain=13.1265 5.02432 2.9838 2.30057 2.26523 2.48197 5.60644 4.28788 3.29909 5.29257 3.44543 3.20258 4.26176 3.14468
threshold=0.0029533603988354286 0.024191545538525212 2.4865450930316295 1.7669551885720913 0.010534141652292868 0.027086528283571127 0.20845629550644371 0.27251929088330179 0.029816818931961326 2.2894319625241715 2.249904835165133 3.5010415791527305 0.41538400459687669 -3.3895860005876952
decision_type=2 2 2 2 2 2 2 2 2 2 2 2 2 2
left_child=-1 2 3 -2 -3 6 -6 -8 9 -7 11 -10 -13 -9
right_child=1 4 -4 -5 5 8 7 13 10 -11 -12 12 -14 -15
leaf_value=-0.013218440792755899 0.0047486540499905592 -0.0022564133817502626 0.0061314560180593608 -0.0044519701698533176 -0.0043045228084505234 -0.00050613105649287401 0.0091611164006426028 0.0082503854068677433 0.00020747944327469795 -0.0091936096986640018 0.0040716436554357853 -0.0036768986222488055 0.0012792763230950472 -0.0018014713419789797
leaf_weight=52.600483741611242 14.233465171419082 342.67757247993723 15.353405262343584 353.39492797246203 62.99971358384937 232.42226240038872 101.86529104970396 22.959985788911581 15073.849858816713 72.645827017724514 185.88935089483857 419.80245356541127 234.01890340447426 93.448520848527551
leaf_count=15199 1818 26719 672 32792 2121 8011 3585 949 150621 1862 5968 13686 6748 3285
internal_value=-2.4617e-05 2.71376e-05 -0.00330456 -0.00392356 0.00010577 0.000156833 0.00287803 0.00509459 0.000107025 -0.00290879 0.000167524 0.000117545 -0.00191405 0.000896575
internal_weight=17278.2 17225.6 382.982 367.628 16842.6 16499.9 281.274 218.274 16218.6 305.068 15913.6 15727.7 653.821 116.409
internal_count=274036 258837 35282 34610 223555 196836 9940 7819 186896 9873 177023 171055 20434 4234
is_linear=0
shrinkage=0.03


Tree=147
num_leaves=15
num_cat=0
split_feature=7 4 6 8 12 11 9 6 8 8 7 4 9 9
split_gain=12.6531 4.77072 3.30371 3.1167 2.61367 3.58686 2.48462 2.13468 2.06062 3.42885 3.76664 3.35561 3.00993 4.81546
threshold=0.0029533603988354286 0.91987179487179505 4.5136028423406058 0.44142568856029968 2.6735537653587347 -3.847980912097928 1.9863936706090892 4.5136028423406058 0.29174904617558722 0.34194808769816071 0.008139722695144673 0.89444444444444449 2.0180679305337335 2.0917769211997883
decision_type=2 2 2 2 2 2 2 2 2 2 2 2 2 2
left_child=-1 2 -2 4 -3 6 -6 -7 -4 10 12 -11 -10 -14
right_child=1 3 8 -5 5 7 -8 -9 9 11 -12 -13 13 -15
leaf_value=-0.013044255228167103 0.00014001236604643615 -0.008190759707919314 -0.0062555094054227225 0.0039023166651202656 0.0046244649429305548 -0.0033191540079337157 -0.0096033882522450192 0.0083299825613961358 0.01234997075862956 -0.0050361035664594827 -0.0065896181080291093 0.0068548176098568465 -0.010328134982149278 0.0088578980698500644
leaf_weight=51.914546554908156 16725.880218839273 114.33673324109986 97.307641905266792 25.32415541773662 4.9012371741700909 11.738405837677417 27.394908293383196 25.470620294101536 27.289470818359405 127.29588987887837 9.1398290786892158 11.750663738697765 9.2487297910265642 8.097489210078491
leaf_count=15199 208626 10239 9872 2385 907 670 4976 2431 2932 12191 537 1162 1004 905
internal_value=-2.40627e-05 2.64937e-05 8.37e-05 -0.00432153 -0.00566328 -0.000789674 -0.00666232 0.00475724 -0.00300998 -0.00103884 0.00461432 -0.00346159 0.00798892 -0.00141744
internal_weight=17277.1 17225.2 17016 209.166 183.842 69.5052 32.2961 37.209 290.13 192.822 53.7755 139.047 44.6357 17.3462
internal_count=274036 258837 237229 21608 19223 8984 5883 3101 28603 18731 5378 13353 4841 1909
is_linear=0
shrinkage=0.03


Tree=148
num_leaves=15
num_cat=0
split_feature=7 4 8 7 4 9 3 10 8 9 9 8 0 8
split_gain=12.2202 5.02689 3.21223 2.63474 2.9386 5.14605 3.69739 3.10538 2.30887 3.99605 5.56868 3.74208 2.91425 2.74841
threshold=0.0027572842848808837 0.91987179487179505 0.44142568856029968 0.0092564644256626152 0.87083333333333346 1.9371150399690593 0.024191545538525212 0.27224449296239461 0.26358042431741752 2.0127692406526707 1.8806478349140558 0.22115126323983977 14.500000000000002 0.22719547138716709
decision_type=2 2 2 2 2 2 2 2 2 2 2 2 2 2
left_child=-1 3 8 -2 6 7 -5 -6 11 10 -10 12 -3 -13
right_child=1 2 -4 4 5 -7 -8 -9 9 -11 -12 13 -14 -15
leaf_value=-0.013698353993842758 -0.0024798557304292024 -0.012374435877098539 0.0038510958461127668 -0.0051435289000718648 -0.0048802288912340288 0.010570393426331332 0.00013923687275207226 0.0068604072990720603 -0.0086141986957837396 -0.014059451840367915 0.0064403050341939544 0.012986049056740808 0.00067672008931940497 -0.00072344597879216968
leaf_weight=43.6165313096717 338.85879009892233 18.519182127900422 26.265582477208227 105.1128954840824 47.05136227235198 50.349393006414175 16462.634595457464 15.414444528520105 35.926680941833183 44.245654565049335 25.071900845272467 5.8755270570982239 25.770800807978958 31.693960214033723
leaf_count=13027 31831 1625 2607 5025 1465 2057 197067 479 3285 5402 3109 619 2888 3550
internal_value=-2.38223e-05 2.26713e-05 -0.00439876 8.19265e-05 0.000136149 0.00466767 0.000101098 -0.00121563 -0.00575674 -0.00842933 -0.00237659 -0.0015474 -0.00653045 0.00451422
internal_weight=17276.4 17232.8 213.369 17019.4 16680.6 112.815 16567.7 62.4658 187.104 105.244 60.9986 81.8595 44.29 37.5695
internal_count=274036 261009 23085 237924 206093 4001 202092 1944 20478 11796 6394 8682 4513 4169
is_linear=0
shrinkage=0.03


Tree=149
num_leaves=15
num_cat=0
split_feature=6 3 9 8 9 12 4 6 4 6 8 3 9 6
split_gain=11.643 3.93351 2.78421 2.81144 2.40963 2.07439 1.98752 3.10693 2.70565 5.41575 2.66671 3.82028 5.52452 4.83112
threshold=5.480430546593821 0.024191545538525212 2.4865450930316295 0.32922835780806908 1.6271661634722758 2.6735537653587347 0.22649572649572652 1.2382692000587421 0.23303167420814483 1.7316163862908043 0.22047695614180265 0.14411193125933389 1.6560164723978006 2.2137389487888997
decision_type=2 2 2 2 2 2 2 2 2 2 2 2 2 2
left_child=1 2 3 5 -2 -1 10 -8 9 -9 -3 12 -12 -14
right_child=4 6 -4 -5 -6 -7 7 8 -10 -11 11 -13 13 -15
leaf_value=-0.0066359406718882437 0.0014239197252699251 -0.001012045685079949 0.0060791155518312113 0.00075785590421893105 -0.013048623938038075 -0.00043720997970869214 0.0047841958516979619 0.0017530805667879646 -0.00016813551463141 -0.0078807470414554229 0.0091292868899902815 0.0002940954228099578 0.0020770245920038568 -0.0042814180797431023
leaf_weight=191.51533631980419 8.8304539830423874 934.99321880936623 15.39471860649064 93.893058185931295 58.960043262690306 66.439459592103958 96.945424422621727 86.776380106806755 9291.6320143397897 102.48260802775621 78.539843305945396 4906.2740681841969 1239.4236952587962 103.67705300077796
leaf_count=14941 2114 8019 665 9094 17092 7496 515 640 168434 883 560 32253 10212 1118
internal_value=-2.3672e-05 3.02988e-05 -0.00297908 -0.00360777 -0.011247 -0.00515114 9.85164e-05 -0.000185204 -0.000243495 -0.00365922 0.000472279 0.000693473 0.00205432 0.00154434
internal_weight=17275.8 17208 367.243 351.848 67.7905 257.955 16840.7 9577.84 9480.89 189.259 7262.91 6327.91 1421.64 1343.1
internal_count=274036 254830 32196 31531 19206 22437 222634 170472 169957 1523 52162 44143 11890 11330
is_linear=0
shrinkage=0.03


Tree=150
num_leaves=15
num_cat=0
split_feature=7 4 8 6 8 9 9 8 12 8 8 4 9 9
split_gain=11.4709 4.68937 3.06676 2.77669 2.26429 3.89862 5.38245 3.67692 2.8375 2.66314 2.25731 1.98071 6.45444 2.40267
threshold=0.0027572842848808837 0.91987179487179505 0.44142568856029968 4.5136028423406058 0.26358042431741752 2.0127692406526707 1.8806478349140558 0.22115126323983977 2.6735537653587347 0.22719547138716709 0.25489553971539775 0.85164835164835173 1.9371150399690593 2.3575769664228465
decision_type=2 2 2 2 2 2 2 2 2 2 2 2 2 2
left_child=-1 3 4 11 7 6 -6 8 -3 -9 -11 13 -13 -2
right_child=1 2 -4 -5 5 -7 -8 9 -10 10 -12 12 -14 -15
leaf_value=-0.013393908000705428 0.00017897991635121158 -0.012215004093185561 0.0037801420580296403 -0.0027553428127999641 -0.0084677056513074687 -0.01385724793142506 0.0063390802091550192 0.012862223107987899 0.00068180593104115049 -0.0050165091481926887 0.0068175775338911995 -0.0026417543769825581 0.0083809509773536562 -0.0014727450746744386
leaf_weight=42.554669057950377 15743.360083250329 18.234120245790109 26.349479924421757 290.62411033944227 35.59687985223718 43.533315866487101 25.18057405250147 5.9344805178698143 25.763515737606212 23.047527900198478 8.5362429784145188 80.737337024882436 85.435222564265132 819.64603814762086
leaf_count=13027 190377 1626 2607 29298 3285 5402 3109 619 2887 2581 969 2458 3695 12096
internal_value=-2.31807e-05 2.14588e-05 -0.0042603 7.85414e-05 -0.00559759 -0.00825443 -0.00229266 -0.00144332 -0.00640978 0.0045481 -0.000652708 0.000130197 0.0032501 9.59831e-05
internal_weight=17274.5 17232 212.176 17019.8 185.827 104.311 60.7775 81.5159 43.9976 37.5183 31.5838 16729.2 166.173 16563
internal_count=274036 261009 23085 237924 20478 11796 6394 8682 4513 4169 3550 208626 6153 202473
is_linear=0
shrinkage=0.03


Tree=151
num_leaves=15
num_cat=0
split_feature=11 10 8 3 11 11 11 3 9 10 10 9 9 9
split_gain=10.901 4.19796 4.09462 2.38043 2.52482 2.42176 5.55043 2.33468 3.681 6.19063 3.65173 3.21976 3.01882 8.30964
threshold=-4.0754590133786008 0.24958975124249741 0.462102683714325 0.049658635186547062 -2.8994644204400064 -1.1302608166928625 -1.0556572610219046 0.045178308518216963 2.2611502360414586 0.16769483314155828 0.33678488549221003 1.7052298814355191 1.9810261925759773 2.0019646614755104
decision_type=2 2 2 2 2 2 2 2 2 2 2 2 2 2
left_child=1 -1 -3 5 -5 7 -7 10 9 -9 11 -2 -13 -14
right_child=3 2 -4 4 -6 6 -8 8 -10 -11 -12 12 13 -15
leaf_value=-0.0095521981010690364 -0.0054238195044889279 0.006578838486449484 -0.0048031558361114326 0.0045674067738366974 0.00022820654166261586 0.0096443750733325607 -0.0007574498518077155 0.0027912917428398469 -0.0083633056053111048 -0.0036485203069515611 0.0069848913326832603 0.0012709719002482998 -0.0086470802397697298 -0.00046753590245698809
leaf_weight=130.59532053419389 101.56682968419045 26.654556922614574 76.764085460454226 106.89362668991089 12772.488676536828 52.998333938419819 137.81589378044009 191.15175855718553 66.306943781673908 377.03156059514731 44.360875924117863 773.30910415854305 102.60191220231354 2313.4273242703639
leaf_count=27361 3732 4073 8764 2678 109909 670 1660 2816 981 7229 1297 26196 3409 73261
internal_value=-2.30565e-05 -0.00625456 -0.00140787 6.79481e-05 0.000269491 -0.000554673 0.00262397 -0.000716763 -0.00236324 -0.00146593 -0.000394365 -0.000525077 -0.000344414 -0.000866109
internal_weight=17274 234.014 103.419 17040 12879.4 4160.57 190.814 3969.76 634.49 568.183 3335.27 3290.91 3189.34 2416.03
internal_count=274036 40198 12837 233838 112587 121251 2330 118921 11026 10045 107895 106598 102866 76670
is_linear=0
shrinkage=0.03


Tree=152
num_leaves=15
num_cat=0
split_feature=7 4 6 4 9 3 9 12 11 9 6 9 9 3
split_gain=10.8752 4.32673 2.51232 3.08699 6.26122 3.25581 2.44193 3.3555 3.95686 3.2532 2.57271 2.00688 1.92632 1.87877
threshold=0.0027572842848808837 0.91987179487179505 4.4744917000096054 0.85164835164835173 1.9371150399690593 0.024191545538525212 2.0281850018255283 2.6735537653587347 -3.847980912097928 1.8806478349140558 4.5136028423406058 2.0874899894146641 1.2869005265451376 0.34745145726321047
decision_type=2 2 2 2 2 2 2 2 2 2 2 2 2 2
left_child=-1 2 3 5 -5 11 9 -8 -9 -3 -10 -2 -7 -14
right_child=1 6 -4 4 -6 12 7 8 10 -11 -12 -13 13 -15
leaf_value=-0.013139934267166717 0.0036946753546873937 -0.0042711918174900337 -0.0024977950841519291 -0.0018932209934994276 0.0092206167284010088 0.0032160999820718497 -0.011598818178081036 -0.0082357960625868924 -0.0042715536010947642 0.0055533098475094248 0.0082767219854991223 -0.0065801396029193607 0.00012915030871682245 -0.0022446867885612806
leaf_weight=41.697610392002389 10.601663903333245 61.795143656665459 319.87101340573281 78.251941096037626 81.78538503870368 163.76897449977696 50.609506073174998 26.136408337159082 11.567918562330304 35.211311929859221 25.525875508319587 83.690720686689019 15991.69232965447 290.8161718994379
leaf_count=13027 491 5849 30963 2336 3446 1437 4778 5145 666 4220 2427 4063 193427 1761
internal_value=-2.26542e-05 2.04888e-05 7.51592e-05 0.000126637 0.00408984 8.46203e-05 -0.00410464 -0.00681349 -0.00149374 -0.000438973 0.0042603 -0.00507637 0.000118809 8.47251e-05
internal_weight=17273 17231.3 17020.5 16700.6 160.037 16540.6 210.846 113.84 63.2302 97.0065 37.0938 94.2924 16446.3 16282.5
internal_count=274036 261009 237924 206961 5782 201179 23085 13016 8238 10069 3093 4554 196625 195188
is_linear=0
shrinkage=0.03


Tree=153
num_leaves=15
num_cat=0
split_feature=7 4 8 6 4 9 3 8 9 9 8 12 8 8
split_gain=10.5031 4.14347 2.9503 2.37558 2.92184 5.89432 3.09171 2.22032 3.76231 5.10345 3.66184 2.70013 2.53713 2.24772
threshold=0.0027572842848808837 0.91987179487179505 0.44142568856029968 4.4744917000096054 0.85164835164835173 1.9371150399690593 0.024191545538525212 0.26358042431741752 2.0127692406526707 1.8806478349140558 0.22115126323983977 2.6735537653587347 0.22719547138716709 0.23968436736427981
decision_type=2 2 2 2 2 2 2 2 2 2 2 2 2 2
left_child=-1 3 7 4 6 -6 -2 10 9 -9 11 -3 -12 -14
right_child=1 2 -4 -5 5 -7 -8 8 -10 -11 12 -13 13 -15
leaf_value=-0.012975683830376729 -0.0049585304481277797 -0.011977348729238207 0.0038319454109678286 -0.0024319572028373595 -0.0018482782390487544 0.0089201219909656546 0.00011526239083119213 -0.0082413773825951407 -0.013558441113828404 0.0061861824622137145 0.012781934116504166 0.00064370613148802063 -0.0075564360209231839 0.0042279497743767736
leaf_weight=41.156779804034159 93.805813502520323 17.817479327088222 26.287077435525134 319.09271755139343 78.116890601813793 82.498564493842423 16447.766022311524 35.095162205165252 42.509634387446567 25.34549036459066 5.9729473309125742 25.812885769177228 8.9037146761547792 22.419673779513687
leaf_count=13027 4554 1626 2607 30963 2336 3446 196625 3285 5402 3109 619 2887 1013 2537
internal_value=-2.26461e-05 1.95505e-05 -0.00402346 7.29687e-05 0.000122964 0.00397228 8.20231e-05 -0.00535079 -0.00799497 -0.0021642 -0.00126282 -0.00625606 0.00469739 -0.000483954
internal_weight=17272.6 17231.4 210.164 17021.3 16702.2 160.615 16541.6 183.877 102.95 60.4407 80.9267 43.6304 37.2963 31.3234
internal_count=274036 261009 23085 237924 206961 5782 201179 20478 11796 6394 8682 4513 4169 3550
is_linear=0
shrinkage=0.03


Tree=154
num_leaves=15
num_cat=0
split_feature=7 4 8 6 8 9 9 8 12 8 8 8 8 7
split_gain=10.1436 3.96598 2.83888 2.24955 2.14548 3.66689 4.91456 3.56132 2.63619 2.49464 2.18899 1.95792 3.56724 3.86066
threshold=0.0027572842848808837 0.91987179487179505 0.44142568856029968 4.5136028423406058 0.26358042431741752 2.0127692406526707 1.8806478349140558 0.22115126323983977 2.6735537653587347 0.22719547138716709 0.23968436736427981 0.29174904617558722 0.34194808769816071 0.008139722695144673
decision_type=2 2 2 2 2 2 2 2 2 2 2 2 2 2
left_child=-1 3 4 -2 7 6 -6 8 -3 -9 -11 -5 13 -13
right_child=1 2 -4 11 5 -7 -8 9 -10 10 -12 12 -14 -15
leaf_value=-0.012812513306044004 0.00011702781707064585 -0.011857677337565906 0.0037497497124710866 -0.0056709253437085046 -0.0081138052508515374 -0.013390119475949725 0.0060462868658220171 0.012627183644374632 0.00063123755579535406 -0.0074927794626894985 0.0041415684489984061 0.0084743468130048395 -0.003114591664261028 -0.0064256201814511249
leaf_weight=40.629548177588731 16734.278337495402 17.611885600956157 26.384708968922496 95.893577226437628 34.81762669258751 41.949765800265595 25.498674817383289 6.0474645036738357 25.829111359780654 8.838402531808244 22.512110787676647 44.667130451416597 138.23062025825493 8.979195684194563
leaf_count=13027 208626 1626 2607 10045 3285 5402 3109 619 2887 1013 2537 4961 13755 537
internal_value=-2.26946e-05 1.85793e-05 -0.0039429 7.07617e-05 -0.00525137 -0.00786168 -0.00211566 -0.00123556 -0.00617594 0.00462829 -0.000501762 -0.00249219 -0.000607569 0.0051213
internal_weight=17272.2 17231.5 209.49 17022 183.105 102.266 60.3163 80.839 43.441 37.398 31.3505 287.771 191.877 53.6463
internal_count=274036 261009 23085 237924 20478 11796 6394 8682 4513 4169 3550 29298 19253 5498
is_linear=0
shrinkage=0.03


Tree=155
num_leaves=15
num_cat=0
split_feature=7 4 8 6 4 9 3 8 9 9 8 12 8 8
split_gain=9.79617 3.79667 2.73175 2.13977 2.76585 5.55009 2.94432 2.07275 3.57306 4.73254 3.46345 2.57383 2.45255 2.14587
threshold=0.0027572842848808837 0.91987179487179505 0.44142568856029968 4.4744917000096054 0.85164835164835173 1.9371150399690593 0.024191545538525212 0.26358042431741752 2.0127692406526707 1.8806478349140558 0.22115126323983977 2.6735537653587347 0.22719547138716709 0.25489553971539775
decision_type=2 2 2 2 2 2 2 2 2 2 2 2 2 2
left_child=-1 3 7 4 6 -6 -2 10 9 -9 11 -3 -12 -14
right_child=1 2 -4 -5 5 -7 -8 8 -10 -11 12 -13 13 -15
leaf_value=-0.012650450270437734 -0.0048528940849258328 -0.011739118842356771 0.003669399282699012 -0.0023139471238027404 -0.0018071347911952098 0.0086273878103656203 0.00010828080668207201 -0.0079878263574483643 -0.013222885998738674 0.0059097695556878218 0.012473520263340504 0.00061901241282964737 -0.0048300550224795536 0.0067094363366320261
leaf_weight=40.115533443167806 93.373174807988107 17.410610185703263 26.48058565473184 317.70663241879083 77.993578320369124 83.203206008300185 16450.595797300339 34.546452716225758 41.403924451908097 25.649265881860629 6.1219638730399302 25.845032567391172 22.77341733570211 8.6037027265410853
leaf_count=13027 4554 1626 2607 30963 2336 3446 196625 3285 5402 3109 619 2887 2581 969
internal_value=-2.29013e-05 1.74727e-05 -0.00386427 6.84536e-05 0.000115798 0.0038547 7.59096e-05 -0.00515401 -0.00773041 -0.00206848 -0.00120937 -0.00609706 0.0045598 -0.000519225
internal_weight=17271.8 17231.7 208.835 17022.9 16705.2 161.197 16544 182.354 101.6 60.1957 80.7547 43.2556 37.4991 31.3771
internal_count=274036 261009 23085 237924 206961 5782 201179 20478 11796 6394 8682 4513 4169 3550
is_linear=0
shrinkage=0.03


Tree=156
num_leaves=15
num_cat=0
split_feature=6 11 8 11 10 9 4 9 4 3 8 9 10 8
split_gain=9.16501 3.04287 4.3834 3.16519 2.89595 2.39096 2.12099 4.68298 2.52769 3.49181 2.22528 4.8614 2.1588 2.78219
threshold=5.480430546593821 -2.650131694242575 0.26480591205103771 -2.8994644204400064 0.11760440007810852 1.6271661634722758 0.91987179487179505 2.0387041915679345 0.53589743589743599 0.067127533121932245 0.4122567235412089 1.8753086706891862 0.19044847757446084 0.44142568856029968
decision_type=2 2 2 2 2 2 2 2 2 2 2 2 2 2
left_child=1 2 3 -1 -5 -2 8 12 9 10 -4 -12 -8 -14
right_child=5 -3 6 4 -6 -7 7 -9 -10 -11 11 -13 13 -15
leaf_value=-0.0019635700219844707 0.0019345595827308991 0.00016227561544481011 -0.0070049314176559392 0.0029679437417621996 -0.010051555175034607 -0.012122449152246268 0.0073474208678796114 -0.01184265953709697 0.00058662721904763414 0.0060065498929569895 -0.0031680754052401624 0.0087599325877356724 -0.0062199428820649298 0.0043113882009445824
leaf_weight=212.96403402276337 8.4521356113255006 15367.550107255578 87.831546958070248 11.201512689702211 87.216429686173797 55.170140851289034 12.972218276467173 30.69034640211612 1089.4547871681862 26.698458068072796 193.51617662515491 21.373026637360454 42.270282373996451 23.968587421812117
leaf_count=18550 2114 161135 2768 641 4014 17092 1327 3642 51241 340 4421 506 4196 2049
internal_value=-2.27958e-05 2.3876e-05 -0.0011239 -0.00428116 -0.00837319 -0.0102422 -0.000445474 -0.00419355 -0.000114327 -0.00235711 -0.00334349 -0.00148754 0.000183784 -0.00231674
internal_weight=17271.3 17207.7 1840.16 311.382 98.4179 63.6223 1528.78 109.901 1418.87 329.419 302.721 214.889 79.2111 66.2389
internal_count=274036 254830 93695 23205 4655 19206 70490 11214 59276 8035 7695 4927 7572 6245
is_linear=0
shrinkage=0.03


Tree=157
num_leaves=15
num_cat=0
split_feature=7 4 8 12 11 10 10 6 9 8 8 7 4 9
split_gain=9.19622 3.43946 2.52025 2.09594 3.61131 2.18716 5.68898 2.00811 1.9194 1.85353 3.37166 3.73052 3.08801 3.06146
threshold=0.0027572842848808837 0.91987179487179505 0.44142568856029968 2.6735537653587347 -4.0275158367272441 0.17079476091449794 0.19450083610091426 4.5136028423406058 2.0338468345065026 0.29174904617558722 0.34194808769816071 0.008139722695144673 0.89444444444444449 2.0180679305337335
decision_type=2 2 2 2 2 2 2 2 2 2 2 2 2 2
left_child=-1 7 3 5 -5 -3 8 -2 -7 -9 11 13 -12 -11
right_child=1 2 -4 4 -6 6 -8 9 -10 10 12 -13 -14 -15
leaf_value=-0.012359018982484348 0.00010810358092067284 -0.011240201696660285 0.0035196914558818671 -0.0075490094351357423 0.0040970422721833327 0.010098743906774631 -0.0082951676156523112 -0.0054700229961510208 -0.0035710179580469041 0.012641393980539517 -0.0045350247793650269 -0.0063529328851506519 0.0068207401908733003 -0.0013203177009914015
leaf_weight=39.214394662063569 16737.662860708311 49.352788874180987 26.659856292884797 24.914184770546854 45.20801002997905 17.683628923026848 39.346983138937503 95.009198828833178 4.229850672883912 27.7009703500662 125.75047437869944 8.9086553724482638 11.777254112996159 17.240194659912959
leaf_count=13027 208626 4796 2607 5509 4276 1706 3765 10045 426 3025 12557 537 1198 1936
internal_value=-2.26697e-05 1.61295e-05 -0.00369059 -0.00494239 -0.000641875 -0.00726645 -0.00248391 6.44957e-05 0.00708125 -0.00236267 -0.000534573 0.00501588 -0.00298743 0.00829534
internal_weight=17270.7 17231.4 207.395 180.735 70.1222 110.613 61.2605 17024 21.9135 286.387 191.378 53.8498 137.528 44.9412
internal_count=274036 261009 23085 20478 9785 10693 5897 237924 2132 29298 19253 5498 13755 4961
is_linear=0
shrinkage=0.03


Tree=158
num_leaves=15
num_cat=0
split_feature=7 4 8 12 11 10 10 4 7 3 9 7 8 10
split_gain=8.88167 3.29327 2.4247 2.00827 3.47599 2.12775 5.4742 1.88518 3.19841 2.97837 4.40396 4.1318 3.75002 6.31287
threshold=0.0027572842848808837 0.91987179487179505 0.44142568856029968 2.6735537653587347 -4.0275158367272441 0.17079476091449794 0.19450083610091426 0.22649572649572652 0.22062071035209826 0.086862864315802618 1.6936169399515857 0.12738657106068649 0.31774527464915747 0.16287231580964504
decision_type=2 2 2 2 2 2 2 2 2 2 2 2 2 2
left_child=-1 7 3 5 -5 -3 -7 -2 9 -9 -11 -12 13 -13
right_child=1 2 -4 4 -6 6 -8 8 -10 10 11 12 -14 -15
leaf_value=-0.012200212492025519 0.00042781919272350861 -0.011075116818524701 0.0034444898677971048 -0.0074427548036245829 0.0039925676507406964 0.0069179384868890094 -0.0081629113322322869 -6.2453621474546325e-05 0.0043208735527128991 0.00032661391830462918 -0.0066823033236589491 0.0020683141368002399 0.0020867654808801547 -0.0059045771142855162
leaf_weight=38.735632725991309 7269.7906052879989 48.817536037415266 26.750743713928387 24.728738064179197 45.388980759074911 22.072048203088343 39.03277894994244 8304.8651975342073 123.30153203010559 596.75492614135146 197.41428784281015 125.66504119336605 157.74043388664722 249.14777635037899
leaf_count=13027 52162 4796 2607 5509 4276 2132 3765 175299 659 4147 1751 1045 1112 1749
internal_value=-2.26251e-05 1.53368e-05 -0.00361676 -0.00485015 -0.000641279 -0.00713555 -0.00242564 6.25991e-05 -0.000209819 -0.000274448 -0.00158593 -0.00312455 -0.00165878 -0.00325475
internal_weight=17270.2 17231.5 206.791 180.04 70.1177 109.922 61.1048 17024.7 9754.89 9631.59 1326.72 729.968 532.553 374.813
internal_count=274036 261009 23085 20478 9785 10693 5897 237924 185762 185103 9804 5657 3906 2794
is_linear=0
shrinkage=0.03


Tree=159
num_leaves=15
num_cat=0
split_feature=7 3 9 8 9 7 8 3 11 11 11 7 8 8
split_gain=8.57772 3.05602 2.53292 2.05984 1.87448 1.84971 3.42678 5.01756 5.24376 3.29862 2.92412 2.725 2.61126 5.43688
threshold=0.0027572842848808837 0.024191545538525212 2.4865450930316295 0.31774527464915747 2.4865450930316295 0.042678452167369506 0.20402376598122593 0.027086528283571127 -2.650131694242575 -2.3777731648025111 -2.248891616930504 0.038641745578284099 0.27305979975297617 0.28179657685782783
decision_type=2 2 2 2 2 2 2 2 2 2 2 2 2 2
left_child=-1 2 3 -2 5 6 11 8 -8 -7 -11 -3 -9 -14
right_child=1 4 -4 -5 -6 9 7 12 -10 10 -12 -13 13 -15
leaf_value=-0.01204260695058949 -0.0046227286836747527 -0.0053191688052624192 0.0059897723188694499 0.00021935896450479031 -0.0036738839917918515 0.0055982218083608145 0.00092212524465931016 -0.0022758948112685394 0.0093123523856453762 -0.0042226457355651822 0.00026129474774724858 0.003170287991734961 0.0065798906881281835 -0.00050450655344237325
leaf_weight=38.268721747910604 251.38705418095924 190.028128658887 15.469740108586846 110.5778575099539 104.18122286349535 88.356500346213579 273.2927622392308 689.13078908273019 75.613104768097401 117.23691685497761 13220.304222840816 30.432134415954351 87.519548498326913 1977.7807723465376
leaf_count=13027 24065 6027 675 12236 1400 939 16706 19235 1969 1423 116223 588 2501 57022
internal_value=-2.27029e-05 1.44428e-05 -0.00260268 -0.00319364 7.53142e-05 0.0001019 -0.000530195 -0.000264137 0.00304931 0.000258803 0.000217182 -0.00401998 -0.000698097 -0.000159017
internal_weight=17269.6 17231.3 377.435 361.965 16853.9 16749.7 3323.8 3103.34 348.906 13425.9 13337.5 220.46 2754.43 2065.3
internal_count=274036 261009 36976 36301 224033 222633 104048 97433 18675 118585 117646 6615 78758 59523
is_linear=0
shrinkage=0.03


Tree=160
num_leaves=15
num_cat=0
split_feature=7 3 9 8 9 7 8 3 11 11 11 7 8 11
split_gain=8.28521 2.8796 2.43715 1.95901 1.78202 1.73407 3.2496 4.74395 4.93699 3.11996 2.77713 2.60554 2.53203 4.63256
threshold=0.0027572842848808837 0.024191545538525212 2.4865450930316295 0.31774527464915747 2.4865450930316295 0.042678452167369506 0.20402376598122593 0.027086528283571127 -2.650131694242575 -2.3777731648025111 -2.248891616930504 0.038641745578284099 0.21366806211709052 -1.755710165583044
decision_type=2 2 2 2 2 2 2 2 2 2 2 2 2 2
left_child=-1 2 3 -2 5 6 11 8 -8 -7 -11 -3 -9 -14
right_child=1 4 -4 -5 -6 9 7 12 -10 10 -12 -13 13 -15
leaf_value=-0.011886223525539958 -0.004511224683195445 -0.0051952962414919032 0.0058813519510745394 0.00021352348188857624 -0.0035871161210647403 0.005434167112802043 0.00089513908192770668 0.0050873919875385381 0.009013719536837151 -0.0041228315004034769 0.00025341761760554573 0.0031006218442054395 -0.0006437944881885813 -0.009939833749882044
leaf_weight=37.813328442396596 250.26065695635043 189.09423949941993 15.557451312430201 110.60146860405803 103.86784893460572 88.740133784711361 273.53435727208853 52.210050016641617 76.261615291237831 116.84219093620777 13222.727848019451 30.518132124096155 2666.1598691269755 34.250034473836422
leaf_count=13027 24065 6027 675 12236 1400 939 16706 1402 1969 1423 116223 588 76716 640
internal_value=-2.20699e-05 1.42823e-05 -0.00252954 -0.0031124 7.32944e-05 9.91815e-05 -0.000513043 -0.000254327 0.00296298 0.000251043 0.000210498 -0.00391793 -0.000677018 -0.000815955
internal_weight=17268.4 17230.6 376.42 360.862 16854.2 16750.3 3322.03 3102.42 349.796 13428.3 13339.6 219.612 2752.62 2700.41
internal_count=274036 261009 36976 36301 224033 222633 104048 97433 18675 118585 117646 6615 78758 77356
is_linear=0
shrinkage=0.03


Tree=161
num_leaves=15
num_cat=0
split_feature=7 4 8 8 8 12 8 8 6 8 7 8 8 10
split_gain=8.00238 2.98075 2.28333 2.08516 3.50356 2.39205 2.24868 2.17762 1.79018 1.71792 3.89095 4.45913 3.09065 2.84675
threshold=0.0027572842848808837 0.91987179487179505 0.44142568856029968 0.26358042431741752 0.22115126323983977 2.6735537653587347 0.22719547138716709 0.23968436736427981 4.5136028423406058 0.27840200752804939 0.008139722695144673 0.34194808769816071 0.21366806211709052 0.18650117696416821
decision_type=2 2 2 2 2 2 2 2 2 2 2 2 2 2
left_child=-1 8 3 4 5 -3 -6 -8 -2 12 11 13 -10 -11
right_child=1 2 -4 -5 6 -7 7 -9 9 10 -12 -13 -14 -15
leaf_value=-0.011731083658584529 9.979229270603165e-05 -0.01130360499827366 0.0033773266917211512 -0.0072618315712023986 0.012545045193614685 0.00065027087747426566 -0.0072237420922452002 0.0044320265593948971 0.0032674875882752145 0.0004134806486416735 -0.0082513919238679356 -0.0020114204849792628 -0.0083124565611576023 0.012791956109681099
leaf_weight=37.369132048683241 16739.580014745705 16.69003537367098 26.832570614293218 99.271969784284011 6.0868613806087515 25.802340497262776 8.5660748842638004 22.201671224553138 19.073645262280479 31.045343325939029 32.467167103663087 115.504205849953 62.905058439588174 24.071487883105874
leaf_count=13027 208626 1626 2607 11796 619 2887 1013 2537 1923 3531 1870 12558 6812 2604
internal_value=-2.16975e-05 1.38799e-05 -0.00345219 -0.00466031 -0.000768439 -0.0057691 0.00499819 -0.000117036 5.87102e-05 -0.00223809 -0.000620526 0.00138099 -0.00552954 0.00739964
internal_weight=17267.5 17230.1 205.452 178.619 79.347 42.4924 36.8546 30.7677 17024.6 285.067 203.088 170.621 81.9787 55.1168
internal_count=274036 261009 23085 20478 8682 4513 4169 3550 237924 29298 20563 18693 8735 6135
is_linear=0
shrinkage=0.03


Tree=162
num_leaves=15
num_cat=0
split_feature=7 4 8 8 9 9 8 0 8 8 6 4 9 3
split_gain=7.72895 2.83001 2.18862 1.9986 3.57618 4.43588 3.40654 2.32681 2.21291 2.1203 1.69398 2.73505 5.34257 2.62523
threshold=0.0027572842848808837 0.91987179487179505 0.44142568856029968 0.26358042431741752 2.0127692406526707 1.8806478349140558 0.22115126323983977 14.500000000000002 0.22719547138716709 0.23968436736427981 4.4744917000096054 0.85164835164835173 1.9371150399690593 0.024191545538525212
decision_type=2 2 2 2 2 2 2 2 2 2 2 2 2 2
left_child=-1 10 3 6 5 -5 7 -3 -8 -10 11 13 -13 -2
right_child=1 2 -4 4 -6 -7 8 -9 9 -11 -12 12 -14 -15
leaf_value=-0.011577205355429769 -0.0046158655814720947 -0.011182293538407325 0.0033052975391806771 -0.0074436015088944129 -0.012679060265181317 0.0060648468016713444 0.012391984481223394 0.00062768785309185197 -0.0071635261937819834 0.004341304823630758 -0.002072044038092245 -0.0017553996381824172 0.0084812544785738946 8.9595280603455753e-05
leaf_weight=36.935820239363238 92.408339933492243 16.494742732029408 26.92032416863367 33.403407128527761 39.693370885681361 25.476390478434041 6.1613281413447103 25.831858541583642 8.5059375718701649 22.29764912952669 314.89767031488009 77.838440557941794 83.55392949283123 16456.573289601132
leaf_count=13027 4554 1625 2607 3285 5402 3109 619 2888 1013 2537 30963 2336 3446 196625
internal_value=-2.15514e-05 1.32688e-05 -0.00336921 -0.00455792 -0.00711676 -0.00155405 -0.000750734 -0.00569637 0.0049219 -0.000141145 5.68842e-05 9.8825e-05 0.00381475 5.91641e-05
internal_weight=17267 17230.1 204.785 177.865 98.5732 58.8798 79.2915 42.3266 36.9649 30.8036 17025.3 16710.4 161.392 16549
internal_count=274036 261009 23085 20478 11796 6394 8682 4513 4169 3550 237924 206961 5782 201179
is_linear=0
shrinkage=0.03


Tree=163
num_leaves=15
num_cat=0
split_feature=7 4 8 12 11 10 10 9 11 9 4 7 3 9
split_gain=7.46475 2.7094 2.10502 1.93726 3.33861 2.1038 5.24602 1.81151 1.80806 1.69929 1.6345 2.99003 2.93312 4.16619
threshold=0.0027572842848808837 0.91987179487179505 0.44142568856029968 2.6735537653587347 -4.0275158367272441 0.17079476091449794 0.19450083610091426 2.0338468345065026 -3.1962452022713399 1.6271661634722758 0.22649572649572652 0.22062071035209826 0.086862864315802618 1.6936169399515857
decision_type=2 2 2 2 2 2 2 2 2 2 2 2 2 2
left_child=9 10 3 5 -5 -3 7 -7 -6 -1 -2 12 -12 -14
right_child=1 2 -4 4 8 6 -8 -9 -10 -11 11 -13 13 -15
leaf_value=0.0014704478855110067 0.00039504636485547241 -0.010676130737199281 0.0032348699278505217 -0.0071363391743111335 0.0068676578834387138 0.0098512204003923642 -0.0078348563650858984 -0.0034656780935060656 -0.0035234505001881574 -0.013285790233832811 -5.0821246991232764e-05 0.0041770368093995702 0.00029608247613786918 -0.0030616553719938671
leaf_weight=5.0025379036087534 7274.8685483857989 47.553612865274772 27.006474540568888 24.203330343123525 34.334750350331888 17.880810901755471 38.269638848025352 4.1557406964711836 10.836157523095606 31.51055371016264 8301.451497040689 123.60846729576588 597.14326656982303 728.79314382374287
leaf_count=1495 52162 4796 2607 5509 3636 1706 3765 426 640 11532 175299 659 4147 5657
internal_value=-2.15325e-05 1.25485e-05 -0.00330123 -0.00447189 -0.000379103 -0.00673664 -0.00212242 0.00695336 0.00411797 -0.0114246 5.51711e-05 -0.000198615 -0.000261206 -0.00156308
internal_weight=17266.6 17230.1 204.241 177.234 69.3742 107.86 60.3062 22.0366 45.1709 36.5131 17025.9 9751 9627.39 1325.94
internal_count=274036 261009 23085 20478 9785 10693 5897 2132 4276 13027 237924 185762 185103 9804
is_linear=0
shrinkage=0.03


Tree=164
num_leaves=15
num_cat=0
split_feature=7 4 8 8 9 9 8 12 8 8 9 7 11 11
split_gain=7.21349 2.59758 2.02565 1.93609 3.51128 4.20657 3.33137 2.2134 2.15138 2.07394 1.66345 1.55286 3.13602 3.37826
threshold=0.0027572842848808837 0.91987179487179505 0.44142568856029968 0.26358042431741752 2.0127692406526707 1.8806478349140558 0.22115126323983977 2.6735537653587347 0.22719547138716709 0.23968436736427981 1.6271661634722758 0.13190940246168517 -0.58778666490211895 -0.71314984786679469
decision_type=2 2 2 2 2 2 2 2 2 2 2 2 2 2
left_child=10 11 3 6 5 -5 7 -3 -8 -10 -1 12 13 -2
right_child=1 2 -4 4 -6 -7 8 -9 9 -11 -12 -13 -14 -15
leaf_value=0.0014588740528499993 -0.00020190077223254012 -0.010972010209395087 0.0031660059288939764 -0.0072274981507391622 -0.012468072360571195 0.0059371685484988094 0.012284242446678879 0.00058293479767345389 -0.0070689365740643148 0.0043217894555430143 -0.013134337489346008 0.0003843366322043191 -0.0032902938158090541 0.0030533986936446115
leaf_weight=5.0098492593970141 9186.7317873712163 16.162481665378436 27.091047218069434 32.964103767182678 39.057457028422505 25.616447684122249 6.2140559875406316 25.89067974104546 8.4123134121764469 22.318213442340493 31.0969417411834 7287.4859058484435 270.82102838158607 281.16479644924402
leaf_count=1495 182337 1626 2607 3285 5402 3109 619 2887 1013 2537 11532 50030 2778 2779
internal_value=-2.15007e-05 1.18705e-05 -0.00323666 -0.0043896 -0.00692045 -0.00143399 -0.000656383 -0.00557512 0.00493564 -9.22512e-05 -0.0112756 5.35555e-05 -0.000194179 -0.000100552
internal_weight=17266 17229.9 203.727 176.636 97.638 58.5806 78.9977 42.0532 36.9446 30.7305 36.1068 17026.2 9738.72 9467.9
internal_count=274036 261009 23085 20478 11796 6394 8682 4513 4169 3550 13027 237924 187894 185116
is_linear=0
shrinkage=0.03


Tree=165
num_leaves=15
num_cat=0
split_feature=7 4 9 12 11 9 6 10 9 11 6 9 11 4
split_gain=6.9709 2.48733 1.8346 2.84136 3.29518 2.69599 2.4211 1.911 1.62824 1.61319 1.59035 1.70728 3.16 6.47044
threshold=0.0027572842848808837 0.91987179487179505 2.0281850018255283 2.6735537653587347 -3.847980912097928 1.8806478349140558 4.5136028423406058 0.17079476091449794 1.6271661634722758 -4.0754590133786008 4.5136028423406058 1.7271110081475349 -0.080042707673536287 0.21825396825396828
decision_type=2 2 2 2 2 2 2 2 2 2 2 2 2 2
left_child=8 10 5 -4 -5 -3 -6 -7 -1 -9 11 12 13 -2
right_child=1 2 3 4 6 7 -8 9 -10 -11 -12 -13 -14 -15
leaf_value=0.0014473828532086744 0.0041600242894183686 -0.0036496311496343327 -0.010191533385802549 -0.0072531279151141917 -0.0041013025575837182 -0.0041192639569915188 0.0081177141076524077 -6.9331179506973295e-05 -0.012983931544937169 0.011929103283655113 -0.0021175193636678255 -5.0984246535946177e-05 -0.0010971059369786821 0.00039777314790953122
leaf_weight=5.0171134534757575 517.51377677172422 60.05348438443616 46.135331966215745 24.385851233033463 11.399515466764568 5.7264280957169822 25.692188058514148 14.972329332027584 30.693353039445356 14.84386265091598 283.80388446571305 13750.101004988886 648.59109945595264 1826.3818387780339
leaf_count=1495 3155 5849 4778 5145 666 550 2427 2713 11532 957 29298 178565 3921 22985
internal_value=-2.148e-05 1.11992e-05 -0.00317146 -0.00560038 -0.000831819 -4.84887e-05 0.00426277 0.00531343 -0.011128 0.00789742 5.19421e-05 9.05792e-05 0.000738056 0.00124962
internal_weight=17265.3 17229.6 203.209 107.613 61.4776 95.5961 37.0917 35.5426 35.7105 29.8162 17026.4 16742.6 2992.49 2343.9
internal_count=274036 261009 23085 13016 8238 10069 3093 4220 13027 3670 237924 208626 30061 26140
is_linear=0
shrinkage=0.03


Tree=166
num_leaves=15
num_cat=0
split_feature=7 11 8 7 4 4 4 8 9 10 11 8 6 9
split_gain=6.73679 2.38443 3.97486 3.46448 2.10536 3.84631 4.39366 3.50342 3.87286 3.53334 3.03586 2.95378 4.53626 1.93316
threshold=0.0027572842848808837 -2.650131694242575 0.26480591205103771 0.014493370074146181 0.82843137254901966 0.77350427350427364 0.74166666666666681 0.26358042431741752 2.1259972414438724 0.12406242297502763 -1.8867471724007563 0.20845629550644371 3.0563541271966739 2.0685014115702494
decision_type=2 2 2 2 2 2 2 2 2 2 2 2 2 2
left_child=-1 2 3 13 5 6 -3 8 -6 -10 -7 -8 -13 -2
right_child=1 4 -4 -5 7 10 11 -9 9 -11 -12 12 -14 -15
leaf_value=-0.010981797951284105 -0.0074164164342527547 9.9751592307493865e-05 -0.00035965405731782838 -0.010439504395232849 0.016367579175904805 -0.0079768544725229238 -0.0021296158526714465 -0.0020710714365069867 0.0074600513614737074 -0.0066284280279320061 0.0037462364776081696 -0.0021765386730944192 0.012569773351186067 -0.0010419307742592656
leaf_weight=35.323837883304805 40.008133863098919 15101.101015925407 1540.6043576211669 47.592438558116555 16.120292610488832 73.203952686861157 23.797062983736396 38.879875196143985 19.752352073788643 15.019618115387855 15.961447328329085 20.68512637168169 51.541214790195227 225.02827418316156
leaf_count=13027 3512 154404 74992 2017 369 2026 716 684 753 440 268 278 1197 19353
internal_value=-2.13662e-05 1.06381e-05 -0.00100146 -0.00400298 0.000133481 0.000104329 0.000143568 0.00437183 0.00864495 0.00121095 -0.00564104 0.00608984 0.0086985 -0.00234989
internal_weight=17264.6 17229.3 1853.23 312.629 15376.1 15286.3 15197.1 89.7721 50.8923 34.772 89.1654 96.0234 72.2263 265.036
internal_count=274036 261009 99874 24882 161135 158889 156595 2246 1562 1193 2294 2191 1475 22865
is_linear=0
shrinkage=0.03


Tree=167
num_leaves=15
num_cat=0
split_feature=7 4 8 8 9 9 8 12 8 8 9 6 8 8
split_gain=6.50708 2.35109 1.95233 1.90442 3.36063 3.94258 3.29835 2.10037 2.06921 2.0391 1.60692 1.47145 1.65251 3.08818
threshold=0.0027572842848808837 0.91987179487179505 0.44142568856029968 0.26358042431741752 2.0127692406526707 1.8806478349140558 0.22115126323983977 2.6735537653587347 0.22719547138716709 0.23968436736427981 1.6271661634722758 4.5136028423406058 0.29174904617558722 0.34194808769816071
decision_type=2 2 2 2 2 2 2 2 2 2 2 2 2 2
left_child=10 11 3 6 5 -5 7 -3 -8 -10 -1 -2 -13 -14
right_child=1 2 -4 4 -6 -7 8 -9 9 -11 -12 12 13 -15
leaf_value=0.0015223323564234502 8.696294710769537e-05 -0.010766910639303261 0.0031776210040737273 -0.0070464690649232626 -0.012227041164176788 0.00569865321073941 0.012195977052315477 0.0005282790270864984 -0.0069567470511620278 0.0043563073136054708 -0.012707773255414683 -0.0050044141883543542 0.0049551059914603283 -0.0027088045285622404
leaf_weight=4.9698266265913835 16743.575191837735 15.842837765347211 27.076753698755056 32.603209504159167 38.3489235478919 25.880543653387576 6.2573051264043889 25.961877528345212 8.3015871741808969 22.280141103547066 29.970320018706843 93.011887412052602 53.968548970296979 136.01317421137355
leaf_count=1495 208626 1626 2607 3285 5402 3109 619 2887 1013 2537 11532 10045 5498 13755
internal_value=-2.10374e-05 1.02972e-05 -0.00308869 -0.0042297 -0.0067491 -0.00139446 -0.000543428 -0.00546509 0.00500692 6.59263e-06 -0.0108344 4.98499e-05 -0.00203983 -0.000328413
internal_weight=17264.1 17229.1 202.553 175.476 96.8327 58.4838 78.6437 41.8047 36.839 30.5817 34.9401 17026.6 282.994 189.982
internal_count=274036 261009 23085 20478 11796 6394 8682 4513 4169 3550 13027 237924 29298 19253
is_linear=0
shrinkage=0.03


Tree=168
num_leaves=15
num_cat=0
split_feature=7 7 9 9 11 3 11 12 6 11 3 7 10 9
split_gain=6.28817 2.20211 2.76813 5.00176 5.40158 5.31582 5.67602 5.06623 4.27222 3.88369 3.3188 3.21738 3.13549 2.66605
threshold=0.0027572842848808837 0.036065169011250925 1.9810261925759773 2.0234977358836992 -3.3112801037930706 0.037243976389910304 -2.278695173590688 2.0126758453675748 3.1925297413228297 -2.650131694242575 0.036048451417264725 0.0077983361164995187 0.1719807424883531 2.4865450930316295
decision_type=2 2 2 2 2 2 2 2 2 2 2 2 2 2
left_child=-1 2 -2 4 11 6 9 8 -7 -5 -8 -4 -6 -3
right_child=1 13 3 5 12 7 10 -9 -10 -11 -12 -13 -14 -15
leaf_value=-0.010690593458570751 0.00026018836197052621 0.00020419852927472756 -0.0047144931245517285 -0.0017825496362355163 3.4497900933658804e-05 0.0048960107889223295 -0.0031263113856371135 0.0089734578116689428 -0.0071826647417337387 0.0020831858883939699 -0.010685642941287184 0.0076584023569552925 -0.010777046805523098 -0.0044731477979739129
leaf_weight=34.571179692400619 1412.9023818683345 14056.735019788146 21.55208970210515 598.1323922695592 29.774426743388176 38.150102373212576 308.01179152540863 75.284438744187355 37.878673572093248 363.40453320555389 55.310849964618683 25.978864668868482 110.49040457047522 95.557307600975037
leaf_count=13027 57853 129302 2893 41487 941 749 7769 1722 889 10539 1247 1299 3120 1199
internal_value=-2.10735e-05 9.61612e-06 -0.000715769 -0.00153939 -0.00596345 -0.000922245 -0.00154181 0.00415227 -0.00131372 -0.000311972 -0.00465516 0.00226301 -0.00870043 0.000167914
internal_weight=17263.7 17229.2 3076.87 1663.97 187.796 1476.17 1324.86 151.313 76.0288 961.537 363.323 47.531 140.265 14152.3
internal_count=274036 261009 130508 72655 8253 64402 61042 3360 1638 52026 9016 4192 4061 130501
is_linear=0
shrinkage=0.03


Tree=169
num_leaves=15
num_cat=0
split_feature=11 10 8 9 11 4 3 10 7 8 8 9 9 8
split_gain=6.12496 3.32725 4.36614 1.91713 1.76865 2.91232 1.75557 3.15062 2.70108 3.9715 8.58226 4.44764 4.0235 3.36324
threshold=-4.0754590133786008 0.24958975124249741 0.462102683714325 1.2869005265451376 -1.166244227235256 0.35504201680672276 0.34745145726321047 0.23888845658877947 0.22062071035209826 0.25489553971539775 0.26271571672200988 2.0484530748301237 2.0778917183253838 0.27434112213093659
decision_type=2 2 2 2 2 2 2 2 2 2 2 2 2 2
left_child=1 -1 -3 4 5 -2 8 -8 -5 -10 -11 13 -13 -12
right_child=3 2 -4 6 -6 -7 7 -9 9 10 11 12 -14 -15
leaf_value=-0.0079097163461135066 0.0093627253464326782 0.0076575499233003707 -0.0042192788917619775 -0.00013044487069879633 -0.0010912446852670401 0.00015610389244003926 -0.0055548063368446024 0.00051501241883707301 0.0035558681805954741 -0.0073430597666604581 0.0058808096091665235 -0.0064774233953489597 -0.00022073836224274619 0.0010542302717921487
leaf_weight=119.89042455237359 52.134570464491844 25.47137705096975 74.722998246317729 13478.394707089756 55.186860144138336 58.289256395772099 125.08346083760262 165.70860496163368 407.08965683728456 107.43669199943542 125.36325433850288 108.10135844349861 376.73305049538612 1983.5948113948107
leaf_count=27361 344 4073 8764 210865 315 787 790 971 2821 755 790 738 2651 12011
internal_value=-2.12399e-05 -0.0048306 -0.000595991 4.50585e-05 0.00311948 0.00510272 1.21474e-05 -0.00224031 5.36252e-05 0.000848589 0.000423204 0.000785259 -0.00176829 0.00138064
internal_weight=17263.2 220.085 100.194 17043.1 165.611 110.424 16877.5 290.792 16586.7 3108.32 2701.23 2593.79 484.834 2108.96
internal_count=274036 40198 12837 233838 1446 1131 232392 1761 230631 19766 16945 16190 3389 12801
is_linear=0
shrinkage=0.03


Tree=170
num_leaves=15
num_cat=0
split_feature=11 10 10 10 10 5 9 9 11 4 3 10 6 10
split_gain=5.81117 3.20503 2.09212 4.64783 2.36793 2.45371 2.10695 1.82649 1.68164 2.76015 1.66482 2.99563 2.49121 3.48518
threshold=-4.0754590133786008 0.24958975124249741 0.30854390169055218 0.30147511177332381 0.28067672134826954 15.500000000000002 1.7271110081475349 1.2869005265451376 -1.166244227235256 0.35504201680672276 0.34745145726321047 0.23888845658877947 1.3986406674150766 0.12550938237196266
decision_type=2 2 2 2 2 2 2 2 2 2 2 2 2 2
left_child=1 -1 3 4 5 -3 -6 8 9 -2 12 -12 13 -9
right_child=7 2 -4 -5 6 -7 -8 10 -10 -11 11 -13 -14 -15
leaf_value=-0.0077533248567905012 0.0091065573644126315 0.0083920694261737372 -0.0043304021812520408 0.015515860212335086 -0.011274479576768717 -0.0040704915189968393 0.0037409390647297701 -0.0047515720538691174 -0.0010659938816717071 0.00015236471804219422 -0.0054225104403725528 0.00050071035648444908 -0.00015391779455325909 0.00084954444846636467
leaf_weight=118.95633736718446 52.410777311772108 16.151106714736674 49.680094396462664 4.7408638696651897 12.072504358598961 13.79648290411569 3.6388661330565801 87.876182861626148 55.155091643333435 58.296169321984053 124.66354642808437 165.75623185932636 12632.838463019347 3866.1907296776772
leaf_count=27361 344 2341 5274 608 1804 2316 494 694 315 787 790 971 205229 24708
internal_value=-2.07534e-05 -0.00471592 -0.000565602 0.00328749 -0.00150506 0.00320832 -0.00766822 4.3682e-05 0.00304245 0.00497226 1.15362e-05 -0.00218329 5.19033e-05 0.000707577
internal_weight=17262.2 219.036 100.08 50.3998 45.659 29.9476 15.7114 17043.2 165.862 110.707 16877.3 290.42 16586.9 3954.07
internal_count=274036 40198 12837 7563 6955 4657 2298 233838 1446 1131 232392 1761 230631 25402
is_linear=0
shrinkage=0.03


Tree=171
num_leaves=15
num_cat=0
split_feature=7 4 8 12 11 10 10 11 9 9 10 10 3 11
split_gain=5.84416 2.07572 1.85655 1.83665 2.97117 2.00373 4.94059 1.75286 1.56808 1.4759 1.46442 1.35131 2.96605 2.00995
threshold=0.0027572842848808837 0.91987179487179505 0.44142568856029968 2.6735537653587347 -4.0275158367272441 0.17079476091449794 0.19450083610091426 -3.1962452022713399 1.6271661634722758 1.9863936706090892 0.27224449296239461 0.19878995334764968 0.34745145726321047 -1.8548554039531877
decision_type=2 2 2 2 2 2 2 2 2 2 2 2 2 2
left_child=8 11 3 5 9 -3 -7 -6 -1 -5 -4 12 13 -2
right_child=1 2 10 4 7 6 -8 -9 -10 -11 -12 -13 -14 -15
leaf_value=0.0016240223737662618 -0.00098702405125860172 -0.010154764249682022 0.0091927337268702357 0.0027009360401138963 0.0067699347538395039 0.0069013042937720679 -0.0074723007711228603 -0.0034688794988406795 -0.012283403038008931 -0.0092787757951221916 -0.0013141706261724571 0.00037745370068826471 -0.0068594648973500736 7.4720637673073717e-05
leaf_weight=4.9060108663979909 1973.4653494248632 45.970669862115756 4.8561681618448373 5.1559452870860722 34.463341760216281 22.083307011052966 37.447618199279532 10.784953938797115 28.902421752223745 18.176864566281438 22.222446837229654 6703.2201875403989 44.300550654530525 8305.2081321720034
leaf_count=1495 68393 4796 582 1073 3636 2132 3765 640 11532 4436 2025 88094 291 81146
internal_value=-2.01641e-05 9.19741e-06 -0.00291213 -0.00403583 -9.55009e-05 -0.00626651 -0.00182449 0.00407345 -0.0103864 -0.00661055 0.00317539 4.62453e-05 -0.00016906 -0.000130271
internal_weight=17261.2 17227.4 201.161 174.083 68.5811 105.502 59.5309 45.2483 33.8084 23.3328 27.0786 17026.2 10323 10278.7
internal_count=274036 261009 23085 20478 9785 10693 5897 4276 13027 5509 2607 237924 149830 149539
is_linear=0
shrinkage=0.03


Tree=172
num_leaves=15
num_cat=0
split_feature=7 4 8 8 9 9 8 12 8 8 9 10 10 7
split_gain=5.64729 1.97588 1.8139 1.82736 3.31404 3.81028 3.25961 2.00864 1.97526 2.01402 1.53473 1.48961 1.434 1.4259
threshold=0.0027572842848808837 0.91987179487179505 0.44142568856029968 0.26358042431741752 2.0127692406526707 1.8806478349140558 0.22115126323983977 2.6735537653587347 0.22719547138716709 0.23968436736427981 1.6271661634722758 0.14212097620998407 0.27224449296239461 0.0041745393042925327
decision_type=2 2 2 2 2 2 2 2 2 2 2 2 2 2
left_child=10 -2 3 6 5 -5 7 -3 -8 -10 -1 -11 -4 -9
right_child=1 2 12 4 -6 -7 8 13 9 11 -12 -13 -14 -15
leaf_value=0.0016113638380162978 4.4658618378335061e-05 -0.010537780806469933 0.0091049174614644731 -0.0068002873822592428 -0.011929562901661236 0.0057527671693724811 0.012132230205225544 -0.0063059184013156706 -0.0068337529619753945 -0.0029434289457533403 -0.012139359985426939 0.0080272977324845098 -0.0012916247011839179 0.0038224969976487001
leaf_weight=4.9139316279906771 17026.460477906279 15.494505349546669 4.8999274931848076 32.117358725052327 37.494212300516665 25.817403226625174 6.2884986263234159 3.9722471979912397 8.1813804476987588 8.1626648593228328 28.551335870288312 14.035029542166738 22.194300513481721 21.986251739785075
leaf_count=1495 237924 1626 582 3285 5402 3109 619 1037 1013 875 11532 1662 2025 1850
internal_value=-2.02066e-05 8.55562e-06 -0.00284511 -0.00396011 -0.00644606 -0.00117363 -0.0003742 -0.0053071 0.00512423 0.000142783 -0.0102464 0.00443294 0.00316305 0.00053084
internal_weight=17260.6 17227.1 200.644 173.55 95.429 57.9348 78.1206 41.453 36.6676 30.3791 33.4653 22.1977 27.0942 25.9585
internal_count=274036 261009 23085 20478 11796 6394 8682 4513 4169 3550 13027 2537 2607 2887
is_linear=0
shrinkage=0.03


Tree=173
num_leaves=15
num_cat=0
split_feature=7 11 8 7 4 4 4 8 10 10 11 8 7 4
split_gain=5.45741 1.88703 3.68272 3.44794 2.10398 3.61168 4.22088 3.37914 3.66332 3.59326 2.92536 2.77774 3.79484 1.94073
threshold=0.0027572842848808837 -2.650131694242575 0.26480591205103771 0.014493370074146181 0.82843137254901966 0.77350427350427364 0.74166666666666681 0.26358042431741752 0.14107026549974302 0.12406242297502763 -1.8867471724007563 0.20845629550644371 0.037306525805610287 0.53589743589743599
decision_type=2 2 2 2 2 2 2 2 2 2 2 2 2 2
left_child=-1 2 3 -2 5 6 -3 8 9 -6 -7 -8 -13 -4
right_child=1 4 13 -5 7 10 11 -9 -10 -11 -12 12 -14 -15
leaf_value=-0.010107952956895276 -0.0021551933524204493 8.2960481692181536e-05 -0.0022684339725427675 -0.010235332351912142 0.0073895225685497602 -0.00780574112828892 -0.0020553975106888853 -0.0020003692415929649 0.015830600417300056 -0.006921273786518219 0.0036943698914447347 0.011991270579111243 -0.0016163008476556744 0.00028488422640031593
leaf_weight=33.130340912612155 263.12827996676788 15105.807807704434 328.35340850893408 46.991997683420777 19.814256266690791 72.59946546703577 23.702797599136829 38.761183422058821 17.107140639796853 14.141094564460216 16.002714924514294 51.721218353137374 21.017577279359102 1208.0439701273572
leaf_count=13027 22865 154404 8037 2017 753 2026 716 684 392 417 268 1191 284 66955
internal_value=-2.00913e-05 8.08577e-06 -0.000894097 -0.0037953 0.000117162 8.80378e-05 0.000125958 0.00435303 0.00853499 0.00113506 -0.00549451 0.00594309 0.00845529 -0.000277459
internal_weight=17260.3 17227.2 1846.52 310.12 15380.7 15290.9 15202.2 89.8237 51.0625 33.9554 88.6022 96.4416 72.7388 1536.4
internal_count=274036 261009 99874 24882 161135 158889 156595 2246 1562 1170 2294 2191 1475 74992
is_linear=0
shrinkage=0.03


Tree=174
num_leaves=15
num_cat=0
split_feature=7 4 8 11 7 6 10 6 10 10 5 8 10 10
split_gain=5.27181 1.87136 1.76526 1.8151 3.05999 2.40468 2.23608 1.44293 1.40533 1.36932 1.33516 3.17479 3.03616 1.27807
threshold=0.0027572842848808837 0.91987179487179505 0.44142568856029968 -4.0754590133786008 0.008139722695144673 3.6724951675895521 0.12812706899025372 5.5347719124473356 0.27224449296239461 0.25578459032525896 14.500000000000002 0.26418006602578298 0.17409330338539816 0.19878995334764968
decision_type=2 2 2 2 2 2 2 2 2 2 2 2 2 2
left_child=9 13 3 7 6 -6 -5 -3 -4 -1 12 -12 -8 -2
right_child=1 2 8 4 5 -7 10 -9 -10 -11 11 -13 -14 -15
leaf_value=-0.01237539339020749 -0.00016640123202687148 -0.010087009247431396 0.0090148097267031095 -0.0042010460066111682 0.0043887257525985646 -0.007722841820677998 -0.0069576047676701116 0.0014263502065442568 -0.0012742237545762529 0.00028501944726701158 0.014290536486219536 -0.0026491666896005443 0.007446118854681061 0.00036506201718103522
leaf_weight=24.051021259045228 10321.859257422388 37.399019026663154 4.9450218528509167 17.362570676486939 8.1858980599790794 56.327385419048369 12.201697860844435 7.8852427499368778 22.172625017585233 8.7478398119565082 14.034153282176705 9.0348787815310043 10.534873754717408 6705.0564067447558
leaf_count=10065 149830 7306 582 2086 191 3378 1518 2413 2025 2962 1645 1008 933 88094
internal_value=-1.96666e-05 7.93218e-06 -0.0027729 -0.00387751 -0.00163253 -0.00564803 0.00276534 -0.00822614 0.00314439 -0.00996892 0.00579089 0.00922643 2.32412e-05 4.30216e-05
internal_weight=17259.8 17227 200.083 172.966 127.681 64.5133 63.1682 45.2843 27.1176 32.7989 45.8056 23.069 22.7366 17026.9
internal_count=274036 261009 23085 20478 10759 3569 7190 9719 2607 13027 5104 2653 2451 237924
is_linear=0
shrinkage=0.03


Tree=175
num_leaves=15
num_cat=0
split_feature=7 11 4 4 4 11 5 9 6 6 6 11 3 9
split_gain=5.11014 1.77051 2.74851 3.05254 3.43659 2.7652 2.39173 3.16481 2.12541 2.2036 1.82881 3.3816 5.7337 9.71636
threshold=0.0027572842848808837 -2.6146622475305423 0.82843137254901966 0.77350427350427364 0.74166666666666681 -1.8867471724007563 17.500000000000004 1.9193783370142892 3.0228579809699494 3.5681222583105501 3.1245627302238765 -2.278695173590688 0.037243976389910304 2.0484530748301237
decision_type=2 2 2 2 2 2 2 2 2 2 2 2 2 2
left_child=-1 6 3 4 10 -5 -2 -8 -6 -10 -3 -12 -13 -14
right_child=1 2 -4 5 8 -7 7 -9 9 -11 11 12 13 -15
leaf_value=-0.0098449514684304639 -0.00053155593757598263 0.00016376282212787153 0.0050890463123881491 -0.0076005980102587306 -0.0019936706218147177 0.0036337694905733933 0.0025496030390356229 -0.0068346259066365388 0.010843600223480477 0.00036009481542174969 0.00047387945474067054 -0.0055228612745556417 -0.0060691822082894822 0.0083782866244475982
leaf_weight=32.506938736885786 1787.2984566567466 14128.698654767126 84.375777357257903 66.756411728449166 20.468227781355381 16.051650155335665 35.403220603009686 103.86675636144355 44.166178330779076 27.490494536235929 493.36240382865071 279.93050501123071 64.637475434690714 74.265445079654455
leaf_count=13027 92956 130630 2064 1847 275 268 1683 7275 914 858 12243 7029 1349 1618
internal_value=-1.93055e-05 7.7843e-06 0.000115972 8.34105e-05 0.000117439 -0.0051996 -0.000845669 -0.00443315 0.00547177 0.0075802 7.92255e-05 -0.00121161 -0.00314476 0.00171899
internal_weight=17259.3 17226.8 15300.2 15215.8 15133 82.8081 1926.57 139.27 92.1249 71.6567 15040.9 912.196 418.833 138.903
internal_count=274036 261009 159095 157031 154916 2115 101914 8958 2047 1772 152869 22239 9996 2967
is_linear=0
shrinkage=0.03


Tree=176
num_leaves=15
num_cat=0
split_feature=11 9 9 11 6 11 4 9 6 4 3 10 6 10
split_gain=4.82568 2.87767 1.72534 1.65929 3.74086 1.61004 2.61032 1.5889 2.40891 2.23262 1.56843 2.77725 2.23656 3.29601
threshold=-4.0754590133786008 1.8320841984596787 1.2869005265451376 -5.1765761872210314 5.2345784900822947 -1.166244227235256 0.35504201680672276 1.6271661634722758 5.0156227806031533 0.91987179487179505 0.34745145726321047 0.23888845658877947 1.3986406674150766 0.12550938237196266
decision_type=2 2 2 2 2 2 2 2 2 2 2 2 2 2
left_child=1 3 5 -1 7 6 -2 9 -9 -5 12 -12 13 -4
right_child=2 -3 10 4 -6 -7 -8 8 -10 -11 11 -13 -14 -15
leaf_value=-0.0075608235217289729 0.0088447065329945659 -0.0076992534276951454 -0.004647782215776222 -0.0087509888222665963 0.0083864289482897484 -0.0010652511313726017 0.00014606329842665797 0.0058995255569075054 -0.0055903085009814729 0.0037583356423725759 -0.0052519020769394064 0.00045811505731317004 -0.00014787203628088979 0.0008060171542240294
leaf_weight=11.687067178310825 52.689423352479935 99.959345392649993 87.595750719308853 32.320139767136425 24.754059117753059 55.154157072305679 58.303264897316694 25.685882175341249 13.133418361656366 8.0148944468237442 124.11720716953278 165.89813922345638 12629.712769361213 3869.4863539338112
leaf_count=3836 344 24062 694 2509 5114 315 787 2288 1665 724 790 971 205229 24708
internal_value=-1.89365e-05 -0.00433012 3.935e-05 -0.000867021 0.000744667 0.00295157 0.00483679 -0.00260049 0.00153761 -0.00592031 8.08455e-06 -0.00212369 4.72431e-05 0.000668194
internal_weight=17258.5 215.555 17043 115.595 103.908 166.147 110.993 79.1543 38.8193 40.335 16876.8 290.015 16586.8 3957.08
internal_count=274036 40198 233838 16136 12300 1446 1131 7186 3953 3233 232392 1761 230631 25402
is_linear=0
shrinkage=0.03


Tree=177
num_leaves=15
num_cat=0
split_feature=7 4 8 12 11 10 8 11 9 9 9 10 9 9
split_gain=4.82696 1.70689 1.68049 1.77319 2.7272 1.98513 3.71264 1.68075 1.50278 1.47698 1.42555 1.39068 1.26276 3.89798
threshold=0.0027572842848808837 0.91987179487179505 0.44142568856029968 2.6735537653587347 -4.0275158367272441 0.14212097620998407 0.26358042431741752 -3.1962452022713399 1.6271661634722758 2.0826384122702293 1.9863936706090892 0.27224449296239461 2.0338468345065026 1.9604483002220447
decision_type=2 2 2 2 2 2 2 2 2 2 2 2 2 2
left_child=8 -2 3 5 10 -3 9 -6 -1 -7 -5 -4 13 -8
right_child=1 2 11 4 7 6 12 -9 -10 -11 -12 -13 -14 -15
leaf_value=0.001800498963975968 4.0918973121295632e-05 -0.012199828336485696 0.008937827231653369 0.0027675404990671624 0.0066680730604821055 -0.0013991848181760754 -0.0063704706578058242 -0.0033797306836810433 -0.011559350980234988 0.010796338589029965 -0.0089237382633364278 -0.0012840821390440753 -0.011241028258811545 0.0077503854807897624
leaf_weight=4.796225173398855 17026.546038678614 19.900029056938365 4.9837184702046242 5.1154240972828147 34.598543816478923 9.9653486320748943 42.466245677787811 10.701545681804417 27.19229306303896 7.0010194168426088 17.625196620589122 22.185679613146931 13.525933298049493 11.095765197183935
leaf_count=1495 237924 1943 582 1073 3636 985 4219 640 11532 799 4436 2025 1582 1165
internal_value=-1.87096e-05 7.47692e-06 -0.00265411 -0.00373955 0.000101082 -0.00594909 -0.00284588 0.00404415 -0.00962091 0.00633789 -0.00623913 0.00310324 -0.00590215 -0.00238959
internal_weight=17257.7 17225.7 199.164 171.995 68.0407 103.954 84.0543 45.3001 31.9885 16.9664 22.7406 27.1694 67.0879 53.562
internal_count=274036 261009 23085 20478 9785 10693 8750 4276 13027 1784 5509 2607 6966 5384
is_linear=0
shrinkage=0.03


Tree=178
num_leaves=15
num_cat=0
split_feature=11 10 10 10 10 5 9 9 6 11 5 3 10 6
split_gain=4.47273 2.71404 2.01849 4.512 2.30611 2.35996 2.06887 1.64361 1.5326 1.53122 2.52933 1.48783 2.64012 2.09828
threshold=-4.0754590133786008 0.24958975124249741 0.30854390169055218 0.30147511177332381 0.28067672134826954 15.500000000000002 1.7271110081475349 1.2869005265451376 5.0591078971244956 -1.166244227235256 9.5000000000000018 0.34745145726321047 0.23888845658877947 1.3986406674150766
decision_type=2 2 2 2 2 2 2 2 2 2 2 2 2 2
left_child=1 -1 3 4 5 -3 -6 9 -7 10 -2 13 -13 -9
right_child=7 2 -4 -5 6 8 -8 11 -10 -11 -12 12 -14 -15
leaf_value=-0.0070389847757398299 0.000605363797807254 0.0082791484465009734 -0.004124067954508326 0.015383623419439645 -0.011129399306609392 0.0034233166202844666 0.0037314471336608508 0.00064620207732673856 -0.0084309384889984414 -0.0010415409237059885 0.0092644191879810434 -0.0051271489659182254 0.00044427011408155012 -0.00014411507982485346
leaf_weight=114.83371886448003 67.418588852509856 16.240983255906034 49.178712796419859 4.7974142134189597 11.868787657236679 6.4764287685975415 3.6437227595597497 3958.7804605066776 7.2024429982993752 55.124331548810005 43.84298157133162 123.72377839684486 165.94428400695324 12628.408921832452
leaf_count=27361 673 2341 5274 608 1804 606 494 25402 1710 315 458 790 971 205229
internal_value=-1.86198e-05 -0.00418118 -0.000389874 0.0033738 -0.00139798 0.00322757 -0.00752037 3.73363e-05 -0.00396343 0.00287785 0.00471275 6.8015e-06 -0.00207068 4.49193e-05
internal_weight=17257.5 214.242 99.4085 50.2298 45.4324 29.9199 15.5125 17043.2 13.6789 166.386 111.262 16876.9 289.668 16587.2
internal_count=274036 40198 12837 7563 6955 4657 2298 233838 2316 1446 1131 232392 1761 230631
is_linear=0
shrinkage=0.03


Tree=179
num_leaves=15
num_cat=0
split_feature=6 5 10 11 4 8 4 4 10 10 8 6 11 5
split_gain=4.30557 1.97348 1.69768 1.52458 2.6396 2.97697 2.89382 3.28208 2.87327 3.23092 2.66747 4.75408 2.66715 2.08661
threshold=5.5915465080447468 15.500000000000002 0.22936716169073168 -2.6146622475305423 0.82843137254901966 0.26358042431741752 0.77350427350427364 0.74166666666666681 0.14107026549974302 0.12406242297502763 0.20845629550644371 3.0563541271966739 -1.8867471724007563 17.500000000000004
decision_type=2 2 2 2 2 2 2 2 2 2 2 2 2 2
left_child=3 2 -2 13 6 8 7 -5 9 -6 -9 -12 -8 -1
right_child=1 -3 -4 4 5 -7 12 10 -10 -11 11 -13 -14 -15
leaf_value=-0.00049244319601918576 -0.0055072376356010751 -0.012119117593948599 0.0060633554885248589 7.2445753791572498e-05 0.0075769400457775509 -0.0014208762894714958 -0.0074525578203541616 -0.0024024984581832057 0.015358896309087581 -0.0062316168820292723 -0.0028841965640951784 0.01201644678903277 0.0035758315918023513 -0.0041551735765231702
leaf_weight=1777.8735232010949 8.245830911677329 23.491297923726961 7.4396648053079835 15042.322174482048 18.852665006183088 35.720262633636594 66.278074459172785 23.112161153927445 16.768858406692743 13.325291395187376 20.535122513771057 48.862740062177181 16.098561622202396 137.6442249189131
leaf_count=90896 3276 9767 2330 152869 698 611 1847 685 370 385 277 1085 268 8672
internal_value=-1.7953e-05 -0.00846195 0.000261992 8.60961e-06 0.000108737 0.00497511 7.67887e-05 0.000109849 0.00888116 0.00169544 0.00533298 0.00787831 -0.00507849 -0.000785878
internal_weight=17256.6 39.1768 15.6855 17217.4 15301.9 84.6671 15217.2 15134.8 48.9468 32.178 92.51 69.3979 82.3766 1915.52
internal_count=274036 15373 5606 258663 159095 2064 157031 154916 1453 1083 2047 1362 2115 99568
is_linear=0
shrinkage=0.03


Tree=180
num_leaves=15
num_cat=0
split_feature=6 5 10 6 3 3 5 8 10 12 10 9 3 3
split_gain=4.16951 1.92803 1.66263 1.45394 2.45395 3.27675 2.96096 2.8864 3.05902 2.86304 2.22479 2.21253 2.25021 5.0705
threshold=5.5915465080447468 15.500000000000002 0.22936716169073168 3.0228579809699494 0.05036278123189173 0.047433798983812843 7.5000000000000009 0.35922090048875471 0.23888845658877947 1.7005986908310777 0.20356743358037263 2.4865450930316295 0.04406032201926819 0.047945671803998974
decision_type=2 2 2 2 2 2 2 2 2 2 2 2 2 2
left_child=3 2 -2 11 5 -5 -6 -7 -9 -8 -11 12 -1 -14
right_child=1 -3 -4 4 6 7 9 8 -10 10 -12 -13 13 -15
leaf_value=0.0017764044725120994 -0.0054593725086767046 -0.011986250015581098 0.0059908676474366863 -0.00059365112877115211 -0.0059179053925414735 -0.0095804917553529226 -0.0011926548614044276 0.0065280104929561949 -0.0042082005559932042 -0.0022310906474144656 0.0059435951052300333 -0.0041312727977108393 -0.0045426520280750591 0.00016002239790203937
leaf_weight=733.44084546342492 8.2007783143781108 23.209701041691005 7.4846061624120912 2840.2744804206304 25.685446526389569 55.521908185444772 103.37043961137533 19.406855249777436 64.628088474739343 27.555428801104426 172.27973229531199 93.160647545009851 194.70842061564326 12887.060273297131
leaf_count=11723 3276 9767 2330 122748 737 1185 1770 393 1415 556 3843 1156 2846 110291
internal_value=-1.7382e-05 -0.00834864 0.000262034 8.69e-06 -0.00055508 -0.000828479 0.00185007 -0.00508627 -0.00111559 0.00275606 0.00473931 0.000143261 0.000176535 8.49054e-05
internal_weight=17256 38.8951 15.6854 17217.1 3308.72 2979.83 328.891 139.557 84.0349 303.206 199.835 13908.4 13815.2 13081.8
internal_count=274036 15373 5606 258663 132647 125741 6906 2993 1808 6169 4399 126016 124860 113137
is_linear=0
shrinkage=0.03


Tree=181
num_leaves=15
num_cat=0
split_feature=7 4 9 8 8 7 9 12 10 10 9 7 7 11
split_gain=4.32633 1.52971 1.67282 3.403 3.11274 2.96029 2.50681 2.07497 1.87763 1.73959 1.42736 1.38238 2.53402 1.22619
threshold=0.0027572842848808837 0.91987179487179505 2.0281850018255283 0.26358042431741752 0.22115126323983977 0.010534141652292868 1.8806478349140558 2.6735537653587347 0.17079476091449794 0.13163665217152129 1.6271661634722758 0.0041745393042925327 0.0071010441150216657 -4.0754590133786008
decision_type=2 2 2 2 2 2 2 2 2 2 2 2 2 2
left_child=10 -2 6 4 7 9 -3 -4 -8 -6 -1 -9 -13 -10
right_child=1 2 3 -5 5 -7 8 11 13 -11 -12 12 -14 -15
leaf_value=0.0018108410435403129 3.8478421437958316e-05 -0.0031609625377407888 -0.010747860731651005 -0.011011370333140832 -0.0021143699665230847 -0.0056905045522390851 -0.0039741990953706379 -0.0061842702159511835 0.00042982516923698358 0.011772848508889763 -0.01113791281295492 0.0094084918454555647 -0.0042813981894595779 0.011523232043095988
leaf_weight=4.7897860261146006 17026.471379891038 58.732842931058258 14.320188496960325 33.453723639249802 5.3753011960070642 5.8105625351890913 5.6107106213457874 3.8761523293796953 14.486494043841958 19.341136388946325 26.256417471915483 11.555284338537605 10.446950071491299 15.126423753332347
leaf_count=1495 237924 5849 1558 4972 617 304 550 1035 2713 2680 11532 1209 641 957
internal_value=-1.76493e-05 6.89451e-06 -0.00251891 -0.00488105 -0.000562007 0.00533287 0.000411632 -0.00527129 0.00553359 0.00909478 -0.00920107 0.000591056 0.00380779 0.00806555
internal_weight=17255.7 17224.6 198.136 104.179 70.7256 30.527 93.9565 40.1986 35.2236 24.7164 31.0462 25.8784 22.0022 29.6129
internal_count=274036 261009 23085 13016 8044 3601 10069 4443 4220 3297 13027 2885 1850 3670
is_linear=0
shrinkage=0.03


Tree=182
num_leaves=15
num_cat=0
split_feature=7 4 9 12 7 9 10 9 7 9 3 10 7 7
split_gain=4.18031 1.47703 1.6371 2.5925 2.75223 2.40612 1.82634 1.39687 1.32672 1.22407 3.59656 4.63368 3.73159 1.74096
threshold=0.0027572842848808837 0.91987179487179505 2.0281850018255283 2.6735537653587347 0.0039656190539553776 1.8806478349140558 0.17079476091449794 1.6271661634722758 0.0088623409348470451 2.2543053365384744 0.15190049273145567 0.11570255786069407 0.1646155049132276 0.24701531374281144
decision_type=2 2 2 2 2 2 2 2 2 2 2 2 2 2
left_child=7 9 5 -4 -5 -3 -7 -1 -6 -2 12 -12 -11 -13
right_child=1 2 3 4 8 6 -8 -9 -10 10 11 13 -14 -15
leaf_value=0.0017968975315218567 0.00013806691656452529 -0.0030930509747671381 -0.0093123573623736348 -0.0086959468388304352 0.005195040532239876 -0.0039458915338909809 0.0079125387580223968 -0.011003647524142188 -0.0034389971616470725 -0.00073424432304452169 -0.0030864457317051116 0.0055546042781555094 -0.005785976877844384 -0.00021479540691865789
leaf_weight=4.7984107558149871 14724.382893034257 58.553808068856597 43.627278813393787 10.297834938159211 39.211007617413998 5.5893647687043986 29.787489208392799 25.966922948602587 10.757020826451479 1827.7125708693638 97.212691359221935 190.45267635583878 127.54823122918606 59.651620931923389
leaf_count=1495 202137 5849 4778 3118 4481 550 3670 11532 639 31947 871 1478 1060 431
internal_value=-1.77411e-05 6.31163e-06 -0.00247746 -0.00481859 -0.000357912 0.000418924 0.00542192 -0.00907258 0.00297146 3.7324e-05 -0.000603625 0.0021496 -0.00110533 0.00424427
internal_weight=17255.5 17224.8 197.824 103.893 60.2659 93.9307 35.3769 30.7653 49.968 17027 2302.58 347.317 1955.26 250.104
internal_count=274036 261009 23085 13016 8238 10069 4220 13027 5120 237924 35787 2780 33007 1909
is_linear=0
shrinkage=0.03


Tree=183
num_leaves=15
num_cat=0
split_feature=7 4 8 8 8 8 8 12 10 7 7 10 10 10
split_gain=4.03923 1.42943 1.66792 1.66715 3.07797 1.92689 1.9617 1.83452 1.41154 1.3374 2.43374 1.33521 1.30084 1.1719
threshold=0.0027572842848808837 0.91987179487179505 0.44142568856029968 0.26358042431741752 0.22115126323983977 0.22719547138716709 0.23968436736427981 2.6735537653587347 0.14212097620998407 0.0041745393042925327 0.0071010441150216657 0.25578459032525896 0.27224449296239461 0.17722983935928052
decision_type=2 2 2 2 2 2 2 2 2 2 2 2 2 2
left_child=11 -2 3 4 7 -6 -7 -3 -8 -9 -11 -1 -4 -5
right_child=1 2 12 13 5 6 8 9 -10 10 -12 -13 -14 -15
leaf_value=-0.011418160767745123 3.6086705841976975e-05 -0.010093077579182819 0.0088721339763237032 -0.0098015533906160111 0.012067489150560369 -0.0067258970571069361 -0.002837229967666137 -0.0061322491217973762 0.0078760177025388126 0.0091590420635976454 -0.004234759933070791 0.00068893545563159105 -0.0010918208806576014 -0.0025256626947774215
leaf_weight=22.054140041116629 17027.311942199012 14.836132824420927 5.0167350163683322 30.541099883615971 6.3202999597415319 8.077097173547374 8.0754777952097374 3.8354303529486087 14.145576295210047 11.721827640663834 10.40293150115758 8.4368819862138462 21.947642988758162 62.619942829245701
leaf_count=10065 237924 1626 582 4372 619 1013 875 1037 1662 1209 641 2962 2025 7424
internal_value=-1.79747e-05 5.59834e-06 -0.00243947 -0.00353353 -0.000144154 0.00515608 0.000195736 -0.00500877 0.00440827 0.000528989 0.00369487 -0.00894558 0.00327065 -0.00593943
internal_weight=17255.3 17224.9 197.54 170.576 77.4148 36.6185 30.2982 40.7963 22.2211 25.9602 22.1248 30.491 26.9644 93.161
internal_count=274036 261009 23085 20478 8682 4169 3550 4513 2537 2887 1850 13027 2607 11796
is_linear=0
shrinkage=0.03


Tree=184
num_leaves=15
num_cat=0
split_feature=7 11 10 5 9 11 3 9 10 9 6 5 9 3
split_gain=3.91568 1.38305 2.63346 4.74717 4.23642 2.99825 2.6133 2.5443 5.10528 3.09482 2.0257 1.85004 1.84304 1.79564
threshold=0.0027572842848808837 -2.650131694242575 0.20840153801199365 17.500000000000004 1.8612575538598153 -2.7187029352165912 0.05036278123189173 2.0917769211997883 0.16883184509694052 1.8462830653215196 5.2345784900822947 15.500000000000002 2.2184820653350124 0.027086528283571127
decision_type=2 2 2 2 2 2 2 2 2 2 2 2 2 2
left_child=-1 2 3 7 6 -6 10 9 -9 -2 -4 -12 -5 -3
right_child=1 13 4 12 5 -7 -8 8 -10 -11 11 -13 -14 -15
leaf_value=-0.008831563801199217 0.0058652471576701387 0.0030008033015712838 -0.0021272542812161861 -0.011337626747562364 0.0052075289461714644 -0.0056176195990736994 0.002163670775853048 -0.00069022684474156506 0.0093283542892097036 -0.0033295647009856403 0.0088418083570815618 -0.0030541031739478052 -0.002102039606112579 6.2243462153457844e-05
leaf_weight=30.24751186510548 22.218929076567292 174.49710774235427 558.79744405765086 47.623769731260836 180.42241937038489 13.707057934254406 198.59264593734406 312.85932244127616 38.312383371638134 400.78725128364749 15.822911593597382 9.4401578302495182 40.229997589020059 15211.577840629965
leaf_count=13027 1338 5435 23601 3322 8568 312 4348 23394 1910 24934 2867 1975 3305 155700
internal_value=-1.78667e-05 5.28114e-06 -0.000768875 -0.0019625 0.000298272 0.00409508 -0.000702788 -0.00113418 0.000740143 -0.00266227 -0.00170722 0.00491486 -0.0080318 9.84606e-05
internal_weight=17255.1 17224.9 1838.81 862.032 976.783 194.129 782.653 774.178 351.172 423.006 584.061 25.2631 87.8538 15386.1
internal_count=274036 261009 99874 58203 41671 8880 32791 51576 25304 26272 28443 4842 6627 161135
is_linear=0
shrinkage=0.03


Tree=185
num_leaves=15
num_cat=0
split_feature=7 3 3 8 11 8 6 7 8 8 8 0 3 7
split_gain=3.78312 1.3577 1.53257 3.64601 2.91015 2.56911 1.37285 1.54305 1.87734 2.78822 1.85328 2.77969 1.95118 2.95143
threshold=0.0027572842848808837 0.024191545538525212 0.024829317593273531 0.21503303153802586 -2.7187029352165912 0.26480591205103771 4.2054383316843014 0.0039656190539553776 0.46707909178713253 0.32922835780806908 0.48855503453053578 10.500000000000002 0.031576604791400252 0.0074454096478330711
decision_type=2 2 2 2 2 2 2 2 2 2 2 2 2 2
left_child=-1 -2 3 -3 5 -5 -4 8 9 -8 12 -12 -9 -14
right_child=1 2 6 4 -6 -7 7 10 -10 -11 11 -13 13 -15
leaf_value=-0.0087061557066463024 -0.0017655799840011373 -0.0048199644060135886 6.1058436438657577e-05 -0.0051356168340277531 0.013435481794243897 0.0049986559433560255 -0.0037766942512882772 -0.0012060383816142643 -0.0044432369101972628 0.014043022524827174 0.0059321530773131939 -0.0054948447369452492 0.0019314876114868975 -0.0086831605900643156
leaf_weight=29.98281937232241 366.05665947077796 26.891707753995433 16361.943151693791 18.370567875448614 17.616653406992555 60.213275359943509 4.4259292695205641 198.383059497457 3.753090246114879 6.7707551713101566 41.124299961607903 15.295052475295959 25.161581160034984 78.635986375622451
leaf_count=13027 36976 1085 189578 1150 466 3782 1033 14331 602 1248 2522 1104 2675 4457
internal_value=-1.74235e-05 5.26291e-06 4.52492e-05 0.00319273 0.00578062 0.00218613 1.92607e-05 -0.00174321 0.00497623 0.00886988 -0.00221189 0.0023309 -0.00313018 -0.00619108
internal_weight=17254.6 17224.6 16858.6 123.092 96.2005 78.5838 16735.5 373.55 14.9498 11.1967 358.6 56.4194 302.181 103.798
internal_count=274036 261009 224033 6483 5398 4932 217550 27972 2883 2281 25089 3626 21463 7132
is_linear=0
shrinkage=0.03


Tree=186
num_leaves=15
num_cat=0
split_feature=7 9 9 3 6 10 6 10 11 3 6 8 3 8
split_gain=3.65508 1.35779 1.35358 2.38388 4.92777 3.66315 2.38439 4.87132 1.54191 1.93481 2.0013 1.87335 2.02409 1.94846
threshold=0.0027572842848808837 1.6271661634722758 2.2611502360414586 0.15190049273145567 1.5789255615152133 0.11570255786069407 1.3986406674150766 0.12550938237196266 -3.3895860005876952 0.021282272222805883 4.0613043372021433 0.16922049093842695 0.03325375200167139 0.22719547138716709
decision_type=2 2 2 2 2 2 2 2 2 2 2 2 2 2
left_child=1 -1 -2 4 -4 -5 7 -7 -6 -10 11 12 -11 -13
right_child=2 -3 3 5 8 6 -8 -9 9 10 -12 13 -14 -15
leaf_value=0.0019145963968228825 0.00010773889231177826 -0.010540378304544164 -0.0067247337139780157 -0.0029555513904835629 -0.0062379147996333029 -0.0044704307645887613 0.0083762429619689445 0.0051216888031482355 0.0045193601650117933 0.0022206447624331101 -0.0068940461402183231 0.00055110378541599672 -0.0046432683077829561 -0.00180029451831694
leaf_weight=4.7258408991619971 15003.692972089397 24.998301418730989 115.43457287549973 96.78448411822319 28.855654161656275 62.315126672387123 54.693919211626053 111.87412352859974 51.052995438687503 40.077784202992916 31.085425605066121 1032.0671660751104 156.36683728173375 440.1230058344081
leaf_count=1495 222863 11532 965 869 3845 483 458 804 2975 1047 2051 15834 1838 6977
internal_value=-1.70117e-05 -0.00858217 5.22369e-06 -0.000683465 -0.00109191 0.00163669 0.00364089 0.0016078 -0.000673383 -0.000529459 -0.000719314 -0.000543887 -0.00318473 -0.000162933
internal_weight=17254.1 29.7241 17224.4 2220.73 1895.06 325.668 228.883 174.189 1779.63 1750.77 1699.72 1668.63 196.445 1472.19
internal_count=274036 13027 261009 38146 35532 2614 1745 1287 34567 30722 27747 25696 2885 22811
is_linear=0
shrinkage=0.03


Tree=187
num_leaves=15
num_cat=0
split_feature=11 9 8 11 11 10 9 8 10 3 11 4 3 10
split_gain=3.54884 2.42974 3.30371 2.56701 2.47159 1.69673 1.54828 1.50979 3.64682 1.45664 1.45542 2.43765 1.43225 2.50711
threshold=-4.0754590133786008 1.8320841984596787 0.462102683714325 -4.2208558637173512 -5.1765761872210314 0.21921974254136883 1.2869005265451376 0.48855503453053578 0.30854390169055218 0.038818768773430677 -1.166244227235256 0.35504201680672276 0.34745145726321047 0.23888845658877947
decision_type=2 2 2 2 2 2 2 2 2 2 2 2 2 2
left_child=1 2 3 4 -1 -6 10 -4 -9 -7 11 -2 -8 -14
right_child=6 -3 7 -5 5 9 12 8 -10 -11 -12 -13 13 -15
leaf_value=-0.0044018190253927499 0.0084268346684385348 -0.0069198959807371943 -0.010025723308667571 -0.0044820522072621478 -0.0026696833235536135 0.013907690217279011 4.0094604156393505e-05 0.0085761461080595281 -0.0049373679036000791 -0.0016184117713328062 -0.0010330813631678135 6.1563483799430252e-05 -0.0050203749054206761 0.0004131981291096451
leaf_weight=3.7398277809843377 53.155912272632122 96.113794329809025 13.360287360148503 9.5708178421482426 2.5486358725465896 25.192092251963917 16587.258638983825 10.579285117564721 46.5065242939163 2.9455509793478987 55.113691389560699 58.468807861208916 123.38788363337517 166.0478802472353
leaf_count=1491 344 24062 1968 963 593 4308 230631 1428 4957 428 315 787 790 971
internal_value=-1.70785e-05 -0.00375545 -0.000603907 0.00492347 0.00810497 0.010574 3.23675e-05 -0.00431431 -0.00116956 0.0122848 0.00278658 0.00457147 2.7061e-06 -0.00203639
internal_weight=17254 210.557 114.443 43.9969 34.4261 30.6863 17043.4 70.4461 57.0858 28.1376 166.738 111.625 16876.7 289.436
internal_count=274036 40198 16136 7783 6820 5329 233838 8353 6385 4736 1446 1131 232392 1761
is_linear=0
shrinkage=0.03


Tree=188
num_leaves=15
num_cat=0
split_feature=7 11 4 3 8 9 7 8 8 11 11 4 4 11
split_gain=3.46552 1.33089 2.92622 2.84906 5.29057 3.43307 2.37325 7.24301 12.0595 6.70584 2.68084 5.82094 6.8133 4.38407
threshold=0.0027572842848808837 -1.3796041756115249 0.20714285714285716 0.045178308518216963 0.19390556603211642 2.314311775978211 0.070996906961518544 0.22615388202153433 0.24698214739507679 -1.0957304363097344 -1.203109991342201 0.32291666666666669 0.36931818181818188 -1.1302608166928625
decision_type=2 2 2 2 2 2 2 2 2 2 2 2 2 2
left_child=-1 2 -2 4 -3 -6 7 9 -9 -5 11 -8 -13 -12
right_child=1 3 -4 6 5 -7 10 8 -10 -11 13 12 -14 -15
leaf_value=-0.0083934683070411905 0.002583986079870509 -0.0006675061354789242 -0.00046303341659360012 0.00604083730302376 0.011583523656783602 0.00018491665775513067 -2.5477225026511653e-05 -0.015014228070998824 0.0029786827903020476 -0.0073860397638894713 -0.0031632816393323679 0.011725249979723849 0.0015118323636532116 0.00020421949848943981
leaf_weight=29.335868587251753 282.07359003275633 128.64891838654876 6353.5471684867516 95.309223119169474 64.261325512081385 34.678000584244728 463.77135252207518 64.964433938264847 50.462842121720314 33.767866633832455 346.81073195487261 85.301359951496124 154.88153374940157 9065.9133056998253
leaf_count=13027 2240 1895 174463 1286 822 480 4081 837 615 426 3117 825 1492 68430
internal_value=-1.68334e-05 4.72406e-06 -0.000327972 0.000213382 0.00342731 0.00813865 0.000137934 -0.00269534 -0.00771013 0.00212496 0.000210299 0.00197606 0.00561515 7.53088e-05
internal_weight=17253.7 17224.4 6635.62 10588.8 227.588 98.9393 10361.2 244.504 115.427 129.077 10116.7 703.954 240.183 9412.72
internal_count=274036 261009 176703 84306 3197 1302 81109 3164 1452 1712 77945 6398 2317 71547
is_linear=0
shrinkage=0.03


Tree=189
num_leaves=15
num_cat=0
split_feature=7 10 9 4 6 9 8 7 10 11 4 11 6 8
split_gain=3.34847 1.35065 1.28284 2.15264 3.16143 2.98469 2.84224 2.42784 1.69606 1.4839 2.04844 7.78476 3.49888 2.85212
threshold=0.0027572842848808837 0.25578459032525896 2.2611502360414586 0.069047619047619066 1.5789255615152133 2.3575769664228465 0.23449248023271535 0.18500241897974226 0.12550938237196266 -3.3895860005876952 0.40588235294117653 -1.166244227235256 2.7819152571143779 0.15897755919011847
decision_type=2 2 2 2 2 2 2 2 2 2 2 2 2 2
left_child=1 -1 -2 5 7 6 8 -5 -4 -6 11 -11 -12 -13
right_child=2 -3 3 4 9 -7 -8 -9 -10 10 12 13 -14 -15
leaf_value=-0.010824927343537221 0.00010458711839505821 0.0010358196307740236 0.0023040016376411352 -0.0077680520124884878 -0.0061242010173118656 -0.0021248404673642361 -0.0013400839098838221 -8.0975979291007677e-05 0.0098284918409130371 -0.0074921690179892784 0.0040879556836829105 -0.0057299444667663667 -0.00052902901354363538 0.00025022570837243766
leaf_weight=20.915444864891473 15004.254785822704 8.1763582138810289 64.87637060880661 89.355083413422108 28.651261842343956 102.31412713229656 55.851409822702408 57.765598386526108 53.126209422945976 143.5701346732676 184.96245304867625 63.559547632932663 555.2308379416354 820.30481715872884
leaf_count=10065 222863 2962 526 778 3845 884 399 448 385 2074 2611 689 16999 8508
internal_value=-1.632e-05 -0.00827309 4.81261e-06 -0.000665837 -0.00101984 0.00174948 0.00401721 -0.00503654 0.00641802 -0.000651872 -0.000512385 -0.00137098 0.000682963 -0.000268257
internal_weight=17252.9 29.0918 17223.8 2219.57 1943.4 276.168 173.854 147.121 118.003 1796.28 1767.63 1027.43 740.193 883.864
internal_count=274036 13027 261009 38146 35952 2194 1310 1226 911 34726 30881 11271 19610 9197
is_linear=0
shrinkage=0.03


Tree=190
num_leaves=15
num_cat=0
split_feature=11 11 6 9 11 4 3 10 7 8 8 9 9 8
split_gain=3.27213 2.36113 2.82472 1.47057 1.38524 2.29564 1.36943 2.38206 1.86544 3.73044 8.09075 4.15664 3.80194 3.21327
threshold=-4.0754590133786008 -4.1737567642749651 5.788889249571695 1.2869005265451376 -1.166244227235256 0.35504201680672276 0.34745145726321047 0.23888845658877947 0.22062071035209826 0.25489553971539775 0.26271571672200988 2.0484530748301237 2.0778917183253838 0.27434112213093659
decision_type=2 2 2 2 2 2 2 2 2 2 2 2 2 2
left_child=1 2 -1 4 5 -2 8 -8 -5 -10 -11 13 -13 -12
right_child=3 -3 -4 6 -6 -7 7 -9 9 10 11 12 -14 -15
leaf_value=-4.3136649297907375e-07 0.0081816282293057686 -0.0094041158007042852 -0.0093208635632317394 -0.00011474812418468565 -0.0010139867359995887 6.8256806294444167e-05 -0.0049071319443893067 0.00039318335800500511 0.0033145552630712443 -0.0072614775262037235 0.0055963811518222285 -0.0064125253985826596 -0.00032348979118917976 0.0008945734063033129
leaf_weight=152.79537668800913 53.42177265137434 35.383410496637225 21.198092069476843 13469.725856309757 55.090254053473473 58.456104965880513 123.03248888254166 166.1146328151226 409.1327557861805 107.1772518157959 126.08219404518604 107.90256436169147 377.61990548670292 1989.6241917610168
leaf_count=26453 344 4134 9611 210865 315 787 790 971 2821 755 790 738 2651 12011
internal_value=-1.64864e-05 -0.00361571 -0.00178562 3.08704e-05 0.00271336 0.00445165 1.94499e-06 -0.00199289 3.84879e-05 0.000697943 0.000286598 0.000637448 -0.00182834 0.0012122
internal_weight=17252.8 209.377 173.993 17043.4 166.968 111.878 16876.4 289.147 16587.3 3117.54 2708.41 2601.23 485.522 2115.71
internal_count=274036 40198 36064 233838 1446 1131 232392 1761 230631 19766 16945 16190 3389 12801
is_linear=0
shrinkage=0.03


Tree=191
num_leaves=15
num_cat=0
split_feature=7 10 4 8 12 10 8 9 8 7 9 10 10 4
split_gain=3.15333 1.33413 1.22214 1.59633 1.6962 1.96249 3.51236 1.43617 1.368 2.31146 2.27368 1.73601 1.31607 1.23777
threshold=0.0027572842848808837 0.25578459032525896 0.91987179487179505 0.44142568856029968 2.6735537653587347 0.14212097620998407 0.26358042431741752 2.0826384122702293 0.26271571672200988 0.0041745393042925327 1.9863936706090892 0.12812706899025372 0.26868935724717152 0.86190476190476206
decision_type=2 2 2 2 2 2 2 2 2 2 2 2 2 2
left_child=1 -1 13 4 5 -4 7 -7 9 -6 -10 -11 -5 -2
right_child=2 -3 3 12 8 6 -8 -9 10 11 -12 -13 -14 -15
leaf_value=-0.010627305623512591 2.1802997734435565e-06 0.0011005933259067853 -0.011773866152360419 0.0091649269487336493 -0.0056513434821734891 -0.0013412842408027977 -0.0055412497871907378 0.010734694646162418 0.0055312554746187372 2.5888126108047406e-05 -0.0075385260792008692 0.011405692865947531 -0.00097284360433283208 0.0022257607330477104
leaf_weight=20.551415291382003 16813.923420244828 8.1283495354000461 19.119544694200158 4.1108557176776257 7.1455129545647642 9.9136846004985291 65.915982064092532 7.0335110190790138 5.2371710066217956 21.661423419602215 20.840201488463208 12.42894156789407 22.817928470671177 213.3683939978946
leaf_count=10065 223457 2962 1943 490 2007 985 6966 799 1079 1758 3741 1200 2117 14467
internal_value=-1.65404e-05 -0.00806691 3.87239e-06 -0.00226409 -0.00334565 -0.00553063 -0.00250624 0.00635757 0.000369296 0.0033545 -0.00385237 0.00639219 0.00329985 3.19784e-05
internal_weight=17252.2 28.6798 17223.5 196.225 169.296 101.983 82.8632 16.9472 67.3133 41.2359 26.0774 34.0904 26.9288 17027.3
internal_count=274036 13027 261009 23085 20478 10693 8750 1784 9785 4965 4820 2958 2607 237924
is_linear=0
shrinkage=0.03


Tree=192
num_leaves=15
num_cat=0
split_feature=11 11 6 9 11 4 3 10 7 8 8 9 9 8
split_gain=3.08302 2.3056 2.69824 1.40102 1.31746 2.17727 1.29848 2.26425 1.75206 3.51183 7.69462 3.93091 3.62327 3.03409
threshold=-4.0754590133786008 -4.1737567642749651 5.788889249571695 1.2869005265451376 -1.166244227235256 0.35504201680672276 0.34745145726321047 0.23888845658877947 0.22062071035209826 0.25489553971539775 0.26271571672200988 2.0484530748301237 2.0778917183253838 0.27434112213093659
decision_type=2 2 2 2 2 2 2 2 2 2 2 2 2 2
left_child=1 2 -1 4 5 -2 8 -8 -5 -10 -11 13 -13 -12
right_child=3 -3 -4 6 -6 -7 7 -9 9 10 11 12 -14 -15
leaf_value=2.3542900459680811e-05 0.0079614189271397639 -0.0092551482391907223 -0.0091197772429459419 -0.00011148301063791774 -0.00099055216088912473 6.6492060452315516e-05 -0.0047890010910478691 0.00038222658683297229 0.0032118255336802664 -0.0071004766963157009 0.0054297370313484078 -0.0062667339061369615 -0.00031428319825450206 0.00086741980831424477
leaf_weight=152.66197655361611 53.663144811987877 35.032845875248313 20.851639726664871 13468.568984825863 55.060783043503761 58.459431633353233 122.66269456595182 166.15118761360645 410.0100868716836 106.66815408319235 126.50552894175053 107.45736590027809 377.54038271307945 1990.6534964442253
leaf_count=26453 344 4134 9611 210865 315 787 790 971 2821 755 790 738 2651 12011
internal_value=-1.61398e-05 -0.00351637 -0.00171347 2.97442e-05 0.00264646 0.00433865 1.49464e-06 -0.00194206 3.70592e-05 0.000675996 0.000276597 0.000617963 -0.00178156 0.00117631
internal_weight=17251.9 208.546 173.514 17043.4 167.183 112.123 16876.2 288.814 16587.4 3118.84 2708.82 2602.16 484.998 2117.16
internal_count=274036 40198 36064 233838 1446 1131 232392 1761 230631 19766 16945 16190 3389 12801
is_linear=0
shrinkage=0.03


Tree=193
num_leaves=15
num_cat=0
split_feature=11 11 3 11 10 3 3 3 10 8 3 8 8 11
split_gain=2.97052 2.22847 2.51801 2.01588 1.13196 2.80504 3.17816 6.94905 4.15142 3.17985 3.15661 3.59765 2.27911 1.74309
threshold=-4.0754590133786008 -4.1737567642749651 0.019863454074618824 -4.3195713098835729 0.22097931566515078 0.032940281711368258 0.030120064231871236 0.029110936637147599 0.24142560701894236 0.43562585255549074 0.036048451417264725 0.44142568856029968 0.46707909178713253 -1.1302608166928625
decision_type=2 2 2 2 2 2 2 2 2 2 2 2 2 2
left_child=1 2 3 -1 13 6 7 9 -8 -6 11 -7 -11 -2
right_child=4 -3 -4 -5 5 10 8 -9 -10 12 -12 -13 -14 -15
leaf_value=-0.0099002500506386818 -0.00055443998042360644 -0.0091191149184516474 0.00037028654152507169 0.0032668703016597586 0.011350793316296596 0.0013615946818490623 -0.0013492670502018185 -0.0095781200601903083 0.01241717979679045 -0.0051649292396013912 0.00037079279063891561 -0.011448656455507859 0.0055949816970013453 0.0001737208348892229
leaf_weight=29.621100221411325 5004.4312226846814 34.717352568055503 137.99424371938221 5.7133560485672197 25.228628136217594 30.886868350207806 24.975655392743647 27.857218123972416 46.828819455578923 24.083223992027342 4618.483841563575 28.540760880336165 17.452121442183852 7194.5834303423762
leaf_count=10820 120249 4134 23937 1307 1336 1152 911 1120 1666 1035 46648 909 690 58122
internal_value=-1.61953e-05 -0.00345587 -0.00168557 -0.00743213 2.87943e-05 0.000416045 0.00407684 0.000235741 0.0082231 0.0053365 0.00027319 -0.00585809 -0.000358945 -0.000125308
internal_weight=17251.4 208.046 173.329 35.3345 17043.4 4844.34 166.426 94.6212 71.8045 66.764 4677.91 59.4276 41.5353 12199
internal_count=274036 40198 36064 12127 233838 55467 6758 4181 2577 3061 48709 2061 1725 178371
is_linear=0
shrinkage=0.03


Tree=194
num_leaves=15
num_cat=0
split_feature=7 10 9 4 6 9 8 7 10 4 7 6 8 8
split_gain=2.91047 1.31802 1.19334 1.99124 3.03518 2.81851 2.67001 2.31544 1.57987 1.36298 6.18555 3.97244 2.20465 1.87194
threshold=0.0027572842848808837 0.25578459032525896 2.2611502360414586 0.069047619047619066 1.5789255615152133 2.3575769664228465 0.23449248023271535 0.18500241897974226 0.12550938237196266 0.40588235294117653 0.073739213258651584 2.7819152571143779 0.16922049093842695 0.15897755919011847
decision_type=2 2 2 2 2 2 2 2 2 2 2 2 2 2
left_child=1 -1 -2 5 7 6 8 -5 -4 10 -6 12 -11 -12
right_child=2 -3 3 4 9 -7 -8 -9 -10 11 13 -13 -14 -15
leaf_value=-0.010373891956402974 9.9645018182545935e-05 0.001196780274664481 0.0022243202676040952 -0.0076051384556640586 -0.0060202648974143538 -0.00209000338064668 -0.0013183744143007679 -8.9363141915369828e-05 0.0094711065274918713 -0.0022941734831121731 -0.0047582714672228035 -0.00090364444703049346 0.0054067348698213797 0.00023973831135121963
leaf_weight=20.095186549704525 15004.57743308763 8.057399543002246 65.017930895090103 88.842618130147457 188.75557531416416 102.20573808997869 55.813463225960732 57.77872696518898 53.571502141654491 32.765837460756302 58.731083504855633 582.98974515963346 152.75747428461909 778.77358446270227
leaf_count=10065 222863 2962 526 778 2673 884 399 448 385 451 628 20844 2160 7970
internal_value=-1.60497e-05 -0.00779742 3.44417e-06 -0.000643643 -0.000984654 0.0016773 0.00387573 -0.00492658 0.00619385 -0.00062446 -0.00133223 0.000328095 0.00397678 -0.000188309
internal_weight=17250.7 28.1526 17222.6 2218 1941.39 276.609 174.403 146.621 118.589 1794.77 1026.26 768.513 185.523 837.505
internal_count=274036 13027 261009 38146 35952 2194 1310 1226 911 34726 11271 23455 2611 8598
is_linear=0
shrinkage=0.03


Tree=195
num_leaves=15
num_cat=0
split_feature=7 9 11 4 3 9 3 9 7 7 11 4 4 11
split_gain=2.82146 1.26884 1.13525 2.67044 2.57202 4.57543 2.30003 2.90615 5.06209 2.07496 2.60299 5.51024 6.39064 4.07417
threshold=0.0027572842848808837 1.6271661634722758 -1.3796041756115249 0.20714285714285716 0.045178308518216963 2.314311775978211 0.14780606825710482 1.6560164723978006 0.096645139476576908 0.070996906961518544 -1.203109991342201 0.32291666666666669 0.36931818181818188 -1.1302608166928625
decision_type=2 2 2 2 2 2 2 2 2 2 2 2 2 2
left_child=1 -1 3 6 5 -4 7 -2 -9 -6 11 -11 -13 -12
right_child=2 -3 4 -5 9 -7 -8 8 -10 10 13 12 -14 -15
leaf_value=0.002087083513079702 0.0098121998695088284 -0.0096907314373372855 0.0077585703275583635 -0.00043363137570947099 -0.0025319741611045505 -0.00045107336924998359 -0.0010376408406852808 -0.0026152038664745284 0.008299857536048158 -1.9626616218666685e-05 -0.0030677460390678016 0.011352485899903317 0.0014812652372008786 0.00018248316848148212
leaf_weight=4.620415601180869 46.883467778563499 23.335204818868078 95.466669760644436 6347.6243775698822 243.23559747636318 133.26044674962759 102.18069240450859 86.464205376803875 47.213106416165829 463.64710046350956 345.89274270087481 86.0207679271698 155.0011413320899 9069.6506021097302
leaf_count=1495 336 11532 1243 174463 3164 1954 681 856 367 4081 3117 825 1492 68430
internal_value=-1.6025e-05 -0.00769508 3.12501e-06 -0.000304333 0.000195742 0.0032421 0.00247407 0.00438852 0.00168829 0.000123919 0.000191405 0.00193041 0.00546302 5.8392e-05
internal_weight=17250.5 27.9556 17222.5 6630.37 10592.2 228.727 282.741 180.561 133.677 10363.4 10120.2 704.669 241.022 9415.54
internal_count=274036 13027 261009 176703 84306 3197 2240 1559 1223 81109 77945 6398 2317 71547
is_linear=0
shrinkage=0.03


Tree=196
num_leaves=15
num_cat=0
split_feature=11 11 3 11 9 12 3 3 10 7 8 8 9 9
split_gain=2.75432 2.20335 2.37396 1.94515 1.32311 1.26854 2.97603 1.25238 2.1468 1.5581 3.28319 7.30249 3.70101 3.45403
threshold=-4.0754590133786008 -4.1737567642749651 0.019863454074618824 -4.3195713098835729 1.2869005265451376 0.89587973461402759 0.10124800457290374 0.34745145726321047 0.23888845658877947 0.22062071035209826 0.25489553971539775 0.26271571672200988 2.0484530748301237 2.0778917183253838
decision_type=2 2 2 2 2 2 2 2 2 2 2 2 2 2
left_child=1 2 3 -1 5 -2 -7 9 -9 -6 -11 -12 -13 -14
right_child=4 -3 -4 -5 7 6 -8 8 -10 10 11 12 13 -15
leaf_value=-0.0096587541738629278 0.0048860856144104983 -0.0089789108797580629 0.00040372012744121144 0.0032460955890909796 -0.00010449711227298248 0.0041607877352450766 -0.0056048867997711485 -0.0046857798999608959 0.00035354861886716343 0.0030863154678836676 -0.0069496942037177087 0.0011245739081109428 -0.0061342659681007357 -0.00031488072441857322
leaf_weight=29.095725241815671 83.216387376189232 34.396186066325754 137.82662783493288 5.7261511660180977 13465.311709400499 49.40950377099216 34.804988767951727 122.34025303274393 166.24688740074635 411.08489144593477 106.19303643703461 2119.2448900341988 107.05435182154179 377.54507265985012
leaf_count=10820 462 4134 23937 1307 210865 747 237 790 971 2821 755 12801 738 2651
internal_value=-1.50172e-05 -0.00333471 -0.00158238 -0.00719826 2.82101e-05 0.00256939 -0.000112454 7.37416e-07 -0.00190873 3.56548e-05 0.000637914 0.000251572 0.000583386 -0.00174604
internal_weight=17249.5 207.045 172.649 34.8219 17042.5 167.431 84.2145 16875 288.587 16586.4 3121.12 2710.04 2603.84 484.599
internal_count=274036 40198 36064 12127 233838 1446 984 232392 1761 230631 19766 16945 16190 3389
is_linear=0
shrinkage=0.03


Tree=197
num_leaves=15
num_cat=0
split_feature=7 10 3 3 8 8 5 8 10 7 10 7 10 12
split_gain=2.67146 1.27863 1.06337 1.63034 4.55534 5.14728 2.44717 2.06623 4.78996 4.68757 3.25888 3.22634 3.0886 3.07984
threshold=0.0027572842848808837 0.25578459032525896 0.024191545538525212 0.027086528283571127 0.21987382141423609 0.24068541547754876 16.500000000000004 0.34393151530750243 0.18650117696416821 0.010534141652292868 0.22097931566515078 0.0058871222594964329 0.23888845658877947 2.4414009612931857
decision_type=2 2 2 2 2 2 2 2 2 2 2 2 2 2
left_child=1 -1 -2 4 6 -6 -4 8 9 11 -9 -7 -12 -14
right_child=2 -3 3 -5 5 7 -8 10 -10 -11 12 -13 13 -15
leaf_value=-0.010090697815974178 -0.0015693060464957954 0.0012499203323604452 -0.0057899973773915831 -8.8149107551290034e-06 0.01106453045881714 0.0051825433935896561 0.0044999026619192565 -0.0065439052006448098 0.013566335557025903 0.0042521388943442696 0.01014480029493374 -0.0098259811439571337 -0.0081161628691145942 0.0043566158158585069
leaf_weight=19.59893914824352 363.48070048773661 8.0183451315388066 74.982485429383814 16447.67048052582 51.037387795746326 7.1248917554039499 14.965012036729602 46.143717471743003 19.879905888112262 105.50247356761247 16.121368712279946 31.853514320217073 18.68448761664331 23.957638945430517
leaf_count=10065 36976 2962 3069 202915 2258 1085 492 2360 1552 3868 1048 2252 1091 2043
internal_value=-1.52403e-05 -0.00751705 3.32136e-06 3.85944e-05 0.00187257 0.00352656 -0.00367954 0.00158936 0.00356749 0.00104511 -0.00156841 -0.00640476 0.00287479 -0.00179843
internal_weight=17249 27.6173 17221.4 16857.9 410.253 320.305 89.9475 269.268 164.361 144.481 104.907 38.9784 58.7635 42.6421
internal_count=274036 13027 261009 224033 21118 17557 3561 15299 8757 7205 6542 3337 4182 3134
is_linear=0
shrinkage=0.03


Tree=198
num_leaves=15
num_cat=0
split_feature=11 11 6 9 4 7 11 8 6 12 4 6 7 11
split_gain=2.6022 2.15515 2.41803 1.26229 2.30941 4.83375 2.6817 2.39539 2.01702 2.30991 1.83063 1.75307 1.91084 1.60445
threshold=-4.0754590133786008 -4.1737567642749651 5.788889249571695 1.5018818343491704 0.28991596638655465 0.41314440273845981 -3.3507028667034824 0.48855503453053578 1.9670879050346399 1.2424533248940004 0.19375000000000003 3.2600159261750652 0.041298869075281679 -3.7585365900405265
decision_type=2 2 2 2 2 2 2 2 2 2 2 2 2 2
left_child=1 2 -1 4 5 7 13 -2 -8 -10 -9 12 -11 -6
right_child=3 -3 -4 -5 6 -7 8 10 9 11 -12 -13 -14 -15
leaf_value=0.00010659230653692914 0.00014923117518881736 -0.0088448866654164855 -0.0086255682706419465 -3.2044750097517851e-05 -0.0016524532480628983 -0.0014232532767612326 0.0023287352526468312 0.0020062701212617707 -0.0076466460406890658 0.0046794995107313081 0.0083497675699455709 -0.0054243310986047582 -0.0016191747899879697 0.0080213351095843131
leaf_weight=152.20226288796403 73.263774253427982 34.092994581558742 20.027377872145735 16195.249419259606 16.276536875404418 163.99739275872707 82.937725380063057 72.400355309247971 51.034194998443127 48.600782006978989 136.2317849509418 47.716502303257585 121.7139248996973 32.864950187504292
leaf_count=26453 396 4134 9611 225992 662 1017 463 411 362 648 842 997 1104 944
internal_value=-1.44826e-05 -0.00324653 -0.0015185 2.74668e-05 0.00114608 0.00259607 -0.000501149 0.00488815 -0.00147358 -0.0027067 0.00643065 -0.00113263 0.000411495 0.00518008
internal_weight=17248.6 206.323 172.23 17042.3 847.038 445.893 401.145 281.896 352.003 269.065 208.632 218.031 170.315 49.1415
internal_count=274036 40198 36064 233838 7846 2666 5180 1649 3574 3111 1253 2749 1752 1606
is_linear=0
shrinkage=0.03


Tree=199
num_leaves=15
num_cat=0
split_feature=7 10 9 3 7 10 7 10 4 7 7 10 9 9
split_gain=2.51657 1.26124 1.11227 1.98963 3.22427 3.20369 1.48906 3.64707 1.47033 5.54813 3.60171 2.84913 3.93722 4.73868
threshold=0.0027572842848808837 0.25578459032525896 2.2611502360414586 0.15190049273145567 0.1646155049132276 0.11570255786069407 0.20287913452745662 0.12550938237196266 0.40588235294117653 0.073739213258651584 0.038641745578284099 0.13279817713044006 2.2821983118029467 2.3256037207040277
decision_type=2 2 2 2 2 2 2 2 2 2 2 2 2 2
left_child=1 -1 -2 4 8 -5 -7 -8 9 -4 -10 12 -12 -14
right_child=2 -3 3 5 -6 6 7 -9 10 -11 11 -13 13 -15
leaf_value=-0.0099060422032722275 9.6474317910713974e-05 0.0013056747039470304 -0.0058473101095385853 -0.0028121349677749435 -0.0055496276796105472 0.0067137734750644064 -0.0041009383505142098 0.004521758553994005 -0.0014083073542385486 -0.00029564759986403937 -0.0066471625201928409 0.0097976796391628981 0.0085965375015459467 0.00014581921448326778
leaf_weight=19.282828237395737 15004.497580806026 7.9775652938988051 187.57061194255948 96.354545518755913 115.63499706238508 66.671088121831417 54.615423798561096 109.03282085061073 444.13679401110858 818.2002622038126 31.739476893097162 29.463814090937376 72.294399335980415 190.73600725084543
leaf_count=10065 222863 2962 2673 869 979 549 421 775 18317 8425 470 499 1113 3056
internal_value=-1.43135e-05 -0.00732615 3.62671e-06 -0.000621338 -0.000995928 0.00149422 0.00335758 0.00154134 -0.000655088 -0.00140171 0.000330344 0.00266892 0.00151643 0.00280699
internal_weight=17248.2 27.2604 17220.9 2216.45 1889.78 326.674 230.319 163.648 1774.14 1005.77 768.37 324.234 294.77 263.03
internal_count=274036 13027 261009 38146 35532 2614 1745 1196 34553 11098 23455 5138 4639 4169
is_linear=0
shrinkage=0.03


Tree=200
num_leaves=15
num_cat=0
split_feature=11 11 3 11 9 11 4 3 7 3 9 4 8 8
split_gain=2.47581 2.0999 2.20725 1.87016 1.21294 1.28821 1.99645 1.1912 1.27126 2.92774 4.35925 2.77413 2.63388 2.33252
threshold=-4.0754590133786008 -4.1737567642749651 0.019863454074618824 -4.3195713098835729 1.2869005265451376 -1.166244227235256 0.35504201680672276 0.35848238789656089 0.22062071035209826 0.16309807859948247 1.7052298814355191 0.13809523809523813 0.28255164837512453 0.51851564389571481
decision_type=2 2 2 2 2 2 2 2 2 2 2 2 2 2
left_child=1 2 3 -1 5 6 -2 8 -6 10 -10 12 -12 -11
right_child=4 -3 -4 -5 7 -7 -8 -9 9 13 11 -13 -14 -15
leaf_value=-0.0093796038951240498 0.0075857193807377246 -0.0087141787889727772 0.00043453615913374808 0.0032355444426671112 -0.00010344214875329233 -0.0011088849512040819 4.3608399064322406e-05 -0.0025451367138742687 0.0085611299319549704 0.00038716507053229184 0.0031622185189059656 0.0040169691291230304 -0.0030643902654552209 -0.0033239678275733082
leaf_weight=28.503463939065114 54.055126920342445 33.800738580757752 137.67161539511289 5.7326431298861271 13464.727811963065 55.194577798247337 58.539115199819207 148.83626207709312 77.680455550551414 2629.7423906773329 81.678294405341148 171.66062687337399 153.25422370433807 146.7834408134222
leaf_count=10820 344 4134 23937 1307 210874 315 787 890 424 16688 552 1044 953 967
internal_value=-1.40456e-05 -0.00317107 -0.00146929 -0.00692508 2.68165e-05 0.00245749 0.00413059 4.86218e-07 2.53993e-05 0.000555458 0.00267064 0.00128069 -0.000839742 0.000174166
internal_weight=17247.9 205.708 171.908 34.2361 17042.2 167.789 112.594 16874.4 16725.5 3260.8 484.274 406.593 234.933 2776.53
internal_count=274036 40198 36064 12127 233838 1446 1131 232392 231502 20628 2973 2549 1505 17655
is_linear=0
shrinkage=0.03


Tree=201
num_leaves=15
num_cat=0
split_feature=7 10 9 3 6 10 6 10 6 11 3 6 4 11
split_gain=2.39119 1.23269 1.03803 1.87397 4.23451 3.02954 2.3482 4.28086 1.55756 1.39903 1.88182 1.8982 1.86766 6.88448
threshold=0.0027572842848808837 0.25578459032525896 2.2611502360414586 0.15190049273145567 1.5789255615152133 0.11570255786069407 1.3986406674150766 0.12550938237196266 1.4928409688502451 -3.3895860005876952 0.021282272222805883 4.0613043372021433 0.40588235294117653 -1.166244227235256
decision_type=2 2 2 2 2 2 2 2 2 2 2 2 2 2
left_child=1 -1 -2 4 -4 8 7 -7 -5 -6 -11 12 13 -12
right_child=2 -3 3 5 9 6 -8 -9 -10 10 11 -13 -14 -15
leaf_value=-0.009738144296843167 9.3435643269459878e-05 0.0013224938142110789 -0.0062250492051594778 -0.0057676106348342679 -0.0059128077624991107 -0.0044105052503060453 0.0079201639934275304 0.0045568300057720256 0.001134642318369096 0.0045356572490253214 -0.0070636843543294804 -0.0066706062081011014 0.00077113021664951611 -0.00021561904550652158
leaf_weight=19.000328463036571 15005.186298347544 7.9652699124999335 113.56703602522612 49.89459141343832 28.275476714596152 62.193298727273941 55.331701897084713 113.3048215508461 46.252243191003799 51.022759127430618 141.16371266171336 30.661226183176041 658.37789076846093 865.01101167500019
leaf_count=10065 222863 2962 965 437 3845 483 458 804 432 2975 2074 2051 14584 9038
internal_value=-1.36586e-05 -0.00716608 3.76847e-06 -0.000600196 -0.000964187 0.00145172 0.00325933 0.00128191 -0.0027422 -0.000578139 -0.000442137 -0.000630427 -0.000460585 -0.00126603
internal_weight=17247.2 26.9656 17220.2 2215.06 1888.08 326.977 230.83 175.498 96.1468 1774.51 1746.24 1695.21 1664.55 1006.17
internal_count=274036 13027 261009 38146 35532 2614 1745 1287 869 34567 30722 27747 25696 11112
is_linear=0
shrinkage=0.03


Tree=202
num_leaves=15
num_cat=0
split_feature=11 11 6 9 6 11 11 11 5 11 6 6 8 7
split_gain=2.3459 2.0489 2.23219 1.17807 1.46801 3.43544 3.75891 3.06736 1.79053 2.63073 2.68702 2.82859 2.0245 1.82069
threshold=-4.0754590133786008 -4.1737567642749651 5.788889249571695 1.5018818343491704 0.55920745798214477 -0.8324463741746323 -1.166244227235256 -1.3101149182386425 14.500000000000002 -3.3507028667034824 3.2600159261750652 2.9575076874722881 0.53527908367973165 0.1070556628253632
decision_type=2 2 2 2 2 2 2 2 2 2 2 2 2 2
left_child=1 2 -1 4 -2 6 7 8 9 -6 11 13 -12 -11
right_child=3 -3 -4 -5 5 -7 -8 -9 -10 10 12 -13 -14 -15
leaf_value=0.00013523203932210359 -0.0015490593892796705 -0.0085831522490233299 -0.0083034984412065794 -3.1729191493335946e-05 0.0060858641558730843 0.0059429625432406907 -0.0052966265188429352 0.0084059111159687522 0.0050974786239014755 -0.0025120058011634324 0.0002588079508048647 0.0059434429966348581 -0.011170133655149309 0.0024654401096268798
leaf_weight=152.043400720926 143.01009181141853 33.51108439755626 19.510224269586615 16194.515772092156 41.132246966473758 122.1046045422554 68.42695027589798 38.177983291447163 58.271415847353637 204.76817590370774 21.613836428150535 47.970892831683159 21.200041517615318 80.920549154281616
leaf_count=26453 908 4134 9611 225992 1362 627 358 208 706 1689 499 628 401 460
internal_value=-1.39362e-05 -0.00309156 -0.00141496 2.57825e-05 0.00110607 0.00166603 0.000642779 0.00156114 0.000771926 1.25316e-05 -0.000858786 0.000168334 -0.00683025 -0.0010495
internal_weight=17247.2 205.065 171.554 17042.1 847.597 704.587 582.482 514.055 475.877 417.606 376.473 333.66 42.8139 285.689
internal_count=274036 40198 36064 233838 7846 6938 6311 5953 5745 5039 3677 2777 900 2149
is_linear=0
shrinkage=0.03


Tree=203
num_leaves=15
num_cat=0
split_feature=11 10 8 4 11 7 8 10 5 3 4 11 8 10
split_gain=2.26275 2.01328 3.96995 1.63526 1.15606 2.33034 1.67453 2.34323 1.62437 1.5291 1.37959 1.21311 1.12661 3.52357
threshold=-4.0754590133786008 0.24958975124249741 0.462102683714325 0.78174603174603186 -4.2208558637173512 0.0027572842848808837 0.39096017660132915 0.19737023816377317 14.500000000000002 0.02079352616939114 0.94281045751633996 -4.3195713098835729 0.48855503453053578 0.30854390169055218
decision_type=2 2 2 2 2 2 2 2 2 2 2 2 2 2
left_child=1 4 3 -3 5 -1 7 9 -9 -7 -8 -11 -4 -14
right_child=-2 2 12 -5 -6 6 10 8 -10 11 -12 -13 13 -15
leaf_value=-0.0091563522905354511 2.5358341308100662e-05 -0.0018199377114632648 -0.0081830417893776295 0.01093344699671453 -0.0097311559959749397 -0.0068986344249117428 -0.0077502218795430572 -0.0012300720683205064 0.013012621613386607 0.0068744022750843615 0.0036313914761301603 -0.0035099743031548128 0.0085289952802578492 -0.0046160211438200198
leaf_weight=18.054930546088144 17042.139835691778 7.2841488707345006 15.073798260418696 17.885620999382809 29.092437303159386 10.921154878102245 14.523583498783411 6.8549290997907546 9.3737644304055703 9.374453778844325 3.7135097081772974 5.3524310488719484 11.38350136997178 45.755790185648948
leaf_count=9753 233838 867 2273 3206 4732 3282 2312 1251 1849 2327 741 1114 1534 4957
internal_value=-1.36132e-05 -0.00303914 0.000155513 0.00794123 -0.0056028 -0.002747 0.000622095 0.00364976 0.00929541 -0.00203447 -0.00483972 0.00323355 -0.00345728 -0.000768309
internal_weight=17246.8 204.644 97.3829 25.1698 107.261 78.1688 60.1138 41.8767 16.2287 25.648 18.2371 14.7269 72.2131 57.1393
internal_count=274036 40198 12837 4073 27361 22629 12876 9823 3100 6723 3053 3441 8764 6491
is_linear=0
shrinkage=0.03


Tree=204
num_leaves=15
num_cat=0
split_feature=7 10 11 7 8 11 8 7 0 3 7 10 8 3
split_gain=2.20762 3.67208 3.13641 2.53675 1.56227 1.54739 1.96194 1.90335 1.33464 1.78592 1.28181 2.67923 1.44784 2.53516
threshold=0.0041745393042925327 0.21921974254136883 -5.1765761872210314 0.0037526283655338658 0.46707909178713253 -4.3724395080059386 0.49642971791382967 0.0053354059941901977 15.500000000000002 0.023369306574070103 0.0064598356318393462 0.1719807424883531 0.33115956764440213 0.026855593942512229
decision_type=2 2 2 2 2 2 2 2 2 2 2 2 2 2
left_child=1 -1 -3 4 -4 6 -2 8 9 -7 11 -9 13 -13
right_child=5 2 3 -5 -6 7 -8 10 -10 -11 -12 12 -14 -15
leaf_value=-0.0087153170291509648 -0.0089357400906547643 -0.0063354535325789406 0.013712971683704096 -0.0034992358150256831 -0.0013151447017431975 0.010447007767055138 0.0016702058168967485 -0.0085051792692099858 -0.0027603241896302041 -0.00029313098934049522 2.7791664955374145e-05 0.011758233484838676 -0.0026005347651182598 -0.0037669797801501777
leaf_weight=51.01160217623692 23.187804523389786 11.578369690687394 13.780936448951257 7.5907476532738647 4.8417656566016367 24.913363450672477 19.839741121046245 32.039445049595088 8.0583705366589111 20.182566008996218 16991.911640703678 7.9324364969506842 23.085094975773245 6.6479247296229005
leaf_count=18054 3065 4422 3484 1368 887 3558 1900 3586 1125 2693 225877 823 2546 648
internal_value=-1.34736e-05 -0.0043753 0.00229469 0.00702506 0.0109622 1.29038e-05 -0.0048778 2.94599e-05 0.0050329 0.00676688 9.46484e-06 -0.00367184 0.00169098 0.00635887
internal_weight=17246.6 88.8034 37.7918 26.2134 18.6227 17157.8 43.0275 17114.8 53.1543 45.0959 17061.6 69.7049 37.6655 14.5804
internal_count=274036 28215 10161 5739 4371 245821 4965 240856 7376 6251 233480 7603 4017 1471
is_linear=0
shrinkage=0.03


Tree=205
num_leaves=15
num_cat=0
split_feature=7 9 11 4 3 8 9 3 9 7 4 3 8 4
split_gain=2.12903 1.157 0.999545 2.43799 2.41836 4.88439 3.12491 2.24207 2.67361 4.80776 2.07981 2.05684 1.95036 3.01665
threshold=0.0027572842848808837 1.6271661634722758 -1.3796041756115249 0.20714285714285716 0.045178308518216963 0.19390556603211642 2.314311775978211 0.14780606825710482 1.6560164723978006 0.096645139476576908 0.23303167420814483 0.042366020629594159 0.25551264004907398 0.34313725490196084
decision_type=2 2 2 2 2 2 2 2 2 2 2 2 2 2
left_child=1 -1 3 7 5 -4 11 8 -2 -10 -5 -7 13 -12
right_child=2 -3 4 10 -6 6 -8 -9 9 -11 12 -13 -14 -15
leaf_value=0.0022002889270047359 0.0094359410211384883 -0.0088269281504225125 -0.00078669517493595387 -0.0042869645006725788 0.00011395546733529701 0.014986259404295882 8.3386107857227358e-05 -0.0010925422259760924 -0.0025510834081588045 0.0080760597875353096 -0.0097759383623063894 0.0031408067474299191 -6.3355676906708846e-05 -0.001108945279914602
leaf_weight=4.5517980766017017 47.299389623105526 21.779699275502935 129.13572175055742 107.20940740779042 10364.595331378281 33.565227963030338 34.818286594003439 102.28393067419529 86.285835385322571 47.483883328735828 22.608817622065544 31.880153514444828 4969.4904219955206 1243.4111943957396
leaf_count=1495 336 11532 1895 960 81109 432 480 681 856 367 365 390 129304 43834
internal_value=-1.33203e-05 -0.00681398 2.99995e-06 -0.000285635 0.000183677 0.00313346 0.00762779 0.00236616 0.00425405 0.00165514 -0.000409404 0.0108776 -0.000332607 -0.00137638
internal_weight=17246.4 26.3315 17220.1 6626.07 10594 229.399 100.264 283.353 181.069 133.77 6342.72 65.4454 6235.51 1266.02
internal_count=274036 13027 261009 176703 84306 3197 1302 2240 1559 1223 174463 822 173503 44199
is_linear=0
shrinkage=0.03


Tree=206
num_leaves=15
num_cat=0
split_feature=7 5 8 2 11 8 7 7 5 0 10 7 10 11
split_gain=2.0595 4.06978 3.74691 2.88449 1.49471 1.90549 1.82925 1.49409 1.4624 2.04954 1.41829 1.21547 2.60141 1.41551
threshold=0.0041745393042925327 15.500000000000002 0.30660343897995629 0.095454545454545472 -4.3724395080059386 0.49642971791382967 0.0053354059941901977 0.002137743121942899 14.500000000000002 15.500000000000002 0.28422506276573184 0.0064598356318393462 0.1719807424883531 -4.0754590133786008
decision_type=2 2 2 2 2 2 2 2 2 2 2 2 2 2
left_child=1 2 -1 7 5 -2 8 -4 -6 -10 -9 12 -8 -14
right_child=4 -3 3 -5 6 -7 11 10 9 -11 -12 -13 13 -15
leaf_value=-0.0069003711091045411 -0.0088197530014043329 -0.0090862791445830808 -0.0018725834699051314 -0.0043498471049537189 -0.0018695737107634208 0.0016412633144694097 -0.0083686940699898033 0.015759533690068817 0.0099844995422275189 -0.0027268033204165916 -0.00033734441128814129 2.7153728462614458e-05 -0.002904642915354728 0.005893014856649152
leaf_weight=12.219936075969597 22.983359922654927 47.889436459168792 3.123430466745055 6.0139805041253558 14.739572927355765 19.870943838730454 31.750123387668282 13.804775107651951 30.588855104986578 8.0305228880606574 5.1977936094626775 16991.813034937717 20.225449221674353 17.445542096160352
leaf_count=4098 3065 17071 1325 1194 2051 1900 3586 3475 4200 1125 1052 225877 2279 1738
internal_value=-1.26885e-05 -0.004237 0.00241986 0.00745923 1.27213e-05 -0.00480122 2.8969e-05 0.0111296 0.00492667 0.00731792 0.0131501 9.33728e-06 -0.00358148 0.00168755
internal_weight=17245.7 88.2494 40.3599 28.14 17157.4 42.8543 17114.6 22.126 53.359 38.6194 19.0026 17061.2 69.4211 37.671
internal_count=274036 28215 11144 7046 245821 4965 240856 5852 7376 5325 4527 233480 7603 4017
is_linear=0
shrinkage=0.03


Tree=207
num_leaves=15
num_cat=0
split_feature=11 11 11 10 8 10 8 9 3 9 4 8 3 8
split_gain=1.96973 2.04863 2.07264 1.81904 2.62941 2.6347 2.9195 2.74924 1.96658 1.51294 2.45762 1.70213 1.22858 1.21267
threshold=-4.0754590133786008 -4.1737567642749651 -5.1765761872210314 0.19737023816377317 0.39096017660132915 0.25578459032525896 0.462102683714325 1.9810261925759773 0.02079352616939114 1.6560164723978006 0.91987179487179505 0.48855503453053578 0.034505572243049489 0.32832631460354583
decision_type=2 2 2 2 2 2 2 2 2 2 2 2 2 2
left_child=1 2 -1 8 -5 7 12 -6 -4 10 -8 -11 -7 -10
right_child=-2 -3 3 4 5 6 9 -9 13 11 -12 -13 -14 -15
leaf_value=-0.0085130111527279301 2.3548355885752446e-05 -0.0083524771555966767 -0.0089532159436594184 0.0087591631062146832 -0.010018780462715197 0.01260257960343655 -0.0077759000261351944 0.005772111378372087 -0.0025948449156186918 -0.0035667267598765624 0.0049409437162030462 0.008300456985881402 -0.0016387236282847195 0.0070102976299386702
leaf_weight=14.265773569233714 17042.484916423913 33.007585571031086 19.126423915964551 22.823431627242826 22.299197211861614 10.993119815597309 27.711949032032862 2.5979267683578646 15.582184150815012 7.626527781365442 8.1064170484896731 10.761319207493214 2.9555736109614363 5.238876777351833
leaf_count=6045 233838 4134 7556 4914 3821 1585 2545 524 4526 1051 876 1220 374 1027
internal_value=-1.26849e-05 -0.00284564 -0.00118669 0.000172679 0.00208224 -0.000544066 0.00256543 -0.00682042 -0.00442271 -0.00122573 -0.00428893 0.00398732 0.0102995 0.00174547
internal_weight=17245.6 203.096 170.089 155.823 115.875 93.052 68.1549 24.8971 39.9475 54.2062 35.8184 18.3878 13.9487 20.8211
internal_count=274036 40198 36064 30019 16910 11996 7651 4345 13109 5692 3421 2271 1959 5553
is_linear=0
shrinkage=0.03


Tree=208
num_leaves=15
num_cat=0
split_feature=7 10 9 3 11 7 9 4 7 11 10 11 10 3
split_gain=1.94632 1.19899 0.968354 1.75799 3.12655 4.32495 3.99354 3.73469 4.37353 2.88987 2.87977 2.44704 4.26168 4.25928
threshold=0.0027572842848808837 0.25578459032525896 2.2611502360414586 0.15190049273145567 -0.58778666490211895 0.096645139476576908 2.3053633128505018 0.39444444444444454 0.070996906961518544 -1.166244227235256 0.11570255786069407 -1.9522423914320821 0.13386357335583973 0.027086528283571127
decision_type=2 2 2 2 2 2 2 2 2 2 2 2 2 2
left_child=1 -1 -2 4 5 7 -7 9 11 -4 -5 13 -13 -9
right_child=2 -3 3 10 -6 6 -8 8 -10 -11 -12 12 -14 -15
leaf_value=-0.009165859653998373 8.9676779388674991e-05 0.0015512116619168968 -0.0066558100738549203 -0.0026875225134842494 -0.0028796958994734565 -0.0010755827088379075 0.007018313315981098 7.8027992968028308e-05 0.0083811269140801926 -0.0012079639062037692 0.0031643981443591931 0.00021193975590976034 0.010291052901653094 -0.007100985766177138
leaf_weight=18.071259146439846 15005.763239981374 7.7995775650488204 130.68032106757164 95.988217331469059 519.22549622505903 88.133202202618122 116.45332342386246 233.25244328938425 40.937919966876507 241.74332022294402 231.32444208860397 395.15711889415979 26.825992576777935 93.98054173309356
leaf_count=10065 222863 2962 1936 869 4924 863 1167 12975 465 2895 1745 7248 459 2600
internal_value=-1.24207e-05 -0.00655136 3.0969e-06 -0.000580446 -0.000933436 -0.00017105 0.00369628 -0.000890023 0.000287754 -0.00330325 0.00140569 -0.0003103 0.00118394 -0.00220463
internal_weight=17245.3 25.8708 17219.5 2213.7 1886.39 1367.16 204.587 1162.58 790.154 372.424 327.313 749.216 421.983 327.233
internal_count=274036 13027 261009 38146 35532 30608 2030 28578 23747 4831 2614 23282 7707 15575
is_linear=0
shrinkage=0.03


Tree=209
num_leaves=15
num_cat=0
split_feature=7 10 11 4 8 4 4 10 10 11 8 7 11 8
split_gain=1.88738 1.17181 0.936277 2.67819 2.91452 2.67115 3.1606 2.64818 3.15287 2.55437 2.39324 3.15097 2.34109 2.05062
threshold=0.0027572842848808837 0.25578459032525896 -2.6146622475305423 0.82843137254901966 0.26358042431741752 0.77350427350427364 0.74166666666666681 0.14107026549974302 0.12406242297502763 -1.8867471724007563 0.20845629550644371 0.037306525805610287 -2.9730193800863263 0.31774527464915747
decision_type=2 2 2 2 2 2 2 2 2 2 2 2 2 2
left_child=1 -1 12 5 7 6 -4 8 -5 -7 -8 -12 13 -2
right_child=2 -3 3 4 -6 9 10 -9 -10 -11 11 -13 -14 -15
leaf_value=-0.0090613011177348036 -0.001583166333422816 0.0015344690880361733 4.4377043843205256e-05 0.0075808810398821378 -0.0013680501975515218 -0.0072620862732948729 -0.0022084760068292672 0.015040261875101409 -0.0060924841377344293 0.0035224234261287176 0.010915116178161963 -0.0015341779930194543 -0.0019964854887448286 0.0010114155692165045
leaf_weight=17.906972283031795 390.75090165669098 7.8116190049331626 15047.975178265013 18.847605841234326 35.637529512867332 65.665324650704861 22.865556590259075 16.97614517249167 13.174783836118875 16.140925262123346 49.085264513269067 20.933144651353359 690.25838545989245 830.90849225223064
leaf_count=10065 36004 2962 152869 698 611 1847 685 370 385 268 1078 284 20366 45544
internal_value=-1.20706e-05 -0.00646329 3.182e-06 8.15598e-05 0.00498409 4.94228e-05 8.11036e-05 0.00884192 0.00180638 -0.00491814 0.00519767 0.00757919 -0.000620081 0.000172395
internal_weight=17244.9 25.7186 17219.2 15307.3 84.6361 15222.7 15140.9 48.9985 32.0224 81.8062 92.884 70.0184 1911.92 1221.66
internal_count=274036 13027 261009 159095 2064 157031 154916 1453 1083 2115 2047 1362 101914 81548
is_linear=0
shrinkage=0.03


Tree=210
num_leaves=15
num_cat=0
split_feature=7 5 8 2 7 10 9 12 3 3 3 10 10 7
split_gain=1.83962 3.87856 3.58399 2.81267 1.40371 1.35978 0.921499 1.45197 3.48157 2.10219 1.14317 2.06122 1.33066 1.31377
threshold=0.0041745393042925327 15.500000000000002 0.30660343897995629 0.095454545454545472 0.002137743121942899 0.28422506276573184 1.2869005265451376 0.89587973461402759 0.086862864315802618 0.065239231439793002 0.34745145726321047 0.23888845658877947 0.28942880160359347 0.22062071035209826
decision_type=2 2 2 2 2 2 2 2 2 2 2 2 2 2
left_child=1 2 -1 4 -4 -6 7 -2 9 -9 13 -12 -13 -8
right_child=6 -3 3 -5 5 -7 10 8 -10 -11 11 12 -14 -15
leaf_value=-0.0067418837166706141 0.0046197522200332377 -0.0088086089279517301 -0.001794171616666544 -0.0043230596883429874 0.015409715513622592 -0.00033422362610538214 -0.00010549377960004472 -0.0016489607886151681 -0.0051965780934214436 0.0094996364595307213 -0.0045631852646069015 0.0026173622119521922 -0.0023467844441977166 0.00057540385616468195
leaf_weight=12.035816218471153 83.574474483728409 47.071543470723554 3.0732822723221096 5.992293748073279 14.025165437720718 5.1956432801671317 13569.914684794378 20.021206399891526 50.151029229164124 20.501884127035737 121.95926208794117 91.481404975056648 74.671195715665817 3124.8101768642664
leaf_count=4098 462 17071 1325 1194 3475 1052 222414 748 374 296 790 519 452 19766
internal_value=-1.15029e-05 -0.0040207 0.00244151 0.00733122 0.0109426 0.0128729 1.24131e-05 0.00209425 -0.00055885 0.00503406 -1.07763e-05 -0.00183665 0.000376817 2.23543e-05
internal_weight=17244.5 87.3937 40.3222 28.2864 22.2941 19.2208 17157.1 174.249 90.6741 40.5231 16982.8 288.112 166.153 16694.7
internal_count=274036 28215 11144 7046 5852 4527 245821 1880 1418 1044 243941 1761 971 242180
is_linear=0
shrinkage=0.03


Tree=211
num_leaves=15
num_cat=0
split_feature=11 11 11 9 8 11 11 9 4 4 8 8 8 4
split_gain=1.7866 2.03796 2.00884 1.51119 1.47326 2.50336 2.27435 2.05961 2.02767 1.60679 2.5841 1.41916 1.47478 1.32396
threshold=-4.0754590133786008 -4.1737567642749651 -5.1765761872210314 2.0435025635765154 0.39096017660132915 -4.8020008729355483 -4.3724395080059386 1.7373324713914402 0.78174603174603186 0.97222222222222232 0.3154142874010652 0.49642971791382967 0.53527908367973165 0.71825396825396837
decision_type=2 2 2 2 2 2 2 2 2 2 2 2 2 2
left_child=1 2 -1 4 9 7 11 8 -6 10 -4 -7 -13 -12
right_child=-2 -3 3 -5 5 6 -8 -9 -10 -11 13 12 -14 -15
leaf_value=-0.0083194992746217725 2.3175803183694888e-05 -0.0082194229306894774 -0.0028379195561307 -0.0050631692981451433 -0.0030199894928043757 -0.0097921654064000267 0.0024722264311488338 -0.0033704877062342535 0.013520197037312314 -0.0022747429380551489 -0.0018371612741743173 0.0061992679778866341 -0.0045606655126346268 0.01364944725172775
leaf_weight=14.006181724253109 17041.894418239594 32.722045403555967 8.1575077623128909 23.399966184981167 2.7670932896435287 26.276781510794535 29.901933755725622 6.3740518696140489 10.457128706853835 10.91750820155721 2.0272154342383173 5.6702816365286735 10.790881251450626 18.599660957115702
leaf_count=6045 233838 4134 2416 8448 398 3871 2548 1745 1750 3218 290 578 955 3802
internal_value=-1.12521e-05 -0.00271576 -0.00107004 0.00025865 0.001623 -0.000598447 -0.00322529 0.006315 0.0102936 0.0055329 0.00825902 -0.00681826 0.000334286 0.0119947
internal_weight=17244 202.068 169.346 155.34 131.94 92.2382 72.6399 19.5983 13.2242 39.7019 28.7844 42.7379 16.4612 20.6269
internal_count=274036 40198 36064 30019 21571 11845 7952 3893 2148 9726 6508 5404 1533 4092
is_linear=0
shrinkage=0.03


Tree=212
num_leaves=15
num_cat=0
split_feature=7 9 9 4 11 6 8 4 11 11 9 9 8 5
split_gain=1.74058 1.10069 0.899584 1.57806 2.7211 4.84265 3.36733 3.3284 4.35326 4.03255 4.21592 5.93162 5.47471 3.24158
threshold=0.0027572842848808837 1.6271661634722758 2.2611502360414586 0.069047619047619066 -0.58778666490211895 2.0856528016791152 0.21503303153802586 0.40588235294117653 -1.3101149182386425 -1.9522423914320821 2.3256037207040277 2.2821983118029467 0.21987382141423609 16.500000000000004
decision_type=2 2 2 2 2 2 2 2 2 2 2 2 2 2
left_child=1 -1 -2 -4 5 6 -5 8 -7 -9 11 12 -11 -12
right_child=2 -3 3 4 -6 7 -8 9 -10 10 13 -13 -14 -15
leaf_value=0.0023162755005378898 8.6724808006885811e-05 -0.0082747005033495524 0.0015019104320678901 0.0095826865349439971 -0.0025837361838717894 -0.0087102317767884588 0.0012030806608851685 -0.0021342006800435793 -0.0013133248950070843 -0.0088436502660296269 -0.0019620725465556454 0.0093644790303799193 0.0062530935312773437 0.005254704029433583
leaf_weight=4.4819852367509183 15006.300269106869 20.849397240788676 277.65962044149637 54.050344608724117 566.46952864527702 78.250789627432823 129.14218007028103 326.42320077144541 341.2888791821897 30.092199768871069 211.35688154771924 110.82868086546659 27.233862567692995 59.453249000012875
leaf_count=1495 222863 11532 2194 539 5329 1250 1256 15575 4150 513 3796 1904 450 1190
internal_value=-1.12755e-05 -0.00623627 3.30261e-06 -0.000559346 -0.000864465 -0.000132301 0.00421359 -0.00084846 -0.00294601 0.000335818 0.0021824 0.00569809 -0.00186222 -0.000185084
internal_weight=17243.9 25.3314 17218.5 2212.25 1934.59 1368.12 183.193 1184.93 419.54 765.388 438.965 168.155 57.3261 270.81
internal_count=274036 13027 261009 38146 35952 30623 1795 28828 5400 23428 7853 2867 963 4986
is_linear=0
shrinkage=0.03


Tree=213
num_leaves=15
num_cat=0
split_feature=6 0 10 8 8 8 7 7 8 10 6 7 7 10
split_gain=1.69553 3.00491 1.36886 2.82487 2.51656 2.56786 2.22557 1.11879 5.04661 1.82821 1.7129 1.06909 2.02538 1.86851
threshold=5.1038219627132824 15.500000000000002 0.26520268686840837 0.46486872725451794 0.39096017660132915 0.31774527464915747 0.0033520721995408289 0.0053354059941901977 0.24805965151960249 0.23125450906777334 4.8445806323270011 0.0041745393042925327 0.0033520721995408289 0.16667410127974996
decision_type=2 2 2 2 2 2 2 2 2 2 2 2 2 2
left_child=7 2 4 -4 5 11 -7 8 -1 -10 -9 12 -2 -13
right_child=1 -3 3 -5 -6 6 -8 10 9 -11 -12 13 -14 -15
leaf_value=0.014460278695034676 0.0020189056172270985 -0.010466590244106243 0.01155608784252081 -0.002666394310471928 -0.0095509515509772727 -0.0030561081732362063 0.011149830214587928 2.3131112007195961e-05 -0.0068565054906901029 0.0039766433882907209 -0.0043461874942968453 0.0067660247179604062 -0.010705287077910885 -0.0055021122194512575
leaf_weight=9.9008641359396261 12.141742348787377 23.275470129447058 7.3483862790744778 18.901650040759705 15.6975589961512 7.2430612478638094 13.377892973134292 17010.691513355356 18.492470495402817 11.389532756991683 66.135729760862887 10.243391197174789 12.908372573554514 5.7749378038570276
leaf_count=1049 5213 8955 1458 3797 3904 2703 2521 227639 2185 1189 7321 1720 3409 973
internal_value=-1.09176e-05 -0.00327658 -0.000542612 0.00406944 -0.00251376 0.000794795 0.00697431 1.61436e-05 0.00429649 -0.00277839 2.41005e-06 -0.00334376 -0.00609163 0.00182123
internal_weight=17243.5 126.912 103.637 26.25 77.387 61.6894 20.621 17116.6 39.7829 29.882 17076.8 41.0684 25.0501 16.0183
internal_count=274036 34653 25698 5255 20443 16539 5224 239383 4423 3374 234960 11315 8622 2693
is_linear=0
shrinkage=0.03


Tree=214
num_leaves=15
num_cat=0
split_feature=7 5 9 9 9 3 6 9 7 8 4 3 6 8
split_gain=1.63556 1.60728 1.16087 1.10479 0.830665 1.5555 3.94376 2.45876 3.23095 1.37757 2.99959 5.53571 4.83215 4.28273
threshold=0.0029533603988354286 15.500000000000002 1.887963475117773 1.5018818343491704 2.2611502360414586 0.15190049273145567 1.5789255615152133 2.3575769664228465 0.19344782932042962 0.16922049093842695 0.18465909090909094 0.074487952779820607 2.0081915103761951 0.22615388202153433
decision_type=2 2 2 2 2 2 2 2 2 2 2 2 2 2
left_child=1 2 3 -1 -2 6 -6 8 -7 -8 -11 12 -12 -14
right_child=4 -3 -4 -5 5 7 9 -9 -10 10 11 -13 13 -15
leaf_value=-0.0031555929428083935 8.4682585648603398e-05 -0.0092596868524034669 -0.004360090617902857 0.0084735616582780008 -0.0059652257174948025 0.0083456969453895545 -0.0027081578324842188 -0.0021956508204265378 0.00066613206428692252 0.003393609991353711 0.0067217163529415189 -0.0049928576054335929 0.00097793240000418422 -0.0028794437582150864
leaf_weight=1.7564839732367561 15000.933618577663 18.215727120405063 4.8786503821611396 6.8176510292105377 112.62120222300291 57.622072547674179 207.23215842200443 107.35918483138084 162.88958264887333 171.66765053570271 78.210379362106323 207.76430409401655 719.89885526918806 385.42657995433547
leaf_count=522 220858 9682 2432 2563 965 489 3775 936 1189 1595 786 2041 17006 9197
internal_value=-1.06851e-05 -0.00561928 0.00159295 0.00559921 4.5184e-06 -0.000536351 -0.000869246 0.00132972 0.00307662 -0.000497638 -0.00018159 -0.000654214 0.00016037 -0.000387677
internal_weight=17243.3 31.6685 13.4528 8.57414 17211.6 2210.69 1882.82 327.871 220.512 1770.2 1562.97 1391.3 1183.54 1105.33
internal_count=274036 15199 5517 3085 258837 37979 35365 2614 1678 34400 30625 29030 26989 26203
is_linear=0
shrinkage=0.03


Tree=215
num_leaves=15
num_cat=0
split_feature=6 4 10 4 7 6 11 6 6 8 7 8 10 6
split_gain=1.60627 3.09832 2.19634 1.93451 2.26573 2.15131 1.57754 2.86123 1.46059 1.12504 1.09965 4.88246 1.77823 1.63603
threshold=5.1038219627132824 0.93933823529411775 0.19181112624163446 0.82085561497326209 0.0043933961673124156 5.788889249571695 -5.1765761872210314 5.3281188283429985 5.1460398887267935 0.462102683714325 0.0053354059941901977 0.24805965151960249 0.23125450906777334 4.8445806323270011
decision_type=2 2 2 2 2 2 2 2 2 2 2 2 2 2
left_child=10 3 8 -2 5 -5 -4 -8 -3 -9 11 -1 -13 -12
right_child=1 2 6 4 -6 -7 7 9 -10 -11 13 12 -14 -15
leaf_value=0.014206798498312065 -0.0047236730430328146 0.002057059048748977 -0.0065195387998951094 0.008755300821844338 -0.0045159025106178341 -0.0040360177015583074 -0.0057012440681934113 0.012133802974980089 -0.014058076645167257 -0.001884679372349114 2.2330022287723358e-05 -0.0067682982809826502 0.0039172083994477294 -0.0042551880103391081
leaf_weight=10.041745227761565 25.185578837292269 1.8341117280069763 6.6985645515378591 36.732949908822775 11.985237342771141 5.7841684153536326 5.9425139341037712 7.762959292624144 22.491918694111519 2.0596069907769561 17010.905675407499 18.368133670650426 11.434973905328659 65.855099575594068
leaf_count=1049 5056 305 3029 9222 1940 2980 1007 2394 8343 377 227639 2185 1189 7321
internal_value=-1.0562e-05 -0.00319403 -0.00824165 0.000605843 0.00355656 0.00641639 -0.000448799 0.0040517 -0.0125219 0.00983175 1.57372e-05 0.0042569 -0.00272959 2.11419e-06
internal_weight=17243.1 126.478 46.7897 79.6879 54.5024 42.5171 22.4636 15.7651 24.326 9.82257 17116.6 39.8449 29.8031 17076.8
internal_count=274036 34653 15455 19198 14142 12202 6807 3778 8648 2771 239383 4423 3374 234960
is_linear=0
shrinkage=0.03


Tree=216
num_leaves=15
num_cat=0
split_feature=7 5 8 0 11 8 7 5 0 10 4 3 8 9
split_gain=1.57533 3.57437 3.3518 2.48117 1.37687 1.83478 1.77335 1.39961 1.91182 1.37009 1.1182 1.06942 1.9594 2.39882
threshold=0.0041745393042925327 15.500000000000002 0.32922835780806908 10.500000000000002 -4.3724395080059386 0.49642971791382967 0.0053354059941901977 14.500000000000002 15.500000000000002 0.19181112624163446 0.78174603174603186 0.024191545538525212 0.34393151530750243 2.3714193507923191
decision_type=2 2 2 2 2 2 2 2 2 2 2 2 2 2
left_child=1 2 9 -4 5 -2 7 -6 -9 -1 -7 12 13 -8
right_child=4 -3 3 -5 6 10 11 8 -10 -11 -12 -13 -14 -15
leaf_value=-0.0087426634395848194 -0.008604108075579488 -0.0084116689254987529 -0.0038265059764242388 0.011022694113608183 -0.0018235830487727033 -0.0038033269481249615 -0.0047530585879301621 0.0097164394420924654 -0.0026112557563983943 0.0033522320852373512 0.0053443119428552488 3.8465940337968765e-05 0.0030922463180949079 0.0018594764710736786
leaf_weight=11.760187572450375 22.608807438984513 45.938433107221499 5.5959233928006169 20.031997611746192 14.691662575351073 7.7995874527841833 162.68653077445924 30.892419463023543 7.9342223946005097 2.9793154970975584 12.0512030092068 16792.205711677205 46.792154032271355 59.018470147158951
leaf_count=4092 3065 17071 1098 5062 2051 718 12430 4200 1125 892 1182 214818 3201 3031
internal_value=-1.05537e-05 -0.00374057 0.00241391 0.00756466 1.14611e-05 -0.00462472 2.70031e-05 0.00484365 0.00717161 -0.00584019 0.0016601 7.65196e-06 -0.00181957 -0.0029865
internal_weight=17243 86.3059 40.3674 25.6279 17156.7 42.4596 17114.2 53.5183 38.8266 14.7395 19.8508 17060.7 268.497 221.705
internal_count=274036 28215 11144 6160 245821 4965 240856 7376 5325 4984 1900 233480 18662 15461
is_linear=0
shrinkage=0.03


Tree=217
num_leaves=15
num_cat=0
split_feature=7 5 9 9 10 3 6 4 9 10 8 10 5 10
split_gain=1.52207 1.51076 1.09989 1.07725 0.857435 2.29018 1.32212 3.05913 3.40756 5.28355 3.09092 4.33056 2.35784 2.25004
threshold=0.0029533603988354286 15.500000000000002 1.887963475117773 1.5018818343491704 0.19878995334764968 0.34745145726321047 3.088764545090386 0.56696428571428581 2.1841343131136015 0.18064536651278498 0.31612821231152272 0.14711127032182175 15.500000000000002 0.19181112624163446
decision_type=2 2 2 2 2 2 2 2 2 2 2 2 2 2
left_child=1 2 3 -1 5 6 -2 8 9 10 11 -8 -13 -11
right_child=4 -3 -4 -5 -6 -7 7 -9 -10 13 -12 12 -14 -15
leaf_value=-0.0031579292739070371 2.2526344441431781e-05 -0.0090096600917964793 -0.0042737128165498068 0.0082613254234172161 0.000266577908195369 -0.0061004215954524894 0.010474230209347155 -0.00010344177576399909 -0.0063726805302915385 -0.0085763012327941066 0.0087462119109963272 0.0035338718056679608 -0.0035858731056495436 -2.0011122866026027e-05
leaf_weight=1.7579289053101108 8589.5451877750456 17.822230195277371 4.812200565589591 6.938095232937485 6776.3775938700419 43.216342054307461 15.61520544439554 1312.3884763985407 151.73583404906094 74.12038958678022 29.590375833678991 44.71990211121738 133.92958438070491 40.211591450031847
leaf_count=522 85433 9682 2432 2563 94394 291 407 66203 3849 1920 707 1012 3571 1050
internal_value=-1.04636e-05 -0.00544073 0.00153099 0.00541514 4.15023e-06 -0.000166404 -0.000132969 -0.000868108 -0.00285254 -0.00106958 0.00162302 -1.11314e-05 -0.00166796 -0.00591832
internal_weight=17242.8 31.3305 13.5082 8.69602 17211.5 10435.1 10391.9 1802.31 489.923 338.187 223.855 194.265 178.649 114.332
internal_count=274036 15199 5517 3085 258837 164443 164152 78719 12516 8667 5697 4990 4583 2970
is_linear=0
shrinkage=0.03


Tree=218
num_leaves=15
num_cat=0
split_feature=6 4 10 4 7 6 6 8 7 8 10 6 9 12
split_gain=1.49778 2.98382 2.08699 1.84585 2.21835 2.05928 1.42882 1.31049 1.05241 4.70603 1.7642 1.53564 0.978912 1.2267
threshold=5.1038219627132824 0.93933823529411775 0.19181112624163446 0.82085561497326209 0.0043933961673124156 5.788889249571695 5.1460398887267935 0.32832631460354583 0.0053354059941901977 0.24805965151960249 0.23125450906777334 4.8445806323270011 1.2869005265451376 0.89587973461402759
decision_type=2 2 2 2 2 2 2 2 2 2 2 2 2 2
left_child=8 3 6 -2 5 -5 -3 -4 9 -1 -11 12 13 -10
right_child=1 2 7 4 -6 -7 -8 -9 11 10 -12 -13 -14 -15
leaf_value=0.013875854841509721 -0.0046029119513330413 0.002052139027867442 0.0064337103081492262 0.0085908142948590959 -0.0044908713793294034 -0.0039492910294573651 -0.01383563478886783 -0.0036628391449252777 0.0044783797699523729 -0.006739353600597759 0.0039040368607269828 -0.0041326774307012875 -2.8965876419249671e-06 -0.00032778927999302051
leaf_weight=10.228049118537454 24.99662827141583 1.8366628638468707 2.2847915517631945 36.951353261247277 11.95914898556657 5.7152341048931694 21.981711425003596 20.210091179818846 83.790960565209389 18.327504892367873 11.445000550244002 65.4802112034522 16838.297453639098 88.904015670530498
leaf_count=1049 5056 305 792 9222 1940 2980 8343 6015 462 2185 1189 7321 225935 1242
internal_value=-1.0425e-05 -0.00309045 -0.0080713 0.000626944 0.00349618 0.00632071 -0.0122909 -0.00047376 1.49226e-05 0.00415809 -0.00271067 1.57675e-06 2.11176e-05 0.00217568
internal_weight=17242.4 125.936 46.3133 79.6224 54.6257 42.6666 23.8184 22.4949 17116.5 40.0006 29.7725 17076.5 17011 172.695
internal_count=274036 34653 15455 19198 14142 12202 8648 6807 239383 4423 3374 234960 227639 1704
is_linear=0
shrinkage=0.03


Tree=219
num_leaves=15
num_cat=0
split_feature=11 11 11 10 8 10 8 9 3 9 4 8 3 8
split_gain=1.46253 2.05303 1.92764 1.43625 2.33935 2.45046 2.805 2.70526 1.83057 1.48401 2.36839 1.62592 1.18145 1.05609
threshold=-4.0754590133786008 -4.1737567642749651 -5.1765761872210314 0.19737023816377317 0.39096017660132915 0.25578459032525896 0.462102683714325 1.9810261925759773 0.02079352616939114 1.6560164723978006 0.91987179487179505 0.48855503453053578 0.034505572243049489 0.32832631460354583
decision_type=2 2 2 2 2 2 2 2 2 2 2 2 2 2
left_child=1 2 -1 8 -5 7 12 -6 -4 10 -8 -11 -7 -10
right_child=-2 -3 3 4 5 6 9 -9 13 11 -12 -13 -14 -15
leaf_value=-0.0079966587091021227 2.0825365742458656e-05 -0.0080076624483949293 -0.0082442341192200067 0.0083577213655082853 -0.0097622565755238321 0.012360855203599032 -0.007660591477434176 0.0058449768391500723 -0.0022070853557440862 -0.003464447267718461 0.0048223475732651145 0.0081599377121732743 -0.0016103022588775029 0.0068426254812014317
leaf_weight=13.582857826026155 17041.974159027683 32.273091829265468 18.021452061133459 23.215367062017322 21.835268743219789 11.139922274975104 27.498300836421549 2.5624385217670342 15.158354414161296 7.5408099206397337 8.1837344770319742 10.854459185153244 2.9379392887931308 5.3301448221318415
leaf_count=6045 233838 4134 7556 4914 3821 1585 2545 524 4526 1051 876 1220 374 1027
internal_value=-1.01865e-05 -0.00246826 -0.000833752 0.000449594 0.00210903 -0.00040538 0.00256561 -0.00652178 -0.00373177 -0.0011709 -0.00421771 0.00397899 0.0101186 0.00204431
internal_weight=17242.1 200.134 167.861 154.278 115.768 92.5529 68.1552 24.3977 38.51 54.0773 35.682 18.3953 14.0779 20.4885
internal_count=274036 40198 36064 30019 16910 11996 7651 4345 13109 5692 3421 2271 1959 5553
is_linear=0
shrinkage=0.03


Tree=220
num_leaves=15
num_cat=0
split_feature=7 5 8 0 11 8 7 5 0 9 9 3 8 9
split_gain=1.41783 3.34865 3.16666 2.38885 1.31093 1.79975 1.71405 1.33626 1.82708 1.02605 1.01838 0.985531 1.88187 2.59173
threshold=0.0041745393042925327 15.500000000000002 0.32922835780806908 10.500000000000002 -4.3724395080059386 0.49642971791382967 0.0053354059941901977 14.500000000000002 15.500000000000002 1.9371150399690593 1.4693127104713464 0.024191545538525212 0.31692723612697682 2.3714193507923191
decision_type=2 2 2 2 2 2 2 2 2 2 2 2 2 2
left_child=1 2 9 -4 5 -2 7 -6 -9 -1 -5 12 13 -8
right_child=4 -3 3 10 6 -7 11 8 -10 -11 -12 -13 -14 -15
leaf_value=0.0022007543546746873 -0.0084834705763637847 -0.0081329676433417198 -0.003806565816129241 -0.0016180993350795774 -0.0017770889007352668 0.0016795725193350507 -0.0051870954646386002 0.0094900602690641336 -0.0025620997565993057 -0.0084593684586154964 0.012139825117203226 3.6489741056142045e-05 0.0022693326192243734 0.0018186900254061333
leaf_weight=4.5484690553275859 22.402214006055146 45.167119377991185 5.5804067540448186 1.9021745771169687 14.643390998011453 19.829866680782288 142.07162427389994 31.151927259285003 7.8934257803484789 10.024852136382831 18.396074175951071 16792.54549217457 66.628742591012269 59.108977030962706
leaf_count=1389 3065 17071 1098 449 2051 1900 11094 4200 1125 3595 4613 214818 4537 3031
internal_value=-9.95818e-06 -0.00356073 0.00236348 0.00733225 1.08571e-05 -0.00452196 2.59928e-05 0.00475552 0.00701872 -0.00570356 0.0107108 6.9446e-06 -0.00174931 -0.00314535
internal_weight=17241.9 85.6191 40.452 25.8787 17156.3 42.2321 17114 53.6887 39.0454 14.5733 20.2982 17060.4 267.809 201.181
internal_count=274036 28215 11144 6160 245821 4965 240856 7376 5325 4984 5062 233480 18662 14125
is_linear=0
shrinkage=0.03


Tree=221
num_leaves=15
num_cat=0
split_feature=6 4 10 4 6 6 11 6 6 10 8 6 8 8
split_gain=1.37399 2.84546 2.00719 1.77045 1.58596 1.67055 1.50015 2.75369 1.39733 1.14967 1.10028 0.925042 4.76137 2.24442
threshold=5.1038219627132824 0.93933823529411775 0.19181112624163446 0.82085561497326209 5.1460398887267935 5.788889249571695 -5.1765761872210314 5.3281188283429985 5.1460398887267935 0.13163665217152129 0.462102683714325 5.0156227806031533 0.24805965151960249 0.48855503453053578
decision_type=2 2 2 2 2 2 2 2 2 2 2 2 2 2
left_child=11 3 8 -2 -5 9 -4 -8 -3 -6 -9 -1 -13 -14
right_child=1 2 6 4 5 -7 7 10 -10 -11 -12 12 13 -15
leaf_value=2.2553942799566121e-06 -0.0044940601749648658 0.0020516862648463077 -0.006386715944339272 -0.004855508534177805 -0.0027547369157282916 -0.0038596640888380377 -0.0056408537273381519 0.011853407821698241 -0.013599205313853014 0.0083023397771102257 -0.0018978067551151416 0.013810512732227609 -0.0067781637761092648 0.0062518009477305738
leaf_weight=17080.65094593633 24.827740934561007 1.8368871365673864 6.5771367292618406 5.2427557029295704 2.603410101379267 5.6445092778885728 5.8913139963988206 7.9144743193173763 21.454347014427185 41.233543716836721 2.0674364261794835 9.5842657382599992 22.212248772848401 3.9978047236800185
leaf_count=235421 5056 305 3029 851 608 2980 1007 2394 8343 9703 377 968 2614 380
internal_value=-9.94373e-06 -0.00296674 -0.00786338 0.000649582 0.00344798 0.00525262 -0.00043866 0.00393153 -0.0120447 0.00711079 0.00957589 1.42789e-05 0.00405677 -0.00323854
internal_weight=17241.7 125.294 45.7416 79.552 54.7242 49.4815 22.4504 15.8732 23.2912 43.837 9.98191 17116.4 35.7943 26.2101
internal_count=274036 34653 15455 19198 14142 13291 6807 3778 8648 10311 2771 239383 3962 2994
is_linear=0
shrinkage=0.03


Tree=222
num_leaves=15
num_cat=0
split_feature=7 5 10 9 7 11 11 10 11 7 3 3 4 11
split_gain=1.35831 3.18017 2.89066 2.42589 1.29684 1.26113 1.69988 2.40465 1.79162 1.79822 1.14536 1.46936 1.1379 1.82317
threshold=0.0041745393042925327 15.500000000000002 0.21921974254136883 1.4297488781424199 0.0035458638588441982 -4.3724395080059386 -4.2208558637173512 0.26868935724717152 -4.0754590133786008 0.0053354059941901977 0.019407291091431734 0.022919370086098647 0.92582417582417598 -3.8018545381560966
decision_type=2 2 2 2 2 2 2 2 2 2 2 2 2 2
left_child=1 2 -1 -4 -5 -2 7 -7 -8 10 -10 -12 13 -11
right_child=5 -3 3 4 -6 6 8 -9 9 12 11 -13 -14 -15
leaf_value=-0.0045638553389632189 -0.0044422572353673912 -0.0079740847956120808 -0.0047127280833264484 0.013671106751211562 -0.000445773809218307 0.0099697142209790503 -0.0052710620176502571 -0.0027186834986503853 -0.001872648581178113 0.0037411950522232003 0.011630926253090521 -0.0008042761138072035 -0.0029301931643980314 5.5135142924703976e-06
leaf_weight=19.122109418385662 42.056444156914949 44.736455516889691 2.7780955363996354 12.438685650588015 6.275357036618515 20.150891402270645 42.634852160699666 13.373298824299125 7.3317592116072801 103.408135200385 13.740084382705392 9.5781126553192717 102.55097497906536 16801.507547531277
leaf_count=6281 4965 17071 598 3254 1011 2586 4585 1004 934 6878 1727 1210 7410 214522
internal_value=-9.86438e-06 -0.00348998 0.00226779 0.00772358 0.0108451 1.04823e-05 2.53049e-05 0.00563237 9.36775e-06 2.72059e-05 0.00597343 0.00820775 1.12357e-05 3.16613e-05
internal_weight=17241.7 85.3507 40.6142 21.4921 18.714 17156.3 17114.3 33.5242 17080.8 17038.1 30.65 23.3182 17007.5 16904.9
internal_count=274036 28215 11144 4863 4265 245821 240856 3590 237266 232681 3871 2937 228810 221400
is_linear=0
shrinkage=0.03


Tree=223
num_leaves=15
num_cat=0
split_feature=7 5 9 9 11 11 11 11 10 5 8 9 6 8
split_gain=1.31552 1.37286 1.01047 1.02253 0.795418 2.25645 3.33308 6.38795 3.77385 3.36691 3.71238 4.80699 3.3751 5.34977
threshold=0.0029533603988354286 15.500000000000002 1.887963475117773 1.5018818343491704 -1.3796041756115249 -0.98407565891916737 -1.1302608166928625 -1.203109991342201 0.27224449296239461 15.500000000000002 0.22719547138716709 2.314311775978211 2.2975599250672958 0.33115956764440213
decision_type=2 2 2 2 2 2 2 2 2 2 2 2 2 2
left_child=1 2 3 -1 -2 6 7 9 -9 12 11 -11 13 -6
right_child=4 -3 -4 -5 5 -7 -8 8 -10 10 -12 -13 -14 -15
leaf_value=-0.0031216545482915612 -0.0002538571071696891 -0.008563831854765145 -0.0041127510937192992 0.0079474461283708369 0.010239446982479763 -6.4850889801101443e-05 0.002413089697279761 -0.0040138232040353456 0.0040450608047327107 0.010936270606635299 -0.0023661085023513879 -0.001653753719091061 -0.00043102974484136831 0.0022139294802530204
leaf_weight=1.735467658611016 6612.9098563918378 17.143054013838992 4.6895285868085912 7.1186053937999532 89.697207130491734 8314.4919460713863 891.19253339618444 368.30250050500035 48.220419079065323 34.884676855057478 297.51403532922268 52.917077980935574 194.07351118698716 306.55880778282881
leaf_count=522 174531 9682 2432 2563 957 61851 8227 3796 278 493 3063 854 2446 2341
internal_value=-9.49487e-06 -0.00509343 0.00149126 0.00517916 3.99716e-06 0.000165026 0.000997046 7.45093e-05 -0.00297268 0.00140073 -0.000764916 0.00421427 0.0027982 0.00433781
internal_weight=17241.4 30.6867 13.5436 8.85407 17210.8 10597.9 2283.36 1392.17 416.523 975.645 385.316 87.8018 590.33 396.256
internal_count=274036 15199 5517 3085 258837 84306 22455 14228 4074 10154 4410 1347 5744 3298
is_linear=0
shrinkage=0.03


Tree=224
num_leaves=15
num_cat=0
split_feature=6 8 8 5 7 10 8 10 7 5 4 5 7 8
split_gain=1.28288 2.77724 2.18449 2.77843 2.3477 1.31646 1.15722 3.19867 1.11729 1.10735 1.09169 1.06254 0.995674 4.32988
threshold=5.1038219627132824 0.25551264004907398 0.28377186195950077 15.500000000000002 0.0043933961673124156 0.30147511177332381 0.37894738988107363 0.20840153801199365 0.002137743121942899 12.500000000000002 0.82843137254901966 16.500000000000004 0.0053354059941901977 0.24805965151960249
decision_type=2 2 2 2 2 2 2 2 2 2 2 2 2 2
left_child=12 -2 9 4 8 6 7 -5 -4 -3 -10 -11 13 -1
right_child=1 2 3 5 -6 -7 -8 -9 10 11 -12 -13 -14 -15
leaf_value=0.013252268861364758 -0.0094651393112688727 -0.0027762122279836252 -0.0028520020858030562 -0.0072076550370177555 -0.0059135371601931712 0.0024240378793318447 -0.012299746496571354 0.0084476244252848099 -0.0020187128905907389 0.011510765171626526 0.0088721782205006001 -0.0018829110009202573 1.473939164887321e-06 -0.0026062220817504918
leaf_weight=10.586577736306934 25.738217217847705 1.5218377494020376 3.7756133028306058 15.19758305756841 8.593665460823102 5.3305064614396533 15.397882474819196 4.4919070336036375 4.2708742771064854 9.5462190763792005 28.872233033413067 2.0640502669848493 17075.898973931093 29.604709240607917
leaf_count=1049 7549 375 1652 5200 1347 1348 4655 1409 761 3194 6392 771 234960 3374
internal_value=-8.88693e-06 -0.00287104 -0.000138349 -0.00218297 0.00259897 -0.00681365 -0.0085227 -0.00152765 0.00571647 0.00727096 0.00727705 0.00941049 1.44779e-05 0.00403742
internal_weight=17240.9 124.801 99.0624 85.9303 45.5124 40.4179 35.0874 19.6895 36.9187 13.1321 33.1431 11.6103 17116.1 40.1913
internal_count=274036 34653 27104 22764 10152 12612 11264 6609 8805 4340 7153 3965 239383 4423
is_linear=0
shrinkage=0.03


Tree=225
num_leaves=15
num_cat=0
split_feature=7 5 9 9 9 4 7 8 4 9 4 3 3 4
split_gain=1.26847 1.3019 0.982311 1.00365 0.775367 2.51461 4.28628 2.28916 1.79977 1.74409 4.9678 3.20402 4.53266 3.09477
threshold=0.0029533603988354286 15.500000000000002 1.887963475117773 1.5018818343491704 1.5018818343491704 0.28991596638655465 0.41314440273845981 0.48855503453053578 0.19375000000000003 1.4297488781424199 0.36931818181818188 0.086862864315802618 0.07701055138646222 0.46862745098039221
decision_type=2 2 2 2 2 2 2 2 2 2 2 2 2 2
left_child=1 2 3 -1 5 6 7 -2 -9 11 -11 12 -7 -12
right_child=4 -3 -4 -5 -6 9 -8 8 -10 10 13 -13 -14 -15
leaf_value=-0.003122929963534618 -3.5918925210320491e-05 -0.0084102404782303922 -0.0040960132084182825 0.007799763819155826 -4.2395450136076189e-05 -0.0023257189516655307 -0.001384474608617803 0.0017484408880794645 0.0079417745244585551 -0.0064386807414742592 0.0093990812172112317 -0.0053820086813964087 0.0087840334575828172 0.00045941123285358446
leaf_weight=1.7362513490952567 73.52104390412569 16.915571046993136 4.6768539377953848 7.2045760186156258 16335.873531647725 98.117978622438386 163.8358239531517 72.782914310693741 137.16047864034772 38.538507122546434 46.582065460272133 127.81767365336418 31.927249987609684 84.083996972301975
leaf_count=522 396 9682 2432 2563 248689 3173 1017 411 842 314 482 899 360 2254
internal_value=-8.69603e-06 -0.00500931 0.00140919 0.00505097 4.53017e-06 0.000867173 0.00240349 0.00455239 0.00605445 -0.000768883 0.00151797 -0.00227043 0.00102816 0.00428607
internal_weight=17240.8 30.5333 13.6177 8.94083 17210.2 874.368 447.3 283.464 209.943 427.067 169.205 257.863 130.045 130.666
internal_count=274036 15199 5517 3085 258837 10148 2666 1649 1253 7482 3050 4432 3533 2736
is_linear=0
shrinkage=0.03


Tree=226
num_leaves=15
num_cat=0
split_feature=3 9 5 3 8 8 5 8 10 7 10 7 10 12
split_gain=1.24443 2.03961 2.36631 1.73945 4.29856 4.85338 2.34022 2.13333 4.90535 4.48878 3.17474 3.13061 2.9215 2.91496
threshold=0.024191545538525212 2.4865450930316295 17.500000000000004 0.027086528283571127 0.21987382141423609 0.24068541547754876 16.500000000000004 0.34393151530750243 0.18650117696416821 0.010534141652292868 0.22097931566515078 0.0058871222594964329 0.23888845658877947 2.4414009612931857
decision_type=2 2 2 2 2 2 2 2 2 2 2 2 2 2
left_child=1 2 -1 4 6 -6 -2 8 9 11 -9 -7 -12 -14
right_child=3 -3 -4 -5 5 7 -8 10 -10 -11 12 -13 13 -15
leaf_value=-0.00084526460564483222 -0.0055889562371157029 0.0059255052216683722 -0.0064722914287464644 -1.8489548618601769e-05 0.010816484570833527 0.0051146338174070469 0.0044591433256171448 -0.0064954391262972873 0.013657997434011634 0.0041941234287767382 0.0098345185581588928 -0.0096591178701472512 -0.0079514740414106597 0.0041232102599038601
leaf_weight=286.86250543303322 74.295589416055009 15.520454364828764 75.318203155067749 16451.240823760745 51.420130415004678 7.1689601246034718 14.997612556908278 46.03480731730815 20.487154249451123 105.69499763753265 16.358482819399796 31.485543678048998 18.445407690596767 25.099203249905258
leaf_count=39286 3090 686 8400 203713 2279 1202 492 2427 1717 3868 1109 2252 1111 2404
internal_value=-8.32098e-06 -0.00167779 -0.00222631 3.05307e-05 0.00192207 0.00351443 -0.00350268 0.00163281 0.0036437 0.00107052 -0.00155993 -0.00625527 0.00277415 -0.0017184
internal_weight=17240.4 377.701 362.181 16862.7 411.488 322.195 89.2932 270.775 164.837 144.35 105.938 38.6545 59.9031 43.5446
internal_count=274036 48372 47686 225664 21951 18369 3582 16090 9039 7322 7051 3454 4624 3515
is_linear=0
shrinkage=0.03


Tree=227
num_leaves=15
num_cat=0
split_feature=7 5 9 9 10 3 11 11 11 10 9 9 7 8
split_gain=1.22836 1.25637 0.959695 0.987352 0.780717 2.19925 1.44378 3.36707 2.01339 4.34799 4.10176 1.94531 5.14427 6.1247
threshold=0.0029533603988354286 15.500000000000002 1.887963475117773 1.5018818343491704 0.19878995334764968 0.34745145726321047 -2.0497148252168498 -2.1163955904443141 -1.9847443503287667 0.1451878913310371 2.1259972414438724 2.0387041915679345 0.008139722695144673 0.27365334311234152
decision_type=2 2 2 2 2 2 2 2 2 2 2 2 2 2
left_child=1 2 3 -1 5 6 7 11 9 -8 -11 12 13 -2
right_child=4 -3 -4 -5 -6 -7 8 -9 -10 10 -12 -13 -14 -15
leaf_value=-0.0031160159415321233 -0.0066772234783214982 -0.0082930217397324379 -0.0040695421964947907 0.0076932422573456937 0.0002558184329383604 -0.0059808428817633421 -0.0037367145114007984 -0.0054003424754986663 -2.8355230101430282e-05 0.0017246603782780402 0.014485355704638013 0.00014049474567057898 -0.0035325810907518916 0.01057027449871935
leaf_weight=1.7319792488124237 15.683749126736073 16.744099200470373 4.6568604497006154 7.2670115459477529 6777.5922212507576 43.047046326100826 40.101853614673018 124.25039478391409 8594.828541778028 63.333150066435337 25.107656624168158 1118.9401456939522 366.60585832595825 40.155065607978031
leaf_count=522 2054 9682 2432 2563 94394 291 1017 2637 86561 1114 472 53645 11745 4907
internal_value=-7.54337e-06 -0.0049357 0.00136705 0.00496556 5.45261e-06 -0.000157341 -0.000124623 -0.000929779 3.04448e-05 0.00355415 0.00692253 -0.000520835 -0.00221727 0.00533778
internal_weight=17240 30.4 13.6559 8.99899 17209.6 10432.1 10389 1665.64 8723.37 128.543 88.4408 1541.38 422.445 55.8388
internal_count=274036 15199 5517 3085 258837 164443 164152 74988 89164 2603 1586 72351 18706 6961
is_linear=0
shrinkage=0.03


Tree=228
num_leaves=15
num_cat=0
split_feature=7 10 5 9 7 11 11 10 11 7 6 3 3 10
split_gain=1.219 2.91243 2.54131 2.30176 1.23776 1.18042 1.63975 2.30716 1.72907 1.73484 1.12937 1.09603 1.4288 1.09548
threshold=0.0041745393042925327 0.21921974254136883 15.500000000000002 1.4297488781424199 0.0035458638588441982 -4.3724395080059386 -4.2208558637173512 0.26868935724717152 -4.0754590133786008 0.0053354059941901977 5.4273699703215916 0.019407291091431734 0.022919370086098647 0.24958975124249741
decision_type=2 2 2 2 2 2 2 2 2 2 2 2 2 2
left_child=1 -1 3 -3 -5 -2 7 -7 13 11 -4 -10 -13 -8
right_child=5 2 10 4 -6 6 8 -9 9 -11 -12 12 -14 -15
leaf_value=-0.0073937690991122355 -0.0043073401232141088 -0.0046971658438985679 0.0027684035746282378 0.013070098942888513 -0.00051073590407318709 0.0097498748147668759 -0.0081348927742694917 -0.0026723747559172059 -0.0018331044764535774 1.2128424812387427e-05 -0.0076783717467712349 0.011395363067654084 -0.00081956578195018924 0.00036864891824808213
leaf_weight=47.176026520784944 41.762942843139172 2.7672443434130427 5.1179288544226429 12.819280138122851 6.3216010646428904 20.342839155346155 23.171396600548178 13.326804774347691 7.3006462776102152 17006.408820265438 10.492944869794881 13.901305933017285 9.5905412528663856 19.271388979163021
leaf_count=18054 4965 598 1072 3254 1011 2586 3232 1004 934 228810 4226 1727 1210 1353
internal_value=-7.4909e-06 -0.00331521 0.00246017 0.00729529 0.010331 1.17213e-05 2.60243e-05 0.00552477 1.03462e-05 2.7841e-05 -0.00457516 0.00585921 0.00803254 -0.00518579
internal_weight=17239.8 84.695 37.519 21.9081 19.1409 17155.1 17113.3 33.6696 17079.6 17037.2 15.6109 30.7925 23.4918 42.4428
internal_count=274036 28215 10161 4863 4265 245821 240856 3590 237266 232681 5298 3871 2937 4585
is_linear=0
shrinkage=0.03


Tree=229
num_leaves=15
num_cat=0
split_feature=4 6 11 11 8 4 12 11 10 4 10 8 4 8
split_gain=1.19314 1.54072 2.54693 2.5685 2.11238 2.41506 2.00094 1.80909 1.59374 1.54959 1.39064 1.3461 1.24069 2.72749
threshold=0.91987179487179505 3.3621084911301438 -3.3112801037930706 -3.847980912097928 0.43947506386041491 0.93933823529411775 2.6735537653587347 -3.7585365900405265 0.17827455168055786 0.97222222222222232 0.27598887841710457 0.27365334311234152 0.86190476190476206 0.31692723612697682
decision_type=2 2 2 2 2 2 2 2 2 2 2 2 2 2
left_child=12 -2 3 4 5 11 7 -5 -9 -6 -11 -3 -1 -14
right_child=1 2 -4 6 9 -7 -8 8 -10 10 -12 -13 13 -15
leaf_value=-8.5468923782866499e-06 0.0064172079569210427 0.0064294440106225752 -0.0080331441970453391 0.0064187323594416534 -0.0039020334668923972 -0.0090069299113046761 0.008576570091241225 -0.0085097343871936137 0.0020488323287354629 0.0118233644938311 -0.00032311760199488942 -0.0028817789029280194 -0.00085781472920368478 0.0055821193826283335
leaf_weight=16813.583700359217 3.7399096824228755 8.0242591476999241 45.154136132914573 6.3500547776930025 9.0483796225162241 47.525736024021171 22.902874580584466 14.110462261596696 14.668498468585311 3.6289634362328824 14.160761891980654 21.353883762378246 118.68889805744402 96.667796997819096
leaf_count=224484 66 2154 2656 609 1591 14292 2210 1492 809 749 2168 4790 8557 7409
internal_value=-7.29408e-06 -0.00217438 -0.0027529 -0.000722494 -0.00339306 -0.00565695 0.00376795 -0.000995356 -0.00427001 0.00279642 0.0064299 0.000975014 2.14053e-05 0.00220815
internal_weight=17239.6 210.668 206.928 161.774 103.742 76.9039 58.0319 35.129 28.779 26.8381 17.7897 29.3781 17028.9 215.357
internal_count=274036 33586 33520 30864 25744 21236 5120 2910 2301 4508 2917 6944 240450 15966
is_linear=0
shrinkage=0.03


Tree=230
num_leaves=15
num_cat=0
split_feature=7 11 10 5 9 11 3 10 3 4 0 11 9 9
split_gain=1.14242 1.20558 1.26684 0.945695 0.976558 0.737685 2.29558 4.19955 2.25836 2.19302 2.18626 2.10767 2.71629 2.92422
threshold=0.0029533603988354286 -4.7293174062913126 0.23888845658877947 15.500000000000002 1.5018818343491704 -1.3796041756115249 0.045178308518216963 0.12260418901207577 0.043021378193473951 0.20714285714285716 2.5000000000000004 -1.5183440191954058 2.4865450930316295 2.4246864496311145
decision_type=2 2 2 2 2 2 2 2 2 2 2 2 2 2
left_child=1 2 -1 4 -4 9 7 -7 -9 10 -2 12 13 -11
right_child=5 -3 3 -5 -6 6 -8 8 -10 11 -12 -13 -14 -15
leaf_value=-0.010529732463102421 -0.00098470114009283549 0.0028684760784354387 -0.0031128910019464625 -0.0043438008866279769 0.0077875275815597438 -8.1947420591785595e-06 9.2850648997549746e-05 0.011779680021248582 0.0013647041839966513 -0.00015806500974825709 0.0042281103401432549 -0.0020267820289572181 0.0076991324340381371 -0.0063409922341117727
leaf_weight=12.698911026818683 109.47381383180618 5.9818393910536534 1.7300448275636862 4.8656834998400882 4.8343947124667466 153.22761308029294 10368.71577232331 42.445350114256144 34.353186473250389 5645.829560322687 174.44418837875128 601.87663183733821 24.119137078057975 54.713239178294316
leaf_count=7547 733 3262 522 2360 1508 2221 81109 549 427 162074 1507 7290 883 2044
internal_value=-6.72817e-06 -0.00477461 -0.00704266 0.000608757 0.00474773 5.76495e-06 0.00016081 0.00303095 0.00810514 -0.000242625 0.00226959 -0.000360468 -0.000180437 -0.000233894
internal_weight=17239.3 30.1109 24.129 11.4301 6.56444 17209.2 10598.7 230.026 76.7985 6610.46 283.918 6326.54 5724.66 5700.54
internal_count=274036 15199 11937 4390 2030 258837 84306 3197 976 174531 2240 172291 165001 164118
is_linear=0
shrinkage=0.03


Tree=231
num_leaves=15
num_cat=0
split_feature=3 9 5 3 8 8 4 8 10 7 7 10 6 4
split_gain=1.11903 1.89592 2.26711 1.70576 4.057 4.58314 4.0354 2.03309 4.6869 4.27036 3.06366 3.05348 2.88516 2.29195
threshold=0.024191545538525212 2.4865450930316295 17.500000000000004 0.027086528283571127 0.21987382141423609 0.24068541547754876 0.64495798319327746 0.34393151530750243 0.18650117696416821 0.010534141652292868 0.0058871222594964329 0.22097931566515078 4.3950660578969041 0.79285714285714304
decision_type=2 2 2 2 2 2 2 2 2 2 2 2 2 2
left_child=1 2 -1 4 6 -6 -2 8 9 10 -7 -9 -13 -11
right_child=3 -3 -4 -5 5 7 -8 11 -10 13 -12 12 -14 -15
leaf_value=-0.00077679017356359304 0.0079778099735409013 0.0057123827016023389 -0.0062968929742347546 -1.8092692420424666e-05 0.01051086142786265 0.0050828783742110258 -0.0058669619860220647 -0.0063733801034410826 0.013312478169120833 0.0059250898181880448 -0.0095213384800291422 0.0086241694610810406 -0.0024320167950696719 -0.003685921218618222
leaf_weight=286.16507450980134 9.9813472502864879 15.693766195443457 74.672138466616161 16450.611615567934 51.898065311950631 7.1886414720211169 78.878849204163998 45.73875504732132 20.763596326811239 88.581528000533581 31.186432755086571 23.291424760594964 36.7196540099103 17.496061413548887
leaf_count=39286 312 686 8400 203713 2279 1202 3270 2427 1717 3143 2252 871 3753 725
internal_value=-6.32232e-06 -0.00159186 -0.00212485 3.04656e-05 0.00190307 0.00344391 -0.00338423 0.00161004 0.00356838 0.00104719 -0.00612598 -0.00151274 0.00272558 0.00407963
internal_weight=17238.9 376.531 360.837 16862.3 411.724 322.864 88.8602 270.966 165.216 144.453 38.3751 105.75 60.0111 106.078
internal_count=274036 48372 47686 225664 21951 18369 3582 16090 9039 7322 3454 7051 4624 3868
is_linear=0
shrinkage=0.03


Tree=232
num_leaves=15
num_cat=0
split_feature=7 11 10 5 9 9 4 7 10 9 4 3 3 4
split_gain=1.10272 1.18183 1.24353 0.928704 0.964799 0.729035 2.3547 4.0486 2.14267 1.64662 4.74944 3.06642 4.31686 2.93709
threshold=0.0029533603988354286 -4.7293174062913126 0.23888845658877947 15.500000000000002 1.5018818343491704 1.5018818343491704 0.28991596638655465 0.41314440273845981 0.32516594251076497 1.4297488781424199 0.36931818181818188 0.086862864315802618 0.07701055138646222 0.46862745098039221
decision_type=2 2 2 2 2 2 2 2 2 2 2 2 2 2
left_child=1 2 -1 4 -4 6 7 8 -2 11 -11 12 -8 -12
right_child=5 -3 3 -5 -6 -7 9 -9 -10 10 13 -13 -14 -15
leaf_value=-0.010425358496527041 3.296641233848656e-07 0.0028506468778684104 -0.0031021511757910966 -0.0043062324562252452 0.007723779427154423 -3.8839532884131629e-05 -0.0022648655441625683 -0.0013558931439493335 0.005873263082723376 -0.0063185413678974421 0.0091397837101885888 -0.0052539038074862305 0.0085633969633947971 0.00044484065106160096
leaf_weight=12.552022552466957 74.428223390132189 5.9931757840095079 1.7234153070021401 4.8367853915551677 4.8677260263357311 16333.798676642822 97.894731565145776 163.73243649303913 209.73123170435429 38.372392315417528 46.8930200971663 127.39881808683276 32.143611498177052 84.124896904453635
leaf_count=7547 399 3262 522 2360 1508 248689 3173 1017 1250 314 482 899 360 2254
internal_value=-5.5764e-06 -0.00469707 -0.0069545 0.000611231 0.00470449 6.67864e-06 0.000842973 0.00232796 0.00441215 -0.000741429 0.0014781 -0.00220283 0.00102054 0.00417609
internal_weight=17238.5 29.9731 23.9799 11.4279 6.59114 17208.5 874.719 447.892 284.159 426.827 169.39 257.437 130.038 131.018
internal_count=274036 15199 11937 4390 2030 258837 10148 2666 1649 7482 3050 4432 3533 2736
is_linear=0
shrinkage=0.03


Tree=233
num_leaves=15
num_cat=0
split_feature=6 8 11 8 9 11 3 8 11 10 8 5 5 7
split_gain=1.08286 2.72162 2.30701 1.34011 2.52909 2.37795 1.67766 1.85325 1.56875 1.55406 1.26785 1.14311 1.00961 0.965716
threshold=5.1038219627132824 0.25551264004907398 -5.1765761872210314 0.28377186195950077 1.7486080662999435 -4.8020008729355483 0.022919370086098647 0.31774527464915747 -4.3195713098835729 0.23125450906777334 0.46707909178713253 12.500000000000002 16.500000000000004 0.0053354059941901977
decision_type=2 2 2 2 2 2 2 2 2 2 2 2 2 2
left_child=13 -2 -3 11 5 10 8 -8 -6 -9 -5 -4 -13 -1
right_child=1 2 3 4 6 -7 7 9 -10 -11 -12 12 -14 -15
leaf_value=0.0039743583678287188 -0.0092171197875554316 -0.007574094867158928 -0.0027194069052944398 0.014960780352057699 -0.0092151097360122381 -0.0029173936387526006 -0.0053756121400384714 0.0099917255702976805 0.0031298985023894737 -0.0030684139670955107 0.00041896134924295934 0.011892634761150657 -0.0017018468415849616 3.175627273204139e-06
leaf_weight=40.291308296844363 25.256376966135576 13.046199639677068 1.4876441382803012 4.9987712732981917 25.276893943082541 10.402415799791923 5.6766763852210742 9.7139424483757448 3.9965103971771923 3.9107770976843304 8.610849741031414 9.3224551554303581 1.9552754493197433 17074.2629780313
leaf_count=4423 7549 5976 366 1061 8247 1661 1304 1888 791 699 1331 3045 735 234960
internal_value=-5.38155e-06 -0.00264589 3.68807e-05 0.00215847 1.18809e-05 0.00602328 -0.00367976 0.00226694 -0.00704032 0.0065995 0.0108037 0.00776385 0.00990964 1.59967e-05
internal_weight=17238.2 123.655 98.3984 85.3522 72.5868 24.012 48.5748 19.3014 29.2734 13.6247 13.6096 12.7654 11.2777 17114.6
internal_count=274036 34653 27104 21128 16982 4053 12929 3891 9038 2587 2392 4146 3780 239383
is_linear=0
shrinkage=0.03


Tree=234
num_leaves=15
num_cat=0
split_feature=4 8 11 11 9 8 9 9 4 11 11 9 3 8
split_gain=1.04215 2.7147 2.47265 1.84091 1.75275 1.0223 0.928667 0.70151 1.71715 5.83398 5.11203 6.35828 6.12583 4.00066
threshold=0.94281045751633996 0.43562585255549074 -3.847980912097928 -3.2727382135735184 1.7271110081475349 0.20340925370019705 1.913102243455109 2.275344184745427 0.40588235294117653 -1.3101149182386425 -1.9522423914320821 2.3256037207040277 0.027086528283571127 0.21987382141423609
decision_type=2 2 2 2 2 2 2 2 2 2 2 2 2 2
left_child=7 2 -2 5 -3 -4 -5 -1 9 -9 12 -12 13 -10
right_child=1 4 3 6 -6 -7 -8 8 10 -11 11 -13 -14 -15
leaf_value=8.4704616567803087e-05 -0.0089784796632883732 -0.00098620529280972306 -0.0030069277815522586 0.0014268675465779765 0.010874071961577631 0.0061376904059039627 -0.0076294937924188148 -0.0091107107797673507 -0.0029452211753772588 -0.00063951230465721901 0.0077868359641758544 5.4222089045067988e-05 -0.0090386561321096764 0.0052011857961330827
leaf_weight=15170.184327031486 44.613624068093486 20.801278141676452 4.9554666092153665 9.4695210326463002 4.7853766587795681 24.57114946981892 14.067286929115651 63.12449849396944 114.86707737715915 1211.3339813910425 132.99198386445642 271.47361664101481 72.490125125274062 78.338244092301466
leaf_count=221121 13706 2451 628 331 1100 2047 808 1026 5997 12025 2262 5000 2042 3492
internal_value=-5.16089e-06 -0.00259925 -0.00478556 -5.85205e-05 0.00443102 0.004107 -0.00484871 1.57819e-05 -0.000518424 -0.0011602 0.000700728 0.00278431 -0.00245038 0.000494619
internal_weight=17238.1 123.264 97.677 53.0634 25.5867 29.5266 23.5368 17114.8 1944.62 1274.46 670.161 404.466 265.695 193.205
internal_count=274036 21071 17520 3814 3551 2675 1139 252965 31844 13051 18793 7262 11531 9489
is_linear=0
shrinkage=0.03


Tree=235
num_leaves=15
num_cat=0
split_feature=7 5 9 9 9 12 3 7 3 9 7 3 9 4
split_gain=1.01055 1.17153 0.880253 0.949208 0.72098 1.31999 2.98676 2.33706 1.08519 1.11035 1.04604 2.76773 4.07487 2.61045
threshold=0.0029533603988354286 15.500000000000002 1.887963475117773 1.5018818343491704 1.2869005265451376 0.89587973461402759 0.086862864315802618 0.031433887593717888 0.35848238789656089 1.5710959258255943 0.22062071035209826 0.16309807859948247 1.7052298814355191 0.13809523809523813
decision_type=2 2 2 2 2 2 2 2 2 2 2 2 2 2
left_child=1 2 3 -1 5 -2 7 -7 10 -10 -6 12 -12 -14
right_child=4 -3 -4 -5 8 6 -8 -9 9 -11 11 -13 13 -15
leaf_value=-0.0030743880795217741 0.0042470818129448735 -0.0078249397855061319 -0.0038455128094456552 0.0075075734037808413 -0.00010629637758997428 -0.0013008313581438099 -0.0049775555691893595 0.010318154720230011 8.4377425142808418e-05 -0.0048469765603646863 0.0082223633942912194 0.00012000082228158113 -0.00085453546129257772 0.0038509023323259547
leaf_weight=1.7062949771061555 84.106264293193817 16.077122577698901 4.4892206327058366 7.3764836709015071 13619.754143427592 26.657424540026113 49.7988057769835 14.700181491672991 79.317125394940376 69.161323428153992 78.147564068436623 2779.4505507200956 235.01992917060852 172.21909844875336
leaf_count=522 462 9682 2432 2563 235317 1023 374 143 457 433 424 17655 1505 1044
internal_value=-5.30982e-06 -0.00451277 0.00145896 0.00484294 6.37977e-06 0.0018429 -0.000662022 0.00447609 -1.4122e-05 -0.00244662 9.4213e-06 0.000490433 0.00254444 0.00120148
internal_weight=17238 29.6491 13.572 9.08278 17208.3 175.263 91.1564 41.3576 17033.1 148.478 16884.6 3264.84 485.387 407.239
internal_count=274036 15199 5517 3085 258837 2002 1540 1166 256835 890 255945 20628 2973 2549
is_linear=0
shrinkage=0.03


Tree=236
num_leaves=15
num_cat=0
split_feature=11 11 11 10 8 10 9 8 4 9 4 8 5 10
split_gain=0.990369 2.11843 1.85494 1.12555 2.14101 2.38954 2.69435 2.59255 1.61247 1.4453 2.29163 1.5768 1.41017 1.54533
threshold=-4.0754590133786008 -4.1737567642749651 -5.1765761872210314 0.19737023816377317 0.39096017660132915 0.25578459032525896 1.9810261925759773 0.462102683714325 0.93933823529411775 1.6560164723978006 0.91987179487179505 0.48855503453053578 16.500000000000004 0.18305986860734719
decision_type=2 2 2 2 2 2 2 2 2 2 2 2 2 2
left_child=1 2 -1 8 -5 6 -6 -7 12 10 -9 -11 13 -4
right_child=-2 -3 3 4 5 7 -8 9 -10 11 -12 -13 -14 -15
leaf_value=-0.0075323250994982381 2.0365424812919822e-05 -0.0076948533174979383 0.0087604128663366539 0.0081997813520274417 -0.0095853760781902855 0.0099197884866199272 0.0059451524100433504 -0.0074454388334828439 -0.0077440095028048026 -0.0033475445374810914 0.0048170915132558214 0.0081613183610918828 -0.0054312624123962691 -0.0029105527889930934
leaf_weight=12.994750350131651 17040.549204756506 31.625575564685278 12.053505085175862 23.370798270101659 21.520790833863433 14.220988148590548 2.5137236507143816 27.106705751968548 14.598615651484577 7.4434332499513429 8.1875136969611031 10.853428974514825 3.2988626922015092 7.1062495204387224
leaf_count=6045 233838 4134 3853 4914 3821 1959 524 2545 6578 1051 876 1220 1010 1668
internal_value=-4.96294e-06 -0.00204331 -0.000411548 0.000817076 0.00224713 -0.000206058 -0.00630067 0.00270404 -0.00299554 -0.000961333 -0.00401252 0.00408049 0.00195609 0.00505444
internal_weight=17237.4 196.895 165.269 152.275 115.217 91.8466 24.0345 67.8121 37.0572 53.5911 35.2942 18.2969 22.4586 19.1598
internal_count=274036 40198 36064 30019 16910 11996 4345 7651 13109 5692 3421 2271 6531 5521
is_linear=0
shrinkage=0.03


Tree=237
num_leaves=15
num_cat=0
split_feature=7 11 10 8 8 9 12 0 7 6 7 11 11 8
split_gain=0.959407 1.17189 1.22897 0.915897 0.775738 0.696958 1.23301 1.20611 0.978444 1.23948 2.50814 0.837125 3.12365 2.68349
threshold=0.0029533603988354286 -4.7293174062913126 0.23888845658877947 0.46486872725451794 0.24068541547754876 1.2869005265451376 0.89587973461402759 3.5000000000000004 0.031433887593717888 3.7412339808651516 0.011917045274892232 -2.650131694242575 -2.9355019112486889 0.26480591205103771
decision_type=2 2 2 2 2 2 2 2 2 2 2 2 2 2
left_child=1 2 -1 -4 -3 6 -2 -8 9 -9 -11 12 -7 -14
right_child=5 4 3 -5 -6 11 7 8 -10 10 -12 -13 13 -15
leaf_value=-0.010185367065942998 0.0041308979014670249 -0.0029631075105702757 0.0049538333681657882 -0.0040038608901024272 0.0063358843374388095 0.00020345377342304832 -0.004157263348560862 -0.0059110529432675309 0.0048705946711121604 -0.0051699676222079815 0.0091857961122424232 5.8063053207817082e-05 -0.006509569337274734 -0.0013505766237480712
leaf_weight=12.219885569415061 84.284342929720879 2.7481802831171072 5.5840683088172209 5.7532921652309597 3.1581564610823989 1237.7659779989626 34.350067179650068 12.613940164446833 28.532581895589828 7.8019964636769128 7.7455623392015696 15262.728080738336 104.71354563487694 427.37112850788981
leaf_count=7547 462 1665 2186 2204 1597 80305 228 224 260 600 228 160377 5239 10914
internal_value=-4.97746e-06 -0.00440607 -0.00670089 0.000716729 0.00298753 6.38897e-06 0.00181174 -0.000615862 0.00195069 -0.00167225 0.00298062 -1.37725e-05 -0.000628545 -0.0025165
internal_weight=17237.4 29.4636 23.5572 11.3374 5.90634 17207.9 175.328 91.0441 56.6941 28.1615 15.5476 17032.6 1769.85 532.085
internal_count=274036 15199 11937 4390 3262 258837 2002 1540 1312 1052 828 256835 96458 16153
is_linear=0
shrinkage=0.03


Tree=238
num_leaves=15
num_cat=0
split_feature=4 6 11 11 8 4 12 11 10 4 10 8 4 8
split_gain=0.958681 1.4683 2.55414 2.26271 1.94387 2.2363 1.93719 1.7721 1.53903 1.51414 1.34731 1.29221 1.22743 2.57238
threshold=0.91987179487179505 3.3621084911301438 -3.3112801037930706 -3.847980912097928 0.43947506386041491 0.93933823529411775 2.6735537653587347 -3.7585365900405265 0.17827455168055786 0.97222222222222232 0.27598887841710457 0.27365334311234152 0.86190476190476206 0.31692723612697682
decision_type=2 2 2 2 2 2 2 2 2 2 2 2 2 2
left_child=12 -2 3 4 5 11 7 -5 -9 -6 -11 -3 -1 -14
right_child=1 2 -4 6 9 -7 -8 8 -10 10 -12 -13 13 -15
leaf_value=-9.2809122806880186e-06 0.0063879520689445329 0.0063663636352558018 -0.0078381343400573174 0.006320881913779745 -0.0038322305531319407 -0.0085516393457835786 0.008384499035917356 -0.008429480364839358 0.0019665399072439048 0.011691425668546291 -0.00029017311585936579 -0.0027677218493607787 -0.00079436345557398281 0.0054613413122968852
leaf_weight=16812.757206046605 3.7533270232379428 8.0637825415469724 44.652257645502687 6.4063145364634684 8.9849458059761691 46.21278442197945 23.088863723212853 14.005138858454304 14.742288482375441 3.6871552010998156 14.128601043950765 21.202901332522742 118.40973467344884 97.027838535606861
leaf_count=224484 66 2154 2656 609 1591 14292 2210 1492 809 749 2168 4790 8557 7409
internal_value=-5.11062e-06 -0.00195526 -0.00253268 -0.000513161 -0.00305871 -0.00527011 0.003668 -0.00101093 -0.00425188 0.00282558 0.00640019 0.00105345 2.05167e-05 0.00219516
internal_weight=17237.1 208.928 205.175 160.523 102.28 75.4795 58.2426 35.1537 28.7474 26.8007 17.8158 29.2667 17028.2 215.438
internal_count=274036 33586 33520 30864 25744 21236 5120 2910 2301 4508 2917 6944 240450 15966
is_linear=0
shrinkage=0.03


Tree=239
num_leaves=15
num_cat=0
split_feature=6 8 11 4 7 9 0 7 8 8 6 9 11 4
split_gain=0.914077 2.67988 2.21765 1.91478 2.36704 1.68585 1.20609 0.930715 4.12088 1.40296 1.38744 0.839877 1.29087 2.10613
threshold=5.1038219627132824 0.25551264004907398 -5.1765761872210314 0.82085561497326209 0.0043933961673124156 1.9755702351929652 15.500000000000002 0.0053354059941901977 0.24805965151960249 0.48855503453053578 4.8445806323270011 1.2869005265451376 -1.166244227235256 0.2817460317460318
decision_type=2 2 2 2 2 2 2 2 2 2 2 2 2 2
left_child=7 -2 -3 -4 6 -6 -5 8 -1 -10 11 12 13 -9
right_child=1 2 3 4 5 -7 -8 10 9 -11 -12 -13 -14 -15
leaf_value=0.012827125609105762 -0.0089989774835474209 -0.0073276034930650144 -0.0039338792401606166 0.0086639306195480086 -0.008546075767110535 0.0039968108360265335 -0.0014710827049768188 0.0084549827631188717 -0.0052809144037051347 0.0047801196944462854 -0.0039416240659241354 -1.3935592223845754e-06 -0.0014875165511593115 0.0005607896711856456
leaf_weight=10.83661598805338 24.842234572977759 12.743110703653654 20.544096240540966 43.806326607940719 7.305729912593959 5.2706937694456428 8.1107607014710066 35.833057276904583 24.784574463497851 4.7943897470831862 64.900731016416103 16835.856854655314 55.644495397806168 81.585357624106109
leaf_count=1049 7549 5976 4059 11284 1143 1015 3627 210 2917 457 7321 225935 315 1179
internal_value=-4.60169e-06 -0.00243977 0.000201906 0.00225977 0.00460274 -0.00397471 0.00710575 1.49674e-05 0.00389656 -0.00259045 2.36708e-06 2.08759e-05 0.0020146 0.00365475
internal_weight=17236.9 122.623 97.7807 85.0376 64.4935 12.5764 51.9171 17114.2 40.4156 29.579 17073.8 17008.9 173.063 117.418
internal_count=274036 34653 27104 21128 17069 2158 14911 239383 4423 3374 234960 227639 1704 1389
is_linear=0
shrinkage=0.03


end of trees

feature_importances:
odds_win_share=625
odds_favorite_share=487
odds_entropy=484
odds_log_win=477
odds_concentration=363
odds_relative_to_favorite=302
market_share=259
market_rank_fraction=236
odds_log_rank=51
market_field_size=50
market_rank=23
market_inv_rank=2
market_logrank=1

parameters:
[boosting: gbdt]
[objective: binary]
[metric: binary_logloss]
[tree_learner: serial]
[device_type: cpu]
[data_sample_strategy: bagging]
[data: ]
[valid: ]
[num_iterations: 240]
[learning_rate: 0.03]
[num_leaves: 15]
[num_threads: 2]
[seed: 20260925]
[deterministic: 0]
[force_col_wise: 0]
[force_row_wise: 0]
[histogram_pool_size: -1]
[max_depth: -1]
[min_data_in_leaf: 400]
[min_sum_hessian_in_leaf: 0.001]
[bagging_fraction: 1]
[pos_bagging_fraction: 1]
[neg_bagging_fraction: 1]
[bagging_freq: 0]
[bagging_seed: 8810]
[bagging_by_query: 0]
[feature_fraction: 0.85]
[feature_fraction_bynode: 1]
[feature_fraction_seed: 17836]
[extra_trees: 0]
[extra_seed: 27358]
[early_stopping_round: 0]
[early_stopping_min_delta: 0]
[first_metric_only: 0]
[max_delta_step: 0]
[lambda_l1: 0]
[lambda_l2: 15]
[linear_lambda: 0]
[min_gain_to_split: 0]
[drop_rate: 0.1]
[max_drop: 50]
[skip_drop: 0.5]
[xgboost_dart_mode: 0]
[uniform_drop: 0]
[drop_seed: 13805]
[top_rate: 0.2]
[other_rate: 0.1]
[min_data_per_group: 100]
[max_cat_threshold: 32]
[cat_l2: 10]
[cat_smooth: 10]
[max_cat_to_onehot: 4]
[top_k: 20]
[monotone_constraints: ]
[monotone_constraints_method: basic]
[monotone_penalty: 0]
[feature_contri: ]
[forcedsplits_filename: ]
[refit_decay_rate: 0.9]
[cegb_tradeoff: 1]
[cegb_penalty_split: 0]
[cegb_penalty_feature_lazy: ]
[cegb_penalty_feature_coupled: ]
[path_smooth: 0]
[interaction_constraints: ]
[verbosity: -1]
[saved_feature_importance_type: 0]
[use_quantized_grad: 0]
[num_grad_quant_bins: 4]
[quant_train_renew_leaf: 0]
[stochastic_rounding: 1]
[linear_tree: 0]
[max_bin: 127]
[max_bin_by_feature: ]
[min_data_in_bin: 3]
[bin_construct_sample_cnt: 200000]
[data_random_seed: 5102]
[is_enable_sparse: 1]
[enable_bundle: 1]
[use_missing: 1]
[zero_as_missing: 0]
[feature_pre_filter: 1]
[pre_partition: 0]
[two_round: 0]
[header: 0]
[label_column: ]
[weight_column: ]
[group_column: ]
[ignore_column: ]
[categorical_feature: ]
[forcedbins_filename: ]
[precise_float_parser: 0]
[parser_config_file: ]
[objective_seed: 25095]
[num_class: 1]
[is_unbalance: 0]
[scale_pos_weight: 1]
[sigmoid: 1]
[boost_from_average: 1]
[reg_sqrt: 0]
[alpha: 0.9]
[fair_c: 1]
[poisson_max_delta_step: 0.7]
[tweedie_variance_power: 1.5]
[lambdarank_truncation_level: 30]
[lambdarank_norm: 1]
[label_gain: ]
[lambdarank_position_bias_regularization: 0]
[eval_at: ]
[multi_error_top_k: 1]
[auc_mu_weights: ]
[num_machines: 1]
[local_listen_port: 12400]
[time_out: 120]
[machine_list_filename: ]
[machines: ]
[gpu_platform_id: -1]
[gpu_device_id: -1]
[gpu_device_id_list: ]
[gpu_use_dp: 0]
[num_gpu: 1]

end of parameters

pandas_categorical:[]
