tree
version=v4
num_class=1
num_tree_per_iteration=1
label_index=0
max_feature_idx=157
objective=binary sigmoid:1
feature_names=racecourse going race_class sex surface distance_m horse_number gate age weight_carried horse_weight horse_weight_change field_size horse_number_pct gate_pct weight_carried_vs_field horse_weight_vs_field horse_starts horse_win_rate horse_top3_rate horse_avg_finish horse_surface_starts horse_surface_win_rate horse_surface_top3_rate horse_surface_avg_finish horse_distance_starts horse_distance_win_rate horse_distance_top3_rate horse_distance_avg_finish horse_course_starts horse_course_win_rate horse_course_top3_rate horse_course_avg_finish horse_wet_prior_starts horse_wet_prior_top3_rate days_since_last_start distance_change_m same_surface_as_last same_course_as_last horse_recent5_avg_finish horse_recent5_win_rate horse_recent5_top3_rate history_exact_1_last5 history_exact_1_last10 history_exact_2_last5 history_exact_2_last10 history_exact_3_last5 history_exact_3_last10 prior_speed recent3_speed prior_speed_relative recent3_speed_relative prior_early_pct recent3_early_pct prior_late_pct recent3_late_pct prior_position_gain recent3_position_gain prior_finish_pct recent3_finish_pct prior_race_first3_laps recent3_race_first3_laps prior_past_popularity recent3_past_popularity prior_won recent3_won prior_placed recent3_placed class_tier prior_class_tier class_change class_rise class_drop recent5_max_class class_vs_recent_max prior_distance_m recent3_distance_m distance_abs_change stretching_out shortening distance_vs_recent3 prior_closing3f_relative recent3_closing3f_relative recent5_closing3f_relative prior_closing3f_z recent3_closing3f_z recent5_closing3f_z recent3_result_strength expected_front_count relative_early front_style stalk_style closer_style front_pressure_count front_pressure_share known_style_share front_under_pressure closer_pressure_help relative_late closing_pressure_fit recent3_speed_relative_field_rank recent3_speed_relative_field_gap recent3_closing3f_z_field_rank recent3_closing3f_z_field_gap horse_win_rate_field_rank horse_win_rate_field_gap horse_top3_rate_field_rank horse_top3_rate_field_gap horse_recent5_avg_finish_field_rank horse_recent5_avg_finish_field_gap recent3_result_strength_field_rank recent3_result_strength_field_gap form_surprise_last3 form_speed_last3 form_surprise_last5 form_speed_last5 form_surprise_last10 form_speed_last10 form_speed_trend form_surprise_trend body_change_abs body_change_pct body_load_ratio body_weight_vs_recent3 body_load_change month_sin month_cos history_coverage field_speed_std fit_surface_starts fit_surface_rate fit_distance_starts fit_distance_rate fit_course_starts fit_course_rate fit_wet_starts fit_wet_rate gate_course_bias_starts gate_course_bias_rate pace_course_style_starts pace_course_style_rate market_rank market_logrank market_inv_rank market_share market_rank_fraction market_field_size matchup_recent3_speed_relative matchup_recent3_closing3f_z matchup_horse_top3_rate matchup_prior_early_pct odds_log_win odds_win_share odds_favorite_share odds_entropy odds_concentration odds_relative_to_favorite odds_log_rank
feature_infos=-1:3:0:5:2:7:1:4:6:9:8 -1:0:1:2:3 -1:0:6:7:1:4:8:2:3 -1:0:1:2 -1:0:1 [1000:3600] [1:18] [1:8] [2:12] [48:61] [330:630] [-41:66] [6:18] [0.055555555555555552:1.8571428571428572] [0.125:1] [-6.5:5.6666666666666643] [-134.80000000000001:144] [0:63] [0.021739130434782608:0.30645161290322581] [0.065217391304347824:0.53947368421052633] [1:18] [0:58] [0.0234375:0.30645161290322581] [0.073770491803278687:0.53749999999999998] [1:18] [0:42] [0.025000000000000001:0.2878787878787879] [0.10576923076923077:0.53749999999999998] [1:18] [0:28] [0.03125:0.28846153846153844] [0.11538461538461539:0.48529411764705882] [1:18] [0:53] [0.068181818181818177:0.54166666666666663] [5:1421] [-2450:1800] [0:1] [0:1] [1:18] [0:1] [0:1] [0:1] [0:1] [0:1] [0:1] [0:1] [0:1] [9.5029239766081872:18.55287569573284] [12.13040181947872:18.337422007073958] [-6.9423703952012517:1.1341058823831283] [-4.2074191558726852:1.1341058823827552] [0.055555555555555552:1] [0.055555555554747116:1] [0.055555555555555552:1] [0.055555555554747116:1] [-0.94444444444444442:0.94444444444444442] [-0.94117647058828879:0.92307692307713296] [0.055555555555555552:1] [0.055555555554747116:1] none none [1:18] [1:18] [0:1] [0:1] [0:1] [0:1] [0:5] [0:5] [-4:5] [0:5] [0:4] [0:5] [-4:5] [1000:4250] [1000:4083.3333333333335] [0:2450] [0:1800] [0:2450] [-2553.3333333333335:1833.3333333333333] [-5.7000000000000028:54.599999999999994] [-5.6999999999970896:19.75] [-5.6999999999970896:19.75] [-3.2366676446401446:4.192845441090129] [-3.1333674587876885:3.994316821317625] [-3.1333674587876885:3.994316821317625] [0:1.3444444444467081] [0:13] [-0.67867717599860455:0.73602092352092352] [0:1] [0:1] [0:1] [0:13] [0:0.88888888888888884] [0:1] [0:0.88888888888888884] [0:0.875] [-0.66727369852369844:0.75207977207977206] [-2.1141725904487561:2.3639198347164592] [0.055555555555555552:1] [-3.8076498989771101:0.89892100784001938] [0.055555555555555552:1] [-3.3045906330170953:3.8636832713113201] [0.055555555555555552:1] [-0.12709450894934768:0.16237569746940256] [0.055555555555555552:1] [-0.24885103688940197:0.28188066654714361] [0.055555555555555552:1] [-9.7564102564102573:11.854166666666668] [0.055555555555555552:1] [-0.74320725767110063:0.69515079365049526] [-0.94444444444434339:0.9375] [-4.2074191558726852:1.1341058823827552] [-0.94444444444434339:0.9375] [-4.2074191558726852:1.1341058823827552] [-0.94444444444434339:0.9375] [-4.2074191558726852:1.1341058823827552] [-1.5977401817788026:0.87644971519572812] [-0.59194711538464162:0.58293350168346736] [0:66] [-0.098086124401913874:0.12313432835820895] [0.087859424920127799:0.16470588235294117] [-54:60.666666666666686] [-9:9] [-1:1] [-1:1] [0:1] [0:1.0663214950185125] [0:58] [0.052459016393442623:0.1657142857142857] [0:42] [0.056637168141592927:0.16237623762376235] [0:28] [0.062745098039215685:0.14252873563218391] [0:53] [0.050793650793650794:0.16078431372549018] [0:1638] [0.032867132867132866:0.13834586466165413] [0:10622] [0.04219178082191781:0.13834586466165413] [1:18] [0:2.8903717578961645] [0.055555555555555552:1] [0.015853995665515534:0.40816326530612251] [0.055555555555555552:1] [6:18] [-4.266637659251046:1.3242605931873186] [-3.9595811133816214:5.5182091120204859] [-0.3529411764705882:0.28975095785440608] [-0.94444444444444442:0.94444444444444442] [0.095310179804324935:6.9076552739818036] [0.00078014041891180815:0.84650491007700301] [0.12819785060390484:0.87912931330524346] [0.53965722126137028:2.6275239866908153] [0.083596587701826056:0.77734917385331703] [-6.5153962178984584:0] [0:2.8903717578961645]
tree_sizes=1744 1793 1793 1804 1801 1797 1809 1801 1811 1800 1807 1801 1811 1799 1815 1793 1804 1814 1811 1812 1816 1816 1812 1813 1815 1819 1823 1828 1821 1823 1821 1833 1829 1818 1827 1824 1813 1828 1827 1829 1819 1821 1828 1823 1822 1833 1812 1830 1820 1822 1819 1844 1819 1826 1823 1832 1821 1830 1836 1824 1832 1830 1823 1836 1846 1853 1815 1824 1834 1832 1829 1821 1812 1835 1807 1820 1818 1832 1848 1830 1818 1812 1829 1830 1833 1830 1823 1848 1838 1832 1827 1837 1831 1816 1829 1824 1831 1823 1826 1825 1836 1848 1841 1822 1852 1860 1823 1841 1829 1831 1822 1851 1817 1823 1838 1847 1832 1818 1843 1819 1836 1830 1830 1833 1829 1843 1839 1819 1833 1823 1824 1846 1833 1837 1832 1820 1822 1835 1836 1823 1817 1849 1825 1817 1835 1810 1847 1851 1815 1840 1804 1838 1841 1821 1828 1822 1812 1830 1821 1831 1821 1828 1818 1830 1833 1828 1837 1819 1841 1845 1814 1823 1819 1823 1801 1842 1833 1821 1859 1824 1814 1798 1807 1807 1826 1812 1831 1848 1819 1833 1816 1830 1823 1811 1791 1824 1805 1834 1844 1804 1851 1789 1824 1826 1801 1843 1819 1817 1811 1800 1850 1817 1803 1822 1816 1820 1822 1830 1809 1800 1811 1821 1840 1811 1852 1790 1812 1808 1796 1802 1826 1812 1816 1815 1825 1796 1809 1833 1819 1813

Tree=0
num_leaves=15
num_cat=0
split_feature=141 152 141 154 151 152 151 18 12 84 116 52 151 151
split_gain=7209.42 874.264 483.668 250.816 164.229 139.062 76.7028 63.594 61.48 48.1585 37.9759 36.8975 35.6035 31.1527
threshold=6.5000000000000009 0.01240987691140401 4.5000000000000009 1.9544544195385984 3.5010415791527305 0.41314440273845981 4.8019696776346406 0.069722222222222241 10.500000000000002 0.2963731279469804 -0.038239301548094309 0.30384615384615393 2.8875862353714372 2.2137389487888997
decision_type=2 2 2 2 2 2 2 2 2 10 10 8 2 2
left_child=2 6 3 5 12 8 -2 10 -1 -4 -5 -9 -3 -10
right_child=1 4 9 7 -6 -7 -8 11 13 -11 -12 -13 -14 -15
leaf_value=-2.5068959859926978 -2.5716852186514338 -2.5474901370053336 -2.5385083151095875 -2.5327097314645943 -2.564549218992688 -2.5385359240304664 -2.5794619109833734 -2.5402881533785844 -2.5168183126266688 -2.548207048081323 -2.5191281144096838 -2.5312496044967983 -2.5556818492601967 -2.5298780323768897
leaf_weight=699.20084720849991 2132.2875193655491 616.4131053686142 2049.2985107302666 411.99313017725945 2455.9916152954102 277.81526657938957 3241.8042734563351 706.04391825199127 1095.2939005494118 609.77130112051964 553.95330986380577 1259.3263387978077 1960.8752986192703 314.71417906880379
leaf_count=10422 31783 9188 30546 6141 36608 4141 48321 10524 16326 9089 8257 18771 29228 4691
internal_value=-2.5516 -2.56804 -2.53017 -2.52494 -2.55902 -2.51766 -2.57644 -2.53102 -2.51502 -2.5407 -2.52454 -2.53439 -2.55371 -2.51947
internal_weight=18384.8 10407.4 7977.41 5318.34 5033.28 2387.02 5374.09 2931.32 2109.21 2659.07 965.946 1965.37 2577.29 1410.01
internal_count=274036 155128 118908 79273 75024 35580 80104 43693 31439 39635 14398 29295 38416 21017
is_linear=0
shrinkage=1


Tree=1
num_leaves=15
num_cat=0
split_feature=141 151 144 154 151 151 151 151 104 83 83 52 154 144
split_gain=6760.67 858.357 490.097 179.265 168.816 135.992 66.688 55.105 51.9753 40.1072 39.4814 38.9945 37.6311 36.917
threshold=6.5000000000000009 4.2054383316843014 0.075950246365727836 1.925001347811172 3.5010415791527305 0.71754226264466137 4.8019696776346406 2.4552969699580154 0.62916666666666676 -0.42000000000000165 0.049999999999454307 0.32291666666666669 2.3458851644740553 0.038818768773430677
decision_type=2 2 2 2 2 2 2 2 2 8 10 10 2 2
left_child=2 4 7 5 13 -4 -3 12 9 -5 -7 -10 -1 -2
right_child=1 6 3 8 -6 10 -8 -9 11 -11 -12 -13 -14 -15
leaf_value=0.017613285847012369 -0.0054461102928439007 -0.020125027076814524 0.014477942343400895 0.033075982204173363 -0.012903784272585716 0.03881330057851181 -0.027688677500375583 0.0080591409299260088 0.010536399218028479 0.021105088712733054 0.024380754145495374 0.021655476960687932 0.0023865200654021482 0.0017147955154302387
leaf_weight=1314.4017221778631 1348.7498499453068 1940.620201677084 324.45423148572445 454.73998621106148 2584.2081604897976 1471.1825434938073 3165.2994085997343 1878.286743119359 616.44182338565588 968.1349608823657 308.851163841784 616.23994137346745 169.86038907617331 1223.8755095303059
leaf_count=19331 20157 29428 4767 6634 38963 21246 48321 27726 9071 14151 4465 9016 2501 18259
internal_value=-2.16235e-06 -0.0161764 0.0204259 0.0266182 -0.00751036 0.0332599 -0.0248813 0.0115808 0.0211975 0.025236 0.0365338 0.0162885 0.015912 -0.00204926
internal_weight=18385.3 10262.8 8122.59 4760.04 5156.83 2104.49 5105.92 3362.55 2655.56 1422.87 1780.03 1232.68 1484.26 2572.63
internal_count=274036 155128 118908 69350 77379 30478 77749 49558 38872 20785 25711 18087 21832 38416
is_linear=0
shrinkage=0.03


Tree=2
num_leaves=15
num_cat=0
split_feature=157 151 144 151 154 152 151 151 104 83 12 154 104 144
split_gain=6361.25 835.987 437.795 158.565 157.71 117.444 67.0527 49.6918 41.372 38.9548 36.0448 34.9287 35.8614 32.9442
threshold=1.8688348091416842 4.2054383316843014 0.075950246365727836 3.5010415791527305 1.9544544195385984 0.41314440273845981 4.8019696776346406 2.4552969699580154 0.62916666666666676 -0.42000000000000165 9.5000000000000018 2.3458851644740553 0.54772727272727284 0.038818768773430677
decision_type=2 2 2 2 2 2 2 2 2 8 2 2 2 2
left_child=2 3 7 13 5 10 -3 11 9 -6 -4 12 -1 -2
right_child=1 6 4 -5 8 -7 -8 -9 -10 -11 -12 -13 -14 -15
leaf_value=0.021690729486096141 -0.0053079924516750074 -0.019869114559427668 0.041562871685629194 -0.012658607664703421 0.031369699640794918 0.01199598410588577 -0.027516779353730189 0.0078315405611979229 0.015242447295017645 0.019364800278778044 0.030387034521500215 0.0022407684030853513 0.011345960566442971 0.001477159974724965
leaf_weight=688.66063630580902 1342.4087055325508 1907.3467558175325 507.01842384785414 2555.6237305998802 428.67492874711752 284.45857717096806 3090.7436893433332 1900.0520550012589 1164.0913524702191 912.80807329714298 1570.2065686285496 170.61116936802864 646.69387742877007 1215.5824726819992
leaf_count=9967 20156 29428 7069 38961 6085 4141 48321 27857 16865 13115 22075 2507 9380 18109
internal_value=-4.53563e-06 -0.0159562 0.0194853 -0.00739534 0.0252579 0.030908 -0.0246665 0.0111616 0.01978 0.0235055 0.0333933 0.0152445 0.0168626 -0.00209381
internal_weight=18385 10111.7 8273.28 5113.61 4867.26 2361.68 4998.09 3406.02 2505.57 1341.48 2077.22 1505.97 1335.35 2557.99
internal_count=274036 154975 119061 77226 69350 33285 77749 49711 36065 19200 29144 21854 19347 38265
is_linear=0
shrinkage=0.03


Tree=3
num_leaves=15
num_cat=0
split_feature=157 152 144 152 12 152 152 22 53 81 144 104 100 155
split_gain=5973.45 820.245 393.199 142.125 108.164 89.7766 76.3411 73.0878 49.0502 46.0699 40.0229 33.7615 29.2535 25.7138
threshold=1.8688348091416842 0.01240987691140401 0.075950246365727836 0.02724131283028423 10.500000000000002 0.41314440273845981 0.0064598356318393462 0.073649951783992293 0.20481492907826279 0.050000000000000717 0.056988621543545101 0.56458333333333344 0.40312500000000007 0.14901204498257284
decision_type=2 2 2 2 2 2 2 2 8 10 2 2 8 2
left_child=2 6 9 -3 5 12 -2 13 -9 10 -1 -12 -4 -6
right_child=1 3 4 -5 7 -7 -8 8 -10 -11 11 -13 -14 -15
leaf_value=0.0074971170704519188 -0.027367556893661313 -0.011337413467802196 0.016750772382997936 -0.0010411167036721567 0.018136212178374779 0.0029915607943987368 -0.019422523424967617 0.0074853706437574058 0.019833529227416758 0.0053267529905524644 0.019639175113005784 0.010283093614323145 0.038438258535724856 0.028499039534356143
leaf_weight=835.30813325941563 2982.4857208579779 2827.0403074249625 96.425690196454525 2102.4299045577645 386.77737712860107 82.573345080018044 2062.5004347525537 370.34631779789925 1899.054737329483 1034.5346282348037 909.57976424694061 658.71542342752218 752.6457891240716 1382.9822271615267
leaf_count=12122 47750 43392 1314 31479 5434 1190 32354 5270 26717 15032 13053 9504 10184 19241
internal_value=-6.44535e-06 -0.0156976 0.0186007 -0.0069625 0.0239961 0.0334501 -0.0241867 0.0216999 0.0178808 0.0107298 0.0130078 0.0158441 0.0363088 0.0264057
internal_weight=18383.4 9974.46 8408.94 4929.47 4970.81 931.645 5044.99 4039.16 2269.4 3438.14 2403.6 1568.3 849.071 1769.76
internal_count=274036 154975 119061 74871 69350 12688 80104 56662 31987 49711 34679 22557 11498 24675
is_linear=0
shrinkage=0.03


Tree=4
num_leaves=15
num_cat=0
split_feature=157 151 144 151 154 151 151 154 151 84 83 104 104 144
split_gain=5612.25 805.526 353.897 146.925 129.587 72.1223 67.7033 53.7453 46.5662 45.2041 40.7951 39.2308 32.2097 30.8746
threshold=1.8688348091416842 4.2054383316843014 0.075950246365727836 3.5010415791527305 2.0484530748301237 0.71754226264466137 4.8019696776346406 1.7373324713914402 1.6193392260821904 0.2963731279469804 0.019999999999799917 0.89087301587301593 0.56458333333333344 0.038818768773430677
decision_type=2 2 2 2 2 2 2 2 2 10 10 2 2 2
left_child=2 3 9 13 5 -4 -3 -7 -6 12 11 -9 -1 -2
right_child=1 6 4 -5 8 7 -8 10 -10 -11 -12 -13 -14 -15
leaf_value=0.014908250180150554 -0.0050844156389115765 -0.019359615387600372 0.013364644611658224 -0.012188643744916723 0.020433136945874356 0.034629927454371053 -0.027172431467170789 0.029195131003123639 0.010552126911418521 0.0036834745064380403 0.014393587297309848 0.014746896447543617 0.0080910994118760533 0.0014963048496953657
leaf_weight=1580.1834903731942 1332.2622397914529 1843.7302036657929 372.37232518941164 2502.3473614677787 1093.5762870311737 928.10496117919683 2947.521094057709 1284.1438576579094 801.23510032892227 746.39385948330164 340.21980612725019 251.30500529706478 1142.6554854288697 1214.9369477406144
leaf_count=22489 20156 29428 5243 38961 15232 12292 48321 17340 11161 10821 4656 3426 16401 18109
internal_value=-8.32067e-06 -0.0154402 0.0177697 -0.00704757 0.0228217 0.0265752 -0.0242358 0.0282493 0.0163706 0.0103187 0.0248424 0.026996 0.0121074 -0.00195523
internal_weight=18381 9840.8 8540.19 5049.55 5070.96 3176.15 4791.25 2803.77 1894.81 3469.23 1875.67 1535.45 2722.84 2547.2
internal_count=274036 154975 119061 77226 69350 42957 77749 37714 26393 49711 25422 20766 38890 38265
is_linear=0
shrinkage=0.03


Tree=5
num_leaves=15
num_cat=0
split_feature=151 144 151 154 144 152 151 154 151 99 151 104 152 124
split_gain=5283.95 626.31 503.036 140.021 91.3341 72.7071 68.3462 67.2893 53.1155 52.264 44.3819 40.1558 31.603 31.3612
threshold=3.2248559203275584 0.063575780536609436 4.2054383316843014 1.9544544195385984 0.042366020629594159 0.41314440273845981 4.8019696776346406 1.5018818343491704 1.7316163862908043 -0.020529366061332942 3.6362686359073835 0.46966911764705888 0.10011620054523108 -1.2499999999999998
decision_type=2 2 2 2 2 2 2 2 2 8 2 2 2 8
left_child=1 4 7 5 -1 9 -4 -2 11 -3 -9 -5 -11 -14
right_child=2 3 6 8 -6 -7 -8 10 -10 12 -12 -13 13 -15
leaf_value=-0.0021107114986353898 0.0095930761264681769 0.01667620665774059 -0.019107171543336219 0.026098521009122175 0.008067464711645279 0.010388428933161553 -0.027002847206253341 -0.0061867480170785371 0.011425408276342015 0.022293731591922276 -0.013033109381402846 0.016050935756912729 0.01202964075789922 0.032549284039780343
leaf_weight=1139.2385564669967 153.11321936547756 463.90838348865509 1824.7662700787187 594.03378538787365 2560.0512368008494 294.98122247308493 2880.4570033699274 1577.5553132966161 1396.063667409122 695.74778211116791 1973.0704169794917 1274.1708987876773 94.464731208980083 1456.1643603593111
leaf_count=17122 2260 6245 29596 8011 36783 4141 48348 24057 19362 9399 31014 17546 1231 18921
internal_value=-1.02191e-05 0.014754 -0.0175083 0.0205207 0.00493711 0.0252474 -0.0240112 -0.00918342 0.0160735 0.0267986 -0.0100301 0.0194282 0.0287645 0.0314265
internal_weight=18377.8 9968.82 8408.96 6269.53 3699.29 3005.27 4705.22 3703.74 3264.27 2710.29 3550.63 1868.2 2246.38 1550.63
internal_count=274036 138761 135275 84856 53905 39937 77944 57331 44919 35796 55071 25557 29551 20152
is_linear=0
shrinkage=0.03


Tree=6
num_leaves=15
num_cat=0
split_feature=152 152 144 154 144 152 144 152 152 154 152 18 152 154
split_gain=4981.86 583.46 475.795 122.146 75.7248 68.5186 62.5105 62.3963 54.0071 46.4727 44.4562 35.0229 30.8044 27.9339
threshold=0.034835010130559833 0.011917045274892232 0.0620629284754265 1.925001347811172 0.03325375200167139 0.0064598356318393462 0.042366020629594159 0.41314440273845981 0.086390984872955698 1.4297488781424199 0.15242160459103429 0.068404634581105184 0.021910014734660515 1.7165391499882074
decision_type=2 2 2 2 2 2 2 2 2 2 2 2 2 2
left_child=1 5 6 7 -3 -1 -2 8 -4 -6 -5 -12 -11 -10
right_child=2 4 3 10 9 -7 -8 -9 13 12 11 -13 -14 -15
leaf_value=-0.026852777596839482 -0.0014402313153797051 -0.012341609653614896 0.017939883906422149 0.012182949937407383 0.014214812801095005 -0.018924587198300782 0.0078883852682510702 0.010298398970940188 0.034148807962841213 -0.0099428186664806597 0.025201752442703357 0.01573461422856208 -0.0022383798899525739 0.024889193751575063
leaf_weight=2779.5862086936831 886.84081318229437 1983.2058448046446 707.47506557404995 1819.2366793230176 103.44497630745173 1841.3575598113239 2330.022716589272 290.55370502173901 675.42388882488012 745.79471808671951 607.88017691671848 1203.643204189837 1240.996925085783 1158.343988597393
leaf_count=47773 13333 31278 9511 24908 1491 30373 33237 4044 8474 11787 8009 16292 18689 14837
internal_value=-1.19272e-05 -0.0164795 0.0147824 0.0194684 -0.00815793 -0.023765 0.00532188 0.0241986 0.0257182 -0.00412883 0.0156947 0.0190923 -0.00518328 0.0285491
internal_weight=18373.8 8694.39 9679.42 6462.56 4073.44 4620.94 3216.86 2831.8 2541.24 2090.24 3630.76 1811.52 1986.79 1833.77
internal_count=274036 141391 132645 86075 63245 78146 46570 36866 32822 31967 49209 24301 30476 23311
is_linear=0
shrinkage=0.03


Tree=7
num_leaves=15
num_cat=0
split_feature=152 144 152 154 144 152 154 82 152 152 152 152 154 154
split_gain=4703.93 527.524 482.755 108.006 76.6137 69.0662 62.5928 62.1856 56.353 50.3819 38.9163 34.4096 32.6687 31.9204
threshold=0.031433887593717888 0.0620629284754265 0.011917045274892232 2.0778917183253838 0.042366020629594159 0.0056085051542415455 1.5018818343491704 0.14999999999974992 0.36099178573550711 0.10011620054523108 0.021910014734660515 0.15242160459103429 1.7373324713914402 1.7052298814355191
decision_type=2 2 2 2 2 2 2 10 2 2 2 2 2 2
left_child=2 4 5 7 -2 -1 -4 8 9 13 -8 -5 -11 -3
right_child=1 3 6 11 -6 -7 10 -9 -10 12 -12 -13 -14 -15
leaf_value=-0.027257933759937666 -0.002039249293198445 0.024772946100122119 0.0092881734853745672 0.0091567072106655215 0.0072775603999671477 -0.019388121058370428 -0.012216445292158132 0.012002084485839577 0.012354878674411462 0.033709504917742716 -0.0056116079910582357 0.016871501479584463 0.024170295434695645 0.012860100441437797
leaf_weight=2347.0900349915028 1153.7680223807693 373.54859820008278 153.4796799980104 1133.2145370990038 2496.4665562137961 2179.0051517039537 2080.3632962927222 612.0209818482399 461.08828336745501 569.06242721527815 1372.1174387447536 1088.8361397534609 1766.1609406098723 582.86705282330513
leaf_count=41304 17410 4829 2235 15432 35429 36842 33382 8092 6183 6913 21084 14457 22661 7783
internal_value=-1.3479e-05 0.0135088 -0.0170295 0.0185705 0.0043364 -0.0235457 -0.00878689 0.0213394 0.0228084 0.02421 -0.00962712 0.0130248 0.0266952 0.0178236
internal_weight=18369.1 10237 8132.06 6586.8 3650.23 4526.1 3605.96 4364.75 3752.73 3291.64 3452.48 2222.05 2335.22 956.416
internal_count=274036 139189 134847 86350 52839 78146 56701 56461 48369 42186 54466 29889 29574 12612
is_linear=0
shrinkage=0.03


Tree=8
num_leaves=15
num_cat=0
split_feature=152 144 152 154 144 144 152 152 152 154 18 53 152 110
split_gain=4444.54 482.196 474.897 99.6141 71.5315 62.7534 57.0139 50.6903 46.5481 38.7667 38.4603 35.1974 32.7505 27.5952
threshold=0.031433887593717888 0.0620629284754265 0.010982627873222619 1.925001347811172 0.042366020629594159 0.03325375200167139 0.0053354059941901977 0.41314440273845981 0.086390984872955698 1.4297488781424199 0.069722222222222241 0.20481492907826279 0.093230582942726764 0.57417582417582425
decision_type=2 2 2 2 2 2 2 2 2 2 2 8 2 10
left_child=2 4 6 7 -2 -4 -1 8 -3 -7 12 -12 -5 -14
right_child=1 3 5 10 -6 9 -8 -9 -10 -11 11 -13 13 -15
leaf_value=-0.027303448472139041 -0.0019823283731383841 0.016261736332402278 -0.01264085577926812 0.0047086935006046549 0.0070167487361469834 0.011996107235149826 -0.019763510821425793 0.0094727316973497091 0.025813291487878341 -0.0060094513034671775 0.004042669746254909 0.013678111977516094 0.0068241518853866525 0.022237355799929543
leaf_weight=2167.7632572948933 1151.7524873167276 749.22633814811707 2062.1883297078311 144.26839526742697 2511.8996472358704 101.21600477769971 2011.9138614796102 296.14999814331532 1914.9825785756111 1669.3489315807819 427.92333666235209 2043.5678938478231 135.50769878923893 975.89810320734978
leaf_count=39075 17410 9786 33407 1937 35429 1451 34754 4044 23311 26160 5794 27129 1783 12566
internal_value=-1.4652e-05 0.0129625 -0.0167726 0.0177477 0.00419114 -0.0090924 -0.0237577 0.0219114 0.0232333 -0.00488802 0.014366 0.0120442 0.0187396 0.020474
internal_weight=18363.6 10351.2 8012.43 6687.52 3663.65 3832.75 4179.68 2960.36 2664.21 1770.56 3727.17 2471.49 1255.67 1111.41
internal_count=274036 139189 134847 86350 52839 61018 73829 37141 33097 27611 49209 32923 16286 14349
is_linear=0
shrinkage=0.03


Tree=9
num_leaves=15
num_cat=0
split_feature=151 144 151 154 151 144 82 152 152 152 154 154 151 154
split_gain=4218.54 486.247 420.345 90.6922 71.8523 70.1204 54.9526 47.2868 40.8908 36.2872 35.6172 32.4962 32.3336 31.4041
threshold=3.2939815763060616 0.0620629284754265 4.4349746333048614 2.0778917183253838 2.6844345112494912 0.033732823398682069 0.14999999999974992 0.36099178573550711 0.10011620054523108 0.0053354059941901977 1.5018818343491704 2.11685346438043 1.6193392260821904 2.1213895579778863
decision_type=2 2 2 2 2 2 10 2 2 2 2 2 2 2
left_child=1 4 5 6 11 -2 7 8 -3 -4 -7 -1 -5 -6
right_child=2 3 9 12 13 10 -8 -9 -10 -11 -12 -13 -14 -15
leaf_value=0.014347739223683357 -0.013407470878984437 0.016387927649051424 -0.027142233460972623 0.015873068128038886 0.003348928248555354 0.0074292706695262938 0.010831293202036593 0.011330284592801441 0.024253289929972582 -0.020331512111804499 -0.0067726075279461364 0.0051763517754226619 0.0084814101604075744 -0.0035342976588023391
leaf_weight=577.64633291959763 2445.2544269412756 990.24855757504702 2116.0912303477526 1037.9736239910126 1421.484882414341 166.74377474933863 630.44906488060951 471.39174634963274 2429.6659372597933 1529.464363694191 1389.4345574229956 911.87043330818415 1234.8238527774811 1005.4576508998871
leaf_count=8029 40424 12698 39075 13417 20535 2465 8134 6183 29574 26986 22111 12826 16472 15107
internal_value=-1.65878e-05 0.0121281 -0.0170179 0.0169734 0.00368948 -0.0102447 0.019456 0.0208064 0.0220574 -0.0243799 -0.00519448 0.00884067 0.0119391 0.000493084
internal_weight=18358 10711 7646.99 6794.55 3916.46 4001.43 4521.76 3891.31 3419.91 3645.56 1556.18 1489.52 2272.8 2426.94
internal_count=274036 142975 131061 86478 56497 65000 56589 48455 42272 66061 24576 20855 29889 35642
is_linear=0
shrinkage=0.03


Tree=10
num_leaves=15
num_cat=0
split_feature=151 144 151 154 151 144 151 105 100 152 154 56 154 154
split_gain=3990.46 445.609 414.537 89.6781 71.9771 67.725 45.2012 38.1763 37.7464 36.646 33.744 32.7807 30.3465 27.8068
threshold=3.2939815763060616 0.063575780536609436 4.4349746333048614 1.925001347811172 2.6844345112494912 0.033732823398682069 0.71754226264466137 -0.00053683794688292447 0.45643939393939398 0.0053354059941901977 1.5018818343491704 0.11111111111111113 2.0435025635765154 2.11685346438043
decision_type=2 2 2 2 2 2 2 2 8 2 2 10 2 2
left_child=1 4 5 6 13 -2 -3 -5 -8 -4 -7 -10 -6 -1
right_child=2 3 9 7 12 10 8 -9 11 -11 -12 -13 -14 -15
leaf_value=0.013434138996943033 -0.013161960598599091 0.0096815793856573594 -0.026980300362729359 0.017309665894480544 0.0041143185256983152 0.0071822781840091277 0.011112724641413673 0.010776434795042223 0.019903554357727178 -0.020085748178272959 -0.0066104026409289024 0.028228366123946316 -0.0025405741635207246 0.0052556629427014528
leaf_weight=648.18586503714323 2416.8542951792479 360.42025089263916 2065.7798419222236 1324.457248263061 1123.7870758622885 167.80302846059203 318.5097633972764 2430.3129138201475 1532.2477755472064 1502.3296716697514 1381.3149737454951 812.08014161139727 1330.5424064397812 937.34996192902327
leaf_count=8881 40424 4767 39075 16759 16084 2465 3961 31572 18306 26986 22111 9614 19914 13117
internal_value=-1.84858e-05 0.0116499 -0.0167626 0.0163434 0.00374401 -0.010029 0.0202365 0.0131407 0.0216029 -0.0241736 -0.00506181 0.0229484 0.000513047 0.00869369
internal_weight=18352 10817.9 7534.08 6778.03 4039.87 3965.97 3023.26 3754.77 2662.84 3568.11 1549.12 2344.33 2454.33 1585.54
internal_count=274036 142975 131061 84979 57996 65000 36648 48331 31881 66061 24576 27920 35998 21998
is_linear=0
shrinkage=0.03


Tree=11
num_leaves=15
num_cat=0
split_feature=151 151 152 154 154 151 104 154 152 154 155 151 109 82
split_gain=3775.75 409.116 394.798 111.681 93.6985 68.9026 47.5542 45.8683 38.1226 42.3882 31.2129 28.2243 27.9653 27.523
threshold=3.2939815763060616 4.5136028423406058 0.06830590478145572 2.0019646614755104 1.8244384458691447 3.6362686359073835 0.46966911764705888 1.5018818343491704 0.36099178573550711 1.6560164723978006 0.21560530584071833 2.920466156401718 1.0000000180025095e-35 0.14999999999974992
decision_type=2 2 2 2 2 2 2 2 2 2 2 2 10 10
left_child=2 5 4 8 -1 7 12 -2 9 -4 -7 -6 -5 -11
right_child=1 -3 3 6 11 10 -8 -9 -10 13 -12 -13 -14 -15
leaf_value=0.012011132142664355 0.019317126142041726 -0.024426253327937738 0.028106736933973833 0.018195049603848112 0.0032749834720106736 -0.014927626508628684 0.0090913227494106661 -0.0056938125056554059 0.010799064326518896 0.019821821227508935 -0.0078636956035336072 -0.0026582251848641615 0.0047284929686966992 0.0097710457118365748
leaf_weight=848.31780254095793 55.12736626341939 3274.6404917649925 587.59017367660999 1079.6952086389065 1684.3705684840679 1968.7693057283759 2446.8676165193319 1255.4967085495591 474.56467131525278 2056.3359502106905 870.1989918127656 1239.8282341137528 173.48296231031418 329.97641082853079
leaf_count=11304 762 62140 6657 13683 23814 33615 32002 20020 6109 24436 14524 18559 2271 4140
internal_value=-1.98562e-05 -0.016508 0.0111962 0.0153337 0.00332651 -0.0101938 0.0116259 -0.00443513 0.0192443 0.020531 -0.0128151 0.00075864 0.0164088 0.0185017
internal_weight=18345.3 7424.23 10921 7148.51 3772.52 4149.59 3700.05 1310.62 3448.47 2973.9 2838.97 2924.2 1253.18 2386.31
internal_count=274036 131061 142975 89298 53677 68921 47956 20782 41342 35233 48139 42373 15954 28576
is_linear=0
shrinkage=0.03


Tree=12
num_leaves=15
num_cat=0
split_feature=152 144 151 154 152 151 154 151 151 105 24 99 102 149
split_gain=3581.67 513.567 294.339 80.402 51.7751 47.5402 44.3669 42.8533 47.5563 37.5267 27.7636 28.5349 26.7339 25.1948
threshold=0.02438220837967572 0.055912091836689333 4.5533502986082128 1.925001347811172 0.089797493519931007 2.920466156401718 1.7669551885720913 2.411429443309669 0.71754226264466137 -0.00053683794688292447 2.5192307692307696 -0.020529366061332942 0.60357142857142865 -0.0048348137759077195
decision_type=2 2 2 2 2 2 2 2 2 2 10 10 10 2
left_child=2 5 6 7 -5 -2 -1 8 -3 12 13 -12 -6 -10
right_child=1 3 -4 4 9 -7 -8 -9 10 -11 11 -13 -14 -15
leaf_value=-0.0044827934328221493 0.0044550009987109149 0.0089389081686143575 -0.02446556256515213 0.0048553177882339196 0.019229433675039188 -0.0024669604778228588 -0.013291536271653685 0.011506824456428906 0.0056040146874846326 0.0105947067365496 0.013815482748232055 0.025579128441165964 0.0077159384317355495 0.018879616873289543
leaf_weight=652.90135732293129 1541.3541078791022 366.62484632432461 3094.5628314986825 908.73264516144991 1053.7497429847717 2080.4775887914002 2826.7589581608772 898.52911520749331 189.55568492412567 2397.1917104199529 288.69988265633583 1253.3303747400641 253.00472664088011 532.32115835696459
leaf_count=10721 21882 4767 60125 12136 12892 31645 48574 11657 2182 30612 3446 14203 3195 5999
internal_value=-2.05119e-05 0.00988797 -0.0177324 0.0140622 0.0113795 0.000485065 -0.0116651 0.0175057 0.0194779 0.0129542 0.0211145 0.023531 0.0171131 0.0155787
internal_weight=18337.8 11763.6 6574.22 8141.74 4612.68 3621.83 3479.66 3529.06 2630.53 3703.95 2263.91 1542.03 1306.75 721.877
internal_count=274036 154616 119420 101089 58835 53527 59295 42254 30597 46699 25830 17649 16087 8181
is_linear=0
shrinkage=0.03


Tree=13
num_leaves=15
num_cat=0
split_feature=152 157 151 154 151 151 154 18 52 151 151 154 154 151
split_gain=3397.21 457.145 290.994 81.5901 51.3756 50.0288 42.8565 40.0529 33.4863 31.2037 43.431 25.7447 25.0706 24.764
threshold=0.02438220837967572 1.7005986908310777 4.5533502986082128 1.925001347811172 2.2137389487888997 2.9575076874722881 1.7669551885720913 0.069722222222222241 0.30384615384615393 2.411429443309669 0.71754226264466137 2.0387041915679345 1.7165391499882074 3.9560394329797357
decision_type=2 2 2 2 2 2 2 2 8 2 2 2 2 2
left_child=2 3 6 9 7 11 -1 -5 -9 10 -2 -3 -12 -8
right_child=1 5 -4 4 -6 -7 13 8 -10 -11 12 -13 -14 -15
leaf_value=-0.0043681872292286655 0.0086185787684553115 0.010077164036115645 -0.024264473108668475 0.016640755816594965 0.0040062330550034581 -0.0023217655084470353 -0.0098796629004599939 0.0051943399677459997 0.012569810499520575 0.011343671456843776 0.024588044987834883 0.0021672192258263257 0.017345274205960774 -0.015815539319681798
leaf_weight=650.36294701322913 369.35879739373922 520.6358807682991 3027.7405083589256 1314.9868404790759 826.86023793369532 2017.3878060653806 1334.8671213574708 887.20773163437843 1620.6716731265187 768.07542246580124 862.66870374232531 1238.7368078157306 1431.1079622805119 1459.1508385762572
leaf_count=10721 4767 7193 60125 15969 11014 30715 22640 11403 20370 9755 9435 17708 16287 25934
internal_value=-2.07992e-05 0.00951815 -0.0174789 0.0135389 0.0108798 0.000895649 -0.0114347 0.012345 0.010007 0.0170793 0.0186607 0.00457334 0.0202113 -0.0130475
internal_weight=18329.8 11857.7 6472.12 8080.94 4649.73 3776.76 3444.38 3822.87 2507.88 3431.21 2663.14 1759.37 2293.78 2794.02
internal_count=274036 154616 119420 99000 58756 55616 59295 47742 31773 40244 30489 24901 25722 48574
is_linear=0
shrinkage=0.03


Tree=14
num_leaves=15
num_cat=0
split_feature=152 144 151 154 144 144 154 52 129 63 151 138 81 151
split_gain=3222.69 439.271 287.499 70.1491 53.4301 41.4109 41.3927 40.8268 29.3812 30.8803 26.8821 29.2676 26.8375 24.7483
threshold=0.02438220837967572 0.054366026199827479 4.5533502986082128 2.1678930878040941 0.075950246365727836 0.041096290117713409 1.7669551885720913 0.25833333333333336 1.0000000180025095e-35 3.5833333333333335 2.1690373735723498 0.057039051208099316 0.6999999999999994 5.1460398887267935
decision_type=2 2 2 2 2 2 2 10 2 10 2 2 10 2
left_child=2 5 6 4 12 -2 -1 -6 -9 -10 11 -5 -3 -4
right_child=1 3 13 10 7 -7 -8 8 9 -11 -12 -13 -14 -15
leaf_value=-0.0042561105193310855 -0.0036257961805059103 0.011110298406039564 -0.020498926238122609 -0.0036752109781856266 0.012774217325246646 0.0029589830891141224 -0.012806951211348129 0.0037607959314087907 0.015321016143180833 0.022652984359428082 -0.00037007429440618641 0.010538056326609089 -0.00073851457012485218 -0.02694216450626713
leaf_weight=647.89739798754454 1433.7514789514244 1697.0758771449327 1378.7093687653542 136.51002033799887 2109.1672966480255 2098.706497952342 2762.340744830668 121.93976537883282 1141.6750715896487 1326.3853802159429 315.13215873390436 1379.25027307868 189.25531924515963 1584.006628561765
leaf_count=10721 22324 21969 27359 1717 24780 29928 48574 1415 13204 15195 4216 17333 2535 32766
internal_value=-2.16736e-05 0.00916456 -0.0172263 0.0128854 0.0143365 0.000282327 -0.0112082 0.0160702 0.0186652 0.0193744 0.00759182 0.00923453 0.00992506 -0.0240621
internal_weight=18321.8 11948.8 6372.95 8416.39 6585.5 3532.46 3410.24 4699.17 2590 2468.06 1830.89 1515.76 1886.33 2962.72
internal_count=274036 154616 119420 102364 79098 52252 59295 54594 29814 28399 23266 19050 24504 60125
is_linear=0
shrinkage=0.03


Tree=15
num_leaves=15
num_cat=0
split_feature=151 157 151 154 151 151 154 52 151 151 154 53 151 104
split_gain=3058.21 398.404 275.964 70.431 46.8807 45.5346 38.4546 32.2539 27.9601 36.3415 25.444 25.1339 25.0717 24.91
threshold=3.5010415791527305 1.7005986908310777 4.5533502986082128 1.925001347811172 2.9575076874722881 1.9670879050346399 1.7669551885720913 0.30384615384615393 0.55920745798214477 2.3369748506914587 1.7052298814355191 0.13452982203064798 5.1460398887267935 0.62916666666666676
decision_type=2 2 2 2 2 2 2 10 2 2 2 8 2 2
left_child=1 3 6 8 -3 7 -2 13 -1 11 -11 -10 -4 -5
right_child=2 4 12 5 -6 -7 -8 -9 9 10 -12 -13 -14 -15
leaf_value=0.0045642381834242836 -0.0043217900918129989 0.0043409754806766699 -0.020260249746490648 0.012201144395202349 -0.0022834171529133524 0.0058842024033767979 -0.012676334668034403 0.015214385594865194 0.0063980029979069869 0.015673106521981769 0.005295371078852547 0.019156626126685831 -0.026786376625580227 0.0043434403373595028
leaf_weight=205.36985041201115 632.49161726236343 1769.6874231025577 1353.6606336422265 870.72992470860481 2070.4615534767509 1635.1130049452186 2685.0465309768915 1573.1088308095932 168.36156460642815 459.71938432008028 426.51043131202459 2260.8185303583741 1546.0839676037431 657.12695949524641
leaf_count=2638 10525 24901 27359 10461 31653 21146 47810 18861 1893 5568 5397 24770 32766 8288
internal_value=-2.36058e-05 0.008763 -0.0170997 0.0124703 0.000774368 0.0100183 -0.0111102 0.0121594 0.015712 0.0163789 0.0108499 0.018317 -0.0238598 0.00889665
internal_weight=18314.3 12097 6217.28 8256.86 3840.15 4736.08 3317.54 3100.97 3520.78 3315.41 886.23 2429.18 2899.74 1527.86
internal_count=274036 155576 118460 99022 56554 58756 58335 37610 40266 37628 10965 26663 60125 18749
is_linear=0
shrinkage=0.03


Tree=16
num_leaves=15
num_cat=0
split_feature=151 144 151 154 84 151 154 12 151 104 152 151 154 85
split_gain=2902.22 385.724 272.571 61.6154 54.8571 38.1509 37.1069 35.5259 38.4137 32.7208 31.2889 25.3847 24.0534 24.0248
threshold=3.5010415791527305 0.054366026199827479 4.5533502986082128 2.230512928841653 0.2541458281402153 2.8535883538621087 1.7669551885720913 9.5000000000000018 2.411429443309669 0.87083333333333346 0.41314440273845981 5.1460398887267935 2.0634123770711685 -1.0218554463103826
decision_type=2 2 2 2 10 2 2 2 2 2 2 2 2 10
left_child=1 5 6 4 7 12 -2 10 9 -9 -3 -4 -1 -11
right_child=2 3 11 -5 -6 -7 -8 8 -10 13 -12 -13 -14 -15
leaf_value=0.011378607991693844 -0.0042108292359054542 0.021725254428535946 -0.020020930293687737 0.0055924575181571998 0.0064993759754294351 -0.0021011103566350689 -0.012437634248211963 0.015348633527166275 0.0071373922743786216 -0.0013546112178582255 -0.00033887445228861213 -0.026629592000562211 0.001908028824222596 0.011087071732240283
leaf_weight=311.28825717419386 630.11564523726702 744.24902749061584 1329.2964174747467 1234.6723750531673 1064.0596055984497 2320.8551678471267 2655.2245377451181 3800.3570421487093 881.60535445064306 174.51976198703051 62.119916386902332 1509.1782293729484 959.84609632194042 628.66803075373173
leaf_count=4248 10525 8106 27359 15508 13112 35402 47810 44055 11251 2069 801 32766 13522 7502
internal_value=-2.48293e-05 0.0084425 -0.0168485 0.0118893 0.0129327 0.000184323 -0.0108861 0.0140027 0.0130614 0.014169 0.0200504 -0.0236562 0.00433294 0.00840842
internal_weight=18306.1 12182.2 6123.81 8590.25 7355.58 3591.99 3285.34 6291.52 5485.15 4603.54 806.369 2838.47 1271.13 803.188
internal_count=274036 155576 118460 102404 86896 53172 58335 73784 64877 53626 8907 60125 17770 9571
is_linear=0
shrinkage=0.03


Tree=17
num_leaves=15
num_cat=0
split_feature=152 144 152 99 154 144 154 152 24 152 50 152 104 104
split_gain=2753.24 349.045 274.809 61.8392 51.0296 36.9289 36.5695 32.5445 30.6817 30.0551 26.6849 25.0539 24.2241 23.6233
threshold=0.02438220837967572 0.054366026199827479 0.0088623409348470451 -0.051297252467437902 2.0778917183253838 0.041096290117713409 1.7052298814355191 0.0053354059941901977 2.5192307692307696 0.06830590478145572 0.028391769679882554 0.36099178573550711 0.90312500000000007 0.77525252525252542
decision_type=2 2 2 8 2 2 2 2 10 2 8 2 2 2
left_child=2 5 7 -3 8 -2 -4 -1 10 -10 -5 -11 -12 -6
right_child=1 3 6 4 13 -7 -8 -9 9 11 12 -13 -14 -15
leaf_value=-0.025873316028348876 -0.0034614820427785633 0.0051173886934138156 -0.0023292503542283838 -0.0021397607431322824 0.010758954378822162 0.0027599722973938637 -0.011591724792831985 -0.018622248396019454 0.0097199694184257942 0.01828397357365592 0.013468605645660405 0.0072403522917220998 0.0031207376471577789 0.0042412370533258283
leaf_weight=1762.0501928180456 1426.1335322745144 1231.8011138103902 456.5468477755785 129.61875630915165 1725.15892431885 2109.659592282027 2710.3647503741086 1163.3597978614271 638.85466188937426 2435.5981925502419 1282.8865300677717 228.9098543971777 254.17332863807678 742.74496358633041
leaf_count=39075 22324 15267 7510 1513 21015 29928 48963 23872 8046 26824 14649 2752 2971 9327
internal_value=-2.62405e-05 0.0081937 -0.016474 0.0114288 0.0124616 0.000246577 -0.0102737 -0.0230995 0.0142305 0.0159501 0.0107103 0.0173811 0.0118041 0.00883484
internal_weight=18297.9 12205.5 6092.32 8669.75 7437.95 3535.79 3166.91 2925.41 4970.04 3303.36 1666.68 2664.51 1537.06 2467.9
internal_count=274036 154616 119420 102364 87097 52252 56473 62947 56755 37622 19133 29576 17620 30342
is_linear=0
shrinkage=0.03


Tree=18
num_leaves=15
num_cat=0
split_feature=151 144 151 99 154 152 144 155 104 152 152 151 102 19
split_gain=2616.89 403.685 212.854 61.3411 46.7759 48.8777 40.7109 36.6395 34.0661 27.1784 24.2328 22.892 20.9633 20.7472
threshold=3.6362686359073835 0.051591492188112535 4.8019696776346406 -0.047610054575550245 1.791334307541256 0.1070556628253632 0.038818768773430677 0.21560530584071833 0.77525252525252542 0.012918276556817055 0.41314440273845981 2.3748949377990178 0.53229166666666672 0.18703358208955226
decision_type=2 2 2 8 2 2 2 2 2 2 2 2 8 2
left_child=1 6 7 -3 10 -6 13 9 12 -2 11 -5 -7 -1
right_child=2 3 -4 4 5 8 -8 -9 -10 -11 -12 -13 -14 -15
leaf_value=0.0060979357332181143 -0.017887105195292373 0.0048585053020436383 -0.024735682937416813 0.01940508386768065 0.006227465061127065 0.016034400634141806 0.0018400136844582621 -0.0076983636580913797 0.0078489282810694765 -0.010946309055658892 0.0064941402839485294 0.011846899633301313 0.0096691768530384331 -0.0054845936428292033
leaf_weight=141.28186118602753 1189.1025660336018 1346.0619409307837 2149.441435854882 1226.0058333948255 1804.0433494746685 1836.2000591158867 2199.260941427201 1048.9127727895975 1144.3322352096438 1083.1286759003997 254.37247522175312 654.67285232245922 748.38014014810324 1464.2565692737699
leaf_count=2306 23335 16715 48348 12570 22564 20708 31750 18993 13545 19603 3195 8065 8652 23687
internal_value=-2.75572e-05 0.0073854 -0.0173706 0.0108393 0.0118777 0.0103627 -0.000807858 -0.0125141 0.0123303 -0.014672 0.0157041 0.0168886 0.0142577 -0.00441836
internal_weight=18289.5 12818.9 5470.59 9014.07 7668.01 5532.96 3804.8 3321.14 3728.91 2272.23 2135.05 1880.68 2584.58 1605.54
internal_count=274036 163757 110279 106014 89299 65469 57743 61931 42905 42938 23830 20635 29360 25993
is_linear=0
shrinkage=0.03


Tree=19
num_leaves=15
num_cat=0
split_feature=151 144 151 99 154 144 155 24 151 152 151 154 152 58
split_gain=2487.27 374.75 210.79 56.4937 44.9017 38.4249 35.6182 32.5797 27.6706 26.6608 22.5758 27.6223 22.1884 20.4481
threshold=3.6362686359073835 0.051591492188112535 4.8019696776346406 -0.047610054575550245 2.0874899894146641 0.038818768773430677 0.21560530584071833 2.5192307692307696 2.6137328127880433 0.012918276556817055 0.71754226264466137 1.6820718360009785 0.089797493519931007 0.32291666666666669
decision_type=2 2 2 8 2 2 2 10 2 2 2 2 2 10
left_child=1 5 6 -3 7 -1 9 13 10 -2 -9 -12 -6 -5
right_child=2 3 -4 4 12 -7 -8 8 -10 -11 11 -13 -14 -15
leaf_value=-0.0043024976381501731 -0.017637388943661906 0.0046954920176715976 -0.024548266202399364 0.010617429946584734 0.001418603670169 0.00178237505589539 -0.0075216172992746645 0.0051127382144962527 0.0080502568113732555 -0.010725748674424933 0.023148689934539949 0.014886380553755151 0.0092090348805003251 0.00031859508832718565
leaf_weight=1599.3378830775619 1170.2598085701466 1351.4465751200914 2101.7143420055509 1575.6058017574251 399.60518857836723 2202.7010659761727 1041.8152890577912 184.49766789376736 538.44902727752924 1072.7078046835959 502.21842104196548 2321.0714740380645 2023.3454267755151 195.81231919303536
leaf_count=25993 23335 16715 48348 17838 5182 31750 18993 2234 6860 19603 5048 25678 24192 2267
internal_value=-2.84297e-05 0.00712381 -0.0171215 0.0104265 0.0114161 -0.000784092 -0.0122797 0.0129728 0.0146646 -0.0144251 0.0158028 0.0164707 0.00794083 0.00949123
internal_weight=18280.6 12894.1 5386.5 9092.05 7740.61 3802.04 3284.78 5317.65 3546.24 2242.97 3007.79 2823.29 2422.95 1771.42
internal_count=274036 163757 110279 106014 89299 57743 61931 59925 39820 42938 32960 30726 29374 20105
is_linear=0
shrinkage=0.03


Tree=20
num_leaves=15
num_cat=0
split_feature=151 144 151 99 154 144 155 24 152 151 50 63 104 104
split_gain=2364.09 348.107 208.641 52.0728 41.236 37.0059 34.6072 29.7938 26.1376 25.3809 24.8362 23.9507 22.8754 21.5089
threshold=3.6362686359073835 0.051591492188112535 4.8019696776346406 -0.047610054575550245 2.0874899894146641 0.033732823398682069 0.21560530584071833 2.5192307692307696 0.012918276556817055 2.4973207021709536 0.028391769679882554 3.4166666666666674 0.90312500000000007 0.46770833333333339
decision_type=2 2 2 8 2 2 2 10 2 2 8 10 2 2
left_child=1 5 6 -3 7 -1 8 10 -2 11 -5 -9 -12 -7
right_child=2 3 -4 4 -6 13 -8 9 -10 -11 12 -13 -14 -15
leaf_value=-0.0063171628702849598 -0.017387870910469876 0.0045385685078359042 -0.024359414764692972 -0.0028277503408621956 0.007654391618479338 0.003974816124831161 -0.007347845668488842 0.011777565950044106 -0.010507747854736727 0.0086355424353489751 0.011705451377628334 0.017727612058706186 0.0020209645616489328 -0.0012304793786843597
leaf_weight=826.30681271106005 1151.9362740628421 1356.6660691089928 2055.2884474247694 137.81726311147213 2438.6560056507587 1157.8827083408833 1034.9205932319164 1195.9372602775693 1062.5806036964059 701.78753156214952 1378.1749798804522 1689.6140926033258 268.93243815749884 1815.2234488613904
leaf_count=13764 23335 16715 48348 1610 29374 17136 18993 12884 19603 8793 15397 18143 3098 26843
internal_value=-2.93835e-05 0.00687273 -0.0168729 0.0100327 0.0109765 -0.000761515 -0.0120474 0.012459 -0.0141795 0.014066 0.00913895 0.0153352 0.0101567 0.000806511
internal_weight=18271.7 12967 5304.73 9167.59 7810.92 3799.41 3249.44 5372.26 2214.52 3587.34 1784.92 2885.55 1647.11 2973.11
internal_count=274036 163757 110279 106014 89299 57743 61931 59925 42938 39820 20105 31027 18495 43979
is_linear=0
shrinkage=0.03


Tree=21
num_leaves=15
num_cat=0
split_feature=151 151 151 154 155 151 151 52 37 154 116 157 53 153
split_gain=2246.95 316.013 206.41 75.342 59.9381 33.8609 32.6348 28.3661 48.2916 34.7264 22.3239 22.205 22.1142 19.662
threshold=3.6362686359073835 2.6844345112494912 4.8019696776346406 2.1009462155641714 0.24414981615364431 4.2054383316843014 1.6193392260821904 0.25833333333333336 1.0000000180025095e-35 1.6271661634722758 -0.19499316393223901 2.249904835165133 0.21250000000266786 0.41538400459687669
decision_type=2 2 2 2 2 2 2 10 2 2 8 2 8 2
left_child=1 3 5 7 10 13 -5 -1 -9 -10 -3 -12 -8 -2
right_child=2 4 -4 6 -6 -7 12 8 9 -11 11 -13 -14 -15
leaf_value=0.0093041108610833687 -0.010514750665399253 -0.010305388522487561 -0.024169096224026503 0.010461467971079476 0.0068798026126366037 -0.015261483273697838 -0.0026543991820823496 0.00060681104797000055 0.022522507746548476 0.013210705391026296 -0.00034605710065285523 -0.0076771705497403041 0.0052953147317361862 -0.0026255660299636134
leaf_weight=2519.7255620658398 1397.1967421509326 264.94123882055283 2010.1316933631897 1024.2910033017397 804.94788827747107 1446.7430107817054 368.77141454815865 236.35516305267811 455.76202262192965 2550.6787405610085 2528.2859944701195 421.2865821197629 1862.8095837906003 371.14130082726479
leaf_count=28205 25938 4058 48348 11871 10885 29596 4768 2710 4687 28000 37868 7150 23555 6397
internal_value=-3.06169e-05 0.00663128 -0.0166247 0.00974501 -0.000365202 -0.0118174 0.00605264 0.0118101 0.0137055 0.0147271 -0.00220295 -0.0014267 0.00397266 -0.00889497
internal_weight=18263.1 13037.9 5225.21 9018.39 4019.46 3215.08 3255.87 5762.52 3242.8 3006.44 3214.51 2949.57 2231.58 1768.34
internal_count=274036 163757 110279 103796 59961 61931 40194 63602 35397 32687 49076 45018 28323 32335
is_linear=0
shrinkage=0.03


Tree=22
num_leaves=15
num_cat=0
split_feature=151 144 151 152 155 104 144 155 154 152 145 81 156 154
split_gain=2135.5 302.33 204.113 48.2076 40.4064 35.668 33.5527 33.4572 29.1676 25.4416 25.3 21.7087 22.1444 26.1905
threshold=3.6362686359073835 0.051591492188112535 4.8019696776346406 0.1070556628253632 0.24654055576928524 0.9076704545454547 0.038818768773430677 0.21560530584071833 2.0484530748301237 0.012918276556817055 0.17914438502673799 0.65000000000000224 -1.6888807376687232 2.1734494846250758
decision_type=2 2 2 2 2 2 2 2 2 2 2 10 2 2
left_child=1 6 7 4 11 8 -1 9 10 -2 -5 12 -3 -14
right_child=2 3 -4 5 -6 -7 -8 -9 -10 -11 -12 -13 13 -15
leaf_value=-0.0040452120424575915 -0.016927075085951229 8.0219551851181978e-05 -0.023977280012257199 0.011057245294081754 0.011431022776279956 0.0052772056305699123 0.0016506166793142138 -0.0069465438972727946 0.0091165160524677782 -0.010075330024720263 0.017027875066175004 -0.0035172048728532366 0.0094237223230096701 0.0012797491721154243
leaf_weight=1585.6765864640474 1119.3550430350006 542.14463171735406 1966.2124251239002 1481.8255261704326 1053.1486665010452 865.79591285437346 2210.5683762840927 1019.24990651384 2013.0001524463296 1042.9869711622596 1375.4716818928719 267.15584908425808 1202.3511117473245 509.33844318985939
leaf_count=25993 23335 6891 48348 15852 12068 9875 31750 18993 23267 19603 13997 3439 14175 6450
internal_value=-3.18368e-05 0.00639926 -0.0163766 0.00930479 0.00652115 0.0110177 -0.000735066 -0.011589 0.0120189 -0.0137144 0.0140054 0.00441457 0.00537179 0.00703253
internal_weight=18254.3 13106.5 5147.8 9310.23 3574.14 5736.09 3796.24 3181.59 4870.3 2162.34 2857.3 2520.99 2253.83 1711.69
internal_count=274036 163757 110279 106014 43023 62991 57743 61931 53116 42938 29849 30955 27516 20625
is_linear=0
shrinkage=0.03


Tree=23
num_leaves=15
num_cat=0
split_feature=157 144 156 154 84 157 24 154 156 104 99 24 156 155
split_gain=1946.87 253.369 197.119 42.6903 38.6523 37.7108 35.5433 22.9731 24.0389 20.9592 20.3995 19.5787 19.2898 21.7991
threshold=2.1383330595080281 0.055912091836689333 -3.7585365900405265 2.230512928841653 0.2541458281402153 2.249904835165133 7.4027027027027037 1.642850023690644 -1.0189662490042708 0.77525252525252542 0.13531743789711584 10.433035714285717 -4.4832857056822357 0.27598887841710457
decision_type=2 2 2 2 10 2 8 2 2 2 8 8 2 2
left_child=1 6 12 4 7 11 -1 -3 -9 -10 -11 -4 -2 -14
right_child=2 3 5 -5 -6 -7 -8 8 9 10 -12 -13 13 -15
leaf_value=0.0020342412541214856 -0.025796741407852562 0.014862817969202123 -0.0025098148686553043 0.0039358003248215027 0.0046366991508360409 -0.012343074882957064 -0.0040045947168736735 0.0072206543866589314 0.012953840700738361 0.011517410062407609 0.0030822079508656809 -0.012624106263502764 -0.020536837772562239 -0.0073180266418253637
leaf_weight=2312.7823992222548 934.07641665637493 1086.78211126104 699.7571065723896 1285.6714164093137 1113.4879412725568 2410.1107997521758 1392.6969817019999 2029.2181485779583 2510.4024270027876 565.20465528964996 491.18119521439075 218.44842511042953 1045.2752831056714 150.09396300837398
leaf_count=34241 23711 11542 12184 15505 13192 47671 21766 23204 26924 6316 5486 3944 25259 3091
internal_value=-3.27567e-05 0.00636927 -0.0150089 0.00906283 0.00989914 -0.0103712 -0.000242438 0.0107636 0.00992992 0.0114346 0.00769341 -0.00508032 -0.0221344 -0.0189883
internal_weight=18245.2 12787.4 5457.76 9081.95 7796.28 3328.32 3705.48 6682.79 5596.01 3566.79 1056.39 918.206 2129.45 1195.37
internal_count=274036 158176 115860 102169 86664 63799 56007 73472 61930 38726 11802 16128 52061 28350
is_linear=0
shrinkage=0.03


Tree=24
num_leaves=15
num_cat=0
split_feature=151 144 151 52 37 151 86 104 157 35 22 151 155 95
split_gain=1938.76 259.708 199.069 43.5079 38.2067 32.1154 31.7572 32.5071 30.3424 27.6279 24.8611 24.3371 22.8416 20.47
threshold=3.6362686359073835 0.051591492188112535 4.8019696776346406 0.25833333333333336 1.0000000180025095e-35 4.2054383316843014 0.12889299414109703 0.89087301587301593 2.249904835165133 91.500000000000014 0.065913604766633577 1.9670879050346399 0.16287231580964504 0.93541666666666679
decision_type=2 2 2 10 2 2 10 2 2 10 2 2 2 2
left_child=1 8 5 6 -5 -2 7 -3 10 11 -1 -6 -13 -8
right_child=2 3 -4 4 9 -7 13 -9 -10 -11 -12 12 -14 -15
leaf_value=0.0047865889544033953 -0.0083056884132846308 0.0089696968397456767 -0.023603596784532624 0.0012913058322493445 0.013864779379545085 -0.014589704145728745 0.0093131625878499196 0.00036277880853383148 -0.007815373610671035 0.0048675469267041192 -0.0011509084731827891 0.0033261272288379346 0.011111305118546362 -0.0010598700214375606
leaf_weight=833.88940828293562 1727.1484712101519 2661.9493366330862 1884.9684903770685 387.60001209378242 2577.2322260439396 1394.4232282303274 208.275077059865 464.80431030318141 451.94916574656963 592.01848229393363 2501.014365144074 472.79164365679026 1354.6832158342004 724.10124408081174
leaf_count=12426 32335 29549 48348 4527 27245 29596 2483 5408 7835 6692 37482 5854 15573 8683
internal_value=-3.41031e-05 0.00598374 -0.0159073 0.00864182 0.0104192 -0.0111691 0.00625447 0.00769809 -0.000652787 0.0111213 0.000348542 0.0119425 0.00914065 0.00136804
internal_weight=18236.8 13230.3 5006.54 9443.46 5384.33 3121.57 4059.13 3126.75 3786.85 4996.73 3334.9 4404.71 1827.47 932.376
internal_count=274036 163757 110279 106014 59891 61931 46123 34957 57743 55364 49908 48672 21427 11166
is_linear=0
shrinkage=0.03


Tree=25
num_leaves=15
num_cat=0
split_feature=151 151 151 154 154 154 53 152 151 154 50 112 18 48
split_gain=1842.55 243.416 196.573 60.1444 48.5454 32.0959 30.9039 28.2764 25.7365 24.8259 22.7029 22.1261 20.4713 19.4098
threshold=3.6362686359073835 2.6844345112494912 4.8019696776346406 1.925001347811172 1.8244384458691447 1.7669551885720913 0.21250000000266786 0.01240987691140401 0.71754226264466137 1.5511502758327356 0.050965394101455182 -0.037037037036990718 0.069722222222222241 16.802017559543419
decision_type=2 2 2 2 2 2 8 2 2 2 10 10 2 10
left_child=1 3 5 8 -3 -2 -5 -7 -1 -10 -8 -6 -12 -14
right_child=2 4 -4 6 11 7 10 -9 9 -11 12 -13 13 -15
leaf_value=0.0042954762951190962 -0.0046997045386485631 0.0054099016962670535 -0.023407270700283037 0.0016730538681452932 -0.0048939675340071336 -0.01585956316267052 0.0052496833006191023 -0.0091885670312300098 0.019323892809389585 0.011290159612077298 0.012570380713404166 0.00020474738897262979 0.0094444345807941192 0.0020649705959479925
leaf_weight=409.96489930897951 621.37864421308041 969.63855903223157 1844.4950848668814 987.29492798447609 1459.8619417175651 1190.4983084388077 2221.3875175788999 1278.8073688745499 431.16269697993994 2657.1743380650878 1107.4370125830173 1591.3205830082297 965.61286214739084 491.86274384707212
leaf_count=4767 11522 12880 48348 11936 22525 25807 26518 24602 4126 27035 12336 24556 11282 5796
internal_value=-3.47903e-05 0.00577775 -0.0156607 0.00844749 -0.000387093 -0.0109469 0.00653607 -0.0124811 0.0115607 0.0124997 0.00753083 -0.00224678 0.00946445 0.00700045
internal_weight=18227.9 13292.7 4935.18 9271.9 4020.82 3090.68 5773.6 2469.31 3498.3 3088.34 4786.3 3051.18 2564.91 1457.48
internal_count=274036 163757 110279 103796 59961 61931 67868 50409 35928 31161 55932 47081 29414 17078
is_linear=0
shrinkage=0.03


Tree=26
num_leaves=15
num_cat=0
split_feature=152 152 152 155 154 152 52 37 154 56 105 83 154 85
split_gain=1743.7 216.687 205.827 62.286 44.3685 37.3859 31.0253 29.8459 26.8951 22.521 22.1098 27.2868 21.3984 20.4136
threshold=0.021910014734660515 0.06579667573706377 0.0064598356318393462 0.24414981615364431 2.230512928841653 0.01240987691140401 0.25833333333333336 1.0000000180025095e-35 1.6271661634722758 0.064583333333333354 0.0018998180121630392 0.22999999999994999 2.0778917183253838 -0.61429016979673168
decision_type=2 2 2 2 2 2 10 2 2 10 2 8 2 10
left_child=2 3 -1 9 6 -4 10 -8 -9 -2 -3 13 -11 -12
right_child=1 4 5 -5 -6 -7 7 8 -10 12 11 -13 -14 -15
leaf_value=-0.023241331073796515 -0.0028186282067447018 0.0092475903774176978 -0.013951551024892577 0.0073057396694683249 0.0037455777020942538 -0.0073588580098931768 0.0014744310294457605 0.019243382285729568 0.011044167702831864 0.0059236536072987782 -0.0010995665997954992 -0.0040446568922613106 -0.0014614932079359876 0.0092371666120008179
leaf_weight=1782.5252759866416 2458.0385810248554 1898.5962504297495 1502.8029090128839 984.2526676133275 1432.2307932823896 1730.3981054499745 259.49791128188372 432.29067970812321 3194.0818773582578 636.8718164563179 229.83057695627213 282.29490973055363 760.29230981692672 634.54301892220974
leaf_count=47773 36566 20363 32557 12507 17249 32598 2897 4162 33948 8924 2539 3299 11591 7063
internal_value=-3.50861e-05 0.00568603 -0.0150668 0.000629954 0.00860536 -0.0104734 0.00959932 0.0113959 0.0120968 -0.00109612 0.00726226 0.00389808 0.00193205 0.00651683
internal_weight=18218.5 13202.8 5015.73 4839.46 8363.37 3233.2 6931.14 3885.87 3626.37 3855.2 3045.26 1146.67 1397.16 864.374
internal_count=274036 161108 112928 69588 91520 65155 74271 41007 38110 57081 33264 12901 20515 9602
is_linear=0
shrinkage=0.03


Tree=27
num_leaves=15
num_cat=0
split_feature=152 152 152 155 154 152 52 37 154 152 105 83 153 85
split_gain=1656.47 202.915 201.567 58.3368 41.0549 36.2609 28.5723 27.5381 25.0205 22.4216 20.4718 25.5972 20.4689 19.0188
threshold=0.021910014734660515 0.0064598356318393462 0.06579667573706377 0.24142560701894236 2.230512928841653 0.01240987691140401 0.25833333333333336 1.0000000180025095e-35 1.7052298814355191 0.037306525805610287 0.0018998180121630392 0.22999999999994999 0.41896581059515986 -0.61429016979673168
decision_type=2 2 2 2 2 2 10 2 2 2 2 8 2 10
left_child=1 -1 3 9 6 -3 10 -8 -9 -2 -4 13 -7 -12
right_child=2 5 4 -5 -6 12 7 8 -10 -11 11 -13 -14 -15
leaf_value=-0.023042316183767612 -0.0037353319715421034 -0.013709702718941719 0.0089066408028233585 0.006905749988656033 0.0036232311186725746 -0.0087852882217897225 0.0014309959879418178 0.01701713292204254 0.010356672763023942 0.00089357968836698421 -0.0010694926491702915 -0.0039418649995908257 -0.00051564177615545626 0.0089011956891176108
leaf_weight=1744.6870752945542 1639.5080315135419 1483.986343704164 1912.4949070289731 1026.3975501731038 1436.614067517221 1383.0574857927859 259.80378850549459 662.50494172424078 2998.0861839130521 2175.8161195516586 229.6294658780098 281.37197960913181 336.07861636206508 639.23194714635611
leaf_count=47773 26463 32557 20363 13001 17249 26704 2897 6311 31799 30124 2539 3299 5894 7063
internal_value=-3.53128e-05 -0.0148225 0.00549226 0.000611351 0.00829292 -0.0102588 0.00924377 0.010959 0.0116266 -0.00110238 0.00700551 0.00377054 -0.00718708 0.00629263
internal_weight=18209.3 4947.81 13261.5 4841.72 8419.74 3203.12 6983.12 3920.39 3660.59 3815.32 3062.73 1150.23 1719.14 868.861
internal_count=274036 112928 161108 69588 91520 65155 74271 41007 38110 56587 33264 12901 32598 9602
is_linear=0
shrinkage=0.03


Tree=28
num_leaves=15
num_cat=0
split_feature=151 151 151 154 154 155 105 89 151 152 19 116 154 154
split_gain=1582.97 199.277 188.56 50.0626 40.9134 32.0576 26.6287 27.0621 24.0168 23.1759 21.6632 21.3845 20.4938 18.8524
threshold=3.6362686359073835 2.6844345112494912 4.8019696776346406 1.925001347811172 1.8244384458691447 0.21560530584071833 0.0022200851511196347 -0.12779682256845715 0.55920745798214477 0.013420447673330027 0.18790584415584419 -0.19499316393223901 1.5511502758327356 2.3575769664228465
decision_type=2 2 2 2 2 2 2 10 2 2 2 8 2 2
left_child=1 3 5 8 -3 9 13 -8 -1 -2 -6 -12 -10 -5
right_child=2 4 -4 6 10 -7 7 -9 12 -11 11 -13 -14 -15
leaf_value=0.00088456319452455043 -0.015412864816140943 0.0048948509891145794 -0.022810553149108632 0.0083044025897199766 0.0049913107975519061 -0.0056920404726754879 0.0005081983398776723 0.0066015584764526208 0.016957009115796295 -0.0086780060200995473 -0.011496915705996924 -0.0021471310995030061 0.0099774223636779086 -0.00047621539091140925
leaf_weight=226.98948837816715 1111.9568992033601 981.95458373427391 1729.9775097891688 3014.7653114423156 330.69745747745037 972.8436977379024 1309.7893520891666 1304.6058061346412 470.55941665917635 919.09561952576041 228.32155863195658 2478.7690232843161 2884.0596180930734 235.60341960936785
leaf_count=2638 24832 12880 48348 33981 5157 18993 15777 15209 4402 18106 3590 38334 28888 2901
internal_value=-3.57039e-05 0.00521115 -0.0149304 0.0075886 -0.000383288 -0.0103013 0.00585496 0.00356915 0.0103911 -0.0124512 -0.0021051 -0.00299472 0.0110276 0.00766867
internal_weight=18200 13466.1 4733.87 9446.37 4019.74 3003.9 5864.76 2614.4 3581.61 2031.05 3037.79 2707.09 3354.62 3250.37
internal_count=274036 163757 110279 103796 59961 61931 67868 30986 35928 42938 47081 41924 33290 36882
is_linear=0
shrinkage=0.03


Tree=29
num_leaves=15
num_cat=0
split_feature=151 151 151 154 155 155 151 116 37 152 112 55 53 151
split_gain=1504.33 185.78 185.769 47.244 38.5025 30.9918 24.8725 22.6792 30.2046 22.6289 20.1709 19.3212 17.9308 17.805
threshold=3.6362686359073835 2.6844345112494912 4.8019696776346406 2.1009462155641714 0.24414981615364431 0.21560530584071833 1.6193392260821904 -0.024164933650236736 1.0000000180025095e-35 0.012918276556817055 -0.037037037036990718 0.13394660894846314 0.21250000000266786 3.2248559203275584
decision_type=2 2 2 2 2 2 2 10 2 2 10 10 8 2
left_child=1 3 5 7 10 9 -5 -1 -9 -2 13 -10 -8 -3
right_child=2 4 -4 6 -6 -7 12 8 11 -11 -12 -13 -14 -15
leaf_value=0.0070644850752015625 -0.015400846992676001 -0.0017742331703525464 -0.02260792133469023 0.008183626638838341 0.0052998489062280997 -0.0055519402049955657 -0.0032459787235875237 -0.0019977680346764657 0.0032738060401612638 -0.0087421539625499346 0.00039717174730367151 0.012297475804952034 0.0038201929599526027 -0.0084642729192376375
leaf_weight=3170.3467043563724 1022.0869314186275 939.80924552679062 1693.8022766150534 1076.1680128648877 836.02196679264307 967.92530343309045 375.5987783446908 152.72763942927122 247.20413815975189 986.44336056336761 1668.2675330303609 2549.1949883028865 1931.1551409587264 574.23926198482513
leaf_count=33204 23335 13735 48348 11871 10885 18993 4768 1680 2655 19603 25639 26063 23555 9702
internal_value=-3.64326e-05 0.00503505 -0.0146879 0.00731879 -0.00037257 -0.01009 0.00444287 0.00889388 0.0108148 -0.0122196 -0.00188064 0.0115215 0.0026561 -0.00436973
internal_weight=18191 13520.7 4670.26 9502.4 4018.34 2976.46 3382.92 6119.47 2949.13 2008.53 3182.32 2796.4 2306.75 1514.05
internal_count=274036 163757 110279 103796 59961 61931 40194 63602 30398 42938 49076 28718 28323 23437
is_linear=0
shrinkage=0.03


Tree=30
num_leaves=15
num_cat=0
split_feature=151 151 152 154 154 155 52 37 152 154 108 157 116 22
split_gain=1429.47 182.916 174.336 51.6367 34.2202 29.9475 24.8679 24.2642 22.0764 21.8237 24.463 20.6864 19.2947 18.3404
threshold=3.6362686359073835 4.8019696776346406 0.06579667573706377 1.8165749895899281 2.230512928841653 0.21560530584071833 0.25833333333333336 1.0000000180025095e-35 0.013420447673330027 1.5902600688429172 0.23205128205128209 2.249904835165133 -0.19499316393223901 0.097524154589371997
decision_type=2 2 2 2 2 2 10 2 2 2 8 2 8 2
left_child=2 5 3 -1 6 8 13 -8 -2 10 -9 12 -5 -4
right_child=1 -3 4 11 -6 -7 7 9 -10 -11 -12 -13 -14 -15
leaf_value=0.0058424136015127904 -0.014926563069888139 -0.022403707269200646 0.0074852691462380765 -0.0079573653811242286 0.003214744728398322 -0.0054146408498778539 0.0010175352516672213 0.0075780016934875781 -0.0082938202204770137 0.0096750248469471088 0.024130975711473483 -0.0072778342760497243 0.00020691619067870863 0.0019357793331018179
leaf_weight=1184.1451667621732 1081.7471094019711 1658.6351599805057 2410.8464078083634 269.32435278594494 1451.3633004128933 963.14882915094495 262.73657973855734 156.31567007303238 904.89950882270932 3381.028073400259 206.69575500488281 442.51767496392131 3104.3871263302863 704.45110427588224
leaf_count=14901 24832 48348 25469 4054 17249 18993 2897 1508 18106 34763 1839 7817 45465 7795
internal_value=-3.74197e-05 -0.0144464 0.00486512 0.000410566 0.00745794 -0.00988145 0.00831406 0.00989295 -0.0119902 0.0105092 0.0175867 -0.00129117 -0.000477179 0.00624567
internal_weight=18182.2 4608.43 13573.8 5000.37 8573.44 2949.8 7122.07 4006.78 1986.65 3744.04 363.011 3816.23 3373.71 3115.3
internal_count=274036 110279 163757 72237 91520 61931 74271 41007 42938 38110 3347 57336 49519 33264
is_linear=0
shrinkage=0.03


Tree=31
num_leaves=15
num_cat=0
split_feature=152 151 152 154 154 152 104 105 24 104 101 37 154 98
split_gain=1360.91 222.126 130.567 53.4098 32.7427 32.5521 27.1236 24.9012 23.8806 21.0428 18.4624 17.6042 17.5018 18.7114
threshold=0.01684093620803476 2.8875862353714372 0.0056085051542415455 2.0127692406526707 1.5291899590487417 0.15242160459103429 0.56458333333333344 0.00079362051199248853 12.519230769230772 0.89087301587301593 -0.029454910695193581 1.0000000180025095e-35 2.335772029238512 -0.39756401006400999
decision_type=2 2 2 2 2 2 2 2 8 2 10 2 2 8
left_child=2 3 -1 9 -3 7 -6 12 -4 -2 -11 -9 13 -5
right_child=1 4 8 5 6 -7 -8 11 -10 10 -12 -13 -14 -15
leaf_value=-0.023147765651545214 0.009328976294914363 0.0090796697063087965 -0.0096398579124710986 -0.0076555332495260031 -0.00062254856315486378 0.0076313192526458714 -0.0060298199215907443 -0.0082244808349804018 -0.016494326644396019 -0.0078607657445738839 0.0055915318797622668 0.0011059164806724064 -0.0018438835922285949 0.0070057417233824228
leaf_weight=1376.3245087377727 4599.6971064209938 207.40065501257777 1858.1405877359211 70.730203568935394 2073.021229211241 1739.0617915019393 1387.3621845394373 191.75084745511413 666.47909966111183 92.933653615415096 656.93906810879707 1504.9556103982031 275.97688103094697 1472.4244610071182
leaf_count=41304 46997 2626 41344 859 33852 18756 22694 2473 15025 1045 6846 18868 3567 17780
internal_value=-3.77625e-05 0.0042567 -0.0157059 0.00645542 -0.00210074 0.00428737 -0.00280714 0.00260794 -0.0115361 0.00856716 0.00380289 -1.13772e-05 0.00503109 0.00626652
internal_weight=18173.2 14272.3 3900.94 10604.5 3667.78 5254.9 3460.38 3515.84 2524.62 5349.57 749.873 1696.71 1819.13 1543.15
internal_count=274036 176363 97673 117191 59172 62303 56546 43547 56369 54888 7891 21341 22206 18639
is_linear=0
shrinkage=0.03


Tree=32
num_leaves=15
num_cat=0
split_feature=152 152 152 154 152 154 24 105 116 152 105 24 81 154
split_gain=1295.31 205.622 129.016 50.2044 38.4395 32.2466 23.3263 21.2692 20.8235 21.0477 19.9413 18.0861 17.9195 17.5876
threshold=0.01684093620803476 0.044133243594029252 0.0056085051542415455 1.8806478349140558 0.089797493519931007 1.5291899590487417 12.519230769230772 -0.00053683794688292447 -0.20554653679650411 0.41314440273845981 0.00094497037998056085 8.0128205128205146 0.6999999999999994 1.642850023690644
decision_type=2 2 2 2 2 2 8 2 8 2 2 8 10 2
left_child=2 5 -1 8 12 -2 -4 -6 -3 13 -7 -12 -5 -10
right_child=1 3 6 4 7 10 -8 -9 9 -11 11 -13 -14 -15
leaf_value=-0.022952620496064082 0.0090342786378018371 -0.00010405013911965077 -0.0094354782246634204 0.0026429007016568651 0.0090402437399906676 -0.00086714203381649453 -0.016249685720362318 0.0048101628399382585 0.014225613414184317 0.0024962556534630833 -0.0033845502381535772 -0.01120179782231822 -0.0053102415170419789 0.0089232048225364943
leaf_weight=1346.9586878865957 208.23970016092062 203.34994245320559 1842.0101498700678 2211.5236994251609 1710.2422278374434 2062.6484907455742 656.59430575743318 3047.2648508772254 882.57466462254524 332.0081349760294 1011.3561465069652 358.39660635963082 273.85646523162723 2017.8233146890998
leaf_count=41304 2619 2097 41344 28433 17765 33716 15025 33556 8132 3756 16552 6001 3685 20051
internal_value=-3.8957e-05 0.00411512 -0.0154629 0.00621196 0.00477786 -0.00203556 -0.0113124 0.00635444 0.00920127 0.00978445 -0.00274354 -0.00552912 0.00173997 0.0106016
internal_weight=18164.8 14319.3 3845.56 10678.6 7242.89 3640.64 2498.6 4757.51 3435.76 3232.41 3432.4 1369.75 2485.38 2900.4
internal_count=274036 176363 97673 117475 83439 58888 56369 51321 34036 31939 56269 22553 32118 28183
is_linear=0
shrinkage=0.03


Tree=33
num_leaves=15
num_cat=0
split_feature=152 151 152 154 153 151 52 129 24 22 99 145 124 114
split_gain=1232.88 194.493 127.611 46.3315 32.1477 25.6081 23.9894 28.6928 23.743 20.7106 20.1581 19.2164 20.7468 18.3362
threshold=0.01684093620803476 2.8535883538621087 0.0053354059941901977 2.0582777734826836 0.40985279163372873 1.6193392260821904 0.25833333333333336 1.0000000180025095e-35 12.519230769230772 0.060172413793103459 -0.043795084851601322 0.10555555555555557 1.2500000000000002 0.042103729603741168
decision_type=2 2 2 2 2 2 10 2 8 2 8 2 10 8
left_child=2 3 -1 6 9 -5 10 -8 -4 -3 -2 -9 -13 -7
right_child=1 4 8 5 -6 13 7 11 -10 -11 -12 12 -14 -15
leaf_value=-0.023098696071283512 0.00016704247574360418 0.0029040990184531663 -0.009386364185801882 0.0071538921459114819 0.0030926978268459955 0.00023414540809858352 -0.0020998091133623774 0.0042939351919641759 -0.016183549128868852 -0.0043562926849706422 0.006840455645613708 0.011725587613135828 0.0016900521290592262 0.0048733332846395529
leaf_weight=1244.0808635093272 506.18118237704039 400.40260739997029 1876.6446874365211 1363.902479365468 902.31873652711511 1788.9625305384398 179.29450640827417 474.40685062855482 671.01473722234368 2513.0023218877614 2088.2335547432303 2613.0914239808917 205.40492038428783 1329.0595348104835
leaf_count=39075 5718 6607 42852 14626 13035 22111 1989 4767 15746 41716 21332 26045 2096 16321
internal_value=-3.94748e-05 0.0039796 -0.0152206 0.00607685 -0.00181933 0.00374411 0.00778676 0.00942932 -0.0112609 -0.0033487 0.00554689 0.0100637 0.011007 0.00222547
internal_weight=18156 14364.3 3791.74 10548.5 3815.72 4481.92 6066.61 3472.2 2547.66 2913.4 2594.41 3292.9 2818.5 3118.02
internal_count=274036 176363 97673 115005 61358 53058 61947 34897 58598 48323 27050 32908 28141 38432
is_linear=0
shrinkage=0.03


Tree=34
num_leaves=15
num_cat=0
split_feature=152 144 152 152 154 81 104 116 112 144 132 99 89 48
split_gain=1173.41 184.813 126.021 43.7158 30.5161 28.3579 25.1214 24.5466 23.1456 23.0708 18.0326 16.5109 15.0137 20.0234
threshold=0.01684093620803476 0.045178308518216963 0.0053354059941901977 0.1070556628253632 1.4297488781424199 0.72499999999999798 0.9076704545454547 -0.030034059078180537 -0.071867021867016448 0.031576604791400252 0.10633225252717911 0.32333670188669944 -0.25074683838888384 15.898916391163501
decision_type=2 2 2 2 2 10 2 10 8 2 2 8 10 8
left_child=2 8 -1 4 -3 10 7 -5 -2 -4 12 -8 -6 -14
right_child=1 3 9 6 5 -7 11 -9 -10 -11 -12 -13 13 -15
leaf_value=-0.022904813988879398 -0.00639459517415352 0.014259292655053832 -0.012889367006627498 0.0061221056443635565 0.0010077033624899692 -0.0037893722537723951 0.0043897920521304683 0.010297012209448711 -0.00083231901486810467 -0.0063524497691416215 0.019562984056363412 -0.0065020987919033792 0.0099178522609322823 0.0035400943088026095
leaf_weight=1217.5035855229944 951.33845306932926 215.17025253921747 1789.6880716495216 2751.8780629113317 1410.2963401339948 480.25469735637307 786.45219617336988 2525.3336280807853 2238.7693092823029 732.26000417768955 50.159460671246052 134.75429949909449 544.79057688266039 2318.6785838492215
leaf_count=39075 16001 2280 43028 28009 16875 6204 8417 25126 37406 15570 588 1460 6431 27566
internal_value=-3.97808e-05 0.00384916 -0.0149791 0.00565944 0.00356148 0.00303945 0.00734563 0.00814347 -0.00251324 -0.0110401 0.0038084 0.00271787 0.00355572 0.00479886
internal_weight=18147.3 14407.9 3739.45 11217.8 5019.35 4804.18 6198.42 5277.21 3190.11 2521.95 4323.92 921.206 4273.77 2863.47
internal_count=274036 176363 97673 122956 59944 57664 63012 53135 53407 58598 51460 9877 50872 33997
is_linear=0
shrinkage=0.03


Tree=35
num_leaves=15
num_cat=0
split_feature=152 144 152 152 89 24 104 155 104 56 116 58 81 144
split_gain=1116.71 173.217 124.39 42.0379 26.9946 23.5525 23.3274 23.038 23.5394 24.3037 22.663 19.8751 19.011 17.1082
threshold=0.01684093620803476 0.04406032201926819 0.0053354059941901977 0.1070556628253632 -0.359651633089133 12.519230769230772 0.9076704545454547 0.24958975124249741 0.54006410256410264 0.5590277777777779 -0.030034059078180537 0.75735294117647067 0.75000000000000366 0.031576604791400252
decision_type=2 2 2 2 8 8 2 2 2 10 10 10 8 2
left_child=2 11 -1 4 -3 13 10 8 -6 12 -5 -2 -10 -4
right_child=1 3 5 6 7 -7 -8 -9 9 -11 -12 -13 -14 -15
leaf_value=-0.022709233803289826 -0.0014854729049732856 -0.0034457085389773788 -0.010772821417252238 0.0059110242101436568 0.0052529542986888981 -0.015774864336428229 0.0026293500867757701 0.0076505756095722284 0.0013103734006864685 0.016687057087776496 0.0099103843922751806 -0.0078839126489645417 -0.0062417533335749394 -0.0042050619453000999
leaf_weight=1191.6708876397461 2552.9987568370998 459.79154426977038 1316.4036245644093 2764.9749713763595 1762.5227095745504 654.68141880631447 923.23907314240932 1202.1112853400409 1285.868900757283 63.090099047869444 2545.4099066779017 515.06378231942654 374.99210391566157 525.77051313966513
leaf_count=39075 42729 5613 31691 28009 21343 15746 9877 13408 15768 759 25126 8943 4788 11161
internal_value=-3.94896e-05 0.00372392 -0.0147383 0.00542778 0.00340598 -0.0108211 0.00708542 0.00408674 0.00283044 0.000329787 0.00785054 -0.00259277 -0.000435365 -0.00894744
internal_weight=18138.6 14450.1 3688.53 11382 5148.38 2496.86 6233.62 4688.59 3486.47 1723.95 5310.38 3068.06 1660.86 1842.17
internal_count=274036 176363 97673 124691 61679 58598 63012 56066 42658 21315 53135 51672 20556 42852
is_linear=0
shrinkage=0.03


Tree=36
num_leaves=15
num_cat=0
split_feature=152 151 151 154 153 151 154 22 24 24 95 52 154 69
split_gain=1062.72 164.203 123.351 42.5235 27.3853 22.7316 22.1653 19.2421 19.1258 18.4775 33.9088 19.8248 21.214 19.4557
threshold=0.01684093620803476 2.8875862353714372 4.8019696776346406 2.096535701219373 0.40985279163372873 1.6193392260821904 1.7669551885720913 0.053381458966565355 12.519230769230772 1.0625000000000002 0.75735294117647067 0.25833333333333336 1.6271661634722758 2.5000000000000004
decision_type=2 2 2 2 2 2 2 2 8 10 2 10 2 10
left_child=2 3 6 9 7 -5 -1 -3 -8 10 -2 13 -13 -11
right_child=1 4 -4 5 -6 -7 8 -9 -10 11 -12 12 -14 -15
leaf_value=-0.0037574460616096833 0.0074224247107196216 0.0070821341253019315 -0.021191544149813918 0.0064745027467245182 0.0027112256972366606 0.001470670731807957 -0.0093849854993589277 -0.0039335884340172362 -0.017054643841183669 0.0065942732952331403 -0.0022555920566604318 0.01431256756182228 0.007882503395905566 -0.00092849660150118524
leaf_weight=451.7229475043714 818.03056091070175 137.37519098073244 1473.4286858402193 1148.0487671494484 869.62699728086591 2791.3517324514687 1296.2546055875719 2637.5005404725671 417.80360760167241 1503.9021959677339 525.85158627480268 567.00681799650192 3108.1566039696336 384.27526485919952
leaf_count=9322 8322 2286 48348 12175 12575 34564 30002 44311 10001 15634 5694 5128 31504 4170
internal_value=-3.99719e-05 0.00360247 -0.0144992 0.00545169 -0.00190088 0.00294795 -0.00983185 -0.00335309 -0.0113862 0.00687016 0.00365239 0.00763554 0.00892868 0.00506801
internal_weight=18130.3 14491.1 3639.21 10846.6 3644.5 3939.4 2165.78 2774.88 1714.06 6907.22 1343.88 5563.34 3675.16 1888.18
internal_count=274036 176363 97673 117191 59172 46739 49325 46597 40003 70452 14016 56436 36632 19804
is_linear=0
shrinkage=0.03


Tree=37
num_leaves=15
num_cat=0
split_feature=152 144 152 152 81 155 104 116 58 24 132 99 156 65
split_gain=1013.15 178.999 101.499 37.5463 26.0218 23.6235 21.2871 20.8666 20.3384 19.0554 16.5467 15.3077 14.8711 14.1148
threshold=0.01502836385591688 0.04406032201926819 0.0053354059941901977 0.1070556628253632 0.72499999999999798 0.24958975124249741 0.9076704545454547 -0.030034059078180537 0.62019230769230782 12.519230769230772 0.10633225252717911 0.32333670188669944 -2.4106495796758152 1.0000000180025095e-35
decision_type=2 2 2 2 10 2 2 10 8 8 2 8 2 10
left_child=2 8 -1 4 5 10 7 -5 -2 13 12 -8 -3 -4
right_child=1 3 9 6 -6 -7 11 -9 -10 -11 -12 -13 -14 -15
leaf_value=-0.022324750241712855 -0.00076689371029919028 -0.0066884540363407125 -0.0078618744769729382 0.0055017720001760912 -0.003088251100685249 0.0074698366469005588 0.0039838033176364477 0.0093149327442003087 -0.0054885435727240325 -0.015911371695994991 0.018477152975491275 -0.0064910521459374424 0.0027442879176238525 -0.015994180481044017
leaf_weight=1143.5788328573108 1908.676266361028 143.59926215186715 1328.8595269992948 2790.5592513307929 526.2194506265223 1210.7168606854975 794.15232402831316 2576.7591009512544 1433.5909107923508 566.26971890032291 43.420674674212933 134.69934783875942 3285.0011328272521 235.59753848239779
leaf_count=39075 32246 2257 32159 28009 6842 13350 8417 25126 25417 14267 510 1460 39278 5623
internal_value=-3.99379e-05 0.00329441 -0.0151057 0.00506841 0.00316988 0.00388074 0.00662784 0.00735326 -0.00280761 -0.0111021 0.00260246 0.00238575 0.00232181 -0.00922681
internal_weight=18121.7 14847.4 3274.31 11505.1 5208.96 4682.74 6296.17 5367.32 3342.27 2130.73 3472.02 928.852 3428.6 1564.46
internal_count=274036 182912 91124 125249 62237 55395 63012 53135 57663 52049 42045 9877 41535 37782
is_linear=0
shrinkage=0.03


Tree=38
num_leaves=15
num_cat=0
split_feature=152 144 152 152 89 154 104 145 116 32 58 24 112 154
split_gain=965.051 167.778 100.133 34.9942 26.9485 22.4163 21.1855 20.9145 20.6554 19.9169 19.3039 18.5859 18.5288 18.0252
threshold=0.01502836385591688 0.04406032201926819 0.0053354059941901977 0.11064625738982067 -0.38612994355181857 1.4297488781424199 0.54006410256410264 0.12916666666666668 -0.024164933650236736 6.3405797101449286 0.62019230769230782 12.519230769230772 -0.062459531209507681 2.335772029238512
decision_type=2 2 2 2 8 2 2 2 10 10 8 8 10 2
left_child=2 10 -1 4 -3 -6 13 -5 9 -9 -2 -4 -8 -7
right_child=1 3 11 7 5 6 12 8 -10 -11 -12 -13 -14 -15
leaf_value=-0.022124202021908158 -0.00074456736826597827 -0.0047193279004275881 -0.009031834529059389 0.004416992202503996 0.012776544727986198 0.0058086930595924969 -0.0014619929742180047 0.0066724245677289512 0.01042279299907148 -0.0041264578995159921 -0.005351446565914908 -0.015670628354157261 0.0037537078629980391 -0.0055856446507818605
leaf_weight=1119.8233597390354 1907.4013331830502 354.69869137182832 1551.5513479225338 2662.4814243018627 220.12535506859422 2315.3010683767498 1168.6805830486119 1622.8679210022092 1665.6587040945888 159.65481326729059 1426.6984554044902 558.07559836283326 1260.1758080013096 120.52267779409885
leaf_count=39075 32246 4302 37782 27075 2312 27202 14170 16042 16033 1617 25417 14267 14997 1499
internal_value=-4.06523e-05 0.00318803 -0.0148673 0.00489798 0.00313401 0.0036941 0.00324512 0.00645668 0.00800565 0.00567884 -0.00273104 -0.0108863 0.00125053 0.00521417
internal_weight=18113.7 14884.3 3229.45 11550.2 5439.5 5084.81 4864.68 6110.66 3448.18 1782.52 3334.1 2109.63 2428.86 2435.82
internal_count=274036 182912 91124 125249 64482 60180 57868 60767 33692 17659 57663 52049 29167 28701
is_linear=0
shrinkage=0.03


Tree=39
num_leaves=15
num_cat=0
split_feature=152 151 152 154 154 151 105 151 24 24 116 23 151 153
split_gain=918.971 160.486 98.763 40.1871 30.3345 28.0351 19.807 19.1934 18.1919 18.1368 17.664 17.221 16.2081 15.0482
threshold=0.01502836385591688 2.9575076874722881 0.0053354059941901977 1.8806478349140558 1.5018818343491704 2.2137389487888997 -0.00053683794688292447 0.55920745798214477 7.6720430107526889 12.519230769230772 -0.20554653679650411 0.18688725490196081 3.2248559203275584 0.30400787527488732
decision_type=2 2 2 2 2 2 2 2 8 8 8 2 2 2
left_child=2 3 -1 7 -3 6 -5 -2 11 -4 -9 -6 -10 -13
right_child=1 4 9 5 8 -7 -8 10 12 -11 -12 13 -14 -15
leaf_value=-0.021921988815378959 -0.00080923764132475532 0.0089705957166216835 -0.0088364365039010247 0.0073938978448850673 0.0092096030963664741 0.0010641951087317408 0.0034534023450558263 -0.00041864273885502387 -0.00035884773046233756 -0.015430555572626415 0.0085462872321312808 -0.0044572957898452829 -0.0078524446478104495 0.00070462093466580188
leaf_weight=1096.7372516132891 235.27925996482372 185.46558858826756 1538.8118634670973 1825.981508590281 116.52852826565504 2609.9530115090311 3204.1034716740251 209.26089257746935 357.98274331912398 550.11052133701742 3213.3334236294031 1051.5657438114285 946.43018883466721 964.23699890822172
leaf_count=39075 2592 2318 37782 18347 1969 33879 34307 2122 5325 14267 30485 18540 17412 15616
internal_value=-4.10156e-05 0.00308524 -0.0146287 0.00484545 -0.00240234 0.00359533 0.00490158 0.0074312 -0.0030524 -0.0106706 0.00799873 -0.00132848 -0.00582336 -0.00200118
internal_weight=18105.8 14920.1 3185.66 11297.9 3622.21 7640.04 5030.08 3657.87 3436.74 2088.92 3422.59 2132.33 1304.41 2015.8
internal_count=274036 182912 91124 121732 61180 86533 52654 35199 58862 52049 32607 36125 22737 34156
is_linear=0
shrinkage=0.03


Tree=40
num_leaves=15
num_cat=0
split_feature=151 151 151 154 151 154 105 24 151 104 116 76 89 55
split_gain=874.919 147.684 98.6138 37.3639 26.1915 26.0823 18.4217 18.2492 17.87 17.6105 16.4253 15.9473 15.3704 14.2798
threshold=3.9560394329797357 2.9575076874722881 5.1038219627132824 1.8806478349140558 2.2137389487888997 1.5018818343491704 -0.00053683794688292447 12.519230769230772 0.55920745798214477 0.56458333333333344 -0.20554653679650411 1876.666666666667 -0.37693591998279491 0.13394660894846314
decision_type=2 2 2 2 2 2 2 8 2 2 8 10 8 8
left_child=1 3 7 8 6 -3 -5 -2 -1 -7 -10 -11 -6 -12
right_child=2 5 -4 4 12 9 -8 -9 10 11 13 -13 -14 -15
leaf_value=-0.00078690030949587683 -0.0089231888884300451 0.0082512279525536539 -0.022374417165815626 0.0071327103952656601 -0.007045026049868384 -0.0011457086033601193 0.0033410666684671542 -0.01530718166427467 -0.00040704823037813613 -0.0069507879051671625 0.00065798165837595952 0.0019537301582454028 0.001675116144955278 0.0087626190425202592
leaf_weight=235.1274041607976 1636.7630763594061 185.17524258419871 950.41707867197692 1836.4470573291183 181.78432036191225 2049.4938409887254 3212.8478434309363 594.03022939711809 209.19317685812712 1133.4885996989906 211.84665951132774 208.08897848799825 2430.4728290364146 3022.2744180709124
leaf_count=2592 41367 2293 34653 18347 2417 34936 34307 15908 2122 19612 2078 3535 31462 28407
internal_value=-4.12307e-05 0.00300815 -0.0142863 0.00468305 0.00347817 -0.00230022 0.00473714 -0.010714 0.00716829 -0.0029102 0.00771257 -0.0055633 0.00103153 0.00823722
internal_weight=18097.5 14916.2 3181.21 11340 7661.55 3576.25 5049.29 2230.79 3678.44 3391.07 3443.31 1341.58 2612.26 3234.12
internal_count=274036 182108 91928 121732 86533 60376 52654 57275 35199 58083 32607 23147 33879 30485
is_linear=0
shrinkage=0.03


Tree=41
num_leaves=15
num_cat=0
split_feature=151 151 151 154 154 55 116 151 24 36 156 24 48 42
split_gain=832.854 138.386 97.349 35.458 24.5731 21.8929 23.3807 19.5367 19.2992 17.9443 17.5246 17.4481 16.1056 15.6378
threshold=3.9560394329797357 2.9575076874722881 5.1460398887267935 2.1468523193807534 1.5018818343491704 0.12037037037009669 -0.030034059078180537 4.5136028423406058 12.519230769230772 1.0000000180025095e-35 -0.30673026742247539 7.6720430107526889 16.526194468873076 1.0000000180025095e-35
decision_type=2 2 2 2 2 8 10 2 8 10 2 8 8 8
left_child=1 3 7 5 -3 -1 9 13 12 -7 -5 -6 -8 -2
right_child=2 4 -4 10 11 6 8 -9 -10 -11 -12 -13 -14 -15
leaf_value=-0.0011224639154966479 -0.0054196675716830667 0.0079716578061504104 -0.022512797347646479 0.00049227046258126458 -0.0011414213736602604 0.0052709238930092363 0.0096141099172544851 -0.013868194154230401 -0.002964875314114458 0.00010012847904655632 0.0053602418667927287 -0.0055832195458987701 0.0054133517530276917 -0.012506002624151972
leaf_weight=410.84263901785016 830.8784494549036 186.42600750178099 878.81598532013595 2350.1523966528475 2108.9854742437601 3135.9554841406643 2273.8183402717113 981.9302188064903 142.0245020352304 748.00058003887534 915.51325558125973 1273.5301005616784 1404.474849909544 448.08727418258786
leaf_count=4403 19194 2293 32766 29293 35798 32340 22672 29374 1555 7665 9657 22285 14147 10594
internal_value=-4.16499e-05 0.00291149 -0.01405 0.00452645 -0.00223575 0.00558791 0.00594724 -0.0106338 0.00761958 0.00427931 0.00187525 -0.00283104 0.00803864 -0.00801857
internal_weight=18089.4 14949.7 3139.71 11380.8 3568.94 8115.12 7704.27 2260.9 3820.32 3883.96 3265.67 3382.52 3678.29 1278.97
internal_count=274036 182108 91928 121732 60376 82782 78379 59162 38374 40005 38950 58083 36819 29788
is_linear=0
shrinkage=0.03


Tree=42
num_leaves=15
num_cat=0
split_feature=152 151 152 154 154 151 104 24 105 151 116 76 54 89
split_gain=793.477 131.944 94.7846 33.6029 25.5174 23.9653 17.4649 17.3272 17.0428 16.544 14.9459 14.8559 14.5828 14.4781
threshold=0.01502836385591688 2.9575076874722881 0.0053354059941901977 1.8806478349140558 1.5018818343491704 2.2137389487888997 0.56458333333333344 12.519230769230772 -0.00053683794688292447 0.55920745798214477 -0.20554653679650411 1876.666666666667 0.87083333333333346 -0.37693591998279491
decision_type=2 2 2 2 2 2 2 8 2 2 8 10 8 8
left_child=2 3 -1 9 -3 8 -6 -4 12 -2 -11 -8 -5 -7
right_child=1 4 7 5 6 13 11 -9 -10 10 -12 -13 -14 -15
leaf_value=-0.021316484101749758 -0.00091332847426477863 0.0081233899015416278 -0.008232697826273689 0.007408216519714423 -0.001063380593721454 -0.0069532524461298796 -0.0067932903562946756 -0.014766771609905671 0.0030951328359166115 -0.00049167521268811431 0.0077354513276607379 0.0017865660059833621 -0.0032873460260324405 0.0015203169916463855
leaf_weight=1032.4018783103675 235.98707111179829 189.24682511389256 1500.5860014092177 1738.3589243739843 2066.2620094679296 181.15610060095787 1134.5203664563596 529.08672072738409 3232.0460818558931 209.68827603757381 3268.2942273765802 209.21349899843335 114.52496610581875 2440.4347070865333
leaf_count=39075 2592 2318 37782 17198 35460 2417 19841 14267 34307 2122 30485 3561 1149 31462
internal_value=-4.20219e-05 0.00279873 -0.0139219 0.00437591 -0.00220308 0.00323545 -0.00280924 -0.0100318 0.00443408 0.00671983 0.00723945 -0.00545247 0.00672604 0.000898553
internal_weight=18081.8 15019.7 3062.07 11420.5 3599.24 7706.52 3410 2029.67 5084.93 3713.97 3477.98 1343.73 1852.88 2621.59
internal_count=274036 182912 91124 121732 61180 86533 58862 52049 52654 35199 32607 23402 18347 33879
is_linear=0
shrinkage=0.03


Tree=43
num_leaves=15
num_cat=0
split_feature=157 151 151 154 151 24 151 105 24 57 128 151 83 22
split_gain=756.885 116.651 100.864 30.9632 27.1877 22.3245 17.2809 16.2713 15.6089 23.092 19.6993 16.3029 16.0271 15.1286
threshold=2.249904835165133 4.5533502986082128 2.920466156401718 2.096535701219373 5.2804079136148419 7.4935897435897445 1.6193392260821904 0.0032668415231732859 2.5192307692307696 -0.0054945054946339634 0.11115493681645543 0.55920745798214477 -0.15999999999967254 0.064194139194139202
decision_type=2 2 2 2 2 8 2 2 10 8 10 2 10 2
left_child=2 7 3 8 -3 13 -5 -2 9 -1 -10 -12 -13 -4
right_child=1 4 5 6 -6 -7 -8 -9 10 -11 11 12 -14 -15
leaf_value=-0.0035343382411266002 -0.0054672956435211084 -0.014768832441019822 0.0057210936773903582 0.0052157204244535861 -0.023384310230341834 -0.0043386800322575284 0.00092142779178700125 -0.011773115151187492 0.0043666169895595639 0.0046791984684843579 -0.0069128458682450131 0.01045564350971971 0.0055098287247230581 -0.00082924992304122147
leaf_weight=359.76737308874726 1281.868541829288 926.27988237142563 387.61263896338642 1181.6681226268411 677.12739570438862 1493.6620961744338 2886.5881126821041 540.41771307215095 2402.4126677773893 1794.2844862788916 52.566444434225559 1557.1920161619782 1046.9995722696185 1485.5641064010561
leaf_count=3824 28693 30093 6313 12175 26332 27055 35375 11943 23823 17798 572 14791 10883 24366
internal_value=-4.24211e-05 -0.0127055 0.00292898 0.00428763 -0.0185902 -0.00162236 0.00218333 -0.0074182 0.00546746 0.00329243 0.00638105 0.00816789 0.00851015 0.000560881
internal_weight=18074 3425.69 14648.3 11281.5 1603.41 3366.84 4068.26 1822.29 7213.22 2154.05 5059.17 2656.76 2604.19 1873.18
internal_count=274036 97061 176975 119241 56425 57734 47550 40636 71691 21622 50069 26246 25674 30679
is_linear=0
shrinkage=0.03


Tree=44
num_leaves=15
num_cat=0
split_feature=152 151 151 154 105 55 153 141 152 83 154 50 49 116
split_gain=722.336 145.594 67.6257 31.2692 26.7983 26.1563 25.1806 18.4186 18.2396 18.0094 17.8724 16.0539 15.8466 15.5156
threshold=0.01240987691140401 2.9575076874722881 5.2804079136148419 1.7373324713914402 0.0023823325755953227 0.13394660894846314 0.40985279163372873 9.5000000000000018 0.41314440273845981 0.22999999999994999 2.3575769664228465 -0.17172673676285652 16.121793548770565 0.12991862304360213
decision_type=2 2 2 2 2 10 2 2 2 8 2 8 8 10
left_child=2 3 7 8 10 -6 11 -1 -2 -7 12 -3 -5 -9
right_child=1 6 -4 4 5 9 -8 13 -10 -11 -12 -13 -14 -15
leaf_value=-0.0046091779071251171 0.0085565820055901274 -0.010587404170494485 -0.023067855729364952 0.007936685082939746 -0.0048904664940295278 0.0032123967741252489 0.0016534219520499868 -0.014652696841791199 3.3308490412131037e-05 -0.0032059990541250128 -0.0023333397286998572 -0.0031194682633679306 0.0041183928918219221 -0.0066722466554775955
leaf_weight=295.57404239103198 1763.5780480951071 275.0297039039433 677.56651491299272 1344.7031301632524 493.19472226500511 3057.9373782426119 984.69843173027039 1216.929100792855 258.98838535696268 438.96199341118336 297.58685368299484 2807.8463517427444 3840.6470981910825 313.40046584233642
leaf_count=7474 15720 5326 26925 14081 5769 33433 15449 36578 2811 5358 3701 51199 40859 9353
internal_value=-4.27834e-05 0.00236717 -0.0149495 0.00409185 0.00335918 0.00148081 -0.00250418 -0.0117734 0.00747346 0.00239645 0.00471836 -0.00383374 0.00512862 -0.013099
internal_weight=18066.6 15563.2 2503.47 11495.6 9473.03 3990.09 4067.57 1825.9 2022.57 3496.9 5482.94 3082.88 5185.35 1530.33
internal_count=274036 193706 80330 121732 103201 44560 71974 53405 18531 38791 58641 56525 54940 45931
is_linear=0
shrinkage=0.03


Tree=45
num_leaves=15
num_cat=0
split_feature=151 151 151 154 155 22 55 116 37 156 116 98 78 114
split_gain=688.326 143.518 61.9583 30.3393 23.0473 25.0046 19.4559 19.7601 26.2144 16.2255 16.1598 15.6595 14.3237 13.3179
threshold=4.2054383316843014 3.0563541271966739 5.2804079136148419 2.1468523193807534 0.24958975124249741 0.053381458966565355 0.12037037037009669 -0.055952380952376972 1.0000000180025095e-35 -0.30673026742247539 0.12991862304360213 -0.32360209235209225 75.000000000000014 0.042103729603741168
decision_type=2 2 2 2 2 2 8 10 2 2 10 10 10 8
left_child=1 3 10 6 5 -3 -1 12 -9 13 -2 -10 -8 -5
right_child=2 4 -4 9 -6 -7 7 8 11 -11 -12 -13 -14 -15
leaf_value=-0.0014358936023982113 -0.013375788642235337 0.007205761491901619 -0.022882882407138299 -0.0017016070945210853 0.0017432294769580779 -0.0047453114684702499 0.0043053921524911836 -0.0027633977124218584 0.0028436192537070943 0.0047938376166365279 -0.0058496162181306023 0.0077780585841963961 -0.00062381370533878702 0.0027036641039311572
leaf_weight=423.28094762936234 1346.0835403129458 153.83379285782576 662.89616745337844 1436.9947882033885 756.79923322051764 2809.2160488776863 2898.8153980337083 256.35874957218766 716.61706662550569 927.73088205605745 359.44012110866606 3607.0734788104892 644.41056460142136 1059.9155547097325
leaf_count=4545 40413 2863 26925 18143 11861 53243 29891 2836 7197 9657 10606 35900 6635 13321
internal_value=-4.34538e-05 0.00223625 -0.0150658 0.00383462 -0.00290234 -0.00409167 0.00478975 0.0051162 0.00642066 0.00144049 -0.0118545 0.00697287 0.00341006 0.000173368
internal_weight=18059.5 15691 2368.42 11971.2 3719.85 2963.05 8546.56 8123.28 4580.05 3424.64 1705.52 4323.69 3543.23 2496.91
internal_count=274036 196092 77944 128125 67967 56106 87004 82459 45933 41121 51019 43097 36526 31464
is_linear=0
shrinkage=0.03


Tree=46
num_leaves=15
num_cat=0
split_feature=152 144 151 53 152 152 154 141 104 85 69 105 104 57
split_gain=656.682 129.662 66.0847 28.6008 23.4648 18.878 18.1637 17.9739 16.1447 15.7606 15.6957 15.5279 14.9745 17.129
threshold=0.01240987691140401 0.04406032201926819 5.2804079136148419 0.20481492907826279 0.1070556628253632 0.02724131283028423 1.4297488781424199 9.5000000000000018 0.9076704545454547 0.35135400990475324 2.5000000000000004 0.00366366302779346 0.54006410256410264 0.37224945533762371
decision_type=2 2 2 8 2 2 2 2 2 8 10 2 2 10
left_child=2 5 7 10 6 11 -5 -1 -6 -10 -3 -2 13 -8
right_child=1 3 -4 4 8 -7 12 -9 9 -11 -12 -13 -14 -15
leaf_value=-0.0042378201884984449 -0.0029495772693808658 0.0018389106056463957 -0.022696110705647258 0.010812636056998519 0.0063485714597153508 -0.0003658869315566003 0.0046493098721003953 -0.012662865247744275 0.003039121396126704 -0.010653875725199954 -0.004663591716811296 -0.0088825388654774195 0.00056103478989187963 -0.0062935632813049145
leaf_weight=291.52467791363597 1437.503030076623 1284.8635707236826 648.64053812436759 227.26539807394147 4696.6584662124515 1738.0763329938054 2187.0531797967851 1495.92664244771 685.16222469508648 70.063910447061062 434.67851536348462 548.778459854424 2182.0196218639612 124.01063573732972
leaf_count=7474 29092 13875 26925 2374 44352 27350 25417 45931 6909 758 5029 11258 25904 1388
internal_value=-4.34365e-05 0.0022205 -0.0144808 0.00374933 0.00435341 -0.00265647 0.00279077 -0.0113355 0.005695 0.00158605 0.000169045 -0.00464305 0.00235039 0.00402532
internal_weight=18052.2 15616.1 2436.09 11891.8 10172.2 3724.36 4720.35 1787.45 5451.88 755.226 1719.54 1986.28 4493.08 2311.06
internal_count=274036 193706 80330 126006 107102 67700 55083 53405 52019 7667 18904 40350 52709 26805
is_linear=0
shrinkage=0.03


Tree=47
num_leaves=15
num_cat=0
split_feature=151 151 151 154 35 153 22 83 105 152 152 40 116 34
split_gain=625.999 127.987 60.5823 28.0546 25.8736 22.7776 23.8116 21.4292 23.5726 16.9023 16.7139 16.0971 15.8746 15.5278
threshold=4.2054383316843014 2.9575076874722881 5.2804079136148419 1.7373324713914402 111.50000000000001 0.40985279163372873 0.053381458966565355 -1.0000000180025095e-35 0.0028989540480223734 0.41314440273845981 0.02724131283028423 0.22500000000000003 0.12991862304360213 0.31698717948717953
decision_type=2 2 2 2 10 2 2 8 2 2 2 10 10 2
left_child=1 3 12 9 7 6 -3 11 -9 -1 -8 13 -2 -5
right_child=2 5 -4 4 -6 -7 10 8 -10 -11 -12 -13 -14 -15
leaf_value=0.0079292214791470052 -0.012940597925242216 0.0069961013680211476 -0.022507551624175975 0.0046066600362230986 -0.0023325723077046493 0.0014695311072528878 -0.0062132629545593706 0.0031724174889007054 -0.002411885640115709 -0.00022815667911882555 -0.0016324731051169429 0.0011820718117009092 -0.005444767283463694 0.0096018203970047716
leaf_weight=1786.3736993297935 1315.410223595798 164.50979615747929 634.78825096040964 3888.1599864624441 738.98689439892769 1014.3759670592844 1720.0849083401263 2281.2824450396001 953.97115036100149 260.88855500519276 1245.3928769826889 1024.7292954698205 353.79475419595838 662.53346238285303
leaf_count=15720 40413 2986 26925 40366 8321 16042 35521 25226 11367 2811 19811 11096 10606 6825
internal_value=-4.39816e-05 0.0020979 -0.0145966 0.00371382 0.00302197 -0.00242093 -0.00368276 0.00347428 0.00152226 0.0068956 -0.0043074 0.00459985 -0.0114145 0.00536306
internal_weight=18045.3 15741.3 2303.99 11596.9 9549.66 4144.36 3129.99 8810.68 3235.25 2047.26 2965.48 5575.42 1669.2 4550.69
internal_count=274036 196092 77944 121732 103201 74360 58318 94880 36593 18531 55332 58287 51019 47191
is_linear=0
shrinkage=0.03


Tree=48
num_leaves=15
num_cat=0
split_feature=151 151 151 154 35 153 103 104 24 150 50 50 55 151
split_gain=596.749 120.147 59.8761 26.1507 24.2843 22.1751 19.229 15.6446 15.5618 15.4575 15.3985 14.7977 16.038 14.0068
threshold=4.2054383316843014 2.9575076874722881 5.2804079136148419 1.7373324713914402 111.50000000000001 0.30159417353151896 0.66735401590313392 0.87083333333333346 11.522727272727275 -0.37466577540106949 -0.14939439143411179 0.064067028394532613 0.17855477855543242 0.71754226264466137
decision_type=2 2 2 2 10 2 10 2 8 8 10 10 10 2
left_child=1 3 10 13 6 8 7 11 -3 -7 -2 -5 -13 -1
right_child=2 5 -4 4 -6 9 -8 -9 -10 -11 -12 12 -14 -15
leaf_value=0.00058089340108107772 -0.015008806069836483 -0.0033616213469952515 -0.022317214830808417 0.0028273732639231535 -0.0022681825217775202 -0.0088196371971594242 -0.0032693651692147292 0.00061333179694768075 -0.010294175637191139 0.00040198903160398213 -0.0087064845321419542 0.00071629257192238184 0.0064084721056565123 0.0076627901966512344
leaf_weight=295.77083492279053 622.48258263804018 1545.3152732402086 621.32833243906498 3608.1556208133698 737.61349808424711 162.51758136600256 366.01062979176641 1297.0636337585747 353.85132372751832 2073.6606149151921 1029.1879151370376 526.3814092092216 3036.7915573455393 1761.8504682704806
leaf_count=3130 19953 29212 26925 39605 8321 2737 4530 14351 6987 35424 31066 5523 30871 15401
internal_value=-4.38201e-05 0.00203226 -0.014362 0.00359284 0.00292491 -0.0023536 0.0033616 0.00365347 -0.00472384 -0.000322508 -0.0111954 0.00420091 0.0055741 0.00665638
internal_weight=18038 15765 2273 11629.6 9572.02 4135.34 8834.4 8468.39 1899.17 2236.18 1651.67 7171.33 3563.17 2057.62
internal_count=274036 196092 77944 121732 103201 74360 94880 90350 36199 38161 51019 75999 36394 18531
is_linear=0
shrinkage=0.03


Tree=49
num_leaves=15
num_cat=0
split_feature=157 151 152 151 24 35 53 56 116 138 32 105 154 51
split_gain=569.03 101.857 72.0697 25.6023 24.9571 20.8668 19.698 19.6866 17.7276 16.4587 16.7554 16.069 15.1375 15.1147
threshold=2.249904835165133 4.5533502986082128 0.06579667573706377 5.2804079136148419 7.4935897435897445 113.50000000000001 0.21250000000266786 0.064583333333333354 -0.055952380952376972 0.064256660731496162 6.0357142857142865 0.0032668415231732859 1.809077832229 0.17013400352940763
decision_type=2 2 2 2 8 10 8 8 10 2 10 2 2 10
left_child=2 11 4 -3 12 6 -4 -6 9 -8 13 -2 -1 -11
right_child=1 3 5 -5 7 -7 8 -9 -10 10 -12 -13 -14 -15
leaf_value=0.0044535800284710826 -0.0045561552881989232 -0.013537043836424992 0.0011634549312662034 -0.022275996521681621 -0.0059527109199180367 -0.0013332316190752774 -0.00097609013037037052 -0.00015742796809910042 0.0063864260239355018 0.0057675767597599719 -0.0032738275926053953 -0.010904929142133275 6.252978475364218e-05 -0.0041674996441622746
leaf_weight=973.05789439938962 1240.1553567387164 863.48684255219996 1399.8062600493431 594.53021501377225 959.53564142994583 596.92170156538486 625.57003259658813 1152.0214892067015 4050.6534845903516 2216.514622554183 222.28434369713068 518.57979916781187 2481.7818448096514 136.47886803746223
leaf_count=13294 28693 30093 14661 26332 16591 6210 6271 18446 38947 21863 2252 11943 37124 1316
internal_value=-4.45179e-05 -0.0114512 0.00244133 -0.017291 -0.00025591 0.00406255 0.00443651 -0.00281434 0.00506462 0.00336989 0.00442513 -0.00650454 0.00131318 0.00516857
internal_weight=18031.4 3216.75 14814.6 1458.02 5566.4 9248.23 8651.31 2111.56 7251.5 3200.85 2575.28 1758.74 3454.84 2352.99
internal_count=274036 97061 176975 56425 85455 91520 85310 35037 70649 31702 25431 40636 50418 23179
is_linear=0
shrinkage=0.03


Tree=50
num_leaves=15
num_cat=0
split_feature=151 151 151 154 153 22 136 24 55 116 48 36 116 156
split_gain=544.415 107.013 58.0726 25.8891 19.6831 21.1254 18.4477 16.9358 15.7665 16.9591 17.6766 17.3226 15.5075 13.979
threshold=4.2054383316843014 3.0563541271966739 5.2804079136148419 2.1468523193807534 0.40985279163372873 0.053381458966565355 0.11887913223140498 8.0128205128205146 0.12037037037009669 -0.030034059078180537 16.526194468873076 1.0000000180025095e-35 0.12991862304360213 -0.30673026742247539
decision_type=2 2 2 2 2 2 2 8 8 10 8 10 10 2
left_child=1 3 12 6 5 -3 8 -7 -1 11 -11 -10 -2 -5
right_child=2 4 -4 13 -6 7 -8 -9 9 10 -12 -13 -14 -15
leaf_value=-0.001571308364988079 -0.01233048621136253 0.0067444373162583917 -0.02193389399375557 -0.00010465710523162269 0.001249632444406202 -0.0026325102173767219 0.021124150080531544 -0.0076969907839984295 0.0038817403514002295 0.0072366308126973061 0.0031367495453177171 -0.0010410572277364759 -0.0048726257554872095 0.0041550376383032994
leaf_weight=423.92788907140493 1274.4708759132773 148.01921474933624 595.70981618948281 2515.6283460259438 909.74923294782639 1699.1595580242574 43.035599444061518 921.82729139924049 3322.6949631869793 2524.8410277925432 1567.9366824179888 790.10549145936966 346.07605127058923 941.81403395533562
leaf_count=4538 40413 2739 26925 31464 14745 32132 408 18351 33727 24726 15574 8031 10606 9657
internal_value=-4.5043e-05 0.00191117 -0.0139179 0.00326967 -0.00256331 -0.00381602 0.00414379 -0.0044474 0.0040226 0.00431394 0.00568316 0.00293568 -0.0107971 0.00106863
internal_weight=18025 15808.7 2216.26 12130 3678.76 2769.01 8672.54 2620.99 8629.51 8205.58 4092.78 4112.8 1620.55 3457.44
internal_count=274036 196092 77944 128125 67967 53222 87004 50483 86596 82058 40300 41758 51019 41121
is_linear=0
shrinkage=0.03


Tree=51
num_leaves=15
num_cat=1
split_feature=152 144 151 52 103 37 124 120 152 116 48 2 105 100
split_gain=518.824 100.652 57.6959 23.1958 20.8485 19.1051 18.8987 16.3152 16.1283 15.9278 15.0441 14.8359 14.4005 14.2249
threshold=0.011917045274892232 0.04406032201926819 5.2804079136148419 0.23303167420814483 0.89872813682183439 1.0000000180025095e-35 1.2500000000000002 5.5000000000000009 0.02724131283028423 0.12991862304360213 17.553488551235393 0 0.0040872147315253919 0.45643939393939398
decision_type=2 2 2 10 10 2 10 10 2 10 10 9 2 8
left_child=2 8 9 4 10 -5 7 13 12 -1 -3 -8 -2 -7
right_child=1 3 -4 5 -6 6 11 -9 -10 -11 -12 -13 -14 -15
leaf_value=-0.01211822854097894 -0.002670896206274029 0.0021783515063032192 -0.021738355335578739 -0.0010817376350289217 -0.0080325031803542175 0.0018345994222343188 0.0031079159980278697 0.0029578859392606883 -0.00028146343532628535 -0.0045898736865134723 -0.010086464847344099 -0.0068030254397849019 -0.0084133636746762872 0.0068960229858493908
leaf_weight=1267.0177521966398 1507.1998302266002 4319.690707616508 583.35870117694139 559.58910934999585 182.9229052811861 594.56888658180833 323.67815236002207 2170.4262911304832 1733.6218785122037 346.78617864847183 77.303393077105284 198.38018868863583 529.50494717434049 3624.064823653549
leaf_count=40564 31200 45855 26925 6457 2298 6792 3435 22332 27350 10657 864 2134 11197 35976
internal_value=-4.44113e-05 0.00185671 -0.0136535 0.00319434 0.00150637 0.00422406 0.00465508 0.00510264 -0.0024143 -0.0105576 0.00192917 -0.000811827 -0.00421442 0.0061917
internal_weight=18018.1 15821 2197.16 12050.6 4579.92 7470.71 6911.12 6389.06 3770.33 1613.8 4396.99 522.058 2036.7 4218.63
internal_count=274036 195890 78146 126143 49017 77126 70669 65100 69747 51221 46719 5569 42397 42768
cat_boundaries=0 1
cat_threshold=81
is_linear=0
shrinkage=0.03


Tree=52
num_leaves=15
num_cat=0
split_feature=151 151 151 104 154 104 152 50 10 109 154 155 104 56
split_gain=494.312 95.5361 56.4869 22.5637 22.1506 19.008 18.2366 15.277 14.4227 13.4229 13.2617 12.8727 12.0592 16.0648
threshold=4.2054383316843014 2.8535883538621087 5.2804079136148419 0.56458333333333344 2.0127692406526707 0.54772727272727284 0.02438220837967572 -0.14939439143411179 509.00000000000006 -0.16543040293040298 1.7837148450422828 0.31670439277212503 0.89087301587301593 -0.16025641025641021
decision_type=2 2 2 2 2 2 2 10 2 10 2 2 2 10
left_child=1 4 7 6 12 9 11 -2 -8 -6 -9 -3 -1 -14
right_child=2 3 -4 -5 5 -7 8 10 -10 -11 -12 -13 13 -15
leaf_value=0.0051321229793946941 -0.014239058069149428 -0.0037162732660536851 -0.021541119659371843 -0.004429324089308048 0.0046300287542509373 0.00015811309135406156 0.0029904494007191398 -0.0013482531350810184 -0.0063465867975405878 -0.00094542488320099568 -0.0097244130023261283 0.0072318448651878271 -0.006782891377283687 0.0033334781577077713
leaf_weight=4957.2030957192183 594.94647460430861 1150.5253316760063 571.35865742526948 1815.6398294530809 2263.684513412416 2767.8216947093606 1396.8557658419013 224.00626389309764 152.31443428248167 463.0256874114275 769.89130466431379 91.577985823154449 166.450648650527 626.81625159829855
leaf_count=46085 19953 24158 26925 32242 24004 31656 20889 6524 2303 5479 24542 1495 1738 6043
internal_value=-4.51854e-05 0.00179343 -0.0134566 -0.001841 0.00328287 0.00191276 -0.000142697 -0.010375 0.00202037 0.00368326 -0.00788469 -0.00283243 0.00458361 0.00112428
internal_weight=18012.1 15851.9 2160.2 4606.91 11245 5494.53 2791.27 1588.84 1549.17 2726.71 993.898 1242.1 5750.47 793.267
internal_count=274036 196092 77944 81087 115005 61139 48845 51019 23192 29483 31066 25653 53866 7781
is_linear=0
shrinkage=0.03


Tree=53
num_leaves=15
num_cat=0
split_feature=151 151 151 154 154 114 154 102 30 112 151 128 35 13
split_gain=470.959 89.8612 55.6509 23.2505 18.0963 16.7399 16.2282 19.1024 15.5953 15.0988 14.39 14.0633 13.9248 13.9243
threshold=4.2054383316843014 3.0563541271966739 5.2804079136148419 2.2430284353092422 1.4297488781424199 -0.041397352647322798 1.6560164723978006 0.51388888888888895 0.065503432494279187 -0.083333333333219642 0.71754226264466137 0.12565239236235162 113.50000000000001 0.53137254901960795
decision_type=2 2 2 2 2 10 2 10 2 10 2 10 10 2
left_child=1 3 9 6 -3 -6 10 8 11 -2 -1 -8 -10 -13
right_child=2 4 -4 -5 5 -7 7 -9 12 -11 -12 13 -14 -15
leaf_value=-0.00052647056778735003 -0.013942249931318422 0.0082639927365501069 -0.021342218004759914 -5.5478005841840954e-05 -0.0050420125802940995 -0.00089568044193039239 0.0044499185559658243 0.00078910427782697833 0.0037706959167053207 -0.0076355965924290465 0.0077625608166240262 0.0053081287115098099 -0.0023080374889227601 0.019882625562371917
leaf_weight=220.51688756048679 604.89137171208858 124.2647903971374 559.69991100206971 1923.85740981251 1601.8184985369444 1930.9297673851252 393.28356532379985 2450.6414236612618 5406.2435289621353 968.83054315671325 1212.6838847622275 122.13840223103762 352.10774736478925 133.90002677589655
leaf_count=2309 19982 1589 26925 23337 30456 35922 3943 27453 54499 31037 10360 1197 3730 1297
internal_value=-4.55211e-05 0.00173722 -0.0132284 0.00297161 -0.00238127 -0.00278908 0.00353674 0.00304796 0.00390801 -0.0101684 0.00649494 0.0082871 0.00339397 0.0136087
internal_weight=18005.8 15872.4 2133.42 12215.4 3657.01 3532.75 10291.5 8858.31 6407.67 1573.72 1433.2 649.322 5758.35 256.038
internal_count=274036 196092 77944 128125 67967 66378 104788 92119 64666 51019 12669 6437 58229 2494
is_linear=0
shrinkage=0.03


Tree=54
num_leaves=15
num_cat=0
split_feature=157 152 152 24 24 56 53 116 48 104 10 96 22 36
split_gain=449.803 90.0098 54.4507 25.0085 20.9654 18.0408 16.2726 14.8062 15.6265 13.8952 13.8646 13.8385 13.4868 13.4729
threshold=2.249904835165133 0.0048435661306536325 0.06579667573706377 12.519230769230772 7.4935897435897445 0.064583333333333354 0.20481492907826279 -0.024164933650236736 16.488445973662309 0.28869047619047622 423.00000000000006 0.38675213675213682 0.072004608294930897 75.000000000000014
decision_type=2 2 2 8 8 8 8 10 8 2 2 2 2 10
left_child=2 -2 4 -3 9 -6 12 13 -9 10 -1 -12 -4 -8
right_child=1 3 6 -5 5 -7 7 8 -10 -11 11 -13 -14 -15
leaf_value=-0.0099680268724675111 -0.019810817554930259 -0.0058625083850352014 0.0035852875538270284 -0.013366418994308649 -0.0056293015314994102 -6.0576341491451535e-05 0.0035864408357594159 0.007115804823547023 0.0031807304245116226 5.1319047437238282e-05 0.003994085280275575 0.017637367504356141 -0.0021790725790872489 -0.0008183747957518151
leaf_weight=43.884983088821173 705.04410546831787 1845.6859198398888 679.26779484003782 519.03445380739868 948.05927465297282 1148.1038513034582 3406.7554886192083 2104.1548409685493 1662.6161737591028 2559.9864096771926 800.87659172154963 60.474455054849386 756.5604932308197 758.55765976011753
leaf_count=669 33709 47892 6779 15460 16591 18446 33434 19592 16063 37190 11673 886 8246 7406
internal_value=-4.47201e-05 -0.0104744 0.00210819 -0.00758342 -0.000243308 -0.00260132 0.00350235 0.00403348 0.00539841 0.00118815 0.00434985 0.00523746 0.000556829 0.00278421
internal_weight=17999.1 3069.76 14929.3 2364.72 5561.39 2096.16 9367.91 7932.08 3766.77 3465.22 905.236 861.351 1435.83 4165.31
internal_count=274036 97061 176975 63352 85455 35037 91520 76495 35655 50418 13228 12559 15025 40840
is_linear=0
shrinkage=0.03


Tree=55
num_leaves=15
num_cat=0
split_feature=152 144 151 53 152 132 154 112 104 35 144 69 132 116
split_gain=430.16 79.7917 54.1829 21.1438 17.1351 17.0032 17.7104 15.4784 15.2031 14.2239 13.5612 13.4933 13.4967 13.3187
threshold=0.011917045274892232 0.04406032201926819 5.2804079136148419 0.20481492907826279 0.1070556628253632 0.10633225252717911 1.2869005265451376 -0.083333333333219642 0.84807692307692317 91.500000000000014 0.026855593942512229 2.5000000000000004 0.07912881434894016 -0.024164933650236736
decision_type=2 2 2 8 2 2 2 10 2 10 2 10 2 10
left_child=2 8 7 11 5 6 -5 -1 -2 13 -9 -3 -13 -6
right_child=1 3 -4 4 9 -7 -8 10 -10 -11 -12 12 -14 -15
leaf_value=-0.013626353698250873 -0.0014267329216281933 0.0012943384532536147 -0.020956169811946597 0.014631929357995004 0.0034838661567163213 0.016751972069740585 0.0015234184069315572 -0.010276320685380232 -0.0070614699097984917 -0.0001084136317074766 -0.0029832234097455679 0.00033433603110548501 -0.010034264083771442 0.0066094425992541915
leaf_weight=592.57238303124905 3257.6742319650948 1302.3826679550111 538.25752178579569 79.919562790542841 2692.8619108647108 54.617175154387951 4681.0472317151725 548.45288299769163 484.27591767907143 552.43024749308825 415.28928268887103 230.28861340135336 205.06647542119026 2357.7784328684211
leaf_count=19987 60661 13881 26925 815 25383 593 53805 18823 9086 5366 12411 2671 2359 21270
internal_value=-4.43559e-05 0.00164317 -0.0127737 0.00282163 0.00333193 0.00200993 0.00178873 -0.00977072 -0.00218125 0.00445973 -0.00722751 -0.000240228 -0.00472116 0.00495822
internal_weight=17992.9 15898.3 2094.57 12156.4 10418.7 4815.58 4760.97 1556.31 3741.95 5603.07 963.742 1737.74 435.355 5050.64
internal_count=274036 195890 78146 126143 107232 55213 54620 51221 69747 52019 31234 18911 5030 46653
is_linear=0
shrinkage=0.03


Tree=56
num_leaves=15
num_cat=0
split_feature=151 151 151 154 105 55 155 24 154 152 26 15 49 138
split_gain=410.233 81.9703 47.3655 21.1451 19.7257 19.1779 18.2233 19.1634 16.8765 16.2773 13.8945 13.6809 13.1067 12.647
threshold=4.2801320875317508 3.0563541271966739 5.2804079136148419 1.791334307541256 0.0023823325755953227 0.13394660894846314 0.24958975124249741 11.522727272727275 2.3575769664228465 0.032532465394676212 0.063068181818181829 -1.4852941176470578 16.121793548770565 0.079319342441232996
decision_type=2 2 2 2 2 10 2 8 2 2 2 2 8 2
left_child=1 3 -2 11 8 -6 7 10 12 -9 -3 -1 -5 -10
right_child=2 6 -4 4 5 -7 -8 9 13 -11 -12 -13 -14 -15
leaf_value=-0.001569435714077844 -0.010008749816706741 0.0031778087739156467 -0.020752592002761566 0.0061332057678153834 -0.0051015739056557794 0.0011963969614740078 0.0017076967064814875 -0.010065277176075936 -0.0071862014519827426 0.0030476846087440891 -0.0031156916747723715 0.0056540671265439529 0.002688279466462838 0.005162448017268278
leaf_weight=253.53483507037163 1390.4980486165732 361.33917489647865 527.54154033400118 1354.3578016683459 481.92350967228413 3489.9440659955144 786.17364708334208 523.87950003892183 222.40601578354836 94.07084871456027 2013.6498555839062 2552.8921414613724 3838.4201443679631 96.196035385131836
leaf_count=2327 47077 6989 26925 14010 5736 38653 12553 11288 2766 1505 39574 22911 40523 1199
internal_value=-4.40574e-05 0.00152534 -0.0131019 0.00271291 0.00203025 0.000415919 -0.00233206 -0.00339644 0.00318936 -0.00804417 -0.00214424 0.00499662 0.00360185 -0.00339328
internal_weight=17986.8 16068.8 1918.04 12289.7 9483.25 3971.87 3779.11 2992.94 5511.38 617.95 2374.99 2806.43 5192.78 318.602
internal_count=274036 200034 74002 128125 102887 44389 71909 59356 58498 12793 46563 25238 54533 3965
is_linear=0
shrinkage=0.03


Tree=57
num_leaves=15
num_cat=0
split_feature=151 151 151 153 154 18 150 52 129 145 121 17 154 105
split_gain=390.73 77.0732 46.6384 21.5937 18.3728 17.2365 15.3421 12.691 18.3456 15.6216 13.0146 12.9176 12.4745 12.1778
threshold=4.2801320875317508 2.8535883538621087 5.2804079136148419 0.30159417353151896 2.0582777734826836 0.064194139194139202 -0.35196053946053946 0.25833333333333336 1.0000000180025095e-35 0.10555555555555557 -0.0082135869931862625 14.500000000000002 1.5291899590487417 0.0012488473065396107
decision_type=2 2 2 2 2 2 8 10 2 2 10 2 2 2
left_child=1 4 12 5 7 -3 -5 11 -9 10 -10 -1 -2 -8
right_child=2 3 -4 6 -6 -7 13 8 9 -11 -12 -13 -14 -15
leaf_value=0.0027217663458616367 0.0013424622712212863 0.0008252398090120768 -0.020547488672946201 -0.0075315021256671649 0.0013849146907392888 -0.0054485915615764321 0.0024085100611945863 -0.0039009478905339978 -0.0080058275385256911 0.006238186329327787 0.0030677479718943289 -0.0068875208303831106 -0.010513326591800633 -0.0020442190515786375
leaf_weight=2680.6928901895881 81.659047041088343 513.29806457459927 517.13117539696395 201.54117579199374 4751.4846663959324 1632.6272897198796 1519.9309843312949 189.41557245701551 108.18973555415869 3109.7493869811296 411.13393540680408 117.99909583479166 1295.8578616566956 850.12460265122354
leaf_count=25871 2518 9661 26925 3386 53058 31714 25578 1989 990 28141 3777 1179 44559 14690
internal_value=-4.39469e-05 0.00147783 -0.0128745 -0.00174194 0.00281443 -0.0039526 0.000115021 0.00383545 0.0049606 0.00543727 0.000600826 0.00228206 -0.00980363 0.000808531
internal_weight=17980.8 16086.2 1894.65 4717.52 11368.7 2145.93 2571.6 6617.18 3818.49 3629.07 519.324 2798.69 1377.52 2370.06
internal_count=274036 200034 74002 85029 115005 41375 43654 61947 34897 32908 4767 27050 47077 40268
is_linear=0
shrinkage=0.03


Tree=58
num_leaves=15
num_cat=0
split_feature=152 152 152 154 35 112 152 112 52 154 112 112 108 114
split_gain=371.927 67.3813 50.3833 26.9383 17.0327 16.0337 15.1299 16.2004 14.6856 15.1304 15.6866 23.7942 14.2618 13.4333
threshold=0.011917045274892232 0.06579667573706377 0.0043933961673124156 2.0338468345065026 113.50000000000001 -0.083333333333219642 0.028245789555862797 -0.19047619047620398 0.25833333333333336 1.6271661634722758 0.19444444444442868 0.041666666666676143 0.23205128205128209 -0.078333333333307539
decision_type=2 2 2 2 10 10 2 8 10 2 8 10 8 10
left_child=2 3 -1 -2 8 -4 13 -8 -3 12 11 -11 -10 -5
right_child=1 4 5 6 -6 -7 7 -9 9 10 -12 -13 -14 -15
leaf_value=-0.019535308202367815 0.00098448024585902003 0.002036944136013543 -0.012979236516699886 -0.0096775458607601204 -0.0017304435370882234 -0.0062790016896477835 -0.0077598039526572161 -6.8570246578725499e-05 0.0031330621211891228 0.0030946502001946014 -0.00085022308357455883 0.008283225528612553 0.013386581315491067 -0.0029872007053228923
leaf_weight=582.31409974955022 3406.8806038461626 3844.2641891390085 549.59445590525866 431.04479219019413 603.36319922655821 891.31609004177153 274.90557722002268 1647.2105876840651 216.7516735419631 2834.4599888175726 539.38766998052597 1111.071882173419 303.52731544524431 739.11674557626247
leaf_count=30382 50440 38303 18799 9540 6210 28965 4237 24373 1828 27255 5086 10479 2359 15780
internal_value=-4.4259e-05 0.00149629 -0.0121122 -0.00085416 0.0031111 -0.00894201 -0.00287483 -0.00122016 0.00344357 0.00451463 0.00392768 0.0045816 0.0093224 -0.00554297
internal_weight=17975.2 15952 2023.22 6499.16 9452.83 1440.91 3092.28 1922.12 8849.46 5005.2 4484.92 3945.53 520.279 1170.16
internal_count=274036 195890 78146 104370 91520 47764 53930 28610 85310 47007 42820 37734 4187 25320
is_linear=0
shrinkage=0.03


Tree=59
num_leaves=15
num_cat=0
split_feature=151 151 151 86 154 37 12 152 95 104 50 80 24 155
split_gain=354.755 69.7543 45.2032 23.3764 20.4701 20.6169 19.5661 18.0522 17.0993 16.7123 14.153 13.5812 14.0528 12.8023
threshold=4.2801320875317508 3.2248559203275584 5.2804079136148419 0.19904908328480816 1.4297488781424199 1.0000000180025095e-35 9.5000000000000018 0.41314440273845981 0.79285714285714304 0.86515151515151534 -0.15648739142068632 -94.999999999999986 7.4027027027027037 0.19595983753227822
decision_type=2 2 2 10 2 2 2 2 2 2 10 10 8 2
left_child=1 3 -2 6 -3 13 7 -1 -5 -8 -7 -10 -13 -6
right_child=2 4 -4 8 5 10 9 -9 11 -11 -12 12 -14 -15
leaf_value=0.0078295849824861208 -0.0094044524568751842 0.0093388024148554852 -0.020141191449854889 0.010788831616398908 -0.010925973872781514 -0.0084377330116912844 0.0030246367216363724 -0.0063882532713768836 0.0019724388262465599 -0.00023951289764450896 -0.00082813766028518845 -0.0011166712133665211 -0.0082170537255702759 -0.0029173081785364057
leaf_weight=987.85385097563267 1352.8560037538409 108.41322297602892 497.57903468608856 97.285656772553921 408.22533562779427 233.2842982057482 8255.4082373864949 76.31286484003067 725.53469306230545 1699.7141595818102 1971.7447119336575 878.18572863563895 339.59092430397868 337.45661417581141
leaf_count=8338 47077 1466 26925 1169 9073 4982 86462 802 8749 18638 39268 10352 4251 6484
internal_value=-4.41548e-05 0.00138799 -0.0124303 0.00234296 -0.00268047 -0.00316707 0.00288853 0.00673538 -0.000602743 0.0024678 -0.00168478 -0.0012513 -0.00317258 -0.00743067
internal_weight=17969.4 16119 1850.44 13059.9 3059.12 2950.71 11019.3 1064.17 2040.6 9955.12 2205.03 1943.31 1217.78 745.682
internal_count=274036 200034 74002 138761 61273 59807 114240 9140 24521 105100 44250 23352 14603 15557
is_linear=0
shrinkage=0.03


Tree=60
num_leaves=15
num_cat=0
split_feature=157 152 151 81 24 155 21 126 52 152 22 85 63 112
split_gain=338.507 77.6575 39.1853 22.9757 22.8579 14.7127 14.9769 16.7426 13.8718 13.0878 11.9445 17.1135 11.7973 21.0266
threshold=2.249904835165133 0.0048435661306536325 2.2137389487888997 0.72499999999999798 12.519230769230772 0.24414981615364431 1.5000000000000002 -0.24999999999999994 0.25833333333333336 0.032532465394676212 0.089871794871794877 -0.76009110339691677 3.5833333333333335 0.18753399378397265
decision_type=2 2 2 10 8 2 2 2 10 2 2 10 10 10
left_child=2 -2 8 5 -3 6 7 -4 10 -9 -1 -12 -10 -14
right_child=1 4 3 -5 -6 -7 -8 9 12 -11 11 -13 13 -15
leaf_value=0.0028820455444089239 -0.018566422255347149 -0.0050586384180628585 -0.0075885271893930501 -0.004377301294621664 -0.01238125144531157 0.0032569448917534839 0.0010073510605827099 -0.0059512837997885747 0.0025658385719743021 0.0019096687145181181 -0.0094274663267793993 0.0007920807776015885 0.0070684596613084698 0.00029334719732842244
leaf_weight=2479.8571523353457 634.43919138237834 1791.0323874745518 421.24492058344185 873.40381505526602 492.48840783722699 1586.5242768805474 3247.5311561860144 254.92617806233466 2032.350384965539 634.19264634698629 163.15438216924667 845.91608149558306 1985.9272339195013 520.93357918411493
leaf_count=23625 33709 47892 6473 14476 15460 21000 45934 5177 18761 8125 1662 8843 18225 4674
internal_value=-4.41622e-05 -0.00936841 0.00177168 0.000133184 -0.0067084 0.000783429 -8.54178e-05 -0.00277442 0.00320105 -0.000405549 0.00176735 -0.00097418 0.00429358 0.00567069
internal_weight=17963.9 2917.96 15046 7017.82 2283.52 6144.42 4557.89 1310.36 8028.14 889.119 3488.93 1009.07 4539.21 2506.86
internal_count=274036 97061 176975 101185 63352 86709 65709 19775 75790 13302 34130 10505 41660 22899
is_linear=0
shrinkage=0.03


Tree=61
num_leaves=15
num_cat=0
split_feature=151 144 151 151 81 37 104 145 8 57 50 116 32 51
split_gain=323.935 77.4498 33.4533 26.4808 21.9234 18.4479 15.1583 14.8717 14.6048 14.3835 13.9054 13.0475 17.0176 14.5985
threshold=4.4349746333048614 0.033732823398682069 5.2804079136148419 1.9670879050346399 0.75000000000000366 1.0000000180025095e-35 0.30277777777777787 0.12916666666666668 2.5000000000000004 0.37224945533762371 -0.24765614908753172 -0.024164933650236736 6.3405797101449286 0.18762299120953688
decision_type=2 2 2 2 10 2 2 2 2 10 10 10 10 10
left_child=1 5 -2 7 6 -1 9 -3 -6 -5 -7 12 13 -9
right_child=2 3 -4 4 8 10 -8 11 -10 -11 -12 -13 -14 -15
leaf_value=-0.0095807907118810095 -0.0099167128019669246 0.001731595811336135 -0.019740292309373728 0.0045823673978465096 0.0063813175638094575 -0.013773615301751575 0.00057588107976418949 0.0044583045044686289 -0.0052238623875813413 -0.0068190509391345367 -0.0019671412803819624 0.0064623031870329022 -0.0059305636493868167 -0.0066821714383968889
leaf_weight=450.66792212426662 1058.4302657023072 2838.3367528989911 479.57020978815854 1528.4589080438018 99.194540539756417 81.492408325895667 5462.753276668489 1607.8004120513797 737.19766571372747 93.410675458610058 1460.2074485085905 1793.8481096401811 167.03717567026615 100.18336787074804
leaf_count=10983 39136 27066 26925 19257 1499 1972 69550 14875 10882 1124 32309 15922 1608 928
internal_value=-4.43528e-05 0.00119318 -0.0131409 0.00195961 0.00079225 -0.00433028 0.00133641 0.00337552 -0.00375933 0.00386924 -0.00271792 0.00463507 0.00284953 0.00375236
internal_weight=17958.6 16420.6 1538 14428.2 7921.02 1992.37 7084.62 6507.21 836.392 1621.87 1541.7 3668.87 1875.02 1707.98
internal_count=274036 207975 66061 162711 102312 45264 89931 60399 12381 20381 34281 33333 17411 15803
is_linear=0
shrinkage=0.03


Tree=62
num_leaves=15
num_cat=0
split_feature=151 144 151 152 81 105 145 10 154 37 35 31 122 153
split_gain=308.684 73.0977 32.9253 25.0721 22.344 18.4317 15.3866 14.6664 16.5962 14.5122 14.1674 12.6474 13.302 11.6292
threshold=4.4349746333048614 0.033732823398682069 5.2804079136148419 0.11064625738982067 0.75000000000000366 0.0032668415231732859 0.26969696969696971 429.00000000000006 1.6696024277412966 1.0000000180025095e-35 111.50000000000001 0.30422473867595823 0.11134912480275955 0.34194808769816071
decision_type=2 2 2 2 10 2 2 2 2 2 10 2 2 2
left_child=1 5 13 4 7 9 10 -3 -9 -1 -5 -10 -13 -2
right_child=2 3 -4 6 -6 -7 -8 8 11 -11 -12 12 -14 -15
leaf_value=-0.0075040271472767107 -0.012404275192813327 -0.0034444420547294903 -0.019528436064307354 0.003075037559730764 -0.0038509298441793001 -0.0085342919365893385 0.0068708510875531608 0.0052336179406432962 0.00076519378897994068 -0.00047178047289612703 -0.002829179335409375 -0.0045087273632111041 0.012600917559865789 -0.0056864568717251134
leaf_weight=339.94690495543182 609.93130289949477 526.8652359098196 470.52986389957368 5272.4835189878941 832.13500371202826 603.94036486931145 908.11214710026979 995.53228579089046 5343.7294653207064 1040.957781067118 381.48566205054522 46.485751483589411 142.79128872975707 438.6502479929477
leaf_count=8308 23153 6905 26925 49152 12365 13832 7818 11216 69127 23124 3798 579 1751 15983
internal_value=-4.48219e-05 0.00115552 -0.012915 0.00189785 0.000755658 -0.00422229 0.00326589 0.00130599 0.00169638 -0.00226499 0.00267024 0.0010475 0.00837633 -0.00971386
internal_weight=17953.6 16434.5 1519.11 14449.6 7887.54 1984.85 6562.08 7055.4 6528.54 1380.9 5653.97 5533.01 189.277 1048.58
internal_count=274036 207975 66061 162711 101943 45264 60768 89578 82673 31432 52950 71457 2330 39136
is_linear=0
shrinkage=0.03


Tree=63
num_leaves=15
num_cat=0
split_feature=152 144 151 151 105 81 155 154 152 154 108 58 22 78
split_gain=294.495 72.2146 28.3424 24.1117 18.8907 16.7292 14.5388 13.2453 13.1635 13.4804 12.9861 12.2019 12.1122 11.4884
threshold=0.0088623409348470451 0.033732823398682069 5.2804079136148419 2.2137389487888997 0.0032668415231732859 0.75000000000000366 0.24958975124249741 2.230512928841653 0.36099178573550711 1.5511502758327356 0.23205128205128209 0.87083333333333346 0.060172413793103459 1.0000000180025095e-35
decision_type=2 2 2 2 2 10 2 2 2 2 8 8 2 10
left_child=2 4 11 7 -2 6 12 8 9 10 -3 -1 -5 -11
right_child=1 3 -4 5 -6 -7 -8 -9 -10 13 -12 -13 -14 -15
leaf_value=-0.0069445914186993989 -0.0022329423086719737 0.00082599920698030161 -0.019315356148738316 0.0039847509728847107 -0.0084828950354534343 -0.0037943103390421853 0.0036422615073417671 0.00010363076001312742 -0.00057351919890710431 0.0041752847393071767 0.013052985831387177 -0.014328378296325411 -0.00052593843052062121 0.00084986170285678171
leaf_weight=583.48972594551742 1443.0630656518042 114.06819056719542 461.74805224873126 611.82131436467171 618.93536660820246 725.54119277186692 1394.6967092566192 1273.5980992987752 661.00053513795137 4600.1276799291372 249.13370563834906 353.40149331092834 3674.0040327459574 1183.7094190046191
leaf_count=21840 33449 863 26925 8175 14451 11262 16929 13563 6517 42216 1884 14182 51033 10747
internal_value=-4.48818e-05 0.00107682 -0.0131882 0.00182522 -0.00415666 0.000448863 0.000999385 0.00291336 0.0034376 0.00386926 0.00939801 -0.0099117 0.000129635 0.00349867
internal_weight=17948.3 16549.7 1398.64 14487.7 2062 6406.06 5680.52 8081.64 6808.04 6147.04 363.202 936.891 4285.83 5783.84
internal_count=274036 211089 62947 163189 47900 87399 76137 75790 62227 55710 2747 36022 59208 52963
is_linear=0
shrinkage=0.03


Tree=64
num_leaves=15
num_cat=0
split_feature=152 152 152 35 56 111 105 24 155 130 37 153 15 11
split_gain=280.867 67.9503 27.2975 21.0845 20.0498 15.6933 15.2873 21.536 14.5386 13.8793 12.7904 12.7799 12.6215 12.3819
threshold=0.0088623409348470451 0.02438220837967572 0.0033520721995408289 91.500000000000014 0.071428571428571425 -0.22204057305621291 0.0018998180121630392 7.7550000000000008 0.21560530584071833 0.074377443918501762 1.0000000180025095e-35 0.31692723612697682 0.31696428571428475 8.5000000000000018
decision_type=2 2 2 10 10 10 2 8 2 2 2 2 2 10
left_child=2 8 -1 4 6 -4 -3 -8 10 -6 -2 -7 -11 -12
right_child=1 3 5 -5 9 11 7 -9 -10 12 13 -13 -14 -15
leaf_value=-0.020546496583170756 -0.0098468419895460773 0.0022807933631290465 -0.014471968590202843 -0.0014252047004438952 -0.0012661850070873702 -0.011096707538428537 0.00074950225855687923 -0.0061015312714093502 -0.00030968376079116899 0.0026345994623666186 -0.0045781335632877392 -0.0022202172876843104 0.0058466372570940735 0.0053541781435520021
leaf_weight=328.62012830749154 391.61263377778232 4915.6135402359068 464.58149824850261 1567.2729087769985 445.93853598833084 292.8672782368958 2213.6099597364664 491.99777206405997 827.61286139674485 2252.0025529302657 1116.1116599384695 295.46255242079496 2226.6711608730257 112.91764312051237
leaf_count=19546 10210 53740 20160 18329 5031 11754 24957 6363 16871 23526 26666 11487 22670 2726
internal_value=-4.4648e-05 0.00104393 -0.0129652 0.00184475 0.00225446 -0.0103436 0.00128632 -0.000523087 -0.00355557 0.00374427 -0.00519511 -0.00680491 0.00424572 -0.00361204
internal_weight=17942.9 16561.4 1381.53 14113.1 12545.8 1052.91 7621.22 2705.61 2448.25 4924.61 1620.64 588.33 4478.67 1229.03
internal_count=274036 211089 62947 154616 136287 43401 85060 31320 56473 51227 39602 23241 46196 29392
is_linear=0
shrinkage=0.03


Tree=65
num_leaves=15
num_cat=1
split_feature=152 144 151 152 81 105 145 24 2 57 35 58 89 124
split_gain=267.897 65.0488 27.5485 22.2508 20.0753 18.1403 14.0108 13.7705 16.3355 13.9579 12.7272 11.7489 11.7264 12.4037
threshold=0.0088623409348470451 0.033732823398682069 5.2804079136148419 0.11064625738982067 0.75000000000000366 0.0032668415231732859 0.26969696969696971 3.50925925925926 0 0.38461538461550998 111.50000000000001 0.87083333333333346 -0.33664037611230119 1.7500000000000002
decision_type=2 2 2 2 10 2 2 10 9 10 10 8 8 10
left_child=2 5 11 4 7 -2 10 8 -3 12 -5 -1 -9 -14
right_child=1 3 -4 6 -6 -7 -8 9 -10 -11 -12 -13 13 -15
leaf_value=-0.0065946560488299279 -0.0020891564393772204 -0.0046073663108985126 -0.018899408162625014 0.0028167156079229008 -0.0037258401604665725 -0.0082372480043349534 0.0064248055354238628 -0.0020644267627153439 0.00094823221357737283 -0.0047407755226423903 -0.0027800987535471777 -0.013896124349369942 0.0034199594363963121 -0.0020797476286872636
leaf_weight=575.17000367306173 1436.2327153086662 676.24900123476982 445.44721878692508 5304.1104235947132 831.15661878325045 612.63527922518551 916.64374577254057 466.11364892497659 1467.8525079451501 246.26007256284356 380.93716185539961 344.4246646091342 3836.9898369256407 398.26615182869136
leaf_count=21840 33449 8538 26925 49152 12475 14451 7818 5847 18561 2963 3798 14182 48762 5275
internal_value=-4.50561e-05 0.00101154 -0.0127451 0.00171818 0.000644299 -0.00397401 0.0030026 0.00116327 -0.000840785 0.00203166 0.00243536 -0.00950848 0.00240035 0.00289727
internal_weight=17938.5 16573.4 1365.04 14524.6 7922.89 2048.87 6601.69 7091.73 2144.1 4947.63 5685.05 919.595 4701.37 4235.26
internal_count=274036 211089 62947 163189 102421 47900 60768 89946 27099 62847 52950 36022 59884 54037
cat_boundaries=0 1
cat_threshold=265
is_linear=0
shrinkage=0.03


Tree=66
num_leaves=15
num_cat=0
split_feature=151 151 151 86 12 154 95 37 120 40 39 104 80 24
split_gain=255.517 48.129 39.1128 19.3815 16.2686 16.2464 15.6093 15.2359 14.5148 18.1905 16.0729 14.2726 12.1298 14.0941
threshold=4.2801320875317508 3.2939815763060616 5.2804079136148419 0.19904908328480816 9.5000000000000018 1.4297488781424199 0.79285714285714304 1.0000000180025095e-35 2.5000000000000004 0.29166666666666669 9.2250000000000014 0.83854166666666685 -94.999999999999986 7.4027027027027037
decision_type=2 2 2 10 2 2 2 2 8 10 10 2 10 8
left_child=1 3 -2 4 -1 -3 -5 -7 9 10 -6 -10 -8 -14
right_child=2 5 -4 6 8 7 12 -9 11 -11 -12 -13 13 -15
leaf_value=0.0058088082437589101 -0.008180193827796561 0.0086201534574314575 -0.018683081506506577 0.0098784885009184573 0.00442637204037458 -0.0068242098903887691 0.0016159508743388872 -0.0016037963968360772 0.0017799590459318026 -0.0017428213482694433 -0.010747451536464293 -0.0018049574772439412 -0.0011174348579754384 -0.0080735934002520802
leaf_weight=1096.7346136793494 1281.9677225649357 99.76598121970892 437.38317934051156 102.411287214607 3443.5335397049785 665.34219437092543 753.91786444932222 1988.7653157766908 4981.452930111438 533.28806372359395 50.156311843544245 1236.5222001038492 905.13293594494462 357.59256453812122
leaf_count=9304 47077 1360 26925 1237 35449 14560 9168 41139 52500 5771 635 13610 10723 4578
internal_value=-4.5526e-05 0.00112413 -0.0109905 0.00186345 0.00235503 -0.00248012 -0.000765665 -0.00294347 0.00197734 0.00337778 0.00416352 0.00106443 -0.00137515 -0.00315901
internal_weight=17934 16214.6 1719.35 13460.7 11341.7 2753.87 2119.05 2654.11 10245 4026.98 3493.69 6217.98 2016.64 1262.73
internal_count=274036 200034 74002 142975 117269 57059 25706 55699 107965 41855 36084 66110 24469 15301
is_linear=0
shrinkage=0.03


Tree=67
num_leaves=15
num_cat=0
split_feature=151 152 151 154 109 138 155 132 84 146 152 136 111 99
split_gain=244.106 61.7608 23.6468 19.995 14.3385 15.1445 13.9335 13.6892 12.8623 13.6063 14.754 13.5893 12.5685 12.4745
threshold=4.5533502986082128 0.02438220837967572 5.480430546593821 2.1317095770198229 -0.057217261904761944 0.057039051208099316 0.20840153801199365 0.10346653346653349 0.2541458281402153 9.5000000000000018 0.41314440273845981 0.07912881434894016 -0.22204057305621291 -0.24255232048264788
decision_type=2 2 2 2 10 2 2 2 10 2 2 2 10 10
left_child=1 6 12 7 5 -5 -1 8 9 10 -3 13 -2 -10
right_child=2 3 -4 4 -6 -7 -8 -9 11 -11 -12 -13 -14 -15
leaf_value=-0.005106896320266229 -0.013993064215511145 0.0068456073952228632 -0.020072615604670576 -0.0052897939779877967 -0.0032235288917748313 0.0015466813951501091 -0.00048894711085449279 0.011274955365885945 0.0088236117093295329 0.0022718265446235518 -0.0059997220510485437 -0.0035182197037749107 -0.0066821693975397615 0.00028007145784244718
leaf_weight=1580.4747951570898 421.5772984046489 1008.4357501864433 305.28435813449323 307.17200885340571 955.99812479689717 3090.9600502923131 936.73014742508531 141.1517616212368 182.37630522996187 7062.068237695843 76.002611249685287 641.1166008040309 517.97145150229335 701.67483998835087
leaf_count=39548 19339 8486 19206 3718 13554 36635 19747 1363 2399 71963 792 7451 21580 8255
internal_value=-4.51713e-05 0.000915546 -0.012779 0.00168539 -6.94267e-06 0.000908171 -0.00340149 0.00243517 0.0022889 0.00276149 0.00587577 -0.000237682 -0.0101309 0.00216038
internal_weight=17929 16684.2 1244.83 14167 4354.13 3398.13 2517.2 9812.83 9671.67 8146.51 1084.44 1525.17 939.549 884.051
internal_count=274036 213911 60125 154616 53907 40353 59295 100709 99346 81241 9278 18105 40919 10654
is_linear=0
shrinkage=0.03


Tree=68
num_leaves=15
num_cat=0
split_feature=152 144 152 24 128 18 154 58 136 137 23 37 35 11
split_gain=232.841 55.4228 25.8858 20.189 22.4951 17.3764 17.0597 15.8913 14.1797 14.1554 16.8188 13.2445 12.1806 18.1211
threshold=0.0088623409348470451 0.033732823398682069 0.0033520721995408289 7.4027027027027037 0.17976396805225958 0.068404634581105184 1.7373324713914402 0.87083333333333346 0.11838294448913919 322.50000000000006 0.18801229508196723 1.0000000180025095e-35 70.500000000000014 8.5000000000000018
decision_type=2 2 2 8 8 2 2 8 2 2 2 2 10 10
left_child=2 11 -1 5 -5 9 -7 -4 -8 10 -3 -2 -13 -14
right_child=1 3 7 4 -6 6 8 -9 -10 -11 -12 12 13 -15
leaf_value=-0.019764867031430759 -0.0081013277580944953 0.010952170042918834 -0.0063446548005103073 -0.0027644041539379564 0.0019202021793018249 0.0043168127613405528 0.00037658794264372263 -0.014298910241780528 0.015566880288540485 0.0061296402427361675 0.0017634535732120179 -0.00069179142037502426 -0.0096144281029366969 0.0049052356880715129
leaf_weight=304.7615130674094 461.20389667525887 179.23624383285642 626.82290510460734 1778.1043843831867 1885.5113558005542 1320.9577216543257 5419.3941567502916 387.44197499193251 40.893891841173172 1448.3431028388441 2502.9977570921183 1138.4511566441506 341.39909833483398 88.684080542996526
leaf_count=19546 11887 2180 25824 24005 22195 12644 61161 17577 440 14918 25646 26027 7927 2059
internal_value=-4.49759e-05 0.000922965 -0.0121037 0.00157046 -0.000355432 0.00221667 0.00127772 -0.00954723 0.000532688 0.00374796 0.00243497 -0.00370405 -0.0023466 -0.00655603
internal_weight=17924.2 16605.2 1319.03 14575.4 3663.62 10911.8 6781.25 1014.26 5460.29 4130.58 2682.23 2029.74 1568.53 430.083
internal_count=274036 211089 62947 163189 46200 116989 74245 43401 61601 42744 27826 47900 36013 9986
is_linear=0
shrinkage=0.03


Tree=69
num_leaves=15
num_cat=0
split_feature=152 144 152 152 154 116 58 49 86 105 145 99 63 32
split_gain=221.94 52.3712 25.4558 19.9207 15.8362 15.9735 15.4383 15.132 15.3054 14.3802 11.6755 12.9416 11.5397 12.7604
threshold=0.0088623409348470451 0.03325375200167139 0.0033520721995408289 0.1070556628253632 1.3772626059130288 -0.19499316393223901 0.87083333333333346 15.892346318539543 0.21457223067463932 0.0032668415231732859 0.12916666666666668 -0.023566359952152224 3.8333333333333335 6.6770833333333348
decision_type=2 2 2 2 2 8 8 8 8 2 2 8 10 10
left_child=2 9 -1 4 -3 -6 -4 8 -7 -2 -5 -12 13 -13
right_child=1 3 6 10 5 7 -8 -9 -10 -11 11 12 -14 -15
leaf_value=-0.01955859204499294 -0.0020295976461267564 0.0084612204666001372 -0.00619559361707949 0.001212790182529433 -0.0044538274314459645 0.0054995795146838469 -0.014072117319316979 6.3177196866396633e-06 -0.002520049033790345 -0.0077177968439632056 -0.00023473214227147189 0.0033650911025225458 0.0064264992605644836 -0.0086542858023794071
leaf_weight=298.98246693518013 1340.0535599850118 201.81314766407013 623.06533006951213 2879.3318815231323 586.83150016516447 926.33004127815366 382.19744428712875 5848.2953537534922 267.55478454381227 565.74475862830877 625.34980724751949 1814.5302283987403 1490.5422297269106 69.027833662927151
leaf_count=19546 31871 2170 25824 27119 8322 11745 17577 76240 4027 13701 6239 16122 12903 630
internal_value=-4.43484e-05 0.000895245 -0.0118884 0.00150229 0.000465975 0.000238285 -0.00935308 0.000637919 0.00369338 -0.00376525 0.00267844 0.00372514 0.00445685 0.00285972
internal_weight=17919.7 16615.4 1304.25 14709.6 7830.82 7629.01 1005.26 7042.18 1193.88 1905.8 6878.78 3999.45 3374.1 1883.56
internal_count=274036 211089 62947 165517 102504 100334 43401 92012 15772 45572 63013 35894 29655 16752
is_linear=0
shrinkage=0.03


Tree=70
num_leaves=15
num_cat=0
split_feature=152 152 152 154 58 81 80 137 24 57 35 139 105 11
split_gain=211.497 50.1451 25.0186 18.2012 14.9906 14.6285 18.2838 16.0443 16.0306 21.2652 13.2502 13.1195 12.8754 12.7457
threshold=0.0088623409348470451 0.02438220837967572 0.0033520721995408289 2.275344184745427 0.87083333333333346 0.72499999999999798 70.000000000000128 229.50000000000003 2.5192307692307696 -1.0000000180025095e-35 69.500000000000014 3097.0000000000005 0.00366366302779346 4.5000000000000009
decision_type=2 2 2 2 8 10 10 2 10 8 10 2 2 8
left_child=2 12 -1 5 -4 8 7 13 9 -3 -5 -10 -2 -7
right_child=1 3 4 10 -6 6 -8 -9 11 -11 -12 -13 -14 -15
leaf_value=-0.019351142896093819 -0.0018303252241699958 -0.0053944147760694068 -0.006049219679728433 0.00024552045815899658 -0.01384623616035832 0.0082518626441505302 -0.010641269739358626 -0.0038457256381157329 0.0021419457012662691 0.0014312036930724038 -0.0056810303631400823 0.0047560931914935262 -0.0068839961215371821 -0.0048510129929451003
leaf_weight=293.36818258091807 1813.2924031931907 466.21403585001826 619.41655430290848 1260.3453656807542 377.10200756136328 249.4558237940073 154.99221989512444 375.83106740191579 5925.231714848429 2795.1834512017667 449.12120577320457 2458.7403933405876 598.57907306775451 78.262315027415752
leaf_count=19546 41908 5103 25824 16008 17577 3233 2029 4870 62041 28910 5972 25441 14565 1009
internal_value=-4.43389e-05 0.000867724 -0.0116747 0.00154687 -0.00916134 0.0019437 -0.00181116 0.000315646 0.00222249 0.000435258 -0.00134741 0.00291571 -0.00311934 0.0050474
internal_weight=17915.1 16625.2 1289.89 14213.4 996.519 12503.9 858.541 703.549 11645.4 3261.4 1709.47 8383.97 2411.87 327.718
internal_count=274036 211089 62947 154616 43401 132636 11141 9112 121495 34013 21980 87482 56473 4242
is_linear=0
shrinkage=0.03


Tree=71
num_leaves=15
num_cat=0
split_feature=151 151 151 35 102 12 152 35 21 50 87 116 49 154
split_gain=202.349 50.5913 22.7922 18.7765 16.9625 15.7871 17.1881 13.9803 13.9287 13.4669 16.0027 13.5382 13.403 12.1304
threshold=4.5533502986082128 3.2939815763060616 5.650908969611069 69.500000000000014 0.81980519480519487 9.5000000000000018 0.41314440273845981 111.50000000000001 3.5000000000000004 0.024748805746705575 0.63685185185158855 0.1428571428571444 16.044838163924094 1.5710959258255943
decision_type=2 2 2 8 10 2 2 10 2 10 10 10 8 2
left_child=1 4 8 9 5 6 -1 12 13 11 -11 -3 -7 -2
right_child=2 3 -4 -5 -6 7 -8 -9 -10 10 -12 -13 -14 -15
leaf_value=0.006300015038784689 0.00056480383959382069 -0.0038398959767528482 -0.02113383996002224 -0.0055883085778081496 -0.001970462454883872 0.0038512751443980247 -0.0073710942703992558 -0.0021649999658728768 -0.0051558703569560228 0.0087235251135396805 -0.00085970026675535535 0.0040281680057112192 0.0012916522603580872 -0.014028815101546596
leaf_weight=1054.271865516901 55.240298232063651 1134.9941142369062 198.15268243476748 1167.6526465341449 1083.6757997572422 2377.3193461596966 77.314585216343403 819.32033326476812 397.07566301431507 233.30914259701967 419.24807297810912 224.66278513893485 8130.4213011749089 538.65235742740333
leaf_count=8709 2429 25421 13466 27099 13400 24407 805 9341 18014 4838 8628 4950 86313 26216
internal_value=-4.48578e-05 0.000809731 -0.011923 -0.00258749 0.00160941 0.00192279 0.00528174 0.00158069 -0.00979357 -0.000817698 0.00268562 -0.00251005 0.00187542 -0.0126909
internal_weight=17911.3 16722.2 1189.12 3179.87 13542.3 12458.6 1131.59 11327.1 990.968 2012.21 652.557 1359.66 10507.7 593.893
internal_count=274036 213911 60125 70936 142975 129575 9514 120061 46659 43837 13466 30371 110720 28645
is_linear=0
shrinkage=0.03


Tree=72
num_leaves=15
num_cat=0
split_feature=151 152 151 154 21 136 152 152 153 12 129 8 139 89
split_gain=192.892 47.6449 22.483 16.9684 13.4806 12.7703 12.5819 14.1987 13.2015 12.6509 14.9174 16.0037 13.6332 12.7004
threshold=4.5533502986082128 0.02438220837967572 5.650908969611069 2.2430284353092422 3.5000000000000004 0.11838294448913919 0.12250214135311432 0.26353257994069657 0.5268858976673908 7.5000000000000009 1.5000000000000002 2.5000000000000004 226.50000000000003 -0.33664037611230119
decision_type=2 2 2 2 2 2 2 2 2 2 2 2 2 10
left_child=1 -1 4 5 -2 6 9 -8 -9 -3 11 -11 -13 -12
right_child=2 3 -4 -5 -6 -7 7 8 -10 10 13 12 -14 -15
leaf_value=-0.0030354768193408162 -0.012468963972161969 0.010664776537844426 -0.020945720679595718 -0.00094094895938413728 -0.0050309334193427034 0.013893058659659408 0.0039804888960510458 0.0013400488770996806 -0.0089876218351352122 0.0014137355763481217 -0.0023117174104945143 0.0024160500845191403 -0.0056490910505269986 0.0023395250804536076
leaf_weight=2485.9630371835083 586.74721163697541 103.84562158212066 194.13016736414284 2235.0437347218394 395.1308741690591 64.726722665131092 3571.8632624596357 1527.100118868053 105.12450104951859 979.74309042468667 596.1924591511488 233.57280586659908 829.29215797781944 3998.5640331059694
leaf_count=59295 28645 894 13466 28504 18014 625 31497 13824 1090 11179 7234 2828 10359 46582
internal_value=-4.47454e-05 0.00078496 -0.0117102 0.00145417 -0.00959646 0.00190052 0.00181819 0.00292471 0.000599102 0.00095938 0.000783829 -0.00134263 -0.00386776 0.00173044
internal_weight=17907 16731 1176.01 14245.1 981.878 12010 11945.3 5204.09 1632.22 6741.21 6637.36 2042.61 1062.86 4594.76
internal_count=274036 213911 60125 154616 46659 126112 125487 46411 14914 79076 78182 24366 13187 53816
is_linear=0
shrinkage=0.03


Tree=73
num_leaves=15
num_cat=0
split_feature=152 144 152 152 154 114 145 58 37 105 89 105 154 132
split_gain=183.121 43.4212 23.9323 17.5922 17.0834 18.6711 14.7673 14.6426 14.6179 25.8671 17.0461 13.3555 13.1333 11.5731
threshold=0.0088623409348470451 0.03325375200167139 0.0033520721995408289 0.14680196563243927 1.3772626059130288 -0.20379412254415 0.12916666666666668 0.87083333333333346 1.0000000180025095e-35 0.0038663135626450834 -0.28967906509923308 0.0032668415231732859 2.275344184745427 0.10633225252717911
decision_type=2 2 2 2 2 8 2 8 2 2 8 2 2 2
left_child=2 11 -1 4 -3 -6 -5 -4 9 10 -7 -2 13 -10
right_child=1 3 7 6 5 8 -8 -9 12 -11 -12 -13 -14 -15
leaf_value=-0.018754969885283645 -0.0018053585600334833 0.0084158085332043872 -0.0055105585670981623 0.0013639093841420142 -0.0037625325386333123 -0.011581109881990705 0.004719576115607956 -0.013289488597584335 0.0017629540727565802 -0.0094415098366876869 0.00088578733166729884 -0.0073198619698852888 -0.0020147255290500327 0.011974069519333996
leaf_weight=278.25168546941131 1330.246888011694 231.52670425921679 606.30847218073905 2739.6757454052567 860.6437787823379 90.830610467121005 2082.724437661469 365.0439614308998 6075.5171342175454 295.60750946588814 1451.6507494393736 556.66629813425243 850.71021109446883 87.117750179022551
leaf_count=19546 31871 2373 25824 25653 11475 1207 17871 17577 72642 4181 18538 13701 10638 939
internal_value=-4.42619e-05 0.000790813 -0.0110503 0.00133918 0.000616239 0.000417614 0.00282331 -0.0085916 0.000829736 -0.00154288 4.71946e-05 -0.00347712 0.00145353 0.00193603
internal_weight=17902.5 16652.9 1249.6 14766 9943.6 9712.08 4822.4 971.352 8851.43 1838.09 1542.48 1886.91 7013.35 6162.63
internal_count=274036 211089 62947 165517 121993 119620 43524 43401 108145 23926 19745 45572 84219 73581
is_linear=0
shrinkage=0.03


Tree=74
num_leaves=15
num_cat=0
split_feature=151 144 151 58 30 35 12 151 129 23 94 138 52 112
split_gain=175.445 48.8835 19.3535 16.5674 15.7658 15.5401 13.5899 13.6269 13.2039 12.8337 12.4338 17.1336 12.3349 12.8015
threshold=4.6303503656575673 0.03325375200167139 5.650908969611069 0.93095238095238109 0.067874692874692888 70.500000000000014 8.5000000000000018 2.411429443309669 3.5000000000000004 0.21490147783251232 0.095454545454545472 0.079319342441232996 0.087121212121212141 -0.19999999999995069
decision_type=2 2 2 10 2 8 2 2 2 2 2 2 8 10
left_child=1 5 8 4 -3 -1 -6 9 -2 10 -8 12 -12 -14
right_child=2 3 -4 -5 6 -7 7 -9 -10 -11 11 -13 13 -15
leaf_value=-0.0016090833360808084 -0.012683767490099057 0.0043236599285371409 -0.02058395722643341 -0.0049495366140771659 0.005270680306761105 -0.0070319191762798 -0.0031681565255892653 -0.0004286280548987628 -0.0047997691217086602 0.0011742649115589478 0.015784978709762698 0.012020502495706749 -0.0076621412368047415 0.0037417259506195015
leaf_weight=1292.1756920404732 514.98239697609097 1531.8785693850368 186.78674129303545 357.98432468995452 657.22546150535345 749.2885852959007 140.97056247293949 4489.1802769992501 342.19924784637988 6788.7501631975174 46.012920595705509 283.06349635124207 96.538360215723515 421.35954161733389
leaf_count=31605 26440 16972 13466 5367 6038 19661 1263 64536 16334 64349 469 2666 950 3920
internal_value=-4.433e-05 0.00069926 -0.0118891 0.00129983 0.00145957 -0.00363623 0.00111545 0.000886641 -0.00967304 0.00164526 0.00481575 0.00617661 0.00300772 0.00146016
internal_weight=17898.4 16854.4 1043.97 14813 14455 2041.46 12923.1 12265.9 857.182 7776.7 987.945 846.974 563.911 517.898
internal_count=274036 217796 56240 166530 161163 51266 144191 138153 42774 73617 9268 8005 5339 4870
is_linear=0
shrinkage=0.03


Tree=75
num_leaves=15
num_cat=0
split_feature=151 144 151 152 114 35 37 107 104 154 21 136 152 154
split_gain=167.303 46.1214 19.0884 16.0086 15.305 14.808 13.6293 26.4873 14.8522 13.5329 12.8871 12.6369 12.3568 13.1475
threshold=4.6303503656575673 0.03325375200167139 5.650908969611069 0.14680196563243927 -0.20379412254415 70.500000000000014 1.0000000180025095e-35 0.0060249740636870589 0.37867647058823534 2.275344184745427 3.5000000000000004 0.11959154351395733 0.36099178573550711 1.8320841984596787
decision_type=2 2 2 2 8 8 2 2 2 2 2 2 2 2
left_child=1 5 10 4 -3 -1 7 -6 -9 11 -2 -8 13 -5
right_child=2 3 -4 12 6 -7 9 8 -10 -11 -12 -13 -14 -15
leaf_value=-0.0015636618994824209 -0.012472882967958492 -0.0031591780376034133 -0.020391990658003661 0.0062284879731975187 0.00022944771823266155 -0.0068690255404845564 0.0018883355172810805 0.0015213833141256262 -0.01327966890195763 -0.0019942093344763267 -0.0046608851993686388 0.017290497083108515 -0.001087329898785483 0.0023034594624702269
leaf_weight=1290.2845517564565 509.05910939257592 885.93323131836951 183.08618366345763 1017.297444909811 1600.5984946899116 744.47536757215858 6325.3069627154619 79.403135629370809 213.03692246414721 850.17508625239134 340.3372721420601 33.566500086337328 670.00809378176928 3151.6343238800764
leaf_count=31605 26454 11845 13466 7881 20945 19661 75440 949 2833 10638 16320 356 6517 29126
internal_value=-4.37791e-05 0.000678333 -0.0116776 0.00126034 0.000572515 -0.00354084 0.000940332 -0.00131755 -0.00938274 0.00153474 -0.00947796 0.00201014 0.00267392 0.00328014
internal_weight=17894.2 16861.7 1032.48 14827 9988.02 2034.76 9102.09 1893.04 292.44 7209.05 849.396 6358.87 4838.94 4168.93
internal_count=274036 217796 56240 166530 123006 51266 111161 24727 3782 86434 42774 75796 43524 37007
is_linear=0
shrinkage=0.03


Tree=76
num_leaves=15
num_cat=0
split_feature=151 144 151 55 50 130 35 96 152 6 152 21 129 99
split_gain=159.505 43.505 18.8168 15.5135 16.5194 14.4788 14.1066 13.4335 13.1212 12.6523 13.1736 12.4604 12.195 18.5056
threshold=4.6303503656575673 0.03325375200167139 5.650908969611069 0.17855477855543242 0.038845807809147821 0.074377443918501762 70.500000000000014 0.26969696969696971 0.13656856474610526 4.5000000000000009 0.17804574776847867 3.5000000000000004 8.5000000000000018 -0.20737872368432589
decision_type=2 2 2 8 10 2 8 2 2 2 2 2 2 8
left_child=1 6 11 -3 8 -6 -1 -7 12 -10 -11 -2 -5 -14
right_child=2 3 -4 4 5 7 -8 -9 9 10 -12 -13 13 -15
leaf_value=-0.0015194606623943128 -0.012253042656044351 -0.001493505733253217 -0.020198788523950108 -0.0010376835287144561 -0.0022719942727574783 0.0036381818833399054 -0.0067089539855746724 -0.00015684112166300775 0.006980217326602603 0.0052546852704915487 -0.0017479192967812291 -0.0045465981564141861 0.01375755617858599 0.0011784551302107395
leaf_weight=1288.4491738602519 503.00840646587312 1668.7542119771242 179.49038667045534 3895.6513319797814 492.85076143220067 5129.9797657150775 739.80070304684341 1001.6911610737443 467.36982765048742 384.7470146343112 598.9188991189003 338.82580758817494 101.90123513713479 1098.7086537331343
leaf_count=31605 26454 18737 13466 51847 5360 51281 19661 10452 4122 3537 5423 16320 1555 14216
internal_value=-4.36305e-05 0.00065762 -0.0114678 0.0012216 0.00156689 0.00262144 -0.00344768 0.00301934 0.000496354 0.00299755 0.00102884 -0.00928521 -0.000222506 0.00240269
internal_weight=17890.1 16868.8 1021.32 14840.6 13171.8 6624.52 2028.25 6131.67 6547.3 1451.04 983.666 841.834 5096.26 1200.61
internal_count=274036 217796 56240 166530 147793 67093 51266 61733 80700 13082 8960 42774 67618 15771
is_linear=0
shrinkage=0.03


Tree=77
num_leaves=15
num_cat=0
split_feature=151 152 151 35 56 86 105 117 94 15 130 155 15 15
split_gain=152.102 37.5893 20.8881 16.0918 14.5602 12.7879 12.2673 17.3633 13.8799 11.8916 11.7597 11.4993 11.2553 10.6184
threshold=4.5533502986082128 0.02438220837967572 5.650908969611069 91.500000000000014 0.071428571428571425 0.55663635183902904 0.0018998180121630392 0.026182541395011565 0.38675213675213682 -2.9309523809523799 0.074377443918501762 0.20840153801199365 0.31696428571428475 -2.3100961538461529
decision_type=2 2 2 10 10 8 2 10 2 2 2 2 2 2
left_child=1 9 5 4 6 -2 13 8 -8 -1 -6 -11 -12 -3
right_child=2 3 -4 -5 10 -7 7 -9 -10 11 12 -13 -14 -15
leaf_value=-0.013487199289476892 -0.0052971132655766145 -0.005111209023466505 -0.020004399402402413 -0.0015872351222078189 -0.0017023848684419517 -0.01255159594909498 -0.0060036042997396689 0.00075078614454583117 0.004839921828414878 -0.0039253874041509911 0.0018271750705891453 0.00035901514545206556 0.0048183462573127712 0.0019562714705977967
leaf_weight=74.95949081517756 523.77883928548545 185.15657695382833 175.99636083375663 1573.0843621604145 451.15006104111671 416.90470786578953 702.79584944620728 1909.3017333522439 113.1130015514791 1487.4276378881186 2295.3109594285488 898.7346848398447 2277.5179963596165 4801.0368843339384
leaf_count=1861 24843 2116 13466 18329 5031 21816 8927 20911 1482 38267 23526 19167 22670 51624
internal_value=-4.31017e-05 0.000674682 -0.0106884 0.00126416 0.00161782 -0.00865879 0.000796472 -0.000819122 -0.00444008 -0.00273931 0.00287239 -0.00231953 0.00332782 0.00167929
internal_weight=17886.3 16769.6 1116.68 14308.5 12735.4 940.684 7711.4 2725.21 815.909 2461.12 5023.98 2386.16 4572.83 4986.19
internal_count=274036 213911 60125 154616 136287 46659 85060 31320 10409 59295 51227 57434 46196 53740
is_linear=0
shrinkage=0.03


Tree=78
num_leaves=15
num_cat=1
split_feature=152 152 152 58 13 114 58 52 124 2 124 135 49 30
split_gain=144.137 33.4533 21.983 14.1144 13.1444 13.0721 11.4486 10.4736 13.9106 11.8835 11.1715 11.3984 11.9847 14.4821
threshold=0.0088623409348470451 0.034835010130559833 0.0033520721995408289 0.87083333333333346 1.0606617647058825 -0.041397352647322798 0.93095238095238109 0.25833333333333336 1.7500000000000002 0 -1.7499999999999998 13.500000000000002 16.393931680708196 0.067874692874692888
decision_type=2 2 2 8 2 10 10 10 10 9 10 2 10 2
left_child=2 5 -1 -4 6 -2 7 -3 10 -10 -9 12 -12 -14
right_child=1 4 3 -5 -6 -7 -8 8 9 -11 11 -13 13 -15
leaf_value=-0.017756834314803616 -0.0038022423588491023 0.0004311358145582232 -0.0046756856341040424 -0.012422380476651328 0.014958794807513446 -0.00023138333467324923 -0.0049973836440552434 -0.0011551115019390525 0.0010727143252083882 -0.0076389481612303013 0.0038659331814204301 0.0069738936518974571 0.0075133375343779656 0.0003492248099693174
leaf_weight=255.89722758345306 1649.3574317991734 5273.6363568529487 586.97627886198461 347.60440896078944 49.165783312171698 2075.1254666633904 238.09250964596868 653.09389373287559 359.17390131577849 203.39702257514 2897.7575051560998 564.10117770731449 268.40150336176157 2461.1224335506558
leaf_count=19546 35786 55154 25824 17577 483 42658 3012 6877 3781 2165 28154 5784 2686 24549
internal_value=-4.34287e-05 0.000679462 -0.0100619 -0.00770768 0.00139906 -0.00182162 0.00133017 0.00145474 0.00218118 -0.00230726 0.00255434 0.00294747 0.00252638 0.0010909
internal_weight=17882.9 16692.4 1190.48 934.581 12967.9 3724.48 12918.8 12680.7 7407.05 562.571 6844.48 6191.38 5627.28 2729.52
internal_count=274036 211089 62947 43401 132645 78444 132162 129150 73996 5946 68050 61173 55389 27235
cat_boundaries=0 1
cat_threshold=81
is_linear=0
shrinkage=0.03


Tree=79
num_leaves=15
num_cat=0
split_feature=151 144 24 105 55 151 154 106 19 145 102 24 63 152
split_gain=138.824 45.456 15.8156 15.0738 14.4717 14.9278 16.4462 15.1522 12.6603 12.1386 12.0873 11.8548 13.2109 13.6768
threshold=4.8019696776346406 0.03325375200167139 8.9023809523809536 0.0028989540480223734 0.12037037037009669 1.7316163862908043 1.5018818343491704 0.096875000000000017 0.31501610305958139 0.12916666666666668 0.81534090909090928 5.7530487804878057 5.8333333333333348 0.034835010130559833
decision_type=2 2 8 2 8 2 2 2 2 2 10 8 8 2
left_child=1 3 -2 -1 8 9 10 -8 -3 -6 -7 -9 -13 -14
right_child=2 4 -4 -5 5 6 7 11 -10 -11 -12 12 13 -15
leaf_value=-0.0018301912125301269 -0.0062194556418324635 -0.00095740630259091289 -0.015522874521853242 -0.0072452766771466835 0.0012857583594030888 0.0074748823108179638 0.0073145937077649494 0.001226316063690417 -0.010842193721899828 0.0043149930478355442 -0.0041798418366707198 -0.0039402476619601733 -0.0029842938935891708 0.0011712712334579012
leaf_weight=1535.6331982892007 288.29962903261185 541.16103085130453 494.28643332794309 657.03979710862041 2607.3785648420453 464.3862601518631 254.70693823136389 4220.2453136071563 134.90530983358622 2205.143763422966 86.039054023101926 1031.2544929720461 1004.5363476183265 2354.2732147239149
leaf_count=40531 16297 6197 32051 17665 24078 4895 3521 48169 1538 18684 1195 13162 19238 26815
internal_value=-4.28966e-05 0.000527378 -0.012277 -0.00349104 0.00112148 0.00132621 0.000629614 0.000312669 -0.00312238 0.00268288 0.00559053 9.31808e-05 -0.000996589 -7.92975e-05
internal_weight=17879.3 17096.7 782.586 2192.67 14904 14228 9415.44 8865.02 676.066 4812.52 550.425 8610.31 4390.06 3358.81
internal_count=274036 225688 48348 58196 167492 159757 116995 110905 7735 42762 6090 107384 59215 46053
is_linear=0
shrinkage=0.03


Tree=80
num_leaves=15
num_cat=0
split_feature=151 144 24 105 55 24 105 124 120 74 122 145 103 9
split_gain=132.37 42.8819 15.4088 14.3713 13.814 14.3976 19.3665 15.7522 13.7821 15.0478 13.5155 13.4974 12.0429 12.018
threshold=4.8019696776346406 0.03325375200167139 8.9023809523809536 0.0028989540480223734 0.17855477855543242 7.4027027027027037 0.0059507578019806296 1.7500000000000002 4.5000000000000009 -2.4999999999999996 0.13027585353785257 0.79285714285714304 0.22822221769483017 51.750000000000007
decision_type=2 2 8 2 8 8 2 10 10 10 2 2 8 2
left_child=1 3 -2 -1 -3 7 -7 8 11 -10 -11 13 -13 -6
right_child=2 4 -4 -5 5 6 -8 -9 9 10 -12 12 -14 -15
leaf_value=-0.001778811462593383 -0.0060770943097835546 -0.001476477187799852 -0.015295565515468117 -0.0070793575150801761 -0.0051767737531506815 0.00053801800876857075 -0.0066234957132277304 -0.0020916778824699609 -0.0082317497729127373 0.0015644476517942738 -0.010290554811829758 0.022050966662957881 0.00015687460571913508 0.003235682069176099
leaf_weight=1533.0621827077121 286.57952331006527 1667.9085184000432 486.91846628300846 652.68418398313224 144.10325037688017 3179.1491522248834 365.33064169622958 765.4214653801173 145.30238037928939 2840.3296441528946 74.421633910387754 48.669665765017271 35.398328606039286 5649.991316055879
leaf_count=40531 16297 18756 32051 17665 1562 40457 5259 8776 1507 30525 841 876 692 58241
internal_value=-4.26218e-05 0.000511039 -0.0120607 -0.00339907 0.00108685 0.00141087 -0.000224923 0.00200781 0.00236179 0.000724295 0.00121062 0.00321022 0.0142517 0.00301363
internal_weight=17875.3 17101.8 773.498 2185.75 14916 13248.1 3544.48 9703.64 8938.22 3060.05 2914.75 5878.16 84.068 5794.09
internal_count=274036 225688 48348 58196 167492 148736 45716 103020 94244 32873 31366 61371 1568 59803
is_linear=0
shrinkage=0.03


Tree=81
num_leaves=15
num_cat=0
split_feature=151 151 151 35 154 116 154 16 85 95 129 154 32 134
split_gain=126.271 33.4853 18.1592 15.0185 13.8028 14.0585 11.9292 12.6667 12.1457 12.5224 11.6543 11.6189 10.9301 10.3581
threshold=4.6303503656575673 3.5010415791527305 5.650908969611069 91.500000000000014 1.7669551885720913 0.13888937451438327 1.8462830653215196 48.160256410256416 1.0250003392047804 0.86190476190476206 3.5000000000000004 1.5291899590487417 12.071428571428573 0.081436039688466896
decision_type=2 2 2 10 2 10 2 2 10 2 2 2 8 2
left_child=1 3 10 6 -3 -6 -1 8 -8 -10 11 -2 -12 -9
right_child=2 4 -4 -5 5 -7 7 13 9 -11 12 -13 -14 -15
leaf_value=0.0028734325738311757 0.0040221379434601991 0.001503988559169321 -0.01935987953771023 -0.0016260241925480114 -0.0050364609298917552 0.0014725940360237589 0.0012828922946542028 -0.0066963135414464794 0.0095160313001637457 -0.0083715136411484127 -0.0071268133733028019 -0.012569077365671574 0.0043205353886277987 0.0065908648645262614
leaf_weight=3783.8947313725948 34.557516504079103 555.28707458078861 165.22657711338252 1580.850330401212 1576.7208493389189 360.42362140677869 8466.6800944693387 301.90610125660896 29.332682628184557 194.72022110596299 232.57408285234123 443.19769903831184 95.925792096182704 50.852875795215368
leaf_count=34825 1712 11308 13466 18481 41814 9098 95113 3405 415 2814 11470 24728 4864 523
internal_value=-4.249e-05 0.00056599 -0.0104757 0.00112181 -0.0026346 -0.00382338 0.00146196 0.000867606 0.00109667 -0.00557954 -0.00833474 -0.0112831 -0.00374136 -0.00459017
internal_weight=17872.2 16900.7 971.482 14408.2 2492.43 1937.14 12827.4 9043.49 8690.73 224.053 806.255 477.755 328.5 352.759
internal_count=274036 217796 56240 155576 62220 50912 137095 102270 98342 3229 42774 26440 16334 3928
is_linear=0
shrinkage=0.03


Tree=82
num_leaves=15
num_cat=0
split_feature=152 152 152 10 105 58 154 154 149 26 89 23 130 15
split_gain=119.731 30.616 21.1542 14.7783 15.749 14.8465 13.166 13.1391 13.5225 12.1571 11.8765 11.8171 11.5664 11.4838
threshold=0.01240987691140401 0.0043933961673124156 0.06579667573706377 431.00000000000006 0.0028989540480223734 0.87867647058823539 1.8536659611573338 2.1213895579778863 -0.13268352062705044 0.068404634581105184 -0.2188035662254412 0.20396452790818989 0.12169340463458113 -2.4330357142857149
decision_type=2 2 2 2 2 8 2 2 2 2 8 2 2 2
left_child=1 -1 3 10 7 -6 9 8 -5 -3 -2 -12 -4 -10
right_child=2 6 12 4 5 -7 -8 -9 13 -11 11 -13 -14 -15
leaf_value=-0.014637919853890425 -0.013882188182958607 0.0076905793881374097 0.0015505804264853594 -0.0036916773793200944 -0.0012228569187652351 -0.0085692042331344982 -0.0071996244683989507 -0.0015684631195980233 -0.007418234112296777 -0.0036385775556935901 0.0070591170434659923 -0.0050240833085886203 0.014125103517503398 0.0033001619509058526
leaf_weight=403.68299524951726 98.983861384913325 99.984647074714303 9729.5328583605587 304.68466702103615 1575.6178515441716 280.44329171814024 907.71284610964358 1258.4567439574748 79.785143505781889 315.54061204288155 75.043260533362627 390.79708499833941 51.540887154638767 2296.8933660630137
leaf_count=30382 1609 3293 91068 4714 25356 5233 35590 22453 1249 11065 1250 6432 452 33890
internal_value=-4.21614e-05 -0.00751483 0.000763533 -0.000582422 -0.00012526 -0.00239266 -0.00520205 0.000947942 0.00213113 -0.00073956 -0.00514894 -0.00291808 0.00163837 0.00289608
internal_weight=17868.7 1726.92 16141.8 6360.71 5795.88 1856.06 1323.24 3939.82 2681.36 415.525 564.824 465.84 9781.07 2376.68
internal_count=274036 80330 193706 102186 92895 30589 49948 62306 39853 14358 9291 7682 91520 35139
is_linear=0
shrinkage=0.03


Tree=83
num_leaves=15
num_cat=0
split_feature=151 144 105 147 154 151 89 104 104 50 54 23 16 98
split_gain=115.66 36.2089 13.617 13.4984 12.9981 14.0429 14.2237 13.1349 11.5905 11.1525 11.0234 10.6232 11.7308 13.0907
threshold=4.8019696776346406 0.03325375200167139 0.0028989540480223734 -0.28280089452573515 1.6936169399515857 2.2137389487888997 -0.359651633089133 0.87083333333333346 0.53452380952380962 0.053516254454283547 0.92582417582417598 0.16086561743341407 18.055555555555546 -0.17736481111481109
decision_type=2 2 2 10 2 2 8 2 2 8 8 2 2 10
left_child=1 2 -1 -2 -3 7 -7 -6 9 11 -9 -8 -13 -14
right_child=3 4 -4 -5 5 6 8 10 -10 -11 -12 12 13 -15
leaf_value=-0.001566409532502223 -0.015600521655205426 0.0029628441163716732 -0.0067512740979215301 -0.0070960916889531329 0.0020879719956729726 -0.0057610857428662485 0.013694564466982188 -0.00043548783178394166 -0.0015845668915181364 0.0034242207488861241 -0.010720854028729446 -0.00257833990034918 0.013390112045669282 0.00015091229342590796
leaf_weight=1522.3831789754331 364.70438266266137 2496.283035537228 644.16777570173144 384.54930015187711 5764.2976288571954 419.77815353684127 30.705916400998831 1218.5371387898922 2417.7276535015553 1179.942227512598 86.747680157423019 1019.2446342539042 78.970111720263958 237.32899443991482
leaf_count=40531 24993 26064 17665 23355 52779 5995 497 12225 34566 15207 910 14752 1106 3391
internal_value=-4.19404e-05 0.000467507 -0.00314382 -0.0114606 0.000993501 0.000595653 -0.000557955 0.00147348 -0.000101917 0.00130696 -0.00123308 -0.000538905 -0.00101462 0.00391293
internal_weight=17865.4 17116.1 2166.55 749.254 14949.6 12453.3 5383.7 7069.58 4963.92 2546.19 1305.28 1366.25 1335.54 316.299
internal_count=274036 225688 58196 48348 167492 141428 75514 65914 69519 34953 13135 19746 19249 4497
is_linear=0
shrinkage=0.03


Tree=84
num_leaves=15
num_cat=0
split_feature=151 151 155 35 24 116 24 95 74 109 130 139 53 119
split_gain=110.242 34.7557 17.7122 15.6176 14.977 12.6879 12.3056 22.422 15.395 11.797 11.6297 12.9316 13.8057 12.0349
threshold=4.8019696776346406 3.6362686359073835 0.21560530584071833 91.500000000000014 8.9023809523809536 0.12500000000001896 1.0625000000000002 0.74166666666666681 1.0000000180025095e-35 -0.6625000000000002 0.074510889627168717 2648.5000000000005 0.16435185185279508 -0.13786260036260575
decision_type=2 2 2 10 8 10 10 2 10 10 2 2 8 10
left_child=1 3 5 6 -2 -3 7 -1 -9 -7 13 -12 -13 -8
right_child=4 2 -4 -5 -6 9 10 8 -10 -11 11 12 -14 -15
leaf_value=0.0015220918593374054 -0.0053325931374699053 -0.0063692906983494196 0.00063375008692851504 -0.0017758894332794174 -0.014522725198564139 -0.0086862000798421986 0.0061352869755220323 -0.0074387149703534945 0.00074097239270175101 0.0036862165376105732 0.0013163505107067215 -0.0034208936963945895 0.004178156787704182 -0.001964309678003318
leaf_weight=1600.8354695029557 277.86524456366897 1155.1856085602194 786.29803095199168 1631.9851540736854 463.29218856059015 80.167605159804225 177.12688372656703 544.33796910569072 324.82665070518851 240.91465976461768 6137.5307253822684 220.38988430425525 3053.8614911772311 1167.0278234109282
leaf_count=17418 16297 34046 18993 19562 32051 2131 2180 6778 3626 6761 66088 2453 31949 13703
internal_value=-4.12946e-05 0.000453423 -0.00299825 0.000981538 -0.0112514 -0.00491967 0.00132341 -0.000583301 -0.00442107 0.000347272 0.00176147 0.0021339 0.0036534 -0.000841049
internal_weight=17861.6 17120.5 2262.57 14857.9 741.157 1476.27 13225.9 2470 869.165 321.082 10755.9 9411.78 3274.25 1344.15
internal_count=274036 225688 61931 163757 48348 42938 144195 27822 10404 8892 116373 100490 34402 15883
is_linear=0
shrinkage=0.03


Tree=85
num_leaves=15
num_cat=0
split_feature=151 151 155 35 151 105 112 110 154 148 49 148 31 152
split_gain=105.03 32.7896 16.802 14.6934 13.3576 11.6732 12.2637 11.5546 11.3575 12.7044 15.7775 17.0437 12.5696 12.239
threshold=4.8019696776346406 3.6362686359073835 0.21560530584071833 91.500000000000014 5.650908969611069 0.0032668415231732859 0.15317460317461004 0.56458333333333344 1.6560164723978006 1.0223827012450786 16.084344194207613 -0.12337479815058332 0.30663489736070387 0.41314440273845981
decision_type=2 2 2 10 2 2 10 10 2 10 8 8 2 2
left_child=1 3 5 8 -2 6 -3 -8 13 10 11 -10 -11 -1
right_child=4 2 -4 -5 -6 -7 7 -9 9 12 -12 -13 -14 -15
leaf_value=0.0045307530257473558 -0.0085401844419268694 -0.0049566438769243935 0.00061474152031908277 -0.0017255592703542052 -0.018744369615386777 -0.009230259592099643 0.0065891103745993234 -0.0056488334054963481 -0.00093638200200405787 -0.0025327678961400845 0.00063293490576701622 0.0047898700496109732 0.010979999181572808 -0.0033561771535857636
leaf_weight=1460.7888851240277 577.27630159351975 814.55769159086049 786.74981014989316 1629.671619977802 155.98020619899035 382.17221997492015 178.38659700378776 94.537615543231368 616.59283047914505 1216.6472692005336 7836.0797773450613 1868.3423875570297 50.551733527332544 190.23576984554529
leaf_count=12686 34882 23843 18993 19562 13466 11622 5016 2457 6396 16005 86374 20175 622 1937
internal_value=-4.10567e-05 0.000439271 -0.00291867 0.000951276 -0.0110431 -0.00479731 -0.00313505 0.00227659 0.00128236 0.000947932 0.00129632 0.00337191 -0.00187156 0.00359996
internal_weight=17858.6 17125.3 2256.4 14868.9 733.257 1469.65 1087.48 272.924 13239.2 11588.2 10321 2484.94 1267.2 1651.02
internal_count=274036 225688 61931 163757 48348 42938 31316 7473 144195 129572 112945 26571 16627 14623
is_linear=0
shrinkage=0.03


Tree=86
num_leaves=15
num_cat=0
split_feature=157 156 24 24 95 15 127 136 106 154 148 83 100 62
split_gain=93.2743 33.4557 17.4841 16.1725 20.7125 18.7228 14.7946 13.1754 13.5254 12.6461 12.3324 11.8259 11.9943 11.8219
threshold=2.249904835165133 -4.6033974546458625 12.519230769230772 7.6720430107526889 0.72474747474747481 -1.9861111111111105 0.83974358974358987 0.11838294448913919 0.096875000000000017 1.6936169399515857 -0.4252526695351358 -0.12999999999919962 0.27951388888888895 3.5000000000000004
decision_type=2 2 8 8 2 2 2 2 2 2 8 10 10 10
left_child=3 -2 -3 7 -5 -6 -4 8 -1 11 -7 -10 -13 -14
right_child=1 2 6 4 5 10 -8 -9 9 -11 -12 12 13 -15
leaf_value=0.0085631395838609483 -0.015836232495415169 -0.0027955493023512773 -0.0040932382398143272 0.0015006345023916934 -0.012280239562248059 0.00682711699511627 -0.014822579334713907 0.012355441598846391 0.0017273344673642784 0.00070671181924922115 -0.0027178340215815054 -0.0033438356908670054 0.00093621434855703642 0.011440498637396256
leaf_weight=210.63422239199281 236.94966102670878 1759.7401679046452 264.11428542528301 1725.0382055444643 163.11698429100215 116.96586390212178 216.10589605849236 82.787243297323585 1198.3466779692098 9616.2146914256737 1695.4491028776392 79.400909967720509 134.07721771486104 356.40814398787916
leaf_count=2760 19316 57427 10772 20134 2718 1566 9546 818 10760 106108 25755 1207 1215 3934
internal_value=-4.0716e-05 -0.00542531 -0.00422599 0.000830988 -0.000894594 -0.00298166 -0.00922431 0.00137825 0.00128401 0.00113824 -0.00205086 0.00345937 0.00696375 0.00868208
internal_weight=17855.3 2476.91 2239.96 15378.4 3700.57 1975.53 480.22 11677.9 11595.1 11384.4 1812.41 1768.23 569.886 490.485
internal_count=274036 97061 77745 176975 50173 30039 20318 126802 125984 123224 27321 17116 6356 5149
is_linear=0
shrinkage=0.03


Tree=87
num_leaves=15
num_cat=1
split_feature=151 151 155 24 50 116 24 69 105 62 154 136 109 0
split_gain=96.417 29.432 15.6415 14.5183 14.1835 11.7009 11.4521 22.3843 13.9262 22.0183 11.8614 12.3943 10.8211 10.03
threshold=4.8019696776346406 3.6362686359073835 0.21560530584071833 8.9023809523809536 -0.29929645030944479 0.1428571428571444 1.0625000000000002 1.0000000180025095e-35 0.0038663135626450834 1.5000000000000002 1.7052298814355191 0.11533437826541278 -0.6625000000000002 0
decision_type=2 2 2 8 8 10 10 10 2 8 2 2 10 1
left_child=1 4 5 -2 -1 -3 7 8 -6 -10 -8 -12 -7 -4
right_child=3 2 13 -5 6 12 10 -9 9 -11 11 -13 -14 -15
leaf_value=-0.0075603435273694621 -0.0048423527009242608 -0.0058750341196172895 0.0051030443977689022 -0.013962710336740203 0.0017487661435603159 -0.0081650101150547716 0.0036272981877713681 -0.0058072328061106555 0.011167921219031186 -0.0090579852698275884 0.00087802811677284789 0.010513704377383271 0.004444144389062322 -0.0017983558368210625
leaf_weight=161.45467662811279 272.38983327522874 1185.1973521579057 266.20237183012068 447.47565496619791 1723.2970253191888 70.279009876772761 1797.5568217337132 600.34134340286255 46.665094193071127 233.87556499242783 10217.27687137574 106.73335791006684 203.46365437656641 520.11706557869911
leaf_count=2398 16297 35355 6388 32051 18778 1892 15900 7225 471 2943 114958 1084 5691 12605
internal_value=-3.99862e-05 0.000416074 -0.00277442 -0.0106809 0.000899567 -0.00459762 0.000999921 -0.000801471 0.000730239 -0.00529755 0.00138744 0.000992754 0.000950951 0.000631089
internal_weight=17852.3 17132.5 2245.26 719.865 14887.2 1458.94 14725.7 2604.18 2003.84 280.541 12121.6 10324 273.743 786.319
internal_count=274036 225688 61931 48348 163757 42938 161359 29417 22192 3414 131942 116042 7583 18993
cat_boundaries=0 1
cat_threshold=646
is_linear=0
shrinkage=0.03


Tree=88
num_leaves=15
num_cat=0
split_feature=152 152 152 10 155 15 109 115 58 24 105 50 156 111
split_gain=90.6206 22.2027 19.8312 13.7344 13.6712 13.5683 16.5505 14.073 11.8699 12.3522 11.7165 11.4466 10.7617 11.0372
threshold=0.01009766125418938 0.0027572842848808837 0.06579667573706377 431.00000000000006 0.24414981615364431 -0.92582417582417509 2.120512820512821 -0.0044151403433943413 0.75735294117647067 17.200000000000003 0.0028989540480223734 0.012240621210314552 -2.5791816380419927 0.017159417751870579
decision_type=2 2 2 2 2 2 8 10 8 8 2 8 2 8
left_child=1 -1 3 -2 8 -3 7 -7 9 -5 -10 -9 -6 -14
right_child=2 5 -4 4 12 6 -8 11 10 -11 -12 -13 13 -15
leaf_value=-0.018257193294856346 -0.004950350450022358 -0.011571109577429727 0.0014206100022594414 0.00030344864389888229 9.8278919307154113e-06 0.0052742715522619476 -0.0078332664604091051 -0.011273492259349663 -0.0015143204482726011 -0.0082016729182192091 -0.0076412522030211349 0.0031973100689714788 -0.00072942836834592371 0.0079276368667474256
leaf_weight=144.3245179085061 604.18787730298936 289.71364646311849 9830.9201538749039 3261.828085957095 789.5085239559412 223.33030973561108 465.02245402894914 106.94687150046229 910.28109504655004 146.24779408797622 398.08891775272787 73.47150120139122 187.68019914999604 417.57197212055326
leaf_count=13027 10557 14440 91520 54986 12792 10109 24422 4545 17586 2743 8227 2934 1979 4169
internal_value=-3.94198e-05 -0.0076109 0.00056309 -0.000692634 -0.000260602 -0.00606816 -0.00406782 0.000394324 -0.00103263 -9.58648e-05 -0.003444 -0.00558748 0.00233326 0.00529048
internal_weight=17849.1 1302.81 16546.3 6715.39 6111.21 1158.48 868.771 403.749 4716.45 3408.08 1308.37 180.418 1394.76 605.252
internal_count=274036 69477 204559 113039 102482 56450 42010 17588 83542 57729 25813 7479 18940 6148
is_linear=0
shrinkage=0.03


Tree=89
num_leaves=15
num_cat=0
split_feature=151 151 153 145 67 24 55 35 116 36 22 124 86 116
split_gain=88.095 26.3041 14.195 15.9453 18.5452 14.0055 13.6071 13.5112 11.5506 15.4566 11.7301 12.596 11.5126 11.2184
threshold=4.8019696776346406 3.6362686359073835 0.34393151530750243 0.63068181818181823 1.0000000180025095e-35 8.9023809523809536 0.64583333333363668 91.500000000000014 -0.030034059078180537 1.0000000180025095e-35 0.065913604766633577 1.2500000000000002 -0.56389915879990427 0.12500000000001896
decision_type=2 2 2 2 10 8 8 10 10 10 2 10 8 10
left_child=1 7 13 -4 6 -2 -5 8 9 -1 -10 -12 -6 -3
right_child=5 2 3 4 12 -7 -8 -9 10 -11 11 -13 -14 -15
leaf_value=0.00094913200857003096 -0.0045688913613065492 -0.006070590868978501 -0.0047619601841723336 0.011174463998545785 0.0091063602825811069 -0.01357659176928497 0.00087124439224378028 -0.0017196935583821754 0.003913767362971516 -0.002828880092668054 0.0016363029753565658 -0.0042062147407494815 -0.010690930409467043 0.0005535160533424613
leaf_weight=5291.341605912894 269.42252989765257 1024.6769443731755 342.98662410490215 218.35384604521096 21.814837615936995 437.15513858385384 233.60712055675685 1629.1517476737499 2053.1006207093596 1178.9888437539339 4407.9669240526855 344.80344457179308 100.51663409546018 292.45503334142268
leaf_count=58180 16297 30697 7748 5785 549 32051 6483 19562 21485 13163 47332 4035 2561 8108
internal_value=-3.97754e-05 0.000392181 -0.00263248 0.000235715 0.00326573 -0.0103083 0.00604805 0.000847788 0.00116443 0.000255772 0.00202584 0.00120054 -0.00655153 -0.00461011
internal_weight=17846.3 17139.8 2234.41 917.279 574.292 706.578 451.961 14905.4 13276.2 6470.33 6805.87 4752.77 122.331 1317.13
internal_count=274036 225688 61931 23126 15378 48348 12268 163757 144195 71343 72852 51367 3110 38805
is_linear=0
shrinkage=0.03


Tree=90
num_leaves=15
num_cat=0
split_feature=151 144 24 106 58 35 24 53 32 119 15 63 134 83
split_gain=83.8708 25.112 13.5718 12.9305 13.2993 12.7151 11.8659 11.3268 11.8986 11.7054 11.7762 11.8939 10.7524 10.7068
threshold=4.8019696776346406 0.03325375200167139 8.9023809523809536 0.096875000000000017 0.93095238095238109 70.500000000000014 12.031250000000002 0.20481492907826279 6.8062500000000012 -0.14829032215063759 -0.087121212121214583 1.5833333333333337 0.078276726692500589 0.069999999999913617
decision_type=2 2 8 2 10 8 8 8 8 8 2 10 2 8
left_child=1 5 -2 -3 7 6 -1 9 -9 13 -11 -12 -13 -5
right_child=2 3 -4 4 -6 -7 -8 8 -10 10 11 12 -14 -15
leaf_value=-9.1610603610506957e-06 -0.0044579052640625113 0.0069378855179781755 -0.013354492438004377 0.017805605386596601 -0.0049864708792595443 -0.0056879644131765704 -0.0097675149779892102 0.0021854830762777326 0.00032162798144945117 -0.0050159904812932636 0.0083293083018771107 -0.0071990397451005602 0.00040812229802701102 0.00024571101713144906
leaf_weight=1249.0248552430421 268.2379620410502 289.15101855807006 431.42969090398401 37.87039178237319 348.12251374125481 773.41515333391726 108.21399355866015 5586.562623841688 6868.6299600377679 673.17050071060658 120.09562351554632 194.78137737885118 817.45991855114698 77.467719376087189
leaf_count=32302 16297 3857 32051 402 5362 22436 3458 57651 79002 7714 1237 2240 9035 992
internal_value=-3.92785e-05 0.000380153 -0.0101089 0.000813304 0.000686092 -0.00265632 -0.000885469 0.00082851 0.00115925 -0.00130846 -0.00192094 -3.94182e-05 -0.00113944 0.00739699
internal_weight=17843.6 17144 699.668 15013.3 14724.2 2130.65 1357.24 14376 12455.2 1920.85 1805.51 1132.34 1012.24 115.338
internal_count=274036 225688 48348 167492 163635 58196 35760 158273 136653 21620 20226 12512 11275 1394
is_linear=0
shrinkage=0.03


Tree=91
num_leaves=15
num_cat=0
split_feature=151 144 120 58 147 15 136 105 124 154 119 48 53 156
split_gain=79.8391 23.883 14.4704 13.4158 13.1878 12.4086 11.921 11.4775 10.8474 12.2883 11.5038 13.4498 11.6792 12.9927
threshold=4.8019696776346406 0.029816818931961326 4.5000000000000009 0.93095238095238109 -0.28280089452573515 -0.87083333333333346 0.11959154351395733 0.00094497037998056085 -1.7499999999999998 1.7837148450422828 -0.13786260036260575 16.856085066081196 0.20481492907826279 -1.4495947251494041
decision_type=2 2 10 10 10 2 2 2 8 2 8 10 8 2
left_child=1 2 7 6 -2 -4 8 -1 -3 -10 11 -11 -12 -14
right_child=4 3 5 -5 -6 -7 -8 -9 9 10 12 -13 13 -15
leaf_value=-0.0030274491696124267 -0.014169887456889742 -0.0018692795932749222 -0.0068697599386518078 -0.0046054136160761086 -0.0055810338638204345 0.0031600213659172638 0.011806881179983438 -0.01016002088152715 0.0025728118508463252 0.00631985782312429 -0.0024080599326531827 -0.0031798234667944751 -0.00090826705261663157 0.0015299924427444353
leaf_weight=599.03182388469577 332.20846528653055 1253.0469575636089 135.14470597542822 401.31928676366806 360.74743297789246 411.66504679247737 73.997691033408046 308.98429122194648 3472.948074573651 557.35828675329685 1282.8493071347475 164.96122534759343 3071.5952252261341 5415.0496710687876
leaf_count=17360 24993 15310 3990 6738 23355 11871 720 9302 36678 6710 15157 2006 47878 51968
internal_value=-3.86239e-05 0.00036866 -0.00328871 0.000710532 -0.00991158 0.000563914 0.00085442 -0.00558022 0.000789589 0.00102992 0.000516252 0.00412979 0.000243159 0.000647461
internal_weight=17840.9 17148 1454.83 15693.1 692.956 546.81 15291.8 908.016 15217.8 13964.8 10491.8 722.32 9769.49 8486.64
internal_count=274036 225688 42523 183165 48348 15861 176427 26662 175707 160397 123719 8716 115003 99846
is_linear=0
shrinkage=0.03


Tree=92
num_leaves=15
num_cat=0
split_feature=151 151 155 151 101 35 153 116 36 48 41 31 20 89
split_gain=76.003 22.8684 13.6821 13.2758 12.6957 11.8084 11.593 10.7743 15.919 11.105 13.9587 16.0454 15.1335 14.3276
threshold=4.8019696776346406 3.6362686359073835 0.21560530584071833 5.650908969611069 -0.1103196086330437 224.50000000000003 0.37894738988107363 -0.030034059078180537 1.0000000180025095e-35 16.526194468873076 0.36666666666666675 0.26020833333333343 7.8136574074074083 -0.2188035662254412
decision_type=2 2 2 2 8 10 2 10 10 8 10 2 10 10
left_child=1 4 -3 -2 6 7 -1 8 -6 10 12 -12 13 -9
right_child=3 2 -4 -5 5 -7 -8 9 -10 -11 11 -13 -14 -15
leaf_value=-0.0071456990516634792 -0.0072304399869689952 -0.0041963410471793422 0.00070834205939306321 -0.017664550859093176 0.00086569382720337693 -0.0064707727580690837 0.0041674975431059448 0.0012202875364007617 -0.0028039741199406575 0.00044552589053714647 -0.00085006125014176423 0.0042407624135666847 -0.001243993831510344 0.0074235590675474231
leaf_weight=307.55315227434039 544.67196395341307 1437.8338246550411 784.42051741294563 141.79985378403217 5627.2767428867519 176.84576493501663 97.980702135711908 467.82124672830105 1296.1875752732158 3100.5482734143734 1385.0982179865241 912.79734670743346 328.07454975321889 1229.0427476912737
leaf_count=4654 34882 42938 18993 13466 61614 2159 1234 5099 14415 34049 13773 8790 4268 13702
internal_value=-3.83231e-05 0.000357225 -0.00247192 -0.00971739 0.000780409 0.000928325 -0.00436117 0.00102619 0.000174094 0.00181895 0.0027991 0.00118656 0.00460682 0.00573901
internal_weight=17838 17151.5 2222.25 686.472 14929.2 14523.7 405.534 14346.8 6923.46 7423.38 4322.83 2297.9 2024.94 1696.86
internal_count=274036 225688 61931 48348 163757 157869 5888 155710 76029 79681 45632 22563 23069 18801
is_linear=0
shrinkage=0.03


Tree=93
num_leaves=15
num_cat=0
split_feature=151 151 21 155 95 67 58 116 13 151 24 35 139 28
split_gain=72.3861 21.9252 13.9719 16.6756 20.1499 14.2962 21.4758 19.3517 16.3464 15.9793 13.1479 10.6154 15.6149 10.5241
threshold=4.8019696776346406 2.6844345112494912 1.5000000000000002 0.19181112624163446 0.77350427350427364 1.0000000180025095e-35 0.87867647058823539 0.13888937451438327 0.80625000000000013 3.9560394329797357 8.9023809523809536 49.500000000000007 1891.5000000000002 4.9459064327485391
decision_type=2 2 2 2 2 10 10 10 2 2 8 10 2 8
left_child=1 -1 3 4 -3 7 9 -4 13 11 -2 12 -7 -9
right_child=10 2 5 -5 -6 6 -8 8 -10 -11 -12 -13 -14 -15
leaf_value=0.0011541346107447074 -0.0039582723444949565 -0.00083867456884532282 0.00010602771496844927 -0.00062149899078633476 -0.010019289448353615 -0.0020961938675524744 -0.012035596597453497 -0.0043413191624949036 -0.002862645724369361 -0.0084165720358803982 -0.012779715965285366 -0.0029712355208427249 0.005589285219541682 0.011762596777520127
leaf_weight=10939.234369337559 263.0167461913079 372.22631815820932 1919.2827888187021 1056.3812971785665 504.72327588312328 428.8346170373261 160.8392025642097 33.486068384721875 109.522675415501 214.0829610992223 417.229785496369 606.60599905997515 502.86731369048357 307.13528792001307
leaf_count=103796 16297 8475 39183 19601 11751 6574 3441 588 2184 6305 32051 9863 7569 6358
internal_value=-3.80603e-05 0.00034623 -0.00107492 -0.00318112 -0.00620216 -0.000116328 -0.00203669 0.00143736 0.00692729 -0.00102461 -0.0095279 7.54563e-05 0.00207472 0.0100631
internal_weight=17835.5 17155.2 6215.99 1933.33 876.95 4282.66 1913.23 2369.43 450.144 1752.39 680.247 1538.31 931.702 340.621
internal_count=274036 225688 121892 39827 20226 82065 33752 48313 9130 30311 48348 24006 14143 6946
is_linear=0
shrinkage=0.03


Tree=94
num_leaves=15
num_cat=0
split_feature=152 151 83 15 155 50 56 105 154 16 98 124 102 75
split_gain=69.0642 23.7917 15.3107 13.6598 13.6804 11.9819 11.3033 10.6286 10.4162 9.92225 10.52 9.96803 11.5658 10.8987
threshold=0.0056085051542415455 3.6362686359073835 -0.4333333333340002 -0.74264705882352888 0.19181112624163446 -0.29929645030944479 0.064583333333333354 0.0032668415231732859 2.1317095770198229 38.436507936507958 -0.32360209235209225 -1.7499999999999998 0.18465909090909094 1950.0000000000002
decision_type=2 2 8 2 2 8 10 2 2 2 10 8 8 10
left_child=2 5 6 -3 7 -2 -1 -5 9 11 -11 12 -7 -14
right_child=1 3 -4 4 -6 8 -8 -9 -10 10 -12 -13 13 -15
leaf_value=-0.0108365626812641 -0.0071032340643801496 -0.0063565508811221638 -0.011696730647320974 -0.0017454431666048343 0.0016273543274432729 -0.0086137833620084005 0.017080887586028201 -0.0091848007411881923 -0.00037739118024256315 -0.0060369196799296724 0.00074453048569889102 0.0019148082354779696 -0.0021660961581208104 0.0071000379581392737
leaf_weight=8.2787418477237242 158.56542518734932 598.46486591733992 509.28388491086662 699.5644207354635 833.70533460006118 154.66626188904047 19.845073802396655 219.1747511588037 4486.7964241020381 304.99534601718187 569.50685048103333 8719.283827111125 409.66746135428548 141.31748700886965
leaf_count=575 2398 18032 39369 21590 22159 1498 1360 7194 56095 3091 5776 88785 4610 1504
internal_value=-3.81753e-05 0.000295085 -0.0104805 -0.00250071 -0.00114116 0.000736947 0.00795206 -0.00363922 0.000828138 0.00135309 -0.00168252 0.00163698 -0.00176435 0.000335679
internal_weight=17833.1 17295.7 537.408 2350.91 1752.44 14944.8 28.1238 918.739 14786.2 10299.4 874.502 9424.94 705.651 550.985
internal_count=274036 232732 41304 68975 50943 163757 1935 28784 161359 105264 8867 96397 7612 6114
is_linear=0
shrinkage=0.03


Tree=95
num_leaves=15
num_cat=0
split_feature=157 58 105 35 37 95 130 136 154 39 48 53 144 116
split_gain=62.0627 17.9629 17.0543 12.4083 12.4124 18.4833 14.1539 11.6632 11.1901 14.2843 10.9358 10.8608 10.237 11.3855
threshold=2.4414009612931857 0.83974358974358987 -0.004189399299282969 196.50000000000003 1.0000000180025095e-35 0.73030303030303034 0.07961545471113543 0.11959154351395733 1.5710959258255943 4.4500000000000011 17.553488551235393 0.33333333333340914 0.035305310819132442 -0.13333333333341099
decision_type=2 10 2 10 2 2 2 2 2 8 8 10 2 10
left_child=1 3 -2 4 5 -1 12 8 9 11 -10 -6 -7 -14
right_child=2 -3 -4 -5 7 6 -8 -9 10 -11 -12 -13 13 -15
leaf_value=0.00095091537732903736 -0.0021259994353078297 -0.0034360785665055928 -0.009374281825667909 -0.0055277805591525692 -0.0054041235618690845 -0.008518323926447989 -0.0056525771377201198 0.012234108324880468 0.00100870671072021 0.0075508659055072841 -0.0058026169388235701 0.0038529534805678937 0.015589890548822843 0.00062386157104850175
leaf_weight=1805.0682199690491 498.00033760908991 993.12966032139957 731.58858597837389 268.32181751914322 170.96204892266542 47.746947294101119 889.91777883749455 71.181413020938635 11155.421530066989 516.83905572257936 201.50985312927514 280.12668726220727 51.8925268528983 148.97765546478331
leaf_count=23276 22795 19742 39652 3705 1525 1372 13447 702 134007 6372 2472 2304 676 1989
internal_value=-3.80799e-05 0.000445942 -0.00649963 0.000696015 0.000810176 -0.000937516 -0.00390493 0.00122582 0.00114745 0.00422004 0.000880357 0.000283524 0.00231642 0.00530479
internal_weight=17830.7 16601.1 1229.59 15608 15339.6 2943.6 1138.53 12396 12324.9 967.928 11356.9 451.089 248.617 200.87
internal_count=274036 211589 62447 191847 188142 40760 17484 147382 146680 10201 136479 3829 4037 2665
is_linear=0
shrinkage=0.03


Tree=96
num_leaves=15
num_cat=0
split_feature=152 151 83 15 155 35 56 80 22 52 116 36 114 35
split_gain=63.916 21.4298 14.7189 12.9409 12.5963 11.4547 10.9425 10.3086 11.6825 9.99316 9.72498 13.3504 10.671 15.1013
threshold=0.0056085051542415455 3.6362686359073835 -0.4333333333340002 -0.74264705882352888 0.19181112624163446 91.500000000000014 0.064583333333333354 168.3333333333334 0.056003584229390689 0.46862745098039221 -0.035408272283253994 1.0000000180025095e-35 0.22222222222219065 27.500000000000004
decision_type=2 2 8 2 2 10 10 8 2 8 10 10 10 10
left_child=2 5 6 -3 7 10 -1 8 9 -5 11 -2 -12 -14
right_child=1 3 -4 4 -6 -7 -8 -9 -10 -11 12 -13 13 -15
leaf_value=-0.01072580037690667 0.00077959229560660079 -0.0061491072266348992 -0.011378062891681693 0.019244954724467498 0.0015936965822839517 -0.0016673626528441376 0.016758607186069165 -0.0083086513257622976 -0.0029123224025101179 -0.00030154879323045946 0.0022280210588009083 -0.0028004617737386358 0.0019749143298236358 -0.0054194661722996211
leaf_weight=8.151167827658357 5165.0180579833686 593.58737847115844 500.69437315035611 27.577988145872951 834.49181978777051 1626.2820030413568 20.080204359255731 262.95544141624123 570.90952902566642 51.632172051817179 6041.9839257448912 1129.6500085629523 584.67688098922372 410.527826808393
leaf_count=575 56661 18032 39369 789 22159 19562 1360 8827 17664 1504 64017 12657 6245 4615
internal_value=-3.71865e-05 0.000280953 -0.0101632 -0.00237884 -0.00105678 0.000699213 0.00785496 -0.00346575 -0.00136372 0.00848442 0.000989448 0.000131981 0.00175453 -0.00111049
internal_weight=17828.2 17299.3 528.926 2341.15 1747.57 14958.1 28.2314 913.075 650.12 79.2102 13331.9 6294.67 7037.19 995.205
internal_count=274036 232732 41304 68975 50943 163757 1935 28784 19957 2293 144195 69318 74877 10860
is_linear=0
shrinkage=0.03


Tree=97
num_leaves=15
num_cat=0
split_feature=152 151 15 155 101 50 153 116 109 35 17 55 23 116
split_gain=60.9208 21.0733 12.7388 11.524 11.2976 11.1542 10.9034 10.8616 12.0515 10.4191 9.9715 9.8069 10.9241 10.8484
threshold=0.0053354059941901977 3.6362686359073835 -0.74264705882352888 0.30147511177332381 -0.1103196086330437 -0.083639599068990642 0.37894738988107363 0.13888937451438327 -0.6625000000000002 224.50000000000003 3.5000000000000004 0.12037037037009669 0.35053191489361707 -0.030034059078180537
decision_type=2 2 2 2 8 10 2 10 8 10 2 8 2 10
left_child=5 4 -3 7 6 -1 -2 -4 -9 11 -10 12 -6 -13
right_child=1 2 3 -5 9 -7 -8 8 10 -11 -12 13 -14 -15
leaf_value=-0.013686339965271058 -0.0069108175860889548 -0.0060719707347490597 -0.00309989143533733 0.0057276050013680404 -0.0012124466606839863 -0.0038048804335558948 0.0040598323298797782 -0.0062751019894099801 -0.0019726962241995113 -0.0061680932658014272 0.010736840678787545 0.00020988706454281892 -0.013176454327875344 0.0018968601315543382
leaf_weight=310.67078372184187 304.84138042479753 601.72067558858544 1284.1980993719772 186.192343310453 594.50962679460645 172.23949922434986 98.26312467828393 78.098693512380123 77.964234763756394 174.96141453832388 148.47683758661151 6657.1345318593085 63.313485562801361 7073.1042446084321
leaf_count=26293 4654 18666 39599 4310 6801 12782 1234 2088 2285 2159 4256 72787 735 75387
internal_value=-3.63976e-05 0.00026042 -0.0023549 -0.00105445 0.00067768 -0.0103827 -0.00418684 -0.00189541 0.00309079 0.000816499 0.00651022 0.000907768 -0.00263203 0.00108005
internal_weight=17825.7 17342.8 2376.65 1774.93 14966.1 482.91 403.105 1588.74 304.54 14563 226.441 14388.1 657.823 13730.2
internal_count=274036 234961 71204 52538 163757 39075 5888 48228 8629 157869 6541 155710 7536 148174
is_linear=0
shrinkage=0.03


Tree=98
num_leaves=15
num_cat=0
split_feature=152 152 105 24 154 50 130 23 94 119 20 48 50 147
split_gain=58.0512 20.3513 13.0332 16.8135 12.6198 10.8066 9.61476 9.89716 11.4916 11.3467 12.1123 13.5557 10.9201 12.1413
threshold=0.0053354059941901977 0.06579667573706377 0.0028989540480223734 12.519230769230772 1.2869005265451376 -0.083639599068990642 0.12169340463458113 0.20983870967741938 0.095454545454545472 -0.072014709147065092 6.1550480769230775 16.831367617028175 0.083607712344681687 -0.060423159285164722
decision_type=2 2 2 8 2 10 2 2 2 8 10 8 10 8
left_child=5 2 4 -4 -2 -1 7 8 -3 10 11 -9 13 -10
right_child=1 6 3 -5 -6 -7 -8 9 12 -11 -12 -13 -14 -15
leaf_value=-0.013467623893899237 0.011099588378603725 -0.0050436253532150045 -0.0017687888394711353 -0.009224644564020619 -0.00029653860249733067 -0.0037126714700434463 0.012334910299181375 0.0060974522476365482 0.0073278617553157134 0.00034221376245060044 -0.0029918770189885646 -0.0012680131203299378 0.01128561453339904 -0.0033371107432351552
leaf_weight=306.55116990953684 73.97015287540853 85.554945632815361 1949.4785125050694 303.89201897103339 5122.7380923843011 171.60408705752343 53.736197017133236 944.83732912689447 205.29349532723427 7720.2432990334928 227.76517124474049 287.71742845699191 211.80526225268841 158.37533577531576
leaf_count=26293 948 758 36110 7683 98700 12782 452 8703 1979 71110 2290 2824 1918 1486
internal_value=-3.645e-05 0.000251902 -0.000931326 -0.00282864 -0.000102846 -0.0101861 0.0011428 0.00106301 0.00456812 0.000803594 0.00321448 0.00438355 0.00608891 0.00273513
internal_weight=17823.6 17345.4 7450.08 2253.37 5196.71 478.155 9895.33 9841.59 661.029 9180.56 1460.32 1232.55 575.474 363.669
internal_count=274036 234961 143441 43793 99648 39075 91520 91068 6141 84927 13817 11527 5383 3465
is_linear=0
shrinkage=0.03


Tree=99
num_leaves=15
num_cat=0
split_feature=151 50 151 12 22 50 152 23 16 104 41 137 36 147
split_gain=55.546 17.2371 16.2481 13.3611 14.0825 14.4527 14.135 11.5784 11.4965 10.517 10.3679 10.5839 10.2042 10.0743
threshold=4.6303503656575673 -0.27973393193699797 5.650908969611069 12.500000000000002 0.069722222222222241 0.038845807809147821 0.012918276556817055 0.22123266078184115 -42.645833333333336 0.085784313725490211 1.0000000180025095e-35 529.50000000000011 275.00000000000006 -0.28976561840484766
decision_type=2 8 2 2 2 10 2 2 2 2 8 2 10 10
left_child=1 -1 9 -3 5 7 10 13 -7 -2 11 -6 -10 -5
right_child=2 3 -4 4 6 8 -8 -9 12 -11 -12 -13 -14 -15
leaf_value=-0.006755395294356154 0.0070568655392706315 0.0017870095080600773 -0.01672507885720978 0.0094813373497059476 -0.0047396557671003136 -0.0075841730282661217 -0.00054847824732644896 -0.0040416168872603429 0.0034270243915652267 -0.006425329219620109 -0.010325069650020953 0.011424636061634127 -0.0053165705706290063 8.0475935099037527e-06
leaf_weight=287.6096017267555 44.195073883980513 4881.9815337415785 131.20215407945216 99.943459568545222 115.82893854007125 81.502232603728771 7200.5680426899344 636.554957062006 2464.9914288856089 669.95647664833814 222.91867345757782 35.546598166227341 113.20091602392495 834.9309719465673
leaf_count=5917 2528 52269 13466 2063 3848 986 92636 8643 26089 40246 7821 1161 1294 15069
internal_value=-3.53084e-05 0.000341296 -0.00747202 0.000469561 -7.68026e-05 0.0013068 -0.000850703 -0.000968639 0.00264909 -0.00546298 -0.00641965 -0.000256093 0.00301459 0.00115453
internal_weight=17820.9 16975.6 845.354 16688 11806 4231.12 7574.86 1571.43 2659.69 714.152 374.294 151.376 2578.19 934.874
internal_count=274036 217796 56240 211879 159610 54144 105466 25775 28369 42774 12830 5009 27383 17132
is_linear=0
shrinkage=0.03


Tree=100
num_leaves=15
num_cat=0
split_feature=152 151 35 21 58 153 127 15 126 50 123 63 35 85
split_gain=53.0066 18.5354 14.0563 14.9457 13.7487 13.1025 12.9202 12.8009 12.2852 10.5049 10.3559 21.6587 17.2298 17.0798
threshold=0.0053354059941901977 2.6844345112494912 216.50000000000003 1.5000000000000002 0.93095238095238109 0.28255164837512453 0.82843137254901966 -0.87083333333333346 -0.24999999999999994 -0.083639599068990642 5.1666666666666581 6.416666666666667 42.500000000000007 -0.29934027192211937
decision_type=2 2 10 2 8 2 2 2 2 10 10 10 10 10
left_child=9 -2 3 5 7 6 -3 -5 -7 -1 -9 -12 -13 -14
right_child=1 2 -4 4 -6 8 -8 10 -10 -11 11 12 13 -15
leaf_value=-0.013098303600991101 0.00098408395904441524 -0.0016627984796676752 -0.010802991530931266 -0.0025153697272834253 -0.0060233770836969243 -0.0051875883334212844 -0.010648326916266611 0.00054891308227273251 0.00069490737802054741 -0.0034411861440784806 -0.0015054582065416162 0.0029315428010661219 0.00024747409127155501 0.019849015127546436
leaf_weight=299.81213482003659 10983.149103570729 264.9188239891082 115.34881786070764 896.55685028340667 286.89809312857687 477.37887275125831 318.50915378332138 2367.4616359611973 901.77660291641951 169.75399174075574 304.73993685469031 232.70491852983832 53.757557455450296 145.89259807951748
leaf_count=26293 103796 6556 2681 18259 7363 10093 7982 45431 18559 12782 5268 4602 1077 3294
internal_value=-3.51294e-05 0.000238008 -0.00104848 -0.000843041 0.000151474 -0.00300061 -0.00671219 0.000615082 -0.00137516 -0.00982173 0.00152687 0.00459434 0.00880002 0.0149572
internal_weight=17818.7 17349.1 6365.94 6250.6 4288.01 1962.58 583.428 4001.11 1379.16 469.566 3104.56 737.095 432.355 199.65
internal_count=274036 234961 131165 128484 85294 43190 14538 77931 28652 39075 59672 14241 8973 4371
is_linear=0
shrinkage=0.03


Tree=101
num_leaves=15
num_cat=1
split_feature=151 50 152 12 152 23 58 0 82 57 39 116 34 35
split_gain=50.5123 15.9748 15.7833 12.4858 12.6776 11.3922 13.223 12.2075 10.8086 12.1185 10.3033 11.8265 17.9052 11.2858
threshold=4.6303503656575673 -0.27973393193699797 0.0025521733920247842 12.500000000000002 0.070996906961518544 0.20983870967741938 0.5590277777777779 0 -0.23333333333312109 0.037037037037033364 2.4500000000000006 -0.038239301548094309 0.21170143415906131 77.500000000000014
decision_type=2 8 2 2 2 2 8 1 10 10 8 10 2 10
left_child=1 -1 -2 -3 -5 6 -6 8 -7 -10 -9 -12 -13 -14
right_child=2 3 -4 4 5 7 -8 10 9 -11 11 12 13 -15
leaf_value=-0.0065379323076085712 -0.017522579042804402 0.0017170312940257624 -0.0053968620806177552 -0.0011459610720470136 0.0076059079111005304 -0.0038952001853583603 -0.0063887006741669824 -0.0028733083816242073 -0.00080744628079488742 0.010056826490651151 0.0001592020249993062 -0.0064594538171175702 0.0052052378270762267 -0.0013694965907490998
leaf_weight=285.19774961471558 102.8290649568662 4890.0171210430562 731.70858222898096 5437.2432003747672 366.17151378840208 905.27024976164103 60.450888767838478 472.83263057470322 452.02273052930832 100.56411005556583 2060.2294462546706 139.87727627158165 1541.9410818815231 270.28645069897175
leaf_count=5917 10870 52269 45370 98870 3393 8421 625 4555 4624 974 20085 1292 14081 2690
internal_value=-3.49829e-05 0.000321864 -0.00717396 0.000444798 -8.36284e-05 0.000823759 0.00547328 0.000477052 -0.00188793 0.00138325 0.00125091 0.00174893 0.00341269 0.00422145
internal_weight=17816.6 16982.1 834.538 16696.9 11806.9 6369.65 426.622 5943.02 1457.86 552.587 4485.17 4012.33 1952.1 1812.23
internal_count=274036 217796 56240 211879 159610 60740 4018 56722 14019 5598 42703 38148 18063 16771
cat_boundaries=0 1
cat_threshold=786
is_linear=0
shrinkage=0.03


Tree=102
num_leaves=15
num_cat=0
split_feature=152 152 15 65 84 13 58 154 152 104 86 24 106 106
split_gain=48.4259 17.2861 15.6862 13.7881 10.5295 10.6928 10.2943 9.49548 10.7222 9.79293 9.41081 11.49 13.6196 8.78416
threshold=0.0053354059941901977 0.01684093620803476 -0.74264705882352888 1.0000000180025095e-35 2.3963212802315872 1.0606617647058825 0.81534090909090928 1.6820718360009785 0.41314440273845981 0.86515151515151534 0.19904908328480816 12.519230769230772 0.55277777777777792 0.085784313725490211
decision_type=2 2 2 8 10 2 8 2 2 2 10 8 2 2
left_child=6 2 -2 -4 5 7 -1 8 -3 10 13 12 -12 -9
right_child=1 4 3 -5 -6 -7 -8 9 -10 -11 11 -13 -14 -15
leaf_value=-0.0045781482602880339 -0.007222291286286351 0.003123340722738763 0.00092950497306592628 -0.0059335391767320108 -0.0081253860425105733 0.012087860840910914 -0.013852370551263527 0.0075964839471830631 -0.0035746843360275173 -0.0016142911663118019 0.0019718041779178456 -0.0079484285292388511 -0.0032950676487834472 0.00088246923574772124
leaf_weight=232.60883487015963 461.68736708257347 1937.6561249084771 995.19719732832164 341.84911733586341 110.06803531944752 57.822629403322935 228.93109121359885 164.20749324187636 229.13116377592087 2097.655267033726 935.80550622567534 192.78799850866199 810.96605580672622 9017.9214068837464
leaf_count=18493 15592 17369 31193 11813 1790 612 20582 2249 2311 24903 13676 2997 10309 100147
internal_value=-3.47652e-05 0.000224138 -0.00254788 -0.000871564 0.000546852 0.000616482 -0.00946954 0.000561641 0.00239534 0.000258704 0.000613667 -0.00127824 -0.000480659 0.00101473
internal_weight=17814.3 17352.8 1798.73 1337.05 15554 15444 461.54 15386.1 2166.79 13219.3 11121.7 1939.56 1746.77 9182.13
internal_count=274036 234961 58598 43006 176363 174573 39075 173961 19680 154281 129378 26982 23985 102396
is_linear=0
shrinkage=0.03


Tree=103
num_leaves=15
num_cat=2
split_feature=151 151 111 0 15 13 35 0 63 6 23 56 130 16
split_gain=46.1144 18.2413 11.32 10.6897 12.815 10.2097 10.1086 9.53181 17.6386 9.30288 10.5183 9.03099 9.77939 10.4706
threshold=5.1460398887267935 3.6362686359073835 -0.17228461217362676 0 -1.2426470588235288 1.0606617647058825 91.500000000000014 1 7.416666666666667 7.5000000000000009 0.20983870967741938 0.071428571428571425 0.074377443918501762 -39.154761904761919
decision_type=2 2 10 1 2 2 10 1 10 2 2 10 2 2
left_child=1 5 -2 4 -3 6 11 8 -8 10 -5 -1 -13 -14
right_child=2 3 -4 9 -6 -7 7 -9 -10 -11 -12 12 13 -15
leaf_value=0.00016657345375690176 -0.013928073713352045 -0.0065930239041683287 -0.002254840065945409 -0.00097879369670066281 0.0013209480129619455 0.011816536574818447 -0.0012316268174185558 -0.00376293746275199 0.0109342775123071 -0.0014965853342730163 -0.0092869273779625384 -0.0022660210253923124 -0.0036230868157152516 0.0025072898491026977
leaf_weight=8059.4861683920026 244.97731885313988 210.8329217210412 114.25910267513245 204.93117777071893 982.85353109240532 57.476686600595713 624.3777275569737 879.28178304061294 113.97190822660923 630.59753903839737 424.56283366121352 480.25983798131347 252.49048292636871 4531.7959389165044
leaf_count=90060 23195 6987 9571 6286 30328 588 7262 10656 1578 20424 13488 5445 2672 45496
internal_value=-3.45973e-05 0.00018867 -0.0104545 -0.00220127 -0.000140158 0.00058146 0.000526435 -0.00170278 0.000815799 -0.00409593 -0.00666795 0.000798688 0.00176317 0.00217345
internal_weight=17812.2 17452.9 359.236 2453.78 1193.69 14999.1 14941.7 1617.63 738.35 1260.09 629.494 13324 5264.55 4784.29
internal_count=274036 241270 32766 77513 37315 163757 163169 19496 8840 40198 19774 143673 53613 48168
cat_boundaries=0 1 2
cat_threshold=566 793
is_linear=0
shrinkage=0.03


Tree=104
num_leaves=15
num_cat=1
split_feature=151 58 124 24 95 0 48 35 89 95 138 35 56 154
split_gain=44.0869 20.1175 14.053 15.0179 29.7382 12.8934 11.9979 15.7243 13.4878 14.1772 12.1572 14.335 15.922 12.0186
threshold=5.2804079136148419 0.93095238095238109 -3.7499999999999996 12.519230769230772 0.62019230769230782 0 16.802017559543419 224.50000000000003 -0.20037989372925272 0.92582417582417598 0.058668250197941411 47.500000000000007 -0.21825396825396826 1.5902600688429172
decision_type=2 10 8 8 2 1 8 10 10 2 2 10 8 2
left_child=1 2 -1 6 -5 -3 7 8 9 -4 -8 -12 -13 -10
right_child=-2 5 3 4 -6 -7 10 -9 13 -11 11 12 -14 -15
leaf_value=-0.0087605714399793307 -0.011695873592796262 0.00049024040768603865 0.0046534691108410251 0.00074684446478126131 -0.0055914818682228492 -0.0086941499359809542 -0.0055322702112092477 -0.0078541945077154358 0.0060261954853920762 -0.0008418806407273305 0.0016683103367651285 0.0052690428334891126 -0.0041599052300553292 0.0018044469613068775
leaf_weight=136.22999727167189 272.06795517355204 222.87307167518884 476.46220079157501 1833.7863511219621 1028.6889941385016 346.25707168038934 403.43782791215926 150.99612398538738 660.16808359138668 2996.9234326919541 1721.3044966235757 179.45368845202029 967.95775304175913 6413.5753094851971
leaf_count=2414 26925 5531 5434 26914 19353 8695 5604 2504 7305 36903 21810 2874 12491 89279
internal_value=-3.42211e-05 0.000156526 0.000344664 0.000426088 -0.00154824 -0.00531773 0.000831849 0.00131766 0.00145994 -7.12868e-05 -0.000755256 -5.81651e-05 -0.00263627 0.00221037
internal_weight=17810.2 17538.1 16969 16832.8 2862.48 569.13 13970.3 10698.1 10547.1 3473.39 3272.15 2868.72 1147.41 7073.74
internal_count=274036 247111 232885 230471 46267 14226 184204 141425 138921 42337 42779 37175 15365 96584
cat_boundaries=0 1
cat_threshold=914
is_linear=0
shrinkage=0.03


Tree=105
num_leaves=15
num_cat=1
split_feature=152 152 10 155 24 127 23 89 114 58 124 41 0 107
split_gain=42.3234 15.6577 15.0699 11.9147 10.7595 16.516 10.6281 10.4648 9.95082 9.93389 9.80047 9.70939 9.65057 9.37555
threshold=0.0053354059941901977 0.06579667573706377 431.00000000000006 0.24142560701894236 12.519230769230772 0.26136363636363641 0.20396452790818989 -0.37693591998279491 0.056670437405750819 0.81534090909090928 -3.7499999999999996 0.36666666666666675 0 -0.021193776784809378
decision_type=2 2 2 2 8 2 2 8 10 8 10 10 1 2
left_child=9 2 6 4 7 -6 8 -4 -2 -1 -9 -12 -10 -13
right_child=1 -3 3 -5 5 -7 -8 10 12 -11 11 13 -14 -15
leaf_value=-0.0041623439812751295 -0.0069566977456437442 0.00098338161281225967 -0.0060506184071504399 0.0018381658731313664 0.00011732574580830794 -0.0080253075679119056 -0.0066930225248722011 -0.011294409438981971 -0.0040629013408905474 -0.013337103508922823 0.0011191522551924238 -0.0086629639996976433 0.014378091347068075 -0.0010309712965234764
leaf_weight=228.73370707128197 46.259170221164823 9931.9137771427631 267.5351742990315 1615.3765171570703 433.10735040996224 448.82412817887962 570.65939194429666 53.858441289514303 30.422150380909443 221.68117666151375 2706.9702906999737 154.10782789625227 46.555034359917045 1052.7469493690878
leaf_count=18493 1027 91520 5052 25507 9323 11541 11946 1302 631 20582 55359 2973 975 17805
internal_value=-3.43054e-05 0.000204894 -0.000836119 -0.00039712 -0.00110606 -0.00409146 -0.00499699 -0.000472145 0.00273075 -0.00896221 -7.4625e-05 0.000122303 0.00873749 -0.00209992
internal_weight=17808.8 17358.3 7426.42 6732.53 5117.15 881.931 693.896 4235.22 123.236 450.415 3967.68 3913.83 76.9772 1206.85
internal_count=274036 234961 143441 128862 103355 20864 14579 82491 2633 39075 77439 76137 1606 20778
cat_boundaries=0 1
cat_threshold=165
is_linear=0
shrinkage=0.03


Tree=106
num_leaves=15
num_cat=0
split_feature=151 151 50 15 37 95 130 87 152 48 154 111 32 136
split_gain=40.8414 18.5882 12.2999 11.8361 10.5892 20.2431 11.1374 11.9706 10.6679 10.6257 10.456 10.271 9.9183 9.55587
threshold=4.2801320875317508 5.650908969611069 -0.29929645030944479 -0.92582417582417509 1.0000000180025095e-35 0.73030303030303034 0.07961545471113543 0.20219065656480481 0.018178758054825953 17.553488551235393 1.7669551885720913 -0.26415744854462991 7.2264957264957275 0.11838294448913919
decision_type=2 2 8 2 2 2 2 8 2 8 2 10 10 2
left_child=2 3 -1 12 5 -4 8 -8 -7 13 11 -5 -2 -6
right_child=1 -3 4 10 9 6 7 -9 -10 -11 -12 -13 -14 -15
leaf_value=-0.0065688457446353501 -0.012616137015468307 -0.015661847652550694 0.00095402992844997056 -0.0053171202498072667 0.0008815323860566094 -0.01048427795115749 0.0080886135108217214 -0.0062410848861332103 0.0034952952281194619 -0.0054467062849390723 -0.0038150032853901403 0.007912091148742249 -0.0008734297927617408 0.010229350752069809
leaf_weight=211.51150740124285 194.66620333213359 120.77913632523268 1782.9726154915988 66.781657326035202 12896.071169389412 45.017248010262847 42.971909845247865 936.80387845262885 258.13064744323492 222.96061069332063 704.04803416598588 142.87569849193096 97.063123776577413 84.336488883942366
leaf_count=3988 10171 13466 21819 3389 151659 1179 746 13486 3476 2847 35955 5810 5211 834
internal_value=-3.45339e-05 -0.00506891 0.000374825 -0.0038281 0.000471065 -0.00111351 -0.00396475 -0.00550011 0.0010229 0.00083986 -0.00207696 0.00362456 -0.00894292 0.000954004
internal_weight=17807 1326.21 16480.8 1205.43 16269.3 3065.9 1282.92 979.776 303.148 13203.4 913.705 209.657 291.729 12980.4
internal_count=274036 74002 200034 60536 196046 40706 18887 14232 4655 155340 45154 9199 15382 152493
is_linear=0
shrinkage=0.03


Tree=107
num_leaves=15
num_cat=1
split_feature=151 58 124 24 95 63 0 48 15 121 89 154 10 17
split_gain=39.0307 18.2192 12.9943 13.0956 21.7883 14.0619 12.4112 11.2953 14.1784 12.9222 12.1871 12.3833 11.301 11.2681
threshold=5.2804079136148419 0.93095238095238109 -3.7499999999999996 1.0625000000000002 0.5590277777777779 1.1666666666666667 0 16.802017559543419 0.21651785714285768 0.01528664901074934 -0.20037989372925272 1.5902600688429172 487.00000000000006 22.500000000000004
decision_type=2 10 8 10 2 8 1 8 2 8 10 2 2 2
left_child=1 2 -1 4 -4 -6 -3 10 9 -9 -5 12 -12 -13
right_child=-2 6 3 7 5 -7 -8 8 -10 -11 11 13 -14 -15
leaf_value=-0.0084819549911296643 -0.011163058230827843 0.00059478972700563893 0.00073505413859624078 -0.00019425787903155965 0.0059061644210075467 -0.0053146834700945715 -0.0084276886638139595 -0.0037586529314077681 0.0012752037096480098 0.0037601713054038399 0.0084504764445325724 0.0018201632530855825 -5.5565904504798542e-05 -0.0046311344466963113
leaf_weight=134.6265069404617 264.20176904834807 222.08507723268121 1814.7258103424683 3453.5264523848891 97.649192240089178 1157.8109998069704 342.30566665623337 1418.5820019850507 1567.8983384771273 227.79282212536782 449.63204689510167 6213.7286144224927 201.27374870888889 239.54904900677502
leaf_count=2414 26925 5531 26471 42556 1014 19686 8695 19049 20190 3136 5177 86810 2146 4236
internal_value=-3.452e-05 0.00014249 0.000320752 0.000398601 -0.00136875 -0.0043825 -0.00508909 0.000793657 -0.000760814 -0.00269379 0.00126732 0.00197674 0.00587823 0.0015705
internal_weight=17805.4 17541.2 16976.8 16842.2 3070.19 1255.46 564.391 13772 3214.27 1646.37 10557.7 7104.18 650.906 6453.28
internal_count=274036 247111 232885 230471 47171 20700 14226 183300 42375 22185 140925 98369 7323 91046
cat_boundaries=0 1
cat_threshold=914
is_linear=0
shrinkage=0.03


Tree=108
num_leaves=15
num_cat=0
split_feature=151 151 50 15 109 87 156 126 115 147 155 37 95 8
split_gain=37.663 17.5499 11.351 11.309 10.1675 16.3675 12.2203 11.2695 11.1767 13.7979 9.71267 9.46621 18.3899 9.9729
threshold=4.2801320875317508 5.650908969611069 -0.29929645030944479 -0.92582417582417509 2.208333333333333 0.69635642135472164 -3.8018545381560966 1.0000000180025095e-35 -0.0044151403433943413 -0.24735294692209206 0.21739601866244815 1.0000000180025095e-35 0.81534090909090928 2.5000000000000004
decision_type=2 2 8 2 8 10 2 2 10 10 2 2 2 2
left_child=2 3 -1 -2 5 7 -7 8 9 -5 -9 12 -4 -14
right_child=1 -3 11 4 -6 6 -8 10 -10 -11 -12 -13 13 -15
leaf_value=-0.0063405960018611237 -0.0087164890938782776 -0.015309428986420282 0.00079009924723886962 -0.00012661077513155932 -0.0050884857537163673 0.0031813967763747214 -0.015483339964948899 -0.0068105271819936079 -0.0016570079509927111 0.020299978758258109 0.0065817012771357325 0.00079758463877459176 0.001416287385108008 -0.0053468508255956311
leaf_weight=209.6748805064708 288.65209765639156 117.63881258480251 1882.6831743884832 43.124433096498251 453.42786037921906 45.433687320910394 63.782030952163041 99.548349865712225 55.329448003321886 79.739183768630028 70.1668496793136 13217.173928774893 240.30227094702423 937.24344203807414
leaf_count=3988 15382 13466 23343 2048 25133 2147 2370 4700 2306 3549 2901 155340 3167 14196
internal_value=-3.42434e-05 -0.00488708 0.000357448 -0.00368818 -0.00197873 0.00116955 -0.00827227 0.00435293 0.00931352 0.0138967 -0.00118881 0.000449486 -0.00105051 -0.00396624
internal_weight=17803.9 1316.84 16487.1 1199.2 910.552 457.124 109.216 347.908 178.193 122.864 169.715 16277.4 3060.23 1177.55
internal_count=274036 74002 200034 60536 45154 20021 4517 15504 7903 5597 7601 196046 40706 17363
is_linear=0
shrinkage=0.03


Tree=109
num_leaves=15
num_cat=0
split_feature=152 152 15 87 58 80 50 19 120 147 98 154 24 67
split_gain=35.7835 19.3918 13.1758 10.167 12.5246 10.1531 13.5828 11.9262 12.0904 11.9079 11.9875 11.6953 13.3411 12.0754
threshold=0.014493370074146181 0.0025521733920247842 -0.92582417582417509 0.67555555555979196 0.91287878787878796 158.33333333333329 -0.074636729067183424 0.18790584415584419 7.5000000000000009 -0.15264692471222926 -0.36924968970423511 2.3458851644740553 6.1449579831932786 1.0000000180025095e-35
decision_type=2 2 2 8 10 10 10 2 10 8 10 2 8 10
left_child=1 -1 -3 4 -4 7 -7 8 9 -2 -11 -9 13 -13
right_child=5 2 3 -5 -6 6 -8 11 -10 10 -12 12 -14 -15
leaf_value=-0.016343968585804624 -0.0033100553098946162 -0.007770296405180936 0.0018615406610842514 -0.0052769679278680277 -0.0069588933371161508 -0.0084600204824055586 -0.00065312844410485315 0.00075716057530510899 0.011447405802728209 -0.0091337581669749535 0.0068802830176155358 0.008118062291895909 -0.0083179330421171184 -0.0024658640060885141
leaf_weight=93.05683920532465 211.28870462998748 412.41248948220164 736.46980651654303 454.941661125049 164.4998786887154 206.79090435244143 2134.7357058562338 12015.7002986148 154.61983737535775 34.176503483206034 371.76380920782685 108.10303648561239 260.84687785431743 442.99312298558652
leaf_count=10870 3127 19498 30883 19083 8642 3328 24148 135459 2248 423 4932 1597 4150 5648
internal_value=-3.41487e-05 -0.00395298 -0.00316892 -0.00169967 0.000163511 0.000426726 -0.00139205 0.000741068 0.00432682 0.0023138 0.00525461 0.000520509 -0.00293184 -0.000229626
internal_weight=17802.4 1861.38 1768.32 1355.91 900.97 15941 2341.53 13599.5 771.849 617.229 405.94 12827.6 811.943 551.096
internal_count=274036 88976 78106 58608 39525 185060 27476 157584 10730 8482 5355 146854 11395 7245
is_linear=0
shrinkage=0.03


Tree=110
num_leaves=15
num_cat=1
split_feature=151 152 15 87 0 7 88 55 83 57 24 62 63 134
split_gain=34.5892 16.083 12.7855 11.0949 10.1908 9.75014 12.1205 9.59685 10.9895 13.5137 12.232 9.97906 9.89478 9.60456
threshold=5.2804079136148419 0.01684093620803476 -0.92582417582417509 0.40397603485992789 0 6.5000000000000009 4.5000000000000009 0.39772727273278491 0.79999999999945437 -0.010579466829388666 11.522727272727275 7.5000000000000009 6.8333333333333348 0.081436039688466896
decision_type=2 2 2 10 1 2 2 10 8 10 8 8 10 2
left_child=1 2 -1 -2 7 -6 -7 11 9 10 13 -4 -11 -9
right_child=3 -3 4 -5 5 6 -8 8 -10 12 -12 -13 -14 -15
leaf_value=-0.0068465349499368033 -0.014729422289845039 0.00045271619654204781 -0.011797551761681846 -0.0013770752516854396 -0.0053851609625823037 0.0060090328486833607 -0.008032192232052076 0.018085170188336035 -0.0067179363644674119 0.011327349844714264 -0.0059012148827402612 0.00077919089571112932 -0.0020400858517750399 -0.0043867292383171072
leaf_weight=438.5080765299499 172.36445499677211 15587.696529876441 66.460880802944303 84.65079936478287 584.43152541201562 165.11366245616227 65.336288779042661 119.59232194535434 59.924225963652134 51.075551244430244 20.318746263161302 181.9216481782496 189.99273971095681 13.696628184989093
leaf_count=16888 18847 176363 2046 8078 20915 5842 2363 4093 2458 1587 822 6882 6396 456
internal_value=-3.42514e-05 0.000130233 -0.00242309 -0.0106501 -0.00109068 -0.00332309 0.00178054 0.00153732 0.00410293 0.0059317 0.0124539 -0.00306626 0.00128973 0.0155658
internal_weight=17801.1 17544.1 1956.37 257.015 1517.86 814.881 230.45 702.983 454.6 394.676 153.608 248.383 241.068 133.289
internal_count=274036 247111 70748 26925 53860 29120 8205 24740 15812 13354 5371 8928 7983 4549
cat_boundaries=0 1
cat_threshold=690
is_linear=0
shrinkage=0.03


Tree=111
num_leaves=15
num_cat=1
split_feature=151 58 124 0 24 127 63 87 48 35 80 15 138 89
split_gain=33.0323 16.0615 12.1538 11.9083 11.7778 19.9405 13.0755 10.7503 10.5795 13.2627 13.6593 13.2226 16.1441 10.5723
threshold=5.2804079136148419 0.93095238095238109 -3.7499999999999996 0 1.0625000000000002 0.5590277777777779 1.1666666666666667 0.40397603485992789 16.802017559543419 245.50000000000003 -331.66666666666657 0.21651785714285768 0.089790432301953049 -0.20037989372925272
decision_type=2 10 8 1 10 2 8 10 8 10 10 2 2 10
left_child=1 2 -1 -3 5 -4 -7 -2 9 10 -6 12 -10 -12
right_child=7 3 4 -5 8 6 -8 -9 11 -11 13 -13 -14 -15
leaf_value=-0.0082577174262023507 -0.0145175127847807 0.00073854522418843242 0.00070102149074592352 -0.008111558712924195 0.0060736968866434366 0.0056916991683172106 -0.0051053727451631807 -0.0013435418395114438 -0.0037457229756365216 -0.0084342777612261052 -0.00034548804372589863 0.0011993169870183325 0.0050897047624918913 0.0017410598369494142
leaf_weight=133.35078776814044 169.890704783611 221.01345182862133 1813.2558385552838 337.68539789970964 501.67883371654898 98.191176570951939 1152.8692439338192 84.536819199100137 1443.1799352075905 112.35512752458453 3225.4813828505576 1570.8844659235328 200.09443691559136 6735.2938887551427
leaf_count=2414 18847 5531 26419 8695 7771 1015 19737 8078 19602 1937 39190 20190 2583 92027
internal_value=-3.41155e-05 0.000125859 0.000292347 -0.00481133 0.000367282 -0.00131085 -0.00420056 -0.0104588 0.000741231 0.00119899 0.00131437 -0.000763416 -0.00263356 0.00106589
internal_weight=17799.8 17545.3 16986.6 558.699 16853.3 3064.32 1251.06 254.428 13789 10574.8 10462.5 3214.16 1643.27 9960.78
internal_count=274036 247111 232885 14226 230471 47171 20752 26925 183300 140925 138988 42375 22185 131217
cat_boundaries=0 1
cat_threshold=914
is_linear=0
shrinkage=0.03


Tree=112
num_leaves=15
num_cat=0
split_feature=151 152 152 154 132 152 153 106 127 122 16 59 45 39
split_gain=31.9607 13.0053 12.0407 12.7834 13.3978 12.4539 12.2477 13.3665 12.249 12.3904 11.3692 11.4537 11.005 9.75708
threshold=4.6303503656575673 0.0025521733920247842 0.15242160459103429 2.1213895579778863 0.10738183232834081 0.26353257994069657 0.5268858976673908 0.81534090909090928 0.91987179487179505 0.11383021196283392 43.63068181818182 0.66402116402241529 0.23611111111111113 4.1000000000000005
decision_type=2 2 2 2 2 2 2 2 2 2 2 10 10 8
left_child=2 -2 3 4 10 13 7 12 9 -9 -1 -12 -7 -4
right_child=1 -3 5 -5 -6 6 -8 8 -10 -11 11 -13 -14 -15
leaf_value=0.00058016019257677183 -0.015864409328922087 -0.004292328928004247 0.0007732189661806008 -0.0015957181383721934 0.012167524004387153 -0.0014026414265218864 -0.0096366876172883018 0.019465777580991574 0.00084371393754892918 0.0022469392180238098 -0.0065649352010436176 0.0064999586452789415 -0.011945435281879035 0.0042162030310856349
leaf_weight=7615.2731149699539 89.519294449128211 700.69256457220763 1342.4437198713422 4187.9077174272388 71.790226822718978 499.54265385866165 107.83109383285046 54.396119065582752 874.75352563709021 92.083430796861649 347.11568474769592 59.944779630750418 94.928301945328712 1660.4443503990769
leaf_count=103381 10870 45370 11527 66830 789 4443 1093 471 7685 782 4382 1081 834 14498
internal_value=-3.40682e-05 -0.00587439 0.00024221 -0.00025323 0.000443041 0.00152638 -0.000504096 0.000188444 0.00226026 0.00985549 0.000315609 -0.00447833 -0.00333873 0.00268851
internal_weight=17798.7 790.212 17008.5 12282 8094.12 4726.42 1723.54 1615.7 1021.23 146.48 8022.33 407.06 594.471 3002.89
internal_count=274036 56240 217796 176463 109633 41333 15308 14215 8938 1253 108844 5463 5277 26025
is_linear=0
shrinkage=0.03


Tree=113
num_leaves=15
num_cat=0
split_feature=151 151 9 104 155 108 12 104 108 48 63 88 23 52
split_gain=30.418 12.8787 11.9087 10.4744 9.78573 13.1617 9.73315 12.9328 11.0476 11.7957 13.5389 11.1508 10.334 14.363
threshold=4.5533502986082128 5.650908969611069 51.750000000000007 0.085784313725490211 0.30147511177332381 0.69337606837606847 12.500000000000002 0.84807692307692317 0.58578431372549034 17.171477246666452 7.8333333333333348 4.5000000000000009 0.20983870967741938 0.78174603174603186
decision_type=2 2 2 2 2 10 2 2 10 8 10 2 2 10
left_child=2 3 -1 -2 -5 -6 -4 8 12 10 -10 -12 13 -8
right_child=1 -3 6 4 5 -7 7 -9 9 -11 11 -13 -14 -15
leaf_value=-0.0043025844664368422 0.0080693817074683708 -0.014422157093069031 0.001518222644785193 -0.005962470556420736 0.015778787796445783 -0.0062907958375414694 0.005488253167581409 -0.002383341631582644 -0.0034212784543326095 -0.0082112365184149171 -0.00089875665063826799 0.0056837462139439311 0.00045595245667113139 -0.0037080665432248899
leaf_weight=486.42577144131064 48.054951523430645 110.32706517586485 4841.633602887392 654.59972895216197 32.990704781375825 37.125362537801266 784.51608227193356 1832.4075751043856 899.59943484328687 202.2125782892108 585.9307835008949 364.41061707772315 6738.6862267013639 177.76129878498614
leaf_count=7004 2734 13466 51308 40066 1741 2118 10593 24688 15264 3703 11853 7423 79505 2570
internal_value=-3.32681e-05 -0.00541346 0.000252192 -0.00387718 -0.00481691 0.005044 0.000390866 -8.16143e-05 0.000353828 -0.00159461 -0.000811134 0.00167442 0.000875138 0.00375858
internal_weight=17796.7 883.098 16913.6 772.771 724.716 70.1161 16427.2 11585.5 9753.12 2052.15 1849.94 950.341 7700.96 962.277
internal_count=274036 60125 213911 46659 43925 3859 206907 155599 130911 38243 34540 19276 92668 13163
is_linear=0
shrinkage=0.03


Tree=114
num_leaves=15
num_cat=0
split_feature=152 152 15 105 84 13 30 35 154 144 80 50 134 122
split_gain=29.1203 17.0206 12.6098 9.85617 9.24867 9.06691 9.05463 11.7256 10.0965 12.2374 11.5116 10.6901 11.1693 14.3946
threshold=0.01502836385591688 0.0025521733920247842 -0.92582417582417509 0.0066790605306113202 2.3963212802315872 1.0606617647058825 0.066678520625889068 245.50000000000003 1.5511502758327356 0.33627821447247958 158.33333333333329 -0.074636729067183424 0.081436039688466896 0.1244565114652451
decision_type=2 2 2 2 10 2 2 10 2 2 10 10 2 2
left_child=1 -1 -3 -4 5 6 -2 8 9 -8 -10 -12 13 -13
right_child=4 2 3 -5 -6 -7 7 -9 10 -11 11 12 -14 -15
leaf_value=-0.015486996796669709 0.0024596248988256733 -0.0072743155603663331 -0.00043872828121236464 -0.0077796137968438785 -0.0076418093072627702 0.010888851220743269 0.0042979139829311076 -0.008157032364014485 0.00039212090626913936 -0.0065363420090569467 -0.0093290801129214691 -0.0034248061217754286 0.0052687247545611573 0.0047504973091697968
leaf_weight=86.891887341160327 1705.0118768401444 422.4070804817602 1236.9784885644913 175.26676004007459 113.01872822083533 59.631667360663414 870.89245804026723 136.1857791505754 11011.379730509594 91.540329128503799 154.85708140768111 1332.4229336064309 185.55752732604742 212.96201300993562
leaf_count=10870 19415 19987 52709 7558 1946 625 7683 1839 128151 883 2531 15317 1972 2550
internal_value=-3.27052e-05 -0.00350589 -0.00281746 -0.00142196 0.000390651 0.000455463 0.000405482 0.000152875 0.000243259 0.00318294 2.04471e-05 -0.00213576 -0.0014176 -0.00226337
internal_weight=17795 1921.54 1834.65 1412.25 15873.5 15760.4 15700.8 13995.8 13859.6 962.433 12897.2 1885.8 1730.94 1545.38
internal_count=274036 91124 80254 60267 182912 180966 180341 160926 159087 8566 150521 22370 19839 17867
is_linear=0
shrinkage=0.03


Tree=115
num_leaves=15
num_cat=1
split_feature=151 58 0 124 24 95 63 109 53 48 138 15 121 119
split_gain=28.109 14.4833 11.4611 11.3177 11.0294 18.4798 12.4463 10.6074 10.4622 9.72946 12.6579 12.6936 13.2929 12.3287
threshold=5.2804079136148419 0.93095238095238109 0 -3.7499999999999996 1.0625000000000002 0.5590277777777779 1.1666666666666667 2.6635890151515151 0.30592786842801928 16.802017559543419 0.081635319559804201 0.23303167420814577 0.01528664901074934 -1.0000000180025095e-35
decision_type=2 10 1 8 10 2 8 8 10 8 2 2 8 10
left_child=1 3 -3 -1 5 -5 8 -2 -7 -6 11 12 -11 -12
right_child=7 2 -4 4 9 6 -8 -9 -10 10 13 -13 -14 -15
leaf_value=-0.0080178849207177272 -0.0012044319055586794 0.0008360239592952477 -0.0078563055138459858 0.00064586554654413105 0.0011417137809067782 -0.0036740727031875555 -0.004969726303696788 -0.014173478973033849 0.013815260011078381 -0.0051954255377382585 -0.002374860730365544 0.00041183505048350555 0.0036221872214391099 0.0051047715207280329
leaf_weight=132.03645057789981 89.262077262625098 220.28743145707995 334.05576047673821 1818.3032745625824 10588.438493548892 50.480962119996548 1144.323767632246 156.69076172541827 48.041601687669754 1059.2969325082377 299.83359599579126 1151.3864242741838 168.6720783598721 532.37420648522675
leaf_count=2414 9036 5531 8695 26471 140925 538 19686 17889 476 14439 3851 14863 2354 6868
internal_value=-3.27927e-05 0.000112458 -0.00459439 0.000269919 0.000341888 -0.00128313 -0.00407933 -0.00980649 0.00555268 0.000703355 -0.000740491 -0.0018526 -0.00395515 0.00241562
internal_weight=17793.5 17547.5 554.343 16993.2 16861.2 3061.15 1242.85 245.953 98.5226 13800 3211.56 2379.36 1227.97 832.208
internal_count=274036 247111 14226 232885 230471 47171 20700 26925 1014 183300 42375 31656 16793 10719
cat_boundaries=0 1
cat_threshold=914
is_linear=0
shrinkage=0.03


Tree=116
num_leaves=15
num_cat=0
split_feature=152 83 152 154 132 89 152 106 127 56 36 35 12 10
split_gain=26.9052 13.1683 11.9982 11.9755 13.1634 13.5294 11.6717 11.454 12.7218 10.9563 10.4369 12.4815 14.0212 11.7478
threshold=0.0056085051542415455 -0.4333333333340002 0.15242160459103429 2.1952755545294784 0.10633225252717911 -0.38612994355181857 0.26353257994069657 0.81534090909090928 0.91987179487179505 0.064583333333333354 -1.0000000180025095e-35 91.500000000000014 8.5000000000000018 427.00000000000006
decision_type=2 8 2 2 2 8 2 2 2 10 8 10 2 2
left_child=1 9 3 4 5 -2 -4 -8 -9 -1 13 -12 -13 -7
right_child=2 -3 6 -5 -6 10 7 8 -10 -11 11 12 -14 -15
leaf_value=-0.0099544441597832368 -0.0043498936288508625 -0.0084120820411179072 0.0025675943084600616 -0.0019938742123604648 0.010235887233934078 -0.0063863051166831043 -0.003718116906260584 0.0087962034800898627 -5.3224854868639443e-05 0.018574173944921023 0.00021921240942063662 0.012664513576121989 -0.0051033561800730588 0.0028563971279766589
leaf_weight=7.2943253931589451 571.44350250810385 432.05774450022727 3010.9996259063482 2944.1132804211229 100.92193624377251 118.4851311603561 624.39542801678181 158.03754872828722 941.67789430916309 18.789994262158871 6334.1227057501674 28.483385175466537 631.4180426383391 1870.0890568085015
leaf_count=575 7814 39369 26025 49393 1160 2093 5598 1358 8352 1360 92015 306 10327 28291
internal_value=-3.25968e-05 -0.00709088 0.000159923 -0.000324147 0.00018731 6.52856e-05 0.00144488 -0.000521067 0.00131976 0.00987466 0.000352948 -0.000193522 -0.00407201 0.002262
internal_weight=17792.3 458.142 17334.2 12599.1 9654.96 9554.04 4735.11 1724.11 1099.72 26.0843 8982.6 6994.02 659.901 1988.57
internal_count=274036 41304 232732 191399 142006 140846 41333 15308 9710 1935 133032 102648 10633 30384
is_linear=0
shrinkage=0.03


Tree=117
num_leaves=15
num_cat=0
split_feature=152 152 15 87 50 148 32 24 107 80 70 24 103 108
split_gain=26.0014 15.8498 11.9183 8.72282 9.23276 11.8597 12.032 12.7303 10.0964 11.3655 10.7923 9.98104 9.61949 9.2425
threshold=0.01502836385591688 0.0025521733920247842 -0.92582417582417509 0.67555555555979196 -0.17172673676285652 0.49948411884543026 10.845238095238097 12.519230769230772 -0.034772455047264207 -201.66666666666671 1.0000000180025095e-35 7.9857142857142867 -0.12230522576126514 0.87083333333333346
decision_type=2 2 2 8 8 10 8 8 2 10 10 10 10 10
left_child=1 -1 -3 4 11 13 -7 8 -8 -10 12 -4 -11 -6
right_child=-2 2 3 -5 5 6 7 -9 9 10 -12 -13 -14 -15
leaf_value=-0.015056857823953711 0.00036736784971866854 -0.0070245885076774782 0.0024038495440603536 -0.0045381196988706412 0.00027911283732200907 3.8905512718931264e-05 0.0011746145943320654 -0.0044251509165871882 -0.0037323402416167824 -0.0011618638851698597 0.0017929716780656791 -0.010188172641453497 0.027433193726284603 -0.012150391000376834
leaf_weight=84.050411827862263 15881.272111931816 417.93110559787601 90.170450669247657 477.86451383447275 204.08151739649475 234.82054286962375 52.742735446896404 40.104889241512865 16.385277875699103 10.6201891656965 26.642912382259965 118.49706955812871 77.20471119415015 57.826431365683675
leaf_count=10870 182912 19987 4444 19841 7639 9191 2296 2099 669 404 1109 6760 3170 2645
internal_value=-3.13267e-05 -0.00332523 -0.00266655 -0.00131157 0.00039368 0.002011 0.00486287 0.00960596 0.0127737 0.0168473 0.0198842 -0.00495055 0.0243103 -0.00297471
internal_weight=17790.2 1908.94 1824.89 1406.96 929.097 720.429 458.521 223.701 183.596 130.853 114.468 208.668 87.8249 261.908
internal_count=274036 91124 80254 60267 40426 29222 18938 9747 7648 5352 4683 11204 3574 10284
is_linear=0
shrinkage=0.03


Tree=118
num_leaves=15
num_cat=1
split_feature=151 58 0 33 124 106 55 144 109 52 95 24 69 62
split_gain=24.8818 13.4183 11.1311 13.1585 10.6942 10.8671 18.3676 12.3551 10.3111 9.03641 8.88077 8.71695 15.5646 10.9593
threshold=5.2804079136148419 0.93095238095238109 0 8.5000000000000018 -3.7499999999999996 0.096875000000000017 0.67361111111313232 0.024191545538525212 2.6635890151515151 0.10555555555555557 0.78174603174603186 1.0625000000000002 1.0000000180025095e-35 1.5000000000000002
decision_type=2 10 1 2 8 2 10 2 8 10 2 10 10 8
left_child=1 4 3 -3 -1 6 9 -7 -2 -6 -4 12 13 -9
right_child=8 2 10 -5 5 7 -8 11 -10 -11 -12 -13 -14 -15
leaf_value=-0.0078294055492171086 -0.00087380365720417165 -0.0025407181862575905 0.0089275357576518322 0.018333895357650815 -0.0059584750419882241 -0.0046027088460075935 -0.0054410283114758144 0.010726587438388566 -0.013716146585637452 0.0093570155283808042 -0.007455017600698304 0.00066848628831184817 -0.0052846257781279425 -0.00038599013141146505
leaf_weight=131.01794024091214 88.10144910030067 75.437025375664234 19.535016816109419 25.053174840286374 28.3936826903373 454.58574748970568 110.21207424718887 67.789807479828596 152.02078794268891 331.78287028428167 431.22061960678548 12999.302364451811 623.25686084199697 2251.3517187247053
leaf_count=2414 9036 1790 522 646 564 20032 2665 687 17889 6433 11268 159381 9206 31503
internal_value=-3.1121e-05 0.000104014 -0.00443926 0.00402068 0.000255139 0.00032484 0.00474879 0.000193698 -0.00933267 0.0079597 -0.00634416 0.000334668 -0.00113603 5.68205e-06
internal_weight=17789.1 17548.9 551.246 100.49 16997.7 16866.7 470.389 16396.3 240.122 360.177 450.756 15941.7 2942.4 2319.14
internal_count=274036 247111 14226 2436 232885 230471 9662 220809 26925 6997 11790 200777 41396 32190
cat_boundaries=0 1
cat_threshold=770
is_linear=0
shrinkage=0.03


Tree=119
num_leaves=15
num_cat=0
split_feature=151 58 35 151 15 50 106 55 154 136 32 83 39 25
split_gain=23.8108 15.3831 11.8158 10.3218 10.0563 12.3455 11.0263 15.9655 10.7 12.3787 9.78554 10.4406 13.6796 11.5657
threshold=5.650908969611069 0.83974358974358987 196.50000000000003 4.4349746333048614 -2.1846590909090895 -0.048430842127097577 0.096875000000000017 0.6875534188026603 2.1621903311161921 0.11887913223140498 6.6770833333333348 0.46666666666836448 5.1000000000000005 8.5000000000000018
decision_type=2 10 10 2 2 8 2 10 2 2 8 8 10 2
left_child=1 2 4 -3 5 -1 7 -6 9 10 11 12 -8 -14
right_child=-2 3 -4 -5 6 -7 8 -9 -10 -11 -12 -13 13 -15
leaf_value=-0.011990964369575769 -0.013451392424741682 -0.0017836795521925617 -0.0055847451746719743 -0.0087420811217232899 0.008176729680137218 -0.0013219230423742799 0.00093083775663255176 -0.0052042556474788835 -0.00094578015472424732 0.01322268528210054 6.2994918144188607e-05 -0.0041642022832310234 0.0053588473109290281 -0.0019577370165507458
leaf_weight=97.26068917196244 103.18391997041181 960.99586779624224 286.74636604171246 228.71435202658176 339.32246484979987 790.94457361381501 2869.8338208934292 92.487699314020574 3708.100155535154 58.087771166115999 6393.9721134444699 232.17811451945454 1408.4257854679599 217.36050086189061
leaf_count=2661 13466 17667 4821 14672 6742 11756 27442 2446 55433 550 92699 3364 17220 3097
internal_value=-3.04509e-05 5.91902e-05 0.00029795 -0.00321358 0.000407092 -0.00266995 0.000587929 0.00523221 0.000448095 0.00091106 0.000829034 0.00186157 0.00218558 0.0043717
internal_weight=17787.6 17684.4 16494.7 1189.71 16208 888.205 15319.8 431.81 14888 11179.9 11121.8 4727.8 4495.62 1625.79
internal_count=274036 260570 228231 32339 223410 14417 208993 9188 199805 144372 143822 51123 47759 20317
is_linear=0
shrinkage=0.03


Tree=120
num_leaves=15
num_cat=0
split_feature=151 58 9 151 12 147 22 36 114 138 12 149 101 117
split_gain=22.8474 14.5444 9.88485 9.88229 9.83508 11.241 10.9547 13.3609 12.6556 11.8083 11.9979 9.97056 10.9339 9.84519
threshold=5.650908969611069 0.83974358974358987 51.750000000000007 4.4349746333048614 13.500000000000002 -0.39025145417944407 0.068404634581105184 275.00000000000006 -0.24998015873013626 0.064617438636130245 15.500000000000002 0.073635912698412728 0.095888664627410122 0.12626805807940403
decision_type=2 10 2 2 2 8 2 10 10 2 2 2 10 10
left_child=1 2 -1 -3 5 -4 7 8 -6 10 -8 -11 -13 -10
right_child=-2 3 4 -5 6 -7 9 -9 13 11 -12 12 -14 -15
leaf_value=-0.0039224020286636272 -0.013253632600178644 -0.0017336458523737593 0.012467713638385405 -0.0085643941210776838 -0.0076433472941958673 0.0012341793064771598 0.00099593967581457048 -0.0057270401431104489 0.0012205835864340642 -0.00041671525762269505 -0.004797453563931609 0.012593888704593669 -0.0034068423552279237 0.0055768861478511138
leaf_weight=472.00297903735191 101.8263693661429 959.52428361773491 66.528700673021376 226.79635843727738 114.08531871717423 5796.5114740235731 443.20194604340941 224.57335904985666 2856.8539179824293 4715.5712423296645 1116.5172956129536 94.471439406275749 51.069676561281085 546.79115750640631
leaf_count=8098 13466 17667 1286 14672 1678 65970 6462 4049 42075 73802 18116 1188 551 4956
internal_value=-3.03392e-05 5.69675e-05 0.000288776 -0.00313015 0.000416356 0.00139314 -0.000148366 0.00113903 0.00159982 -0.000899616 -0.00315743 -0.000167699 0.00718559 0.00194182
internal_weight=17786.3 17684.5 16498.2 1186.32 16026.2 5863.04 10163.1 3742.3 3517.73 6420.83 1559.72 4861.11 145.541 3403.65
internal_count=274036 260570 228231 32339 220133 67256 152877 52758 48709 100119 24578 75541 1739 47031
is_linear=0
shrinkage=0.03


Tree=121
num_leaves=15
num_cat=0
split_feature=151 58 35 124 24 127 15 80 48 24 151 106 36 16
split_gain=21.9218 13.7535 11.2224 9.81014 9.96753 20.8501 10.8659 10.5555 10.896 10.2449 9.45902 9.33491 9.25965 9.05847
threshold=5.650908969611069 0.83974358974358987 245.50000000000003 -3.7499999999999996 12.519230769230772 0.74166666666666681 -1.3550420168067203 -333.33333333333331 16.149469562007482 10.511904761904765 4.4349746333048614 0.57417582417582425 1.0000000180025095e-35 48.160256410256416
decision_type=2 10 10 8 8 2 2 10 10 10 2 2 8 2
left_child=1 2 3 -1 7 -6 -7 8 -5 13 11 -3 -8 -9
right_child=-2 10 -4 4 5 6 12 9 -10 -11 -12 -13 -14 -15
leaf_value=-0.0078117547014565931 -0.013056897995505629 0.0010312228870486819 -0.0073985234619369112 0.01004731890157522 0.00051675611689979523 -0.014160927923593454 -0.00070588631106662891 0.00066267558245497796 0.00064638187100747341 0.0080877912453621997 -0.0083890640302196565 -0.0048352796984804337 -0.0073899334799996334 -0.0036039042953217326
leaf_weight=116.21196176297963 100.5059780003503 519.91949301958084 154.5704014506191 205.35061642620713 1914.7701820470393 91.975588728673756 415.23671388719231 12448.653411536478 227.96953170001507 147.68522059638053 224.93235402926803 438.1762800514698 329.00654676835984 449.77775429654866
leaf_count=2135 13466 10444 2713 3297 29616 2390 6968 160581 3198 4722 14672 7223 7293 5318
internal_value=-2.99207e-05 5.51193e-05 0.000280209 0.000359534 0.0004252 -0.00121603 -0.00512296 0.000761135 0.0052886 0.000604857 -0.00304869 -0.00168494 -0.00374832 0.000509883
internal_weight=17784.7 17684.2 16501.2 16346.6 16230.4 2750.99 836.219 13479.4 433.32 13046.1 1183.03 958.096 744.243 12898.4
internal_count=274036 260570 228231 225518 223383 46267 16651 177116 6495 170621 32339 17667 14261 165899
is_linear=0
shrinkage=0.03


Tree=122
num_leaves=15
num_cat=0
split_feature=152 152 15 105 13 30 35 154 144 53 78 116 10 128
split_gain=21.4043 13.579 10.9898 9.23942 8.11931 8.06815 10.6531 9.19086 11.3508 9.3801 8.99151 16.206 12.3029 12.7278
threshold=0.01502836385591688 0.0025521733920247842 -0.92582417582417509 0.0066790605306113202 1.0606617647058825 0.066678520625889068 245.50000000000003 1.5511502758327356 0.33627821447247958 0.32703523328624823 75.000000000000014 0.043847096530919324 481.00000000000006 0.10755398741999185
decision_type=2 2 2 2 2 2 10 2 2 8 10 10 2 8
left_child=1 -1 -3 -4 5 -2 7 8 9 -7 -9 12 13 -12
right_child=4 2 3 -5 -6 6 -8 10 -10 -11 11 -13 -14 -15
leaf_value=-0.014203586702079777 0.0022107001789905076 -0.0066569568613403024 -0.00018921185885401316 -0.0073522324866627121 0.01012117479873908 -0.0012775206683487599 -0.0078504698751795301 0.00032644731485918896 -0.0064492577022485431 0.0057535391444710456 0.002225316415676503 0.0014988987578508329 -0.0060905798934591119 -0.0044877474300409398
leaf_weight=78.851478626951575 1723.4496515449136 411.49096130020916 1226.8136028731242 171.88872088259086 60.864800743758678 222.4392783716321 137.16267706640065 10266.331698244438 91.257021456956863 657.89168759435415 508.45200618728995 968.72014130093157 777.92210823111236 480.52174082584679
leaf_count=10870 19598 19987 52709 7558 635 2002 1899 119450 883 5741 6125 11499 9283 5797
internal_value=-3.02977e-05 -0.00303626 -0.00243708 -0.00113816 0.000329472 0.00028229 4.46613e-05 0.000130494 0.00292209 0.00398531 -8.12384e-05 -0.00160465 -0.00330451 -0.00105474
internal_weight=17784.1 1889.04 1810.19 1398.7 15895 15834.1 14110.7 13973.5 971.588 880.331 13001.9 2735.62 1766.9 988.974
internal_count=274036 91124 80254 60267 182912 182277 162679 160780 8626 7743 152154 32704 21205 11922
is_linear=0
shrinkage=0.03


Tree=123
num_leaves=15
num_cat=0
split_feature=151 9 35 106 55 151 154 144 87 119 122 152 39 16
split_gain=20.3257 11.867 10.5661 10.4583 17.6986 11.4661 12.2296 11.0376 10.3841 9.16056 9.07992 8.9436 9.43411 8.9048
threshold=5.2804079136148419 51.750000000000007 224.50000000000003 0.096875000000000017 0.67361111111313232 2.2137389487888997 1.8165749895899281 0.07701055138646222 0.40397603485992789 0.16237530001318609 0.12976233671988394 0.01009766125418938 7.1000000000000005 1.0000000180025095e-35
decision_type=2 2 10 2 10 2 2 2 10 10 2 2 8 2
left_child=1 -1 3 4 9 -5 10 11 -2 -3 -7 12 -8 -14
right_child=8 2 -4 5 -6 6 7 -9 -10 -11 -12 -13 13 -15
leaf_value=-0.0043381561392861227 -0.012825811466690719 0.0093352789810386676 -0.0060902521981320906 0.00098239714591756761 -0.0052323450534419013 0.0017562761129697527 -0.012248490641586257 -0.010405524649125879 0.00030324123053429922 -0.0047138432699873143 -0.0066479561577926245 -0.00075063027777519788 0.0014273778668593454 -0.0071248521227735033
leaf_weight=513.39072922710329 152.20266777276993 329.05130635388196 220.04876128397882 8125.8393189236522 113.98217439930886 2091.9572589490563 105.57678015530109 102.83669187128544 79.229442560579628 38.305207735858858 107.82172424159944 5385.7481592595577 227.45081865414977 189.33448032196611
leaf_count=8959 18847 6488 3923 72538 2882 32355 4641 992 8078 753 1925 90217 11730 9708
internal_value=-3.03062e-05 8.97485e-05 0.000226869 0.000314877 0.00460505 0.000184364 -0.00060577 -0.00130549 -0.00858628 0.00774289 0.00130211 -0.00112114 -0.00481364 -0.00257022
internal_weight=17782.8 17551.3 17038 16817.9 481.339 16336.6 8210.73 6010.95 231.432 367.357 2199.78 5908.11 522.362 416.785
internal_count=274036 247111 238152 234229 10123 224106 151568 117288 26925 7241 34280 116296 26079 21438
is_linear=0
shrinkage=0.03


Tree=124
num_leaves=15
num_cat=0
split_feature=152 156 83 105 77 55 13 149 35 149 136 19 63 139
split_gain=19.7103 13.252 12.4318 10.8217 10.9639 12.1642 12.6051 11.8089 11.2217 9.69534 11.5697 11.2107 13.4582 11.3421
threshold=0.0025521733920247842 -2.5791816380419927 -0.95999999999839913 0.0028989540480223734 225.00000000000003 0.79551929551962541 0.5590277777777779 -0.035714285714285733 63.500000000000007 -0.020833333333333325 0.072885375494071161 0.21490147783251232 6.5833333333333348 4308.0000000000009
decision_type=2 2 8 2 10 8 2 2 10 2 2 2 10 2
left_child=-1 2 -2 4 5 8 -7 -8 9 10 -4 13 -13 -12
right_child=1 -3 3 -5 -6 6 7 -9 -10 -11 11 12 -14 -15
leaf_value=-0.013879707589107428 0.010468106183745465 0.000428354176004785 -0.0043844031286621246 -0.0049722551312614462 -0.0052660092039217236 -0.0077878149722721991 -0.0076012039639020562 0.0050530987295463103 -0.0032124663476849466 -0.0037962810474111383 0.0049172029949183264 0.00073525156873996249 0.015688870440201192 -0.0059017580036445092
leaf_weight=77.015558388084173 59.278204363770783 14484.367436632514 112.34889439307153 792.69674832047895 417.11520054424182 293.62580664874986 83.262917437590659 190.35422168532386 328.3061909629032 148.47203698800877 467.23105021566153 82.441565494053066 151.99123327527195 93.156846817117184
leaf_count=10870 1393 157034 3566 27506 14859 10582 3249 6671 10985 4104 13981 1917 4443 2876
internal_value=-3.09286e-05 4.10123e-05 -0.0016951 -0.00197156 -0.000942228 1.52091e-05 -0.00362866 0.00100742 0.00153163 0.00303138 0.00419241 0.00546351 0.0107907 0.00301173
internal_weight=17781.7 17704.6 3220.28 3161 2368.31 1951.19 567.243 273.617 1383.95 1055.64 907.17 794.821 234.433 560.388
internal_count=274036 263166 106132 104739 77233 62374 20502 9920 41872 30887 26783 23217 6360 16857
is_linear=0
shrinkage=0.03


Tree=125
num_leaves=15
num_cat=1
split_feature=152 156 83 80 63 121 62 13 154 62 108 109 0 150
split_gain=18.9536 12.4996 11.7684 9.90583 13.0446 13.015 9.64692 9.22125 9.35639 12.0476 11.2618 13.9157 13.2607 9.92877
threshold=0.0025521733920247842 -2.5791816380419927 -0.95999999999839913 141.66666666666677 6.8333333333333348 -0.0041067934965931313 5.5000000000000009 1.0606617647058825 1.6820718360009785 4.5000000000000009 0.2834821428571429 -1.5624999999999996 0 -0.083333333333333329
decision_type=2 2 8 10 10 10 10 2 2 10 8 10 1 8
left_child=-1 2 -2 4 6 -6 -4 8 9 -3 -11 -12 13 -13
right_child=1 7 3 -5 5 -7 -8 -9 -10 10 11 12 -14 -15
leaf_value=-0.013689265572214931 0.010141332949797705 0.00050847810481024374 -0.0017146011161191805 -0.0052372401224609752 -0.0027250137777401979 0.0029980640995263133 -0.0080300901424703482 0.011130929096697322 7.3128696347188077e-05 -0.00068978168985076721 0.017648696064537873 0.0085101550249414414 0.0103280865884142 -0.0049985910560558485
leaf_weight=75.969001392368227 59.827450720593333 1141.6305013448 755.48156648827717 630.83017330849543 573.74794384324923 897.68792734574527 297.74989129882306 56.936045009642839 12643.331791320816 182.35235515236855 92.887601457536221 57.219116576015949 177.33324612304568 137.4588647224009
leaf_count=10870 1393 9284 23547 21522 20685 31019 7966 560 141890 1420 720 501 1512 1147
internal_value=-3.06058e-05 3.95415e-05 -0.00164815 -0.00191859 -0.00106334 0.00076152 -0.00358769 0.000415378 0.000361591 0.00238281 0.00560237 0.00801483 0.00501854 -0.000671363
internal_weight=17780.4 17704.5 3215.32 3155.5 2524.67 1471.44 1053.23 14489.1 14432.2 1788.88 647.251 464.899 372.011 194.678
internal_count=274036 263166 106132 104739 83217 51704 31513 157034 156474 14584 5300 3880 3160 1648
cat_boundaries=0 1
cat_threshold=294
is_linear=0
shrinkage=0.03


Tree=126
num_leaves=15
num_cat=1
split_feature=152 9 35 152 27 24 155 130 106 3 119 6 35 123
split_gain=18.2283 12.5761 10.632 14.0033 14.9853 12.2061 9.96805 9.94457 12.3321 13.2537 10.0717 9.70694 9.09164 15.1199
threshold=0.0025521733920247842 51.750000000000007 62.500000000000007 0.031433887593717888 0.2822134387351779 12.031250000000002 0.12406242297502763 0.074510889627168717 0.11324786324786326 0 -0.14829032215063759 3.5000000000000004 216.50000000000003 6.3333333333333153
decision_type=2 2 8 2 2 8 2 2 2 1 10 2 10 10
left_child=-1 -2 5 12 6 7 11 8 9 -3 -10 -5 13 -4
right_child=1 2 3 4 -6 -7 -8 -9 10 -11 -12 -13 -14 -15
leaf_value=-0.01349974896232085 -0.0044840833583124958 0.014293206950493 -0.0041027913575822335 0.0061237588424590088 -0.0034750444625279344 -0.0034725210299472392 0.0012633810525026234 0.0013452947369595495 0.0046394745350407237 -0.00085243502988117156 -0.003591749371013744 -0.0069031388186580576 -0.012407491770426252 0.0036898322836774128
leaf_weight=74.95053510600701 521.42317182151601 72.046834465581924 1188.8214341769926 52.14740976318717 886.97811723127961 570.32858522376046 3549.9195143692195 8982.2473681764677 140.23893221095204 125.26825073966756 1033.7929172287695 238.79369242861867 78.557416531722993 262.97963514085859
leaf_count=10870 10101 1689 39101 674 9358 13233 36952 117506 2134 2908 15505 3084 2714 8207
internal_value=-2.89961e-05 3.94146e-05 0.00018048 -0.000804292 6.04262e-06 0.000744974 0.000820329 0.000981983 -0.0013865 0.00529689 -0.0025624 -0.00438247 -0.00328347 -0.00266794
internal_weight=17778.5 17703.5 17182.1 6258.2 4727.84 10923.9 3840.86 10353.6 1371.35 197.315 1174.03 290.941 1530.36 1451.8
internal_count=274036 263166 253065 100090 50068 152975 40710 139742 22236 4597 17639 3758 50022 47308
cat_boundaries=0 1
cat_threshold=2
is_linear=0
shrinkage=0.03


Tree=127
num_leaves=15
num_cat=1
split_feature=157 104 0 39 9 95 10 81 34 48 132 138 80 98
split_gain=17.4763 12.2377 12.4695 10.3721 9.04123 9.54043 8.76294 10.5895 8.94404 8.32343 8.59936 8.23814 8.49243 8.98023
threshold=2.4414009612931857 0.11651583710407241 0 6.4500000000000011 51.750000000000007 0.85164835164835173 465.00000000000006 -0.22499999999999784 0.258774630541872 17.553488551235393 0.11691753232987069 0.06005645800711603 168.3333333333334 0.24399455868205869
decision_type=2 2 1 8 2 2 2 8 2 10 2 2 10 10
left_child=4 2 -2 -4 5 -1 7 8 -7 10 -6 -3 13 -13
right_child=1 11 3 -5 9 6 -8 -9 -10 -11 -12 12 -14 -15
leaf_value=0.0049982533484522716 -0.0072827418358685277 -0.010910916415735713 -0.0072838916859033669 0.017073347766686398 0.00036946581006456775 -0.0072285964366100557 0.00062530348774401511 -0.013621983233775092 0.0082709027271162441 -0.0054952667613583552 0.011443533493392041 0.0002362676539914234 -0.009395814656752129 -0.0072338020649392112
leaf_weight=79.273504634387791 30.786632472649217 148.8229070417583 10.911801303271202 58.541711057070643 15955.147446995601 72.832501271273941 130.09026724053547 148.88370616966859 39.481201209127903 202.513881649822 48.380864642560482 506.72540466254577 157.47577112168074 187.30472586629912
leaf_count=1269 1803 8373 400 3052 201453 979 1869 2623 397 2529 470 27090 10162 11567
internal_value=-2.8774e-05 -0.00366413 0.00573225 0.0112951 0.000214218 -0.00381989 -0.00572499 -0.00874997 -0.00144758 0.000334777 0.000413629 -0.00467649 -0.00341684 -0.00189014
internal_weight=17777.2 1100.57 100.24 69.4535 16676.6 470.561 391.288 261.197 112.314 16206 16003.5 1000.33 851.506 694.03
internal_count=274036 62447 5255 3452 211589 7137 5868 3999 1376 204452 201923 57192 48819 38657
cat_boundaries=0 1
cat_threshold=9
is_linear=0
shrinkage=0.03


Tree=128
num_leaves=15
num_cat=0
split_feature=152 58 35 24 127 15 122 24 122 80 48 140 115 78
split_gain=17.2898 11.3769 9.23875 8.59162 18.9283 11.2939 9.99227 9.52044 9.38066 9.34693 11.6898 9.44355 8.91972 8.82577
threshold=0.0025521733920247842 0.83974358974358987 196.50000000000003 12.519230769230772 0.5590277777777779 -1.3550420168067203 0.12018199075602511 10.511904761904765 0.12274756493506495 -333.33333333333331 16.149469562007482 0.086210655515536597 -0.069840698704638257 1.0000000180025095e-35
decision_type=2 10 10 8 2 2 2 10 2 10 8 2 10 8
left_child=-1 2 3 7 6 -6 -5 9 -8 10 11 -2 -11 -7
right_child=1 -3 -4 4 5 13 8 -9 -10 12 -12 -13 -14 -15
leaf_value=-0.013246473196301589 0.012674009435494862 -0.00278703334866177 -0.0050024676771570501 -0.00092443847471612912 -0.01327053060874611 -0.00023715763028546685 0.009073232711598685 0.0074482671151047206 0.0010532335103398504 -0.0031886891681633003 7.7332389040536993e-05 -0.0034963876086626959 0.0005808361180911916 -0.0064165803050669013
leaf_weight=73.623839910142124 164.27152494201437 1181.9383354992606 281.96620986051857 1245.5459826681763 105.98934176564217 420.05256106937304 186.03741281060502 167.92983748950064 391.76752140140161 577.26399194682017 222.84297679411247 32.864581469912082 12324.872345633805 399.43146669445559
leaf_count=10870 2567 33342 4857 18010 2827 7126 2996 5488 6973 13368 3082 463 153173 8894
internal_value=-2.87614e-05 3.73776e-05 0.000241787 0.000337379 -0.00118706 -0.00464447 0.00059139 0.000648982 0.0037997 0.000554995 0.00488099 0.00992163 0.000408674 -0.00331032
internal_weight=17776.4 17702.8 16520.8 16238.9 2748.82 925.473 1823.35 13490 577.805 13322.1 419.979 197.136 12902.1 819.484
internal_count=274036 263166 229824 224967 46826 18847 27979 178141 9969 172653 6112 3030 166541 16020
is_linear=0
shrinkage=0.03


Tree=129
num_leaves=15
num_cat=0
split_feature=152 9 35 50 10 154 95 112 98 81 117 23 83 115
split_gain=16.6223 11.234 9.84597 11.6515 11.662 11.2731 10.706 14.9938 12.6032 11.7248 16.8169 11.709 12.2972 18.0048
threshold=0.0025521733920247842 51.750000000000007 63.500000000000007 0.036443489408926062 465.00000000000006 2.275344184745427 0.93541666666666679 -0.057470253058454539 -0.10415383888598166 -0.149999999999995 0.034548911619484111 0.31191037735849064 -0.55000000000218263 0.15486069517464787
decision_type=2 2 10 10 2 2 2 10 8 10 10 2 8 10
left_child=-1 -2 3 4 -3 -4 7 -5 -8 11 -11 -10 13 -13
right_child=1 2 5 6 -6 -7 8 -9 9 10 -12 12 -14 -15
leaf_value=-0.013059319169050709 -0.0042554935072949013 0.0011928355805026062 -0.00047277933129124253 0.0090538457501461774 -0.0013700937023915375 -0.0049729657002276929 -0.00042553709071866167 0.0018552033759716173 0.00064272888564726447 0.022100911329214625 0.0024836833022785533 0.014384997932763302 0.00056949500119168124 -0.0021569918573655705
leaf_weight=72.668117810972035 517.49235726287588 2667.097741894424 3324.799892921932 349.08163041528314 3939.3054053583182 575.75517161376774 3049.5851220171899 954.45370008470491 1659.3382770568132 50.167774374596775 110.54583371058106 199.15333097521216 229.01534223649651 76.949200173839927
leaf_count=10870 10101 51614 52219 3378 67737 10205 32002 10066 18735 821 1303 1905 2364 716
internal_value=-2.84384e-05 3.6063e-05 0.000168891 0.00055804 -0.000335045 -0.00115355 0.00144028 0.00386404 0.000843334 0.00249959 0.00997124 0.00188 0.00580874 0.00990119
internal_weight=17775.4 17702.7 17185.2 13284.7 6606.4 3900.56 6678.29 1303.54 5374.75 2325.17 160.714 2164.46 505.118 276.103
internal_count=274036 263166 253065 190641 119351 62424 71290 13444 57846 25844 2124 23720 4985 2621
is_linear=0
shrinkage=0.03


Tree=130
num_leaves=15
num_cat=0
split_feature=151 84 109 35 80 106 55 86 154 151 50 123 156 25
split_gain=16.125 10.2336 10.0029 9.5046 9.71689 11.4591 13.6327 10.6872 10.1573 10.152 11.148 11.0403 9.75082 9.5356
threshold=5.2804079136148419 2.3963212802315872 2.6635890151515151 224.50000000000003 158.33333333333329 0.096875000000000017 0.66666666666667618 0.8786436904052608 1.8462830653215196 0.71754226264466137 0.22381217253707678 -1.6666666666666854 -3.1193699593804536 9.5000000000000018
decision_type=2 10 8 10 10 2 10 8 2 2 10 10 2 2
left_child=1 3 -2 4 5 6 -1 -6 9 10 -7 -11 13 -10
right_child=2 -3 -4 -5 7 8 -8 -9 12 11 -12 -13 -14 -15
leaf_value=0.0083084162068653225 0.00048466002841804541 -0.0072787761850754773 -0.012319463361805652 -0.0059211551076320005 -0.0010583146291744637 0.00067640985097787171 -0.0040247750252466897 -0.010971973544719784 -0.005067793609026849 0.00037500900814320024 -0.009949954388733891 0.0036506712078642235 0.00010991803756705666 0.0066624579154738826
leaf_weight=315.2450138097629 83.582962398882955 153.54826329275966 139.16871493775398 214.10884658433497 2525.5539224082604 254.75956050306559 96.60658104903996 87.13344603870064 537.79101800080389 1742.8197783445939 120.03185012191534 1970.1697200573981 9476.1797605287284 57.263187283650041
leaf_count=6000 9036 3947 17889 3839 36645 2470 2419 2420 23876 21778 1183 22427 117827 2280
internal_value=-2.70404e-05 7.80177e-05 -0.00778752 0.000149162 0.000229897 0.000532241 0.00537569 -0.00144968 0.000385817 0.00164408 -0.00297875 0.00212082 -0.000126581 -0.00380291
internal_weight=17774 17551.2 222.752 17397.7 17183.6 14570.9 411.852 2612.69 14159 4087.78 374.791 3712.99 10071.2 595.054
internal_count=274036 247111 26925 243164 239325 200260 8419 39065 191841 47858 3653 44205 143983 26156
is_linear=0
shrinkage=0.03


Tree=131
num_leaves=15
num_cat=1
split_feature=152 152 10 23 0 150 48 154 112 124 138 23 58 48
split_gain=15.5673 10.6146 14.498 11.1258 13.5778 11.0204 10.7015 10.2991 8.46858 10.3411 9.66706 12.5504 9.32991 8.3369
threshold=0.0025521733920247842 0.06579667573706377 431.00000000000006 0.20396452790818989 0 0.17886904761904768 16.257519532282455 1.2869005265451376 -0.089270451770384299 -3.7499999999999996 0.058184985745961364 0.3272546419098144 0.76696832579185525 15.845804602426908
decision_type=2 2 2 2 1 8 8 2 8 8 2 2 10 8
left_child=-1 2 3 4 -2 -5 -6 -4 10 -10 -9 12 -12 -11
right_child=1 -3 7 5 6 -7 -8 8 9 13 11 -13 -14 -15
leaf_value=-0.012750231311231456 -0.0077741769959502605 0.00067887042117502935 0.0092729877514715186 -0.011449074974540244 0.020891746782439997 -0.003061335721616799 0.00092017885344011568 0.0042035267675825209 -0.011196298010955851 0.002864954938149711 -0.001957473862185353 0.0047548562698260114 -0.0069461488233391964 -0.00030033108981935799
leaf_weight=71.133018062449992 49.071225491352379 10000.522350784391 83.230255225207657 230.7089087148197 29.349871173966676 368.43832509964705 56.224092832766473 172.23208745568991 56.825399155728519 897.37152603268623 887.1617269529961 154.96544487774372 547.67982570128515 4167.9712889567018
leaf_count=10870 1368 91520 1224 5292 824 10247 1395 3903 1748 21242 16474 2770 15262 89897
internal_value=-2.72426e-05 3.46355e-05 -0.000801637 -0.00476865 0.00278153 -0.00649188 0.00897214 -0.000374494 -0.00051104 0.000107734 -0.00229551 -0.0030323 -0.00391382 0.000267231
internal_weight=17772.9 17701.8 7701.23 733.792 134.645 599.147 85.574 6967.44 6884.21 5122.17 1762.04 1589.81 1434.84 5065.34
internal_count=274036 263166 171646 19126 3587 15539 2219 152520 151296 112887 38409 34506 31736 111139
cat_boundaries=0 1
cat_threshold=45
is_linear=0
shrinkage=0.03


Tree=132
num_leaves=15
num_cat=0
split_feature=50 151 87 147 109 103 99 106 53 55 138 124 30 146
split_gain=15.0449 9.42628 10.3377 8.36456 14.7757 8.44735 14.6034 14.6909 14.6433 9.68604 10.9251 8.43228 10.3936 11.7062
threshold=-0.26280508849488088 4.2801320875317508 0.68084142709267337 -0.33062498366219489 -0.82826923076923042 0.89872813682183439 -0.30151118176810854 0.73431372549019625 0.24206349206239494 0.12037037037009669 0.044348799647602972 1.7500000000000002 0.067874692874692888 8.5000000000000018
decision_type=8 2 8 8 10 10 8 2 10 8 2 10 2 2
left_child=-1 3 -3 4 -2 6 7 8 -5 -8 -11 12 -12 -14
right_child=1 2 -4 5 -6 -7 9 -9 -10 10 11 -13 13 -15
leaf_value=-0.0056612239875646281 0.014680260634540395 -0.0005752726062719383 -0.0067808727237801975 0.018871785753028298 0.001135938380064381 -0.0044094831389860801 -0.0035642379859784452 -0.0045643677008503506 0.000804997090154781 -0.0092423600255820311 0.0029304868188761105 -0.0022013564117014861 0.0043795025617201595 8.8470468605912183e-05
leaf_weight=401.55280090169981 83.708783533424139 763.2448456576094 340.67613510787487 94.039785403758287 283.97983773984015 337.18801107443869 583.93859510309994 56.171670038253069 66.322202406823635 91.614786852151155 1508.8637825958431 1030.079121844843 587.06425869837403 11543.112457081676
leaf_count=15861 935 44486 18937 1423 4669 5773 6701 754 1113 1201 17414 13321 4928 136520
internal_value=-2.69502e-05 0.000108073 -0.00255558 0.000291034 0.00467402 0.000185357 0.00028907 0.00776728 0.0121078 0.000176061 0.000327496 0.000396644 0.000595059 0.000301296
internal_weight=17771.6 17370 1103.92 16266.1 367.689 15898.4 15561.2 216.534 160.362 15344.7 14760.7 14669.1 13639 12130.2
internal_count=274036 258175 63423 194752 5604 189148 183375 3290 2536 180085 173384 172183 158862 141448
is_linear=0
shrinkage=0.03


Tree=133
num_leaves=15
num_cat=0
split_feature=152 9 80 50 106 154 152 151 107 107 81 50 59 103
split_gain=14.8473 10.4216 9.06974 12.0699 11.886 9.83757 11.6942 9.46511 10.4126 12.2556 11.5962 10.2552 10.7722 10.718
threshold=0.0025521733920247842 51.750000000000007 158.33333333333329 -0.074636729067183424 0.096875000000000017 1.8612575538598153 0.01240987691140401 0.71754226264466137 -0.0272267103812374 -0.016133204620454502 -0.74999999999999634 0.22381217253707678 0.24134615384415767 -0.85414272072915842
decision_type=2 2 10 10 2 2 2 2 2 2 8 10 10 10
left_child=-1 -2 4 -4 -3 7 -7 11 -9 -10 -11 12 13 -6
right_child=1 2 3 -5 5 6 -8 8 9 10 -12 -13 -14 -15
leaf_value=-0.012529270723811235 -0.0041097683033136968 0.0053374277092320451 -0.0067786627315867291 -0.00067873058875806812 -0.0017407273137703344 -0.0041714912638374131 4.8515032618611377e-05 -0.0023976064628336538 0.0078624430817681844 0.0056152272158152923 0.00099964594900879946 -0.0096216252443783856 -0.0076660633931560059 0.012139708805212472
leaf_weight=70.067915445193648 514.92953221919015 420.1241889372468 320.50478620501235 2285.374585237354 105.09656482934952 616.47275172825903 9215.563179789111 432.77171393577009 329.36678223125637 592.19630277110264 2588.8509866008535 120.83599783480167 82.559235975146294 75.343287274241447
leaf_count=10870 10101 9720 10302 31780 1029 32468 115038 7857 5342 5087 31726 1199 786 731
internal_value=-2.60875e-05 3.39753e-05 0.000161613 -0.00146348 0.000453288 0.000302872 -0.000222032 0.00149223 0.00193181 0.00247348 0.00188122 -0.00292645 0.000502845 0.00454199
internal_weight=17770.1 17700 17185.1 2605.88 14579.2 14159.1 9832.04 4327.02 3943.19 3510.41 3181.05 383.835 262.999 180.44
internal_count=274036 263166 253065 42082 210983 201263 147506 53757 50012 42155 36813 3745 2546 1760
is_linear=0
shrinkage=0.03


Tree=134
num_leaves=15
num_cat=0
split_feature=152 152 89 152 153 106 127 45 145 149 154 151 24 82
split_gain=14.2704 10.0408 11.3307 10.8648 11.2805 11.6648 10.5604 10.5446 10.1798 12.466 11.0637 10.8906 13.7374 10.8
threshold=0.0025521733920247842 0.15242160459103429 -0.359651633089133 0.26353257994069657 0.5268858976673908 0.81534090909090928 0.91987179487179505 0.23611111111111113 0.18465909090909094 0.032738095238095254 1.5018818343491704 3.2939815763060616 11.35416666666667 -0.96666666666677259
decision_type=2 2 8 2 2 2 2 10 2 2 2 2 8 10
left_child=-1 2 -2 -3 5 7 -7 -5 9 -4 -10 -12 13 -13
right_child=1 3 8 4 -6 6 -8 -9 10 -11 11 12 -14 -15
leaf_value=-0.012346567587597593 -0.0034154604984327486 0.0022878949212865175 -0.0060983857792256905 -0.0014304414376890033 -0.0094768129661389651 0.0088786633976652724 0.00058681817203971171 -0.011778861324129596 0.004074433019074588 0.006896707517140257 0.00046470379282740275 0.009636749412796082 -0.0049365793866056676 -0.00085932995983065727
leaf_weight=69.206733597442508 1017.6221802085638 3029.5669423565269 436.18405672907829 499.7545064240694 107.13114941120148 149.57679605484009 879.98812144994736 94.257123567163944 567.56792908674106 65.072338752448559 7512.1376666985452 76.541412101592869 815.97360962582752 2448.2284893589094
leaf_count=10870 15387 26025 3976 4443 1093 1253 7685 834 7574 605 84811 1853 33693 73934
internal_value=-2.58443e-05 3.27444e-05 -0.000400742 0.0012086 -0.000684105 -2.24789e-05 0.00190167 -0.00332219 -0.000139441 -0.00426001 4.67661e-05 -0.0001692 -0.00159033 -0.000486093
internal_weight=17768.8 17699.6 12939.3 4760.27 1730.71 1623.58 1029.56 594.012 11921.7 501.256 11420.4 10852.9 3340.74 2524.77
internal_count=274036 263166 221833 41333 15308 14215 8938 5277 206446 4581 201865 194291 109480 75787
is_linear=0
shrinkage=0.03


Tree=135
num_leaves=15
num_cat=0
split_feature=151 9 35 154 27 151 119 123 76 35 116 53 114 56
split_gain=13.7294 9.74128 9.07517 10.9822 10.4123 12.7098 10.4652 12.3833 11.5721 10.4194 9.22213 11.7429 9.66509 11.2495
threshold=5.650908969611069 51.750000000000007 63.500000000000007 2.275344184745427 0.2822134387351779 2.6844345112494912 0.047241300366295043 6.3333333333333153 1701.6666666666667 98.500000000000014 -0.035408272283253994 0.90277777777676727 -0.048214285714288957 -0.18465909090909091
decision_type=2 2 10 2 2 2 10 10 10 10 10 8 10 10
left_child=1 -1 10 4 5 -4 8 -8 -7 -9 -3 12 13 -12
right_child=-2 2 3 -5 -6 6 7 9 -10 -11 11 -13 -14 -15
leaf_value=-0.0039813300440908212 -0.010947113813011496 -0.00031170547442455689 0.0023181638345105312 -0.0048934481047487374 -0.0035079567299810084 -0.0062367875187350668 -0.0012614813004808447 0.021939868011000091 0.00060302573764018795 0.00048076548509471111 -0.0025338242068707363 -0.0049943232029878359 0.0011861967367300904 0.0079294215092364749
leaf_weight=511.56589027866721 87.992595517076552 6187.2881680964492 1448.7906037718058 572.07005980424583 751.46688565937802 513.00040928833187 152.67047861265019 33.924276346806437 380.68942405935377 36.061727809719741 113.10663158819079 245.152850008104 6357.0560360574163 376.3859626268968
leaf_count=9899 13466 89114 14022 10156 8978 13845 3795 763 9312 945 1954 4429 88911 4447
internal_value=-2.5605e-05 3.79874e-05 0.000161127 -0.0011108 -0.000439252 0.000474905 -0.00191629 0.00372987 -0.00336134 0.0129191 0.000534437 0.00127177 0.00150657 0.00550824
internal_weight=17767.2 17679.2 17167.7 3888.67 3316.6 2565.14 1116.35 222.656 893.69 69.986 13279 7091.7 6846.55 489.493
internal_count=274036 260570 250671 61816 51660 42682 28660 5503 23157 1708 188855 99741 95312 6401
is_linear=0
shrinkage=0.03


Tree=136
num_leaves=15
num_cat=0
split_feature=50 35 16 48 138 35 89 50 149 26 51 150 47 30
split_gain=13.5266 8.56566 8.56826 8.63083 11.6642 11.2804 14.4697 9.26634 11.8443 11.3003 8.92493 14.2596 10.9885 10.1212
threshold=-0.26280508849488088 245.50000000000003 48.160256410256416 16.856085066081196 0.058668250197941411 47.500000000000007 0.095154775779775783 0.11688979953916069 -0.11284994339951233 0.065016103059581332 0.064463293809562103 0.013888888888888869 0.41428571428571431 0.0953742203742204
decision_type=8 10 2 10 2 10 8 10 2 2 10 8 10 2
left_child=-1 2 3 -2 -5 10 7 8 -7 -10 -6 12 13 -12
right_child=1 -3 -4 4 5 6 -8 -9 9 -11 11 -13 -14 -15
leaf_value=-0.0053947035026514073 0.0006240325912769695 -0.0064440762687546609 -0.0031702429381948883 -0.0060293982639483198 -0.00093529704561938043 -0.0089240347763682309 -0.0075113799244961249 -0.0052920664326020755 -0.008842042763827147 0.0059190199209582127 -0.0046773694470634139 0.0082605288796478507 0.01198176854699713 0.0061615196139996166
leaf_weight=397.42907605273649 13587.718741421122 163.0506980093196 649.61252981517464 370.32939541433007 847.44787402031943 59.101964865811169 366.47871199343354 201.10422847419977 39.936955695971847 354.28131153900176 284.40653263963759 310.80571203213185 43.854410048574209 90.46493582893163
leaf_count=15861 204437 3209 8916 5554 13792 1117 5829 2263 568 4865 2907 3348 409 961
internal_value=-2.5034e-05 0.000102384 0.000169982 0.000303795 -0.00115794 -0.000432885 -0.00286738 -0.000156699 0.00221801 0.00415433 0.00115532 0.00355377 -0.000104745 -0.00192528
internal_weight=17766 17368.6 17205.5 16555.9 2968.21 2597.88 1020.9 654.424 453.32 394.218 1576.98 729.532 418.726 374.871
internal_count=274036 258175 254966 246050 41613 36059 14642 8813 6550 5433 21417 7625 4277 3868
is_linear=0
shrinkage=0.03


Tree=137
num_leaves=15
num_cat=0
split_feature=152 80 50 106 55 154 152 151 50 59 103 123 121 18
split_gain=13.179 9.82596 13.0885 9.25355 14.0925 9.89601 12.3872 9.64916 10.1122 9.24039 9.37061 8.87283 8.82133 13.3214
threshold=0.0025521733920247842 158.33333333333329 -0.074636729067183424 0.096875000000000017 0.66666666666667618 1.83868509578373 0.01240987691140401 0.71754226264466137 0.22381217253707678 0.24134615384415767 -0.85414272072915842 -1.3333333333333426 0.012220009955201594 0.060172413793103459
decision_type=2 10 10 2 10 2 2 2 10 10 10 10 10 2
left_child=-1 3 -3 4 -2 7 -7 8 9 10 -5 -9 13 -13
right_child=1 2 -4 5 -6 6 -8 11 -10 -11 -12 12 -14 -15
leaf_value=-0.011984095809571993 0.0075028721754113042 -0.0070362248020813074 -0.00082173025643229414 -0.0017503567320585813 -0.004571055378853296 -0.00419533505286648 -1.7497882962416766e-05 0.00034384527549316643 -0.0098531967970525089 -0.0073067039754747508 0.011449218956596957 -0.001890524662226008 -9.9935765663308374e-05 0.0057219367418695479
leaf_weight=67.548047433141619 332.67327862326056 336.48908245190978 2352.1839543622918 101.48822495341301 104.7477977052331 668.17662069806829 9817.6883397549391 1742.6758870990016 116.17364653199911 79.129034727811813 72.033005103468895 240.95783594949171 514.61030795471743 1218.9419805598445
leaf_count=10870 6961 11068 32959 999 3174 35747 122390 23386 1166 759 694 2979 6444 14440
internal_value=-2.49848e-05 3.07696e-05 -0.0016342 0.000330356 0.00455588 0.000198959 -0.000289329 0.00144852 -0.00309436 0.000391522 0.00420411 0.0019099 0.00327906 0.00445904
internal_weight=17765.5 17698 2688.67 15009.3 437.421 14571.9 10485.9 4086.01 368.824 252.65 173.521 3717.19 1974.51 1459.9
internal_count=274036 263166 44027 219139 10135 209004 158137 50867 3618 2452 1693 47249 23863 17419
is_linear=0
shrinkage=0.03


Tree=138
num_leaves=15
num_cat=0
split_feature=152 84 78 106 55 25 151 10 107 63 20 102 139 15
split_gain=12.6643 9.55914 8.37291 9.33602 15.8977 8.90319 8.66197 11.6804 9.7081 10.4713 15.7427 11.4605 10.857 10.7933
threshold=0.0025521733920247842 2.3963212802315872 275.00000000000006 0.096875000000000017 0.64583333333363668 3.5000000000000004 2.411429443309669 431.00000000000006 -0.066712764501871691 6.5833333333333348 5.3377192982456148 0.069047619047619066 1719.5000000000002 -1.5968750000000005
decision_type=2 10 10 2 10 2 2 2 2 10 10 8 2 2
left_child=-1 2 3 4 -2 -6 -5 -8 -9 10 12 -12 -10 -14
right_child=1 -3 -4 6 5 -7 7 8 9 -11 11 -13 13 -15
leaf_value=-0.011805283405856225 0.0076518766388344239 -0.0070294496832379811 -0.0024460029355832043 0.00075458751506111304 -0.010292447528042382 0.003797879277944415 -0.0044027249629425566 -0.0063709015013836542 -0.0016553987005197314 0.0013254072468429686 0.01201625766132285 -0.0043828815750992112 -0.0074540534916465607 0.0035145003452232626
leaf_weight=66.753375912550837 345.25953569822013 155.99437647638842 1076.9385432563722 9008.6691408865154 73.327506572008133 63.211280093062669 660.23764422163367 209.96771525358781 1102.1335735907778 2789.9250603560358 25.524682660587132 1171.7998484764248 74.198136877268553 940.48514226265252
leaf_count=10870 7116 4594 19539 81613 2106 1893 16368 5603 21726 64255 389 20475 1484 16005
internal_value=-2.49452e-05 2.94484e-05 9.81738e-05 0.00026666 0.00431683 -0.00403903 0.000140637 -0.000652321 -0.000250649 -2.50228e-05 -0.0011627 -0.00388893 0.000395843 0.00261553
internal_weight=17764.4 17697.7 17541.7 16464.7 481.798 136.539 15982.9 6974.27 6314.03 6104.07 3314.14 1197.32 2116.82 1014.68
internal_count=274036 263166 258572 239033 11115 3999 227918 146305 129937 124334 60079 20864 39215 17489
is_linear=0
shrinkage=0.03


Tree=139
num_leaves=15
num_cat=0
split_feature=151 111 152 89 145 149 152 153 106 10 121 39 154 10
split_gain=12.2363 9.3571 8.13911 10.3293 10.0969 11.8488 10.0793 10.5958 11.027 10.2395 9.91498 9.35671 10.5366 10.5542
threshold=5.1460398887267935 -0.17228461217362676 0.15242160459103429 -0.359651633089133 0.18465909090909094 0.032738095238095254 0.26353257994069657 0.5268858976673908 0.81534090909090928 493.00000000000006 -0.0087527771393549354 4.1000000000000005 1.5511502758327356 523.00000000000011
decision_type=2 10 2 8 2 2 2 2 2 2 8 8 2 2
left_child=2 -2 3 -1 5 -5 11 8 9 -8 -10 -4 -13 -14
right_child=1 -3 6 4 -6 -7 7 -9 10 -11 -12 12 13 -15
leaf_value=-0.0032083993722992737 -0.0096217978519645021 0.0013887694448316099 0.00031098291636072798 -0.0059741427315461223 0.00012399838325778483 0.0066750254978876272 -0.00045414402454694908 -0.0092476410851378144 -0.0046500355883554714 -0.0086931471307647532 0.0031029764539487752 0.013947210374935777 0.0024615332260789491 0.013062459476372742
leaf_weight=1008.0240647634491 191.46933650830761 99.541781114414334 1356.8379862606525 434.5177498832345 11196.215632605366 65.445498734712601 401.526581607759 106.16948899626732 164.6787500679493 191.50144457817078 866.87205480784178 71.287929192185402 1533.588138692081 75.806165188550949
leaf_count=14766 23195 9571 11527 3976 180590 605 3526 1093 1426 1751 7512 490 13334 674
internal_value=-2.49694e-05 -0.00597212 7.91204e-05 -0.000317678 -6.47531e-05 -0.00417216 0.001134 -0.000689634 -5.08636e-05 -0.00326352 0.00181636 0.00217137 0.00365725 0.00307687
internal_weight=17763.5 291.011 17472.5 12704.2 11696.2 499.963 4768.27 1730.75 1624.58 593.028 1031.55 3037.52 1680.68 1609.39
internal_count=274036 32766 241270 199937 185171 4581 41333 15308 14215 5277 8938 26025 14498 14008
is_linear=0
shrinkage=0.03


Tree=140
num_leaves=15
num_cat=0
split_feature=50 35 16 103 99 136 10 100 138 56 28 128 117 48
split_gain=12.0433 8.09643 8.1525 8.53151 12.8105 12.76 12.845 11.5833 9.84076 9.51665 8.37591 9.86558 12.3142 8.2917
threshold=-0.26280508849488088 245.50000000000003 48.160256410256416 0.89872813682183439 -0.30151118176810854 0.07912881434894016 461.00000000000006 0.48611111111111116 0.053410198475987956 -0.45804195804195796 6.3390804597701154 0.10939896393315642 0.089009761830571479 16.974217262996145
decision_type=8 10 2 10 8 2 2 10 2 8 10 10 8 10
left_child=-1 2 3 4 5 6 9 -7 -6 -2 11 13 -13 -4
right_child=1 -3 10 -5 8 7 -8 -9 -10 -11 -12 12 -14 -15
leaf_value=-0.0051174849942733349 0.01235888958292462 -0.0062870724209107371 -0.0073425373238755962 -0.0034790147212907263 -0.0035099012753617522 -0.009327339085040489 0.017488501122236169 0.0090378438892512805 0.00044746804018918631 -0.0069672744008181259 -0.010243865938046345 0.0084934677987747731 -0.003617093604467261 0.0069401176668920138
leaf_weight=393.25198669079691 22.827618679497391 162.07097589410841 236.58215348608792 508.29090577969328 572.43759009288624 58.233300215099007 101.08662941772491 38.843528999947011 15213.817682390567 43.357153055258095 106.26146575855091 135.13880734378472 139.56231443583965 30.644921339116991
leaf_count=15861 556 3209 3139 14158 8738 1193 2094 533 217616 1162 1977 1843 1594 363
internal_value=-2.43188e-05 9.53108e-05 0.000160849 0.000291222 0.000413755 0.00678242 0.0114724 -0.00175275 0.000300771 0.000750351 -0.00310096 -0.00146219 0.00247197 -0.00542283
internal_weight=17762.4 17369.2 17207.1 16558.9 16050.6 264.348 167.271 97.0768 15786.3 66.1848 648.19 541.928 274.701 267.227
internal_count=274036 258175 254966 246050 231892 5538 3812 1726 226354 1718 8916 6939 3437 3502
is_linear=0
shrinkage=0.03


Tree=141
num_leaves=15
num_cat=1
split_feature=152 9 122 82 0 35 120 15 36 82 10 128 128 55
split_gain=11.8176 9.12688 8.39659 13.4879 9.8793 7.93827 8.23592 7.78011 7.64297 14.8037 13.2855 9.7565 9.57038 9.74472
threshold=0.0025521733920247842 51.750000000000007 0.10758232891219932 0.48333333333338641 0 167.50000000000003 18.500000000000004 -3.1715686274509802 1.0000000180025095e-35 0.75000000000001898 463.00000000000006 0.10755398741999185 0.11115493681645543 0.78571428571619151
decision_type=2 2 2 10 1 10 10 2 8 10 2 10 10 8
left_child=-1 2 4 -4 -2 6 8 -6 12 10 11 -10 13 -3
right_child=1 5 3 -5 7 -7 -8 -9 9 -11 -12 -13 -14 -15
leaf_value=-0.011497754316649646 -0.006559915703837212 0.00016772943698287573 -0.0031391026711292025 -0.017285152057488085 0.016188125336956873 -0.0035522172288233425 -0.0073154169095276684 -0.00072219469115746178 0.0030768581577153339 -0.0079749306854784239 -0.0014204702540713454 -0.0012042865160684978 0.0016183307796877658 -0.0053376354610532523
leaf_weight=65.42103667743504 48.110704957507551 4824.2956027435139 317.64693329576403 63.187569758854806 39.635929217096418 491.67504013748839 113.21728737326339 42.152961400803179 1379.2203770978376 218.22036390472203 3371.5120862829499 719.80726395221427 5774.8132448093966 292.77765786647797
leaf_count=10870 826 64674 5759 2022 717 9027 2107 777 22428 6388 49192 12558 81241 5450
internal_value=-2.36995e-05 2.84204e-05 -0.0038653 -0.00605227 0.00250917 0.000147407 0.000259461 0.00789574 0.00031775 -0.000572509 -0.000256226 0.00161062 0.000782874 -0.000161945
internal_weight=17761.7 17696.3 510.734 380.835 129.9 17185.5 16693.9 81.7889 16580.6 5688.76 5470.54 2099.03 10891.9 5117.07
internal_count=274036 263166 10101 7781 2320 253065 244038 1494 241931 90566 84178 34986 151365 70124
cat_boundaries=0 1
cat_threshold=792
is_linear=0
shrinkage=0.03


Tree=142
num_leaves=15
num_cat=0
split_feature=152 24 35 30 45 16 145 111 48 138 98 35 81 134
split_gain=11.3529 8.70878 8.51352 7.42069 7.705 6.70621 10.2804 11.7764 7.50672 10.9534 12.5512 10.9253 12.2114 12.2721
threshold=0.0025521733920247842 12.519230769230772 245.50000000000003 0.072172619047619055 1.0000000180025095e-35 48.160256410256416 0.34313725490196084 -0.073592616873336666 16.856085066081196 0.058668250197941411 0.0785329514235764 47.500000000000007 -0.77500000000000202 0.079784946236559157
decision_type=2 10 10 2 10 2 2 8 10 2 10 10 10 2
left_child=-1 2 5 4 -4 8 -7 -8 -2 -10 -11 12 13 -12
right_child=1 -3 3 -5 -6 6 7 -9 9 10 11 -13 -14 -15
leaf_value=-0.011322774778808851 0.0005675947359677435 -0.0072011604685973257 -0.0075614212255903394 -0.010484324590345073 0.010432558375434433 0.00022826622900187343 0.0022050126854755736 -0.011352527281783681 -0.005816557542030378 0.0010461894932625618 -0.0021014836574326044 -0.0074376542490703426 -0.0036825586858740575 0.013562906256430141
leaf_weight=64.682158405892551 13772.692594348453 133.77967209601775 26.65417489502579 109.92125352937728 29.830068956129253 403.40077592805028 76.480746186338365 175.82277865894139 369.80890429439023 1762.5724538317882 81.350271929055452 336.49902834650129 340.8904904150404 76.98278572037816
leaf_count=10870 203665 6121 677 2054 553 3794 2039 3171 5531 22795 969 5288 5636 873
internal_value=-2.43187e-05 2.65319e-05 8.76845e-05 -0.00637791 0.00213652 0.000154972 -0.00278677 -0.00734971 0.000272586 -0.00109229 -0.000390374 -0.00338517 -0.000516336 0.00602929
internal_weight=17761.4 17696.7 17562.9 166.405 56.4842 17396.5 655.704 252.304 16740.8 2968.1 2598.3 835.723 499.224 158.333
internal_count=274036 263166 257045 3284 1230 253761 9004 5210 244757 41092 35561 12766 7478 1842
is_linear=0
shrinkage=0.03


Tree=143
num_leaves=15
num_cat=0
split_feature=50 24 82 80 124 121 24 95 63 53 139 87 56 81
split_gain=11.0632 7.97176 8.6618 7.90766 7.6155 8.62916 7.76164 15.5061 10.3016 9.25555 9.13291 8.98197 7.47397 7.10753
threshold=-0.26280508849488088 11.35416666666667 1.6999999999979993 -198.33333333333334 -3.7499999999999996 -0.0042463036422646944 1.0625000000000002 0.5590277777777779 1.1666666666666667 0.30592786842801928 87.500000000000014 0.20219065656480481 0.75735294117647067 -1.1499999999999948
decision_type=8 10 10 10 8 8 10 2 8 10 2 8 8 10
left_child=1 2 -1 -4 5 -2 7 -6 9 -9 -10 -12 13 -8
right_child=4 -3 3 -5 6 -7 12 8 10 -11 11 -13 -14 -15
leaf_value=-0.0052859690079611523 0.003140478709532058 -0.01348370542817467 0.014111344265273209 -0.0030531714760045417 0.00055407691005668238 -0.011632859554467563 0.0026409554224757449 -0.0036689288098611019 0.0063370552282619287 0.012708559210591025 0.0060218183686465672 -0.0057535573936151147 -0.0056826473010367371 0.00030655014262567689
leaf_weight=252.6551978061907 46.574269178789109 64.875589561648667 32.181147297378629 40.684515497647226 1833.2910050903447 86.800413628108799 1279.1313857757486 50.416068831458688 53.538910569157451 48.763708777725697 49.82113357167691 1059.2237513847649 161.97224201634526 12701.034702584613
leaf_count=8416 1042 4651 1208 1586 28480 1817 13384 537 970 476 1630 20200 2571 187068
internal_value=-2.46536e-05 -0.00492373 -0.00269893 0.00564242 8.96041e-05 -0.00667807 0.000147731 -0.00120946 -0.00374822 0.00499509 -0.00454824 -0.00515128 0.000445724 0.000522741
internal_weight=17761 390.396 325.521 72.8657 17370.6 133.375 17237.2 3095.05 1261.76 99.1798 1162.58 1109.04 14142.1 13980.2
internal_count=274036 15861 11210 2794 258175 2859 255316 52293 23813 1013 22800 21830 203023 200452
is_linear=0
shrinkage=0.03


Tree=144
num_leaves=15
num_cat=0
split_feature=152 80 50 74 121 106 55 12 22 48 128 132 139 150
split_gain=10.8167 8.64457 11.7377 8.44288 12.323 8.19405 12.4741 8.94417 8.7241 9.88412 10.9982 12.342 12.7809 13.533
threshold=0.0025521733920247842 158.33333333333329 -0.074636729067183424 -1.0000000180025095e-35 -0.0038535788535788533 0.096875000000000017 0.66666666666667618 11.500000000000002 0.069722222222222241 15.3710913069462 0.10047646248022128 0.077971758664955079 2792.5000000000005 -0.35196053946053946
decision_type=2 10 10 10 8 2 10 2 2 10 10 2 2 8
left_child=-1 5 -3 4 -4 6 -2 -7 9 -9 -11 -12 -13 -14
right_child=1 2 3 -5 -6 7 -8 8 -10 10 11 12 13 -15
leaf_value=-0.011113266779278822 0.0070048496574653916 -0.006692254402152883 0.015654243395186351 -0.0012395438658803091 -0.0012347732753102186 0.0016489602838484709 -0.00436680377750187 -0.0056898051562618551 -0.00077945851027021043 -0.0014526787153823302 -0.0020524520655585757 0.0017167531085872138 -0.0083242573017460585 0.0077752130767795779
leaf_weight=63.814738845918328 336.71111597167328 331.91165767749771 52.448516014032066 2209.2209050655365 87.101641642861068 2961.8774937144481 103.90491271717474 177.00415917299688 7702.5922380331904 962.20709444396198 484.09024547133595 1631.0294511672109 38.706051712390035 617.40909929480404
leaf_count=10870 6961 11068 597 31370 992 32064 3174 3647 121901 14363 7158 21103 464 8304
internal_value=-2.40563e-05 2.53109e-05 -0.00153907 -0.000773017 0.00601606 0.000305854 0.00426774 0.000181817 -0.000194019 0.000957722 0.00129439 0.00225089 0.00316917 0.00666063
internal_weight=17760 17696.2 2680.68 2348.77 139.55 15015.5 440.616 14574.9 11613 3910.45 3733.44 2771.23 2287.14 656.115
internal_count=274036 263166 44027 32959 1589 219139 10135 209004 176940 55039 51392 37029 29871 8768
is_linear=0
shrinkage=0.03


Tree=145
num_leaves=15
num_cat=0
split_feature=151 109 84 35 45 84 124 106 55 119 56 123 150 89
split_gain=10.4319 9.32936 7.78953 7.32109 9.48701 7.13504 6.93923 7.21209 12.7007 7.19275 7.0599 6.77748 9.16697 7.85035
threshold=5.2804079136148419 2.6635890151515151 2.3963212802315872 224.50000000000003 0.10555555555555557 0.2541458281402153 -3.7499999999999996 0.096875000000000017 0.67361111111313232 0.16237530001318609 -0.39444444444444432 -1.166666666666657 0.18733288770053477 -0.24447387929530787
decision_type=2 8 10 10 10 10 8 2 10 10 10 8 8 10
left_child=2 5 3 6 -5 -2 10 8 9 11 -1 -8 13 -13
right_child=1 -3 -4 4 -6 -7 7 -9 -10 -11 -12 12 -14 -15
leaf_value=0.0059827383629152053 0.008662573463575244 -0.011034601016944767 -0.0064608333857543408 -0.010169512499528268 0.0022005944188471334 -0.0066229292068422626 0.0022291273615993239 0.00013717010782499401 -0.0046708717996951843 -0.0044807524005904846 -0.0093035811811503621 0.0041324994876171797 0.0028891001965720086 0.021332305480129009
leaf_weight=23.597896188497543 42.089830101467669 128.95335301943123 148.4185655862093 122.96078503597528 86.113459050655365 38.446631895843893 139.13617907091975 16561.925560774282 112.47334138303995 39.871479872614145 109.84687333274633 44.683842577971518 87.540751007385552 72.910065835341811
leaf_count=527 4506 17889 3947 2531 1308 4530 2630 226485 2874 754 2178 783 1720 1374
internal_value=-2.36533e-05 -0.00644972 5.84978e-05 0.00011962 -0.00526827 0.00147139 0.000189678 0.000245666 0.00375385 0.00630337 -0.00626901 0.00768726 0.0109852 0.0160035
internal_weight=17759 209.49 17549.5 17401.1 209.074 80.5365 17192 17058.5 496.616 384.142 133.445 344.271 205.135 117.594
internal_count=274036 26925 247111 243164 3839 9036 239325 236620 10135 7261 2705 6507 3877 2157
is_linear=0
shrinkage=0.03


Tree=146
num_leaves=15
num_cat=1
split_feature=152 9 16 84 0 112 12 23 24 105 55 87 129 140
split_gain=10.1108 8.40937 8.15228 11.4091 10.025 7.57581 7.17038 8.7367 11.9307 13.1755 10.7885 10.5023 9.96448 10.9786
threshold=0.0025521733920247842 51.750000000000007 3.2403846153846136 0.093008166475538709 0 -1.0000000180025095e-35 12.500000000000002 0.19752141982864138 5.9486842105263174 0.0038663135626450834 0.12037037037009669 0.8552380952423847 17.500000000000004 0.056763406646930532
decision_type=2 2 2 10 1 8 2 2 8 2 10 10 2 2
left_child=-1 2 3 5 -4 -2 -3 12 10 11 -9 -10 13 -8
right_child=1 6 4 -5 -6 -7 7 8 9 -11 -12 -13 -14 -15
leaf_value=-0.010824839143380324 -0.0099536129269472123 0.0010913568552971713 -0.0071522952814726121 -0.013543758708278808 0.0064280531267201122 0.0012395938555416052 0.012653058228221553 -0.0046164696638841029 -0.00036237504565583112 -0.0046058761366929938 0.00062306482386650442 -0.0069387110160860242 -0.0076669885824160377 0.0020170015949326756
leaf_weight=62.650490893982351 62.867795879486948 5012.7414537742734 53.10654556658119 111.1944654812105 109.33685708837584 171.77214587666094 82.30426417523995 360.48816747125238 3332.570175296627 1049.1503997906111 6093.2950388039462 219.06856065290049 70.581653232686222 967.18717647157609
leaf_count=10870 933 58653 880 3049 2054 3185 1945 4434 65584 23974 72172 3179 2016 21108
internal_value=-2.31418e-05 2.42366e-05 -0.00372232 -0.00624301 0.0017182 -0.00217731 0.000138182 -0.000255135 -0.000511864 -0.00167654 0.000320375 -0.000795486 0.00225194 0.00301766
internal_weight=17758.3 17695.7 508.278 345.834 162.443 234.64 17187.4 12174.6 11054.6 4600.79 6453.78 3551.64 1120.07 1049.49
internal_count=274036 263166 10101 7167 2934 4118 253065 194412 169343 92737 76606 68763 25069 23053
cat_boundaries=0 1
cat_threshold=784
is_linear=0
shrinkage=0.03


Tree=147
num_leaves=15
num_cat=1
split_feature=50 24 82 80 80 121 124 106 53 116 75 3 91 75
split_gain=9.83163 7.71417 8.38538 7.45823 6.84298 8.44613 10.7739 9.84985 17.1822 10.4192 10.3359 8.92471 8.82481 13.1845
threshold=-0.26280508849488088 11.35416666666667 1.6999999999979993 -198.33333333333334 158.33333333333329 -0.0046838664385064266 -3.7499999999999996 0.59687500000000016 0.67346866096825886 0.27064960502461116 2150.0000000000005 0 1.0000000180025095e-35 1950.0000000000002
decision_type=8 10 10 10 10 10 8 2 10 8 10 1 2 10
left_child=1 2 -1 -4 5 7 -7 10 9 -9 -2 -10 -8 -14
right_child=4 -3 3 -5 -6 6 12 8 11 -11 -12 -13 13 -15
leaf_value=-0.0050530195768184938 9.4969338870256622e-05 -0.013160467288740306 0.013872173364914721 -0.0028408248414098182 -0.0013213752284220487 -0.0093065110045159865 0.00038761382953518938 -0.002444176790102226 0.0085137445132912343 -0.0093333398786102414 0.00956833211645719 -0.0018514860464658473 0.0034205736066475409 -0.0019679161562755742
leaf_weight=250.43041359214112 3076.4386267936788 63.467227872926742 32.418164077680558 40.287342315539718 2630.8238484067842 77.918017930351198 6778.5734692616388 1543.4494922156446 170.01210168004036 215.92398271569982 92.279772223904729 117.84517433354631 2175.911494850181 491.93843981297687
leaf_count=8416 53470 4651 1208 1586 43799 1588 97157 17314 2032 4848 1698 1579 28627 6063
internal_value=-2.35944e-05 -0.0046642 -0.00248567 0.00570923 8.36198e-05 0.000335469 0.000866423 -0.000633757 -0.00224768 -0.00336142 0.000414635 0.00438882 0.000964955 0.00242152
internal_weight=17757.7 386.603 323.136 72.7055 17371.1 14740.3 9524.34 5215.95 2047.23 1759.37 3168.72 287.857 9446.42 2667.85
internal_count=274036 15861 11210 2794 258175 214376 133435 80941 25773 22162 55168 3611 131847 34690
cat_boundaries=0 1
cat_threshold=1
is_linear=0
shrinkage=0.03


Tree=148
num_leaves=15
num_cat=0
split_feature=157 105 132 25 101 94 10 50 82 48 116 22 123 116
split_gain=9.70583 13.3473 7.34109 7.31194 10.5448 10.8613 8.9659 8.54546 9.07716 10.7582 10.0961 9.87398 11.9263 8.24761
threshold=2.4414009612931857 0.0022200851511196347 0.11691753232987069 9.5000000000000018 -0.029454910695193581 0.40588235294117653 479.00000000000006 -0.17172673676285652 0.55000000000078841 16.526194468873076 0.13888937451438327 0.061951754385964918 -1.3333333333333426 -0.050100850946447881
decision_type=2 2 2 2 10 2 2 8 10 8 10 2 10 10
left_child=2 3 -1 7 5 6 -5 -2 10 13 -9 12 -12 -10
right_child=1 -3 -4 4 -6 -7 -8 8 9 -11 11 -13 -14 -15
leaf_value=0.00011511231010457889 -0.0089415472154172736 -0.0079410082495593812 0.010100136226573528 0.0020886101566702322 -0.0041952620097090079 -0.0082302742183156218 0.027272304656729321 -0.0044230985240086215 0.010689167450230429 0.018461697792325354 -0.0046068139794578885 -0.0010133852424175967 0.024528208014811675 -0.0081226904261336805
leaf_weight=16640.171485645697 107.57774975476786 303.19013072689995 51.536476697772741 22.746399404481053 41.452735783997923 8.1139107835479063 24.465073159895837 351.89048938592896 20.029846863355488 32.119141531176865 12.891405179165302 81.042279860936105 22.588660825043917 37.387774910777807
leaf_count=211093 9023 18883 496 1142 1470 387 1249 18801 1166 1689 614 4302 1085 2636
internal_value=-2.32548e-05 -0.00277885 0.000154982 -0.00061209 0.00651356 0.0137206 0.018568 -0.001769 -0.000188182 0.00783274 -0.00191685 0.00529312 0.0157189 -0.000705488
internal_weight=17757.2 1065.5 16691.7 762.305 96.7781 55.3254 47.2115 665.527 557.95 89.5368 468.413 116.522 35.4801 57.4176
internal_count=274036 62447 211589 43564 4248 2778 2391 39316 30293 5491 24802 6001 1699 3802
is_linear=0
shrinkage=0.03


Tree=149
num_leaves=15
num_cat=1
split_feature=152 9 122 82 15 35 154 27 151 52 119 138 51 0
split_gain=9.46731 7.87045 7.91535 12.9667 9.40674 6.95146 9.68579 10.3763 10.9734 10.2325 11.4667 11.4757 10.0666 9.88534
threshold=0.0025521733920247842 51.750000000000007 0.10758232891219932 0.48333333333338641 -3.4641025641025638 63.500000000000007 2.275344184745427 0.2822134387351779 2.6844345112494912 0.10555555555555557 0.047241300366295043 0.067627978542021891 0.02959706007429001 0
decision_type=2 2 2 10 2 10 2 2 2 10 10 2 10 1
left_child=-1 2 4 -4 -2 -3 7 8 -7 -10 -11 12 -12 -13
right_child=1 5 3 -5 -6 6 -8 -9 9 10 11 13 -14 -15
leaf_value=-0.010547963623043775 0.011555422770571495 0.00045981462447715294 -0.0029103334265299439 -0.016904038248451079 -0.0034799055762164272 0.0022690742422702306 -0.0045495948023958083 -0.0034204326444188696 -0.011755959989294965 -0.0024294953393137258 0.021322042219258274 0.0094258054592158361 -0.00037679845282709393 -0.0050051563772099735
leaf_weight=61.564384696539491 46.674239196814597 13309.59310230054 315.3051549079828 61.378904839046299 82.96615249523893 1450.1615010723472 567.32675083773211 749.32395414076746 68.885378071572632 833.42128710867837 40.980998883023858 40.012180327903479 28.538617558311671 99.603225943166763
leaf_count=10870 835 190641 5759 2022 1485 14022 10205 8986 1717 22251 1222 963 575 2483
internal_value=-2.14705e-05 2.40582e-05 -0.00360745 -0.00575058 0.00257023 0.000134088 -0.00098122 -0.000352019 0.000560245 -0.00166989 -0.000846175 0.00520382 0.0139284 -7.02806e-05
internal_weight=17755.7 17694.2 506.324 376.684 129.64 17187.8 3878.25 3310.93 2561.6 1111.44 1042.56 209.135 69.5196 139.615
internal_count=274036 263166 10101 7781 2320 253065 62424 52219 43233 29211 27494 5243 1797 3446
cat_boundaries=0 1
cat_threshold=898
is_linear=0
shrinkage=0.03


Tree=150
num_leaves=15
num_cat=0
split_feature=152 84 36 157 139 20 139 104 48 32 100 24 16 115
split_gain=9.09371 7.72418 7.05153 7.46982 10.8392 11.9861 9.68025 8.41821 7.92245 7.79623 8.90901 7.59619 7.32527 14.0645
threshold=0.0025521733920247842 2.3963212802315872 275.00000000000006 2.1383330595080281 1489.5000000000002 4.7543103448275872 1651.5000000000002 0.23431372549019611 16.576417486114575 10.52777777777778 0.75735294117647067 5.7530487804878057 -54.845238095238066 0.16159812821160816
decision_type=2 10 10 2 2 10 2 2 10 8 10 10 2 8
left_child=-1 2 12 4 9 8 -5 -7 -6 10 11 -4 13 -2
right_child=1 -3 3 6 5 7 -8 -9 -10 -11 -12 -13 -14 -15
leaf_value=-0.010381433069165523 -0.01020367579775935 -0.0063989682662909516 0.014418090885372993 0.00012065515816408059 -0.00858042620666539 -0.004520779212241444 -0.011499548944562938 0.0077846118570033349 0.0031756549637384649 -0.0084041858312643141 -0.0070580461854926621 -0.0025983032834449309 0.00030415911057562025 0.0086955987924550344
leaf_weight=60.925759660545737 128.51822691038251 151.96489254804328 37.770682821981609 110.40370273776352 108.55418778397143 51.165658975951374 139.21483444329351 251.00125066656619 77.957472098991275 200.83365198830143 57.911866412498057 35.678101918660104 16308.619787978474 34.397601002827287
leaf_count=10870 2608 4594 424 4256 1059 679 5741 3202 770 2350 573 485 235667 758
internal_value=-2.12428e-05 2.31936e-05 8.42477e-05 -0.00225793 -0.00082871 0.00199859 -0.00664455 0.00558569 -0.00379604 -0.00489451 0.000782725 0.00711344 0.000238383 -0.00581664
internal_weight=17754.9 17694 17542 1070.49 820.873 488.679 249.619 302.167 186.512 332.194 131.361 73.4488 16471.5 162.916
internal_count=274036 263166 258572 19539 9542 5710 9997 3881 1829 3832 1482 909 239033 3366
is_linear=0
shrinkage=0.03


Tree=151
num_leaves=15
num_cat=1
split_feature=156 58 53 80 48 99 107 32 24 128 104 13 0 150
split_gain=8.83659 9.01141 10.185 9.77002 9.20132 9.84557 9.52286 9.44905 10.6515 11.0019 8.77802 8.64554 8.63656 7.63903
threshold=-2.5791816380419927 0.91287878787878796 0.37501803752093116 133.3333333333334 16.856085066081196 -0.03647565227977629 -0.021193776784809378 11.055555555555557 11.35416666666667 0.21935769075978953 0.60357142857142865 1.0606617647058825 0 -0.24999999999999994
decision_type=2 10 10 10 8 10 2 10 8 10 2 2 1 10
left_child=1 2 3 -1 7 6 -6 8 9 -4 -8 -2 -3 -14
right_child=11 12 4 -5 5 -7 10 -9 -10 -11 -12 -13 13 -15
leaf_value=-0.0020787911064576166 0.00024226511157048991 0.0025149638855137464 0.00086481828540526317 -0.010789286440129837 -0.0045610385820344813 -0.0081162341646330346 0.022042963646634585 0.0099295389514419841 -0.0064469263155681128 0.011728248595056908 -0.0039040065937167613 0.010619547650615362 0.0024317890379973307 -0.010839311575559609
leaf_weight=953.35957019031048 14467.295818213373 77.798538772854954 1244.4540299992077 119.20116256875917 44.314357064664364 185.11647654976696 18.523603811860088 93.000043044798076 151.23816328402609 75.265143271535635 12.053514015395193 57.629415724426508 41.179454451892525 214.20195673592389
leaf_count=31909 156474 4011 39135 3654 1801 5706 625 5116 7718 2359 486 560 2080 12402
internal_value=-2.15657e-05 -0.00143713 -0.000884011 -0.00318231 0.000482408 -0.00458672 0.00403606 0.00136072 0.000724197 0.00160922 0.0138961 0.000294351 -0.00600046 -0.0083735
internal_weight=17754.6 3229.71 2896.53 1072.56 1823.97 260.008 74.8915 1563.96 1470.96 1319.72 30.5771 14524.9 333.18 255.381
internal_count=274036 117002 98509 35563 62946 8618 2912 54328 49212 41494 1111 157034 18493 14482
cat_boundaries=0 1
cat_threshold=530
is_linear=0
shrinkage=0.03


Tree=152
num_leaves=15
num_cat=1
split_feature=152 80 50 74 21 130 87 122 50 0 115 86 155 22
split_gain=8.66783 7.43423 10.5485 7.92463 11.8584 8.5207 7.79872 9.80985 9.46281 9.17525 8.45095 9.12991 13.0441 8.37256
threshold=0.0025521733920247842 158.33333333333329 -0.074636729067183424 -1.0000000180025095e-35 4.5000000000000009 0.073500359195402307 0.63685185185158855 0.1244565114652451 0.053516254454283547 0 0.18764213779372771 -0.63336389827976503 0.15882589768713726 0.057915921288014323
decision_type=2 10 10 10 2 2 10 2 10 1 10 10 2 2
left_child=-1 -2 -3 4 -4 -5 -7 8 -8 10 11 -10 -13 -11
right_child=1 2 3 5 -6 6 7 -9 9 13 -12 12 -14 -15
leaf_value=-0.010185129578873037 0.00028225677730551226 -0.0063516279754688787 -0.0047640600576537608 -0.0081703908046154971 0.011823935182249407 0.0021156471945829739 -0.0063463549233440508 0.0041681247244369684 0.013895337034311473 0.0070626750656940986 -0.006881905524458002 0.012492016772569921 -0.0055887580656559929 -0.00413294845769774
leaf_weight=60.186191178392619 15021.695570000447 327.40346189029515 51.474349804222584 130.97349972231314 88.593609860166907 621.50160588789731 433.9089180380106 195.74415523838252 73.118373296223581 53.859297081828117 40.101170246489346 41.704756915103644 83.32415260002017 529.84839645866305
leaf_count=10870 219139 11068 609 2265 980 11898 5953 2357 720 545 427 524 909 5772
internal_value=-2.0609e-05 2.25653e-05 -0.00143106 -0.000707796 0.00585676 -0.00116174 -0.000663439 -0.00186276 -0.00284086 -0.000909748 0.00381419 0.00648979 0.00113439 -0.00290041
internal_weight=17753.4 17693.3 2671.56 2344.15 140.068 2204.08 2073.11 1451.61 1255.87 821.956 238.248 198.147 125.029 583.708
internal_count=274036 263166 44027 32959 1589 31370 29105 17207 14850 8897 2580 2153 1433 6317
cat_boundaries=0 1
cat_threshold=67
is_linear=0
shrinkage=0.03


Tree=153
num_leaves=15
num_cat=0
split_feature=152 80 13 58 154 156 138 132 116 98 33 140 121 10
split_gain=8.41903 8.3051 9.02734 7.31045 6.91894 9.17927 9.3446 8.79205 7.89159 10.3081 12.0489 9.93996 8.9734 8.15371
threshold=0.0053354059941901977 29.166666666666632 0.44949494949494956 0.89444444444444449 2.2061130252631136 -2.4448304484744443 0.057039051208099316 0.11691753232987069 0.046881070318562486 0.1152653183329254 13.500000000000002 0.07938407769718471 -0.003752358424150263 485.00000000000006
decision_type=2 8 2 10 2 2 2 2 10 10 2 2 10 2
left_child=1 2 -1 -4 7 -6 -7 -2 9 10 11 -8 -12 -14
right_child=4 -3 3 -5 5 6 8 -9 -10 -11 12 -13 13 -15
leaf_value=-0.0068758143102056555 0.00032589264322836883 -0.00855484879095866 0.01004389724153479 -0.0053877443958859454 -0.0053954363373413475 -0.0056952092836407859 0.001503828450348968 0.012446118836313207 0.0023805336666705423 -0.0050750537421161805 -0.0012563590587164291 -0.0036500810169759618 0.019657966629262703 0.0020647801235859852
leaf_weight=75.989825719967484 13928.36917240452 189.17427809583023 75.71246044896543 28.55980613688007 386.25757001992315 273.95496408641338 731.76048563420773 39.088794630020857 837.39290639571846 432.67523755319417 60.915327509865165 599.73269102163613 49.632162062451243 43.627275016158819
leaf_count=7844 181394 20370 7324 3537 13502 3706 9447 374 10939 5873 795 7688 655 588
internal_value=-2.00762e-05 -0.00441137 0.000260104 0.00567121 7.69714e-05 -0.00113032 -0.00056265 0.000373127 -2.43394e-05 -0.00108444 0.000116873 -0.000832403 0.00766197 0.0128542
internal_weight=17752.8 369.436 180.262 104.272 17383.4 3415.95 3029.69 13967.5 2755.74 1918.34 1485.67 1331.49 154.175 93.2594
internal_count=274036 39075 18705 10861 234961 53193 39691 181768 35985 25046 19173 17135 2038 1243
is_linear=0
shrinkage=0.03


Tree=154
num_leaves=15
num_cat=0
split_feature=24 35 50 73 139 80 50 123 63 111 136 148 80 83
split_gain=8.29248 7.83027 7.41829 7.41666 8.49521 7.16794 9.57124 8.03782 16.7668 14.2704 12.7519 10.2863 13.9074 11.8618
threshold=12.519230769230772 245.50000000000003 -0.16395077119071108 2.5000000000000004 3047.5000000000005 158.33333333333329 -0.074636729067183424 3.6666666666666861 6.5833333333333348 0.33089388699937894 0.10845238095238097 0.54718290992241247 -264.99999999999994 0.15999999999989997
decision_type=10 10 10 10 2 10 10 10 10 10 2 10 10 10
left_child=1 5 -2 -3 -5 7 -7 -1 9 10 -9 12 -10 -13
right_child=2 3 -4 4 -6 6 -8 8 11 -11 -12 13 -14 -15
leaf_value=-6.5873131342006347e-05 -0.012016743171997815 -0.010889360682028261 0.0010724189382830456 0.0089642096379146854 -0.0089523234995652189 -0.0062157964561076126 -0.00066095202582815778 -0.00095758357537213039 0.012872244843860724 0.0077324309090644047 0.011486804557038042 0.011884786707714649 0.00030684450078652267 0.0034754955116425242
leaf_weight=10776.196049188264 82.141804048791528 97.941153677646071 61.270182508509606 40.101284437812865 27.197715852875262 303.14905548933893 2322.1294619864784 2359.4967581839301 74.371077995747328 186.62377657368779 61.530148565769196 244.87395049445331 708.94034392992035 405.81987147592008
leaf_count=159833 5837 2104 2869 767 561 11044 33095 26995 1352 1645 621 4662 11718 10933
internal_value=-1.93818e-05 4.20568e-05 -0.0068526 -0.0061789 0.00141158 0.000106247 -0.00133406 0.000362516 0.00150074 6.26655e-05 -0.000572527 0.00408808 0.00171931 0.00683663
internal_weight=17751.8 17608.4 143.412 165.24 67.299 17443.1 2625.28 14817.9 4041.66 2607.65 2421.03 1434.01 783.311 650.694
internal_count=274036 265330 8706 3432 1328 261898 44139 217759 57926 29261 27616 28665 13070 15595
is_linear=0
shrinkage=0.03


Tree=155
num_leaves=15
num_cat=1
split_feature=151 9 16 99 0 55 19 24 100 125 55 13 34 103
split_gain=8.04724 7.35452 7.77917 10.4864 9.65269 6.71528 10.8419 10.6029 7.52836 7.35173 9.29075 8.64677 7.28449 7.19549
threshold=5.650908969611069 51.750000000000007 3.2403846153846136 1.0000000180025095e-35 0 0.12037037037009669 0.31501610305958139 1.0625000000000002 0.98437500000000011 -0.6830127018922193 0.098214285713993391 0.87083333333333346 0.44618725868725878 -0.31858524986558029
decision_type=2 2 2 8 1 8 2 10 10 2 10 2 2 10
left_child=1 2 3 -1 -4 6 7 -3 9 10 -9 -11 -7 -10
right_child=-2 5 4 -5 -6 12 -8 8 13 11 -12 -13 -14 -15
leaf_value=-0.011819673253897349 -0.0088270361048036518 -0.0096002915449199117 -0.0069599466636062748 -0.0013306431405945912 0.0064047999237730625 0.00022092454146208746 -0.0098275146616546051 0.01297673364799806 0.00063194808876969831 -0.0057457433785190288 -0.0046136366447580958 0.0069096310003189916 0.011240204155265074 0.015242245505220966
leaf_weight=141.05230964440852 77.853752713184804 86.20189437456429 52.566605363972485 200.22895305370912 109.34348021633923 16430.718673200812 136.92976709920913 49.7095090537332 67.14034189004451 234.75274947052822 36.06074236240238 46.918565125204623 39.178812781348825 42.479722006246448
leaf_count=3626 13466 1171 866 3390 2017 241149 1713 674 663 3246 503 680 408 464
internal_value=-1.84253e-05 2.78307e-05 -0.00349349 -0.00598089 0.00181213 0.000133987 -0.00271209 -0.000772274 0.00106692 -0.00105386 0.00599525 -0.00339494 0.000257341 0.00744686
internal_weight=17751.1 17673.3 503.191 341.281 161.91 17170.1 700.193 563.264 477.062 367.442 85.7703 281.671 16469.9 109.62
internal_count=274036 260570 9899 7016 2883 250671 9114 7401 6230 5103 1177 3926 241557 1127
cat_boundaries=0 1
cat_threshold=784
is_linear=0
shrinkage=0.03


Tree=156
num_leaves=15
num_cat=0
split_feature=50 24 82 80 16 145 111 126 35 30 48 98 138 150
split_gain=7.93867 7.18462 8.16801 6.98404 6.83705 12.1729 9.92534 7.79625 7.24526 9.43499 7.41964 10.8206 11.4551 14.3356
threshold=-0.26280508849488088 11.35416666666667 1.6999999999979993 -198.33333333333334 48.160256410256416 0.34313725490196084 -0.073592616873336666 -0.5 245.50000000000003 0.072172619047619055 16.856085066081196 0.071235778110778095 0.059594819527099441 0.16666666666666674
decision_type=8 10 10 10 2 2 8 2 10 2 10 8 2 8
left_child=1 2 -1 -4 8 -6 7 -7 10 -10 -2 12 -12 -14
right_child=4 -3 3 -5 5 6 -8 -9 9 -11 11 -13 13 -15
leaf_value=-0.0047034599702988041 0.00055416098959891198 -0.012560513051487395 0.013784607782059376 -0.0024990287576257967 0.00035742478777434837 0.010899810733596926 -0.011475643254953082 -0.0058379268620196963 0.0038009257778272264 -0.011104555957568582 -0.0053850044991932793 -0.0035173855600828027 -0.00018012128108458464 0.0068412597557798178
leaf_weight=247.09152309549972 13605.499569810927 60.963947617448866 32.496960990130901 39.650195646099746 407.76766241714358 27.740337918512523 177.17320128157735 45.911909568123519 49.079195539932698 95.547762295231223 263.13583176676184 1053.049672448542 1335.2560044401325 310.28614696208388
leaf_count=8416 204437 4651 1208 1586 3831 798 3265 1255 1126 1850 3634 16968 16806 4205
internal_value=-1.80737e-05 -0.00422246 -0.00213794 0.00594574 7.75152e-05 -0.00288593 -0.00788129 0.00124376 0.000196784 -0.00616452 0.000257842 -0.00109931 0.000251806 0.00119368
internal_weight=17750.6 380.203 319.239 72.1472 17370.4 658.593 250.825 73.6522 16711.9 144.627 16567.2 2961.73 1908.68 1645.54
internal_count=274036 15861 11210 2794 258175 9149 5318 2053 249026 2976 246050 41613 24645 21011
is_linear=0
shrinkage=0.03


Tree=157
num_leaves=15
num_cat=0
split_feature=152 9 106 114 22 86 12 104 149 138 55 55 102 35
split_gain=7.75939 7.03165 7.53922 7.37146 7.186 6.76345 6.45939 9.07322 9.93088 10.4743 8.85899 12.5966 9.04175 9.03267
threshold=0.0025521733920247842 51.750000000000007 0.93541666666666679 0.13000000000004094 0.1085144927536232 0.19904908328480816 12.500000000000002 0.84807692307692317 0.073635912698412728 0.063514332514332528 0.81255252101012354 0.94444444444040243 0.06458333333333334 99.500000000000014
decision_type=2 2 2 8 2 10 2 2 2 2 10 10 10 10
left_child=-1 2 3 4 -2 -5 -3 8 10 -10 13 12 -12 -8
right_child=1 6 -4 5 -6 -7 7 -9 9 -11 11 -13 -14 -15
leaf_value=-0.0097411217383233956 -0.0091501476875852691 0.0010297964633876932 0.0057282854130564463 0.0034026758483287818 0.0043199061327205976 -0.010464934222090987 0.00039983557323024449 -0.0021604203556105507 -0.0050317525225609281 0.0088426573567330462 0.0050185404251644125 0.0081662058389538328 -0.0082756121588919585 -0.0030177593775635161
leaf_weight=58.564698533155024 255.34877121075988 5019.5557065168396 58.214542565867305 132.15193638438359 32.061815749853849 25.350849058479071 8913.5419343034737 1871.4260871354491 52.762327721342444 199.00135864783078 43.642733659595251 49.137926093302667 299.59142309427261 739.88432275038213
leaf_count=10870 5495 58653 612 2809 498 687 137483 29184 619 2255 662 1612 7992 14605
internal_value=-1.81369e-05 2.22738e-05 -0.00342115 -0.00476609 -0.00750777 0.000454725 0.000125962 -0.000247668 0.000102583 0.00581555 -4.90501e-05 -0.00438266 -0.00644588 0.000133619
internal_weight=17750.2 17691.7 503.128 444.913 287.411 157.503 17188.5 12169 10297.6 251.764 10045.8 392.372 343.234 9653.43
internal_count=274036 263166 10101 9489 5993 3496 253065 194412 165228 2874 162354 10266 8654 152088
is_linear=0
shrinkage=0.03


Tree=158
num_leaves=15
num_cat=0
split_feature=102 99 49 119 51 20 89 151 67 6 12 153 114 56
split_gain=7.62406 10.7224 9.51651 13.5391 8.60514 9.73832 8.41867 9.12777 11.3671 12.7372 11.0435 9.65357 11.0476 11.7632
threshold=0.81980519480519487 -0.30151118176810854 17.142945314102693 -0.087346526929850801 -0.064490660960624738 6.8588039867109645 -0.43223824786324788 4.5533502986082128 1.0000000180025095e-35 13.500000000000002 13.500000000000002 0.29263341644418089 -0.041397352647322798 -0.24999999999999994
decision_type=10 8 10 10 10 10 10 2 10 2 2 2 10 8
left_child=1 4 6 -4 -1 -6 -2 8 9 11 -10 -8 -13 -14
right_child=2 -3 3 -5 5 -7 7 -9 10 -11 -12 12 13 -15
leaf_value=-0.00048325639161906616 -0.0085825285837726837 0.00011869969814931737 -0.0076753153492375896 0.012776901634423136 0.001653022222681321 0.021091766022270329 -0.003591182749752066 -0.0068997787499399258 0.00044291427873666036 0.011108597814234542 -0.0080691793876949604 -0.00078192658228051857 0.016204346016595633 0.00099543497237412903
leaf_weight=67.728218218777329 160.11855671089143 15660.178877935279 31.479426023550332 73.320377130061388 42.621198826469481 44.333795197773725 350.67647817917168 237.25462519749999 254.33467738516629 91.482352966442704 279.06551019102335 284.51644530612975 77.213986860588193 95.049807634204626
leaf_count=1995 2956 220604 624 1418 600 768 7172 20060 3222 1917 4577 5068 1427 1628
internal_value=-1.79394e-05 0.000200088 -0.00178816 0.00644172 0.00770097 0.0132088 -0.00230809 -0.00163529 -0.000700804 0.00135597 -0.00410936 6.85797e-05 0.00290308 0.00856447
internal_weight=17749.4 15814.9 1934.51 104.8 154.683 86.955 1829.71 1669.59 1432.34 898.939 533.4 807.457 456.78 172.264
internal_count=274036 223967 50069 2042 3363 1368 48027 45071 25011 17212 7799 15295 8123 3055
is_linear=0
shrinkage=0.03


Tree=159
num_leaves=15
num_cat=1
split_feature=117 16 155 80 50 0 16 87 32 138 107 118 31 21
split_gain=7.5031 7.59554 7.78629 6.70506 8.7882 12.8398 10.5131 9.64963 8.34903 8.25723 9.82761 8.21058 7.73355 7.6972
threshold=-0.27204991382859584 21.514705882352931 0.28067672134826954 158.33333333333329 0.018086584654662733 0 -18.970588235294112 0.63685185185158855 4.6076923076923082 0.077695074709463199 0.010184481505813027 -0.012893434125854376 0.23762077294685993 1.5000000000000002
decision_type=8 2 2 10 10 1 2 10 10 2 2 10 2 2
left_child=1 2 -1 13 6 8 12 -7 11 -9 -11 -6 -5 -2
right_child=3 -3 -4 4 5 7 -8 9 -10 10 -12 -13 -14 -15
leaf_value=-0.014860332163179252 -0.00077108370545102116 0.0033811871625191244 0.0042174918100152279 -0.00086110031657591474 0.009783692085913058 0.0043476966546499287 -0.0050714748723219927 -0.006215892286476777 0.0093393058424906094 0.0055686738475284507 -0.0039835322861498891 -0.00042365573205685513 0.011234418316229913 0.00072254737242858258
leaf_weight=72.764080579858273 4376.4590254365467 38.923168115317822 17.455204910133034 212.83488953998312 70.942881197202951 160.36108730640262 814.72183651244268 426.4937668023631 146.24038188625127 147.13392629986629 226.07852848013863 399.57139308657497 45.618982823565602 10592.876086792443
leaf_count=4919 71677 1793 921 6720 841 2417 19004 4892 1972 1840 2207 4480 820 149533
internal_value=-1.67664e-05 -0.00683351 -0.0110942 3.89677e-05 -0.0013476 8.2762e-05 -0.0034214 -0.00207025 0.00338303 -0.00343897 -0.000148046 0.0013701 0.00177299 0.000285532
internal_weight=17748.5 129.142 90.2193 17619.3 2650 1576.82 1073.18 960.067 616.755 799.706 373.212 470.514 258.454 14969.3
internal_count=274036 7633 5840 266403 45193 18649 26544 11356 7293 8939 4047 5321 7540 221210
cat_boundaries=0 1
cat_threshold=71
is_linear=0
shrinkage=0.03


Tree=160
num_leaves=15
num_cat=0
split_feature=156 83 13 57 116 6 28 70 144 147 19 101 13 153
split_gain=7.36781 10.2177 8.13567 7.88073 12.3977 17.3318 10.5752 10.0382 12.514 9.93075 9.34561 9.31227 9.01372 10.58
threshold=-2.5791816380419927 -0.95999999999839913 1.0606617647058825 0.28101432880839644 0.13888937451438327 9.5000000000000018 4.9459064327485391 1.0000000180025095e-35 0.023719130064064207 -0.27016540321740951 0.16536458333333334 -0.020424614200232977 0.17914438502673799 0.39403512385873468
decision_type=2 8 2 10 10 2 8 10 2 10 2 10 2 2
left_child=1 -1 -2 4 12 6 -6 8 11 -10 -11 -8 -3 -14
right_child=2 3 -4 -5 5 -7 7 -9 9 10 -12 -13 13 -15
leaf_value=0.0095992793366584516 0.00022125816421836154 -0.0066535015942757354 0.010251969161746446 -0.0077589616761515783 -0.0058426287891240325 -0.0043846280301486551 -0.0096331941492459675 -0.0022377745048125348 -0.00086185887603741152 -0.0013246279916576363 0.018771028807697186 0.010367766454352795 -0.0031788974639847087 0.0011068045181533146
leaf_weight=60.73612806526944 14473.60673962906 326.99975447775796 58.151817820966244 160.2551455181092 44.65742208249867 190.75109887588769 35.513600091915578 61.522999153938144 33.654208430089056 21.542246018536389 156.7260139673017 21.024637828115374 1219.0139854550362 883.62149177771062
leaf_count=1439 156474 12229 560 4225 1041 7358 2596 2187 1110 649 4126 1124 53687 25231
internal_value=-1.5917e-05 -0.00131179 0.000271928 -0.00156624 -0.00119787 0.00275346 0.00641674 0.00825773 0.0106541 0.0138071 0.0164283 -0.00158114 -0.00212862 -0.00138277
internal_weight=17747.8 3216.02 14531.8 3155.28 2995.03 565.392 374.641 329.984 268.461 211.922 178.268 56.5382 2429.64 2102.64
internal_count=274036 117002 157034 115563 111338 20191 12833 11792 9605 5885 4775 3720 91147 78918
is_linear=0
shrinkage=0.03


Tree=161
num_leaves=15
num_cat=0
split_feature=152 154 116 81 16 154 14 129 105 10 100 8 56 35
split_gain=7.28718 10.1988 9.57431 9.74216 9.46428 9.98631 10.2731 10.7366 15.619 15.349 20.665 10.1761 11.5687 10.3937
threshold=0.14680196563243927 1.3772626059130288 0.053575244200260393 -0.44999999999999923 43.63068181818182 2.314311775978211 0.20833333333333334 2.5000000000000004 0.0047800555522454916 445.00000000000006 0.93095238095238109 4.5000000000000009 -0.14285714285714279 20.500000000000004
decision_type=2 2 10 10 2 2 2 2 2 2 8 2 8 8
left_child=1 2 -1 -4 5 6 -3 8 9 10 -8 -7 -13 -14
right_child=-2 4 3 -5 -6 11 7 -9 -10 -11 -12 12 13 -15
leaf_value=0.0096204111951006116 0.00094934955808907977 -0.0027999763446872046 0.0087355077255169312 -0.007684956682486135 -0.0041440256731106427 -0.0053153755770831224 -0.0073647802240286693 0.0010733392246419806 -0.0051680997328244407 0.0011223757969551248 0.0021564494113128366 0.0079990634449290891 0.0088098487066590857 -0.0048247148354868341
leaf_weight=158.68861878104508 5031.9589744359255 1086.4707741895691 37.916465558577329 70.177416339050978 603.18367673456669 668.67826025327668 497.60424125287682 5794.856445396319 645.29291387367994 2386.2016638754867 332.88849949976429 117.98927966505289 46.911934616509825 267.886446504388
leaf_count=2087 43524 19845 400 1118 10654 11784 12973 96448 14680 45252 6829 2696 841 4905
internal_value=-1.53146e-05 -0.000397757 0.00524739 -0.00156249 -0.000524912 -0.000335605 -5.48941e-05 0.000257813 -0.000965291 -0.000102102 -0.00357781 -0.00303603 0.000545745 -0.00248458
internal_weight=17746.7 12714.7 266.783 108.094 12448 11844.8 10743.3 9656.84 3861.99 3216.69 830.493 1101.47 432.788 314.798
internal_count=274036 230512 3605 1518 226907 216253 196027 176182 79734 65054 19802 20226 8442 5746
is_linear=0
shrinkage=0.03


Tree=162
num_leaves=15
num_cat=2
split_feature=152 84 80 48 0 54 132 77 144 100 106 0 153 23
split_gain=7.16499 6.70479 6.48512 17.844 8.36946 10.0471 8.18328 7.77877 7.76458 11.7315 11.9838 11.5144 10.9056 9.37991
threshold=0.0025521733920247842 2.3963212802315872 -333.33333333333331 16.149469562007482 0 0.71008403361344552 0.077397192074081467 255.00000000000003 0.037802968217359158 0.69337606837606847 0.78869047619047628 1 0.30660343897995629 0.27831196581196588
decision_type=2 10 8 10 1 8 2 10 2 8 2 1 2 2
left_child=-1 2 3 4 5 -2 -5 -4 -9 10 13 12 -11 -10
right_child=1 -3 7 6 -6 -7 -8 8 9 11 -12 -13 -14 -15
leaf_value=-0.0094289122135166152 -0.0036876741346533342 -0.0060049023273589328 0.00018224045730177622 0.010155720502025142 0.011710367040063934 0.014093894171749825 -0.0036629483649419409 -0.0054415904088003257 0.0016942721573013316 0.011449690606953928 0.0097926507256148945 -0.0056170785530400974 -0.0042407450698200089 -0.009286924887572115
leaf_weight=57.465398220345378 93.9434225987643 149.49406024627388 15270.294972097967 29.730751040857285 180.3755070711486 23.872918202541769 280.44163705781102 416.36461008060724 419.0938796880655 67.580113831907511 128.08969188388437 494.82258533034474 65.589213345199823 68.469212006777525
leaf_count=10870 1686 4594 218235 502 3620 724 4512 15148 5821 688 1406 4826 624 780
internal_value=-1.4871e-05 2.36767e-05 8.01498e-05 0.00308524 0.00814563 0.00102315 -0.00193102 -3.04691e-05 -0.00197128 -0.000758433 0.00215892 -0.00360211 0.00381717 -7.89933e-05
internal_weight=17745.6 17688.2 17538.7 608.364 298.192 117.816 310.172 16930.3 1660.01 1243.64 615.653 627.992 133.169 487.563
internal_count=274036 263166 258572 11044 6030 2410 5014 247528 29293 14145 8007 6138 1312 6601
cat_boundaries=0 1 2
cat_threshold=198 65
is_linear=0
shrinkage=0.03


Tree=163
num_leaves=15
num_cat=1
split_feature=24 35 38 87 124 101 137 56 80 48 16 101 34 0
split_gain=7.0657 6.95052 7.29925 6.95509 6.53212 6.51349 8.05013 6.4774 6.32349 17.5937 8.56669 9.44676 9.98245 7.55032
threshold=12.519230769230772 245.50000000000003 1.0000000180025095e-35 0.76355218855314899 -3.7499999999999996 -0.24129022326525987 349.50000000000006 -0.37980769230769224 -333.33333333333331 16.149469562007482 48.160256410256416 0.18033474436691929 0.32785560344827591 0
decision_type=10 10 2 10 8 10 2 10 8 10 2 10 2 1
left_child=1 4 3 -3 7 -2 -7 -1 9 13 -10 12 -12 -6
right_child=5 2 -4 -5 8 6 -8 -9 10 -11 11 -13 -14 -15
leaf_value=0.0052091289517111339 -0.014900880424567288 -0.015816649167385562 0.0043068690729023218 -0.0019189520264309866 0.0011804863444961618 -0.0065282147674986636 0.0094520592439523762 -0.0091277408369182592 0.00018138722772795526 -0.0018971581162383329 -0.0056680731086045056 0.0066244201502728469 0.0094154094956345382 0.011616281404425971
leaf_weight=26.037501053884625 38.4429892138578 55.450519593432546 38.912473272066563 68.849101670552045 112.62823624908924 75.316487305797637 26.675605888012797 109.28550712903962 16096.705684409942 300.98791870335117 526.04515949310735 62.502833584323525 29.217325779609382 177.88772756047547
leaf_count=632 3232 1545 780 1107 2310 3858 1616 2430 239427 4873 7697 577 332 3620
internal_value=-1.40996e-05 4.20911e-05 -0.00585257 -0.00915432 0.000102234 -0.0063823 -0.00167264 -0.00612465 0.000156186 0.00316534 4.69536e-05 -0.00337716 -0.00464761 0.00824595
internal_weight=17744.9 17604.5 163.212 124.3 17441.3 140.435 101.992 135.323 17306 591.504 16714.5 617.765 555.262 290.516
internal_count=274036 265330 3432 2652 261898 8706 5474 3062 258836 10803 248033 8606 8029 5930
cat_boundaries=0 1
cat_threshold=198
is_linear=0
shrinkage=0.03


Tree=164
num_leaves=15
num_cat=0
split_feature=24 105 18 65 152 80 35 39 106 16 35 98 89 130
split_gain=6.86689 17.8353 13.637 8.33472 10.6684 9.4625 10.0315 12.8426 16.9336 9.47654 8.45878 8.42533 8.13569 7.91678
threshold=12.519230769230772 0.0028989540480223734 0.069722222222222241 1.0000000180025095e-35 0.015608203853121687 -333.33333333333331 54.500000000000007 8.9000000000000021 0.78869047619047628 -54.845238095238066 41.500000000000007 0.47877291359434221 0.4931193831699347 0.07362371445856021
decision_type=8 2 2 10 2 10 10 10 2 2 10 8 10 2
left_child=3 2 -2 5 -5 6 10 8 -8 -7 -1 12 -11 -6
right_child=1 -3 -4 4 13 9 7 -9 -10 11 -12 -13 -14 -15
leaf_value=0.0034058519976463818 -0.0052272725919723078 -0.0063963915606996529 0.00071511948418199989 -0.0076677328096327315 -0.0047518832405514886 -0.0080266908862631735 0.020785539750120704 -0.0022562007040512035 -0.0025707815032751254 0.00062191489155610075 -0.0095104107852081159 -0.0047255692622743956 0.0091623825850584602 -0.00010244377382770535
leaf_weight=244.33185496134683 401.31235446035862 501.08787636039779 2090.9127514064312 187.95155487582088 353.16207528114319 101.68009858438745 90.851598593872041 50.06520737754181 33.829046432394534 10159.699415898882 40.553773030173033 248.6762819881551 86.491251770872623 3153.9510163329542
leaf_count=4082 10594 14885 35005 7419 4360 2357 1595 1696 388 148277 744 5725 1509 35400
internal_value=-1.3722e-05 -0.00132011 -0.000267307 0.000252441 -0.000978495 0.000664598 0.00480954 0.0101602 0.0148528 0.000478264 0.00118347 0.000572003 0.000707296 -0.00058888
internal_weight=17744.6 2993.31 2492.23 14751.2 3695.06 11056.2 459.631 174.746 124.681 10596.5 284.886 10494.9 10246.2 3507.11
internal_count=274036 60484 45599 213552 47179 166373 8505 3679 1983 157868 4826 155511 149786 39760
is_linear=0
shrinkage=0.03


Tree=165
num_leaves=15
num_cat=0
split_feature=152 9 122 83 15 112 48 137 65 24 8 152 122 121
split_gain=6.78934 6.4398 7.41036 10.8756 9.01819 6.81679 6.10443 6.33094 6.11029 13.041 13.5589 11.3001 10.6352 13.1431
threshold=0.0025521733920247842 51.750000000000007 0.10758232891219932 0.46666666666836448 -3.4641025641025638 -0.0041666666666723496 17.553488551235393 116.50000000000001 1.0000000180025095e-35 12.519230769230772 2.5000000000000004 0.015608203853121687 0.11949061083531191 -0.0043573191570153774
decision_type=2 2 2 10 2 8 10 2 8 8 2 2 2 8
left_child=-1 2 4 5 -2 -4 8 -8 9 -3 -11 -10 -13 -14
right_child=1 6 3 -5 -6 -7 7 -9 11 10 -12 12 13 -15
leaf_value=-0.0092230013257461451 0.011451042590119699 0.0008672001575616092 -0.0087050776178504412 -0.015962251990701757 -0.0032905776762706374 0.0003216799042002397 0.0032682141356145506 -0.0075712616423563974 -0.0053009059200074104 0.002719049385764327 -0.0056321189588972092 -0.0011158082796592964 -0.0028915522109473177 0.003438372084705728
leaf_weight=56.757960801012814 46.788522792980075 10581.419476085808 100.23153869342059 56.995984945446253 82.359468758106232 214.32276273006573 57.136999541893601 160.76581036206335 414.09454741096124 242.19009845424443 552.4925607633777 3643.1125346329063 382.35750761441886 1152.9440068025142
leaf_count=10870 835 152185 1673 1959 1485 4149 832 2371 19232 4964 14323 41502 4441 13215
internal_value=-1.38162e-05 2.3526e-05 -0.00327978 -0.00537718 0.00268595 -0.00281996 0.000122538 -0.00470157 0.000188585 0.000587506 -0.00308377 -0.00062229 -0.000233932 0.00184922
internal_weight=17744 17687.2 500.698 371.55 129.148 314.554 17186.5 217.903 16968.6 11376.1 794.683 5592.51 5178.41 1535.3
internal_count=274036 263166 10101 7781 2320 5822 253065 3203 249862 171472 19287 78390 59158 17656
is_linear=0
shrinkage=0.03


Tree=166
num_leaves=15
num_cat=1
split_feature=84 80 86 0 54 50 87 149 144 105 144 57 156 129
split_gain=6.66269 6.53988 10.7323 7.67396 10.3032 10.289 11.2317 10.4971 8.71234 8.21069 10.0259 8.1081 8.07944 7.74591
threshold=2.3963212802315872 158.33333333333329 0.8786436904052608 0 0.17156862745098042 0.018086584654662733 0.55572039072042878 -0.068318467427415847 0.029110936637147599 0.0070923955587482651 0.075950246365727836 -0.205555555555577 -0.58778666490211895 3.5000000000000004
decision_type=10 10 8 1 10 10 10 2 2 2 2 10 2 2
left_child=1 -1 3 5 -5 6 7 -3 -6 10 -7 -8 -12 -11
right_child=-2 2 -4 4 8 9 11 -9 -10 13 12 -13 -14 -15
leaf_value=0.00028632061993800887 -0.0059994859127514878 -0.0052974456549176692 -0.010634465180423424 -0.0082197737209343761 -0.0081644820328619413 0.0056610655709436238 0.0064932244932315603 0.0086284153956175183 -0.00040702625599777338 -0.00039541290607677084 -0.0084319574165905055 -0.0088389899616545513 0.0022411304647773109 0.013253232361441896
leaf_weight=14934.086383393966 150.83751602144912 69.980304253287613 92.122877547051758 208.80854886816815 131.22879747813568 225.11890059104189 25.164547738619149 102.79759740736336 1214.0486895986833 52.978778314311057 108.08687714487314 199.93511983752251 122.42023086547852 105.85072963964194
leaf_count=222275 5122 2765 3942 2825 7262 3547 485 3187 15560 608 856 3385 1027 1190
internal_value=-1.443e-05 4.19526e-05 -0.00132466 -0.000930632 -0.00223787 0.00109072 -0.00259831 0.00301541 -0.00124544 0.0035018 0.00133746 -0.00682638 -0.00297298 0.00905935
internal_weight=17743.5 17592.6 2658.54 2566.42 1554.09 1012.33 397.878 172.778 1345.28 614.456 455.626 225.1 230.507 158.83
internal_count=274036 268914 46639 42697 25647 17050 9822 5952 22822 7228 5430 3870 1883 1798
cat_boundaries=0 1
cat_threshold=71
is_linear=0
shrinkage=0.03


Tree=167
num_leaves=15
num_cat=0
split_feature=151 39 32 145 154 80 21 8 83 126 104 50 16 55
split_gain=6.45949 9.69007 10.6056 12.7963 9.64716 9.19702 9.79444 13.0209 16.4044 9.98343 9.77318 9.64003 10.5207 10.2338
threshold=1.7316163862908043 4.1000000000000005 6.8062500000000012 0.20714285714285716 1.2869005265451376 158.33333333333329 1.5000000000000002 2.5000000000000004 0.96458333333309099 -0.5 0.21651785714285718 0.020371459004584484 -18.970588235294112 0.28373015873391227
decision_type=2 8 10 2 2 10 2 2 10 2 2 10 2 10
left_child=1 -1 3 -3 -2 6 7 8 -6 -9 -11 12 -7 -13
right_child=4 2 -4 -5 5 11 -8 9 -10 10 -12 13 -14 -15
leaf_value=-0.00043460753478170275 0.0072797533803782583 0.0016380719300189345 -0.0036282899835031559 0.0071053161744761813 -0.00023226760412451612 0.00093981288898978407 0.00048405724505839424 -0.007519218204666207 0.013902773062971144 0.0082927297519225091 -0.0026748498196371233 -0.0059428998464134191 -0.0061494405467233506 0.0013637228432998431
leaf_weight=2626.266241081059 130.98163483384997 1963.9362261593342 248.39430571347475 469.1884552910924 1412.1703861667775 245.46224661031738 7244.5838871160522 384.09751649713144 62.950063845608383 63.538968936540186 1161.0670633916743 205.51726505393162 747.08578469511122 777.99611858418211
leaf_count=22657 1783 17384 2170 3694 24581 8014 121698 9891 2257 1402 25290 2840 19705 10670
internal_value=-1.45698e-05 0.000860145 0.00212358 0.00272942 -0.000388508 -0.000478901 -0.00011883 -0.00153063 0.000504816 -0.00338449 -0.00201233 -0.00234583 -0.00440834 -0.000229426
internal_weight=17743.2 5307.79 2681.52 2433.12 12435.5 12304.5 10328.4 3083.82 1475.12 1608.7 1224.61 1976.06 992.548 983.513
internal_count=274036 45905 23248 21078 228131 226348 185119 63421 26838 36583 26692 41229 27719 13510
is_linear=0
shrinkage=0.03


Tree=168
num_leaves=15
num_cat=0
split_feature=152 35 45 147 108 120 124 123 116 36 35 52 114 85
split_gain=6.44279 6.1325 8.37563 8.19567 7.67779 7.6183 7.19049 6.88673 6.27553 10.6329 9.82569 9.04676 9.02493 13.5723
threshold=0.0025521733920247842 167.50000000000003 1.0000000180025095e-35 -0.052628970737562959 0.33854166666666669 18.500000000000004 -3.7499999999999996 22.333333333333318 -0.030034059078180537 75.000000000000014 28.500000000000004 0.21825396825396828 -0.14234137594430646 -0.13270973576345566
decision_type=2 10 10 8 10 10 8 10 10 10 10 10 8 10
left_child=-1 5 3 4 -3 6 -2 -7 9 -8 12 -12 13 -11
right_child=1 2 -4 -5 -6 7 8 -9 -10 10 11 -13 -14 -15
leaf_value=-0.0090267296292661781 -0.0064445539580931183 0.0084242608261038028 0.000869760371699584 -0.012635336095897879 -0.0055579049927007651 -0.010380305079214813 0.00014579164784141952 0.0053871752875745684 0.00078004143184893496 0.007727454380141054 -0.0066910137269311689 0.00093205876890850624 -0.0081881927026211058 -0.0061367109669964223
leaf_weight=56.096427536103874 131.52393265487626 33.891697861254215 234.2724741846323 106.56194553198293 116.00098755443469 93.633303274866194 6578.3586515630595 22.101824485231191 8875.5268189162016 89.34991228627041 158.87808898370713 708.57940250542015 389.39492863928899 147.81100352294743
leaf_count=10870 2988 514 3655 1629 3423 1811 95591 398 129603 1078 2489 11359 5705 2923
internal_value=-1.38537e-05 2.23586e-05 -0.00323373 -0.00682321 -0.0019177 0.00011802 0.000173093 -0.00709658 0.000230102 -0.000374878 -0.00264612 -0.000554137 -0.00546177 -0.000764452
internal_weight=17742 17685.9 490.727 256.455 149.893 17195.2 17079.4 115.735 16947.9 8072.37 1494.01 867.457 626.556 237.161
internal_count=274036 263166 9221 5566 3937 253945 251736 2209 248748 119145 23554 13848 9706 4001
is_linear=0
shrinkage=0.03


Tree=169
num_leaves=15
num_cat=0
split_feature=84 132 124 121 24 36 104 41 57 39 106 121 89 130
split_gain=6.29011 5.74339 5.82637 6.90307 5.65708 16.9985 10.2009 9.43389 17.5318 13.656 10.7105 10.3154 12.8491 10.7857
threshold=2.3963212802315872 0.12096931795974204 -3.7499999999999996 -0.0042463036422646944 12.519230769230772 1.0000000180025095e-35 0.95993589743589758 0.36666666666666675 0.38461538461550998 6.2250000000000005 0.44722222222222224 -0.0085288234224404433 0.26179929787247719 0.072638146167557954
decision_type=10 2 8 10 8 10 2 10 10 10 2 10 8 2
left_child=1 2 3 -1 7 6 -6 8 -4 10 -9 12 -12 -13
right_child=-2 -3 4 -5 5 -7 -8 9 -10 -11 11 13 -14 -15
leaf_value=0.0028063774406885712 -0.0058463804271746767 0.010479191241601554 0.0013817484139089966 -0.010342358931471776 -4.6627594098367113e-05 -0.0086662821066239206 -0.0089264480188308674 -0.0040442456057681918 -0.006287068358780336 -0.0046876363064326096 -0.0033667937423696808 -0.006812970006335164 0.0057202835998659699 0.0011463360317028254
leaf_weight=47.319531877525151 149.90680543938652 32.30610837880522 6853.0860167383216 86.904604884795845 2603.2036602525041 232.12581387255341 106.89126232359558 540.60398396197706 264.52472370816395 610.24322405830026 1046.1585920825601 143.38670352613553 147.47632340108976 4877.800119144842
leaf_count=1164 5122 335 123701 1987 47543 7924 2988 7528 3362 8853 10924 1590 1602 49413
internal_value=-1.45372e-05 4.0096e-05 1.19627e-05 -0.00589075 6.24571e-05 -0.00113343 -0.000444071 0.000306318 0.00108412 -0.000445961 -5.32583e-05 0.000302804 -0.00218701 0.000899432
internal_weight=17741.9 17592 17559.7 134.224 17425.5 2942.22 2710.09 14483.3 7117.61 7365.67 6755.43 6214.82 1193.63 5021.19
internal_count=274036 268914 268579 3151 265428 58455 50531 206973 127063 79910 71057 63529 12526 51003
is_linear=0
shrinkage=0.03


Tree=170
num_leaves=15
num_cat=1
split_feature=117 109 77 55 19 52 27 0 49 34 138 26 12 53
split_gain=6.23198 9.99966 8.02809 6.39081 10.9682 9.91877 9.05153 7.59913 6.96549 6.72918 6.3764 11.5036 6.77619 9.22095
threshold=-0.27204991382859584 3.2192307692307693 160.00000000000003 0.12037037037009669 0.31501610305958139 0.069047619047619066 0.21509740259740262 0 16.446738594483278 0.44618725868725878 0.05225032312826746 0.060172413793103459 13.500000000000002 0.56172438672850455
decision_type=8 10 10 8 2 8 2 1 10 2 2 2 2 8
left_child=1 2 -1 4 5 6 -2 -8 -9 10 11 -5 13 -13
right_child=3 -3 -4 9 -6 -7 7 8 -10 -11 -12 12 -14 -15
leaf_value=-0.0070018966098497702 0.015391646852467808 -0.012026498617846566 0.01265195970120901 0.010696445105132313 -0.0098073354833272831 -0.0037115673588704167 0.007731337344761678 -0.0097323778255363098 0.0036038786116715693 0.010646883378592794 0.00022162900717892647 0.0079959528740794136 -0.006754149590626814 -0.0071012170145316892
leaf_weight=22.039470606017858 35.533868770580739 79.189708303194493 24.837462057359517 34.587045719381422 139.5106570716016 371.05405418854207 62.548598375637084 61.8340929239057 53.984405571594834 39.835405666846782 16370.148278453387 67.094345272053033 328.8800359684974 50.817500219680369
leaf_count=756 541 5827 1050 580 1758 4854 810 789 718 413 248561 803 5893 683
internal_value=-1.51335e-05 -0.00629558 0.00395423 3.51301e-05 -0.00269479 -0.000795669 0.0041743 0.000918981 -0.00354475 0.000154503 0.000120253 -0.00322974 -0.00462022 0.00142228
internal_weight=17741.9 126.067 46.8769 17615.8 724.466 584.955 213.901 178.367 115.818 16891.4 16851.5 481.379 446.792 117.912
internal_count=274036 7633 1806 266403 9470 7712 2858 2317 1507 256933 256520 7959 7379 1486
cat_boundaries=0 1
cat_threshold=964
is_linear=0
shrinkage=0.03


Tree=171
num_leaves=15
num_cat=0
split_feature=152 152 119 39 147 112 106 127 122 107 122 89 145 149
split_gain=6.17677 9.64215 9.3554 10.5996 11.3545 13.1004 9.20221 10.9386 10.5376 9.73965 9.83022 9.04986 9.50478 11.1
threshold=0.15242160459103429 0.26353257994069657 -0.048410262123494856 4.1000000000000005 0.057297477520478417 0.029283216783198899 0.81534090909090928 0.91987179487179505 0.11383021196283392 0.0051774685360395792 0.12086042458188086 -0.359651633089133 0.18465909090909094 0.032738095238095254
decision_type=2 2 8 8 10 10 2 2 2 2 2 8 2 2
left_child=11 2 -2 4 -4 -6 9 8 -8 -3 -11 -1 13 -13
right_child=1 6 3 -5 5 -7 7 -9 -10 10 -12 12 -14 -15
leaf_value=-0.0030645681579391641 0.0051207900610038028 -0.00058244243690664212 -0.0027637079247986121 0.0028046644431879335 -0.0026350883378776311 0.011153291436038843 0.016039486272021473 -0.00050374346333599345 0.0010836035658840274 -0.010852057501083222 0.003252466844053207 -0.0058678944530640631 5.6335008621539336e-05 0.0063489062977274777
leaf_weight=1006.8789137308486 632.95674426108599 372.14488031715155 845.59742688387632 1351.4489637389779 110.44436822831631 114.03310272097588 61.199858464300632 951.75351828336716 100.93426709622145 203.88864459097385 48.420805126428604 432.94992157071829 11442.639739393257 65.987683683633804
leaf_count=15571 5444 3301 7135 11522 962 962 517 8352 841 1874 423 3976 212551 605
internal_value=-1.42841e-05 0.000904122 0.00191584 0.00105174 -0.00117029 0.00462919 -0.00087477 0.000762554 0.00760911 -0.00374477 -0.00811463 -0.000354882 -0.000122851 -0.004114
internal_weight=17741.3 4792.82 3054.48 2421.52 1070.07 224.477 1738.34 1113.89 162.134 624.454 252.309 12948.5 11941.6 498.938
internal_count=274036 41333 26025 20581 9059 1924 15308 9710 1358 5598 2297 232703 217132 4581
is_linear=0
shrinkage=0.03


Tree=172
num_leaves=15
num_cat=2
split_feature=152 9 16 0 82 112 156 0 41 57 39 24 8 86
split_gain=6.11874 5.93974 7.23815 9.23143 8.86366 7.13444 6.33882 6.03337 5.87127 15.9803 12.6014 12.2712 15.2646 10.4406
threshold=0.0025521733920247842 51.750000000000007 3.2403846153846136 0 0.1166666666663332 -0.020833333333323854 -2.7187029352165912 1 0.36666666666666675 0.40456094831082134 5.7083333333333348 12.519230769230772 2.5000000000000004 1.1881010834473276
decision_type=2 2 2 1 10 8 2 1 8 8 10 8 2 8
left_child=-1 2 4 -4 5 -2 -5 -7 9 11 -10 13 -13 -3
right_child=1 8 3 6 -6 7 -8 -9 10 -11 -12 12 -14 -15
leaf_value=-0.0088361323932398123 -0.010084386944889844 0.001567095157846301 -0.0067146344240027718 -0.0051483938485857167 -0.012085851485497293 0.0078596754037621071 0.010198414710164212 -0.0025489428332881904 1.0107946822597442e-05 -0.0068836671992918482 -0.0034215362234258288 0.003786829261323745 -0.0057402618187525536 -0.0052605226379664801
leaf_weight=55.46524996496737 54.560042650904506 6595.2997642857954 51.919023887254298 21.515635396819562 108.3458972144872 51.748531458899379 87.797663962468505 122.74862382328138 8418.9326158054173 225.50078104622662 1072.4550500991754 206.97671410720795 473.76071050344035 193.54382542846724
leaf_count=10870 848 111888 880 984 3122 972 1070 2225 99402 2956 15116 4589 13484 5630
internal_value=-1.3432e-05 2.17031e-05 -0.0031573 0.00195136 -0.00557769 -0.00194567 0.00640574 0.00119588 0.000116609 0.000731687 -0.000382429 0.000974923 -0.00282438 0.00136128
internal_weight=17740.6 17685.1 498.635 161.232 337.403 229.057 109.313 174.497 17186.5 7695.08 9491.39 7469.58 680.737 6788.84
internal_count=274036 263166 10101 2934 7167 4045 2054 3197 253065 138547 114518 135591 18073 117518
cat_boundaries=0 1 2
cat_threshold=784 76
is_linear=0
shrinkage=0.03


Tree=173
num_leaves=15
num_cat=0
split_feature=132 132 35 30 102 99 49 138 51 55 112 138 26 101
split_gain=5.8654 6.66584 6.2275 7.82343 6.21232 10.8267 9.39679 9.28595 8.34445 8.1003 9.10176 8.28139 8.402 8.20565
threshold=0.11691753232987069 0.11350723996905053 245.50000000000003 0.072172619047619055 0.81980519480519487 -0.30151118176810854 17.142945314102693 0.073948268855123969 -0.064490660960624738 0.12037037037009669 -0.11849955599961957 0.05225032312826746 0.063068181818181829 0.12497691626774848
decision_type=2 2 10 2 10 8 8 2 10 8 10 2 2 10
left_child=1 2 4 -4 5 8 -6 -8 -1 10 -7 12 -11 -12
right_child=-2 -3 3 -5 6 9 7 -9 -10 11 13 -13 -14 -15
leaf_value=-0.00038201216080357644 0.0086968770545303355 -0.011841250144571405 0.0029596086369042232 -0.0099041454338616372 -0.0021043149423551873 0.0054345873614576852 -0.0018048896038918975 0.01460358437273877 0.01319573131965986 0.0067919927764435034 -0.0098389961747430491 0.00040302029106298326 -0.0052824710062939258 -0.0015427151393918725
leaf_weight=66.494319751858711 54.294500173069537 28.032509387936443 56.587346953339875 107.34516604617238 1790.0218296791427 74.142159124836326 55.813090852927417 47.577493426855654 86.908149864524603 46.620941701345146 178.91802190523595 14513.604023767635 378.79456133488566 255.47619605343789
leaf_count=1963 554 307 1352 2215 47202 860 1104 905 1348 692 2295 204659 5853 2727
internal_value=-1.42246e-05 -4.83135e-05 -1.9558e-05 -0.00558788 3.73628e-05 0.000234791 -0.00157843 0.00663943 0.00780048 0.000152165 -0.00351604 0.000280436 -0.00377298 -0.00517414
internal_weight=17740.6 17686.3 17658.3 163.933 17494.4 15601 1893.41 103.391 153.402 15447.6 508.536 14939 425.416 434.394
internal_count=274036 273482 273175 3567 269608 220397 49211 2009 3311 217086 5882 211204 6545 5022
is_linear=0
shrinkage=0.03


Tree=174
num_leaves=15
num_cat=0
split_feature=152 101 154 53 148 63 152 52 48 148 24 24 84 111
split_gain=5.85266 5.8435 5.83148 11.1614 10.588 8.73245 8.46628 8.26284 8.92934 8.50689 8.19902 10.2909 9.42593 8.83499
threshold=0.0025521733920247842 -0.090998552221283613 1.5710959258255943 0.33333333333340914 0.61092480818122885 1.5833333333333337 0.22062071035209826 0.79285714285714304 16.707440837575245 -0.019336629149317244 3.6742424242424243 5.7285012285012291 -0.37717292350584003 -0.27375562265109632
decision_type=2 10 2 8 10 8 2 10 10 8 10 10 8 10
left_child=1 -1 3 -2 5 -5 7 8 9 -7 -6 -12 -13 -14
right_child=2 -3 -4 4 10 6 -8 -9 -10 -11 11 12 13 -15
leaf_value=-0.013741898986388716 -0.002671577025983668 0.0038979539483412948 -0.00013975645186644286 0.011473756273663663 -0.0013848874852527135 0.014327694144457134 -0.0060342109925205605 -0.0046911192149087797 -0.0065440638938502552 0.0030779708240010681 0.01738984698422804 -0.0075665631178818702 -0.0068509053326362701 0.01099017841498919
leaf_weight=38.164205919019878 352.24747004266828 16.775718228425831 16285.337269358337 53.502100640907884 68.010837740264833 66.317262363620102 137.25682377815247 115.52068005595356 50.128272406756878 289.1166272694245 92.688866662792861 31.348582326900214 19.78835689323023 123.80535365780815
leaf_count=7870 3705 3000 246655 451 965 575 1140 1397 468 3380 920 425 739 2346
internal_value=-1.3621e-05 -0.00867483 2.06143e-05 0.00186817 0.00341095 0.00127935 0.000213725 0.00198227 0.00398264 0.00567213 0.00768361 0.00993931 0.00493026 0.00811611
internal_weight=17740 54.9399 17685.1 1399.73 1047.48 711.842 658.34 521.083 405.562 355.434 335.642 267.631 174.942 143.594
internal_count=274036 10870 263166 16511 12806 7411 6960 5820 4423 3955 5395 4430 3510 3085
is_linear=0
shrinkage=0.03


Tree=175
num_leaves=15
num_cat=1
split_feature=152 154 80 50 0 147 53 23 154 16 106 35 21 128
split_gain=5.89993 8.97512 8.76216 8.89943 10.5604 11.6859 11.4696 10.7996 13.0133 10.2544 9.9964 9.07276 8.87121 12.4736
threshold=0.14680196563243927 1.2869005265451376 158.33333333333329 0.020371459004584484 0 -0.017686566601563907 0.23339947090122834 0.21170143415906131 1.8462830653215196 -18.970588235294112 0.64495798319327746 20.500000000000004 1.5000000000000002 0.18897766794648821
decision_type=2 2 10 10 1 10 10 2 2 2 2 10 2 8
left_child=1 -1 12 9 6 -6 -5 -8 -9 -4 -7 -11 13 -3
right_child=-2 2 3 4 5 10 7 8 -10 11 -12 -13 -14 -15
leaf_value=0.0069639453640842289 0.00085366327606527627 -0.0034178154450656378 0.0010070723215908342 -0.008318050387617815 0.00046991731384375435 -0.00034575144284024526 -0.0038731151951490153 -0.001646581638530763 0.012269317263353029 -0.011751819960838484 -0.012896430700641495 -0.0039590899577287425 0.00046623947011678217 0.00036783728127333479
leaf_weight=133.96897788206115 5042.7109055146575 1480.2801355207339 247.4147554943338 49.944810441695154 389.30863771308213 95.705859167966992 76.838774999137968 81.353720366023481 189.03167378297076 173.96032625483349 129.82408581441268 574.37003359850496 7434.9778880416416 1639.7745264382102
leaf_count=1796 43524 31724 8033 727 5580 1316 1182 891 2550 5038 1511 14725 123346 32093
internal_value=-1.29772e-05 -0.000357778 -0.000444068 -0.00225285 -0.000260212 -0.00268192 0.0034317 0.005491 0.00821582 -0.00424412 -0.00792413 -0.00596596 -9.72968e-05 -0.00143599
internal_weight=17739.5 12696.8 12562.8 2007.75 1012.01 614.839 397.169 347.224 270.385 995.745 225.53 748.33 10555 3120.05
internal_count=274036 230512 228716 41553 13757 8407 5350 4623 3441 27796 2827 19763 187163 63817
cat_boundaries=0 1
cat_threshold=197
is_linear=0
shrinkage=0.03


Tree=176
num_leaves=15
num_cat=1
split_feature=84 80 48 132 77 152 100 0 37 52 107 128 80 100
split_gain=5.66679 5.45892 15.1663 7.54248 7.41484 8.72136 11.0119 10.6778 8.82234 10.6117 9.72616 9.01211 10.5904 8.72575
threshold=2.3963212802315872 -333.33333333333331 16.149469562007482 0.077397192074081467 255.00000000000003 0.011917045274892232 0.71130952380952395 0 1.0000000180025095e-35 0.59411764705882364 0.0593008817075713 0.10047646248022128 338.33333333333354 0.92582417582417598
decision_type=10 8 10 2 10 2 8 1 2 10 2 10 10 10
left_child=1 2 -1 -4 -3 -6 8 13 9 -7 11 12 -10 -8
right_child=-2 4 3 -5 5 6 7 -9 10 -11 -12 -13 -14 -15
leaf_value=0.0073761568538245979 -0.0055764485041404051 0.00014395217075105854 0.0096726120833712254 -0.0035336605064218919 -0.0076571044367468493 -0.012080286591852547 -0.0032102378521491576 -0.006963222979782635 -0.0061058171860461901 0.0041837504037469326 0.013432992618374337 0.0049482180021741895 0.0046123242082149419 0.0073742864038528798
leaf_weight=304.66033833101392 148.27636902825907 15312.296109402552 30.210936207789928 280.24574102740735 196.59714756533504 73.579669998958707 175.59676085412502 387.82248394750059 202.30055781640112 50.841892119497061 52.349002564325929 307.4451863411814 120.62955362349749 96.041017143055797
leaf_count=6543 5122 225610 526 4646 12686 1239 1898 4112 2851 910 617 4565 1749 962
internal_value=-1.32728e-05 3.8332e-05 0.00278024 -0.00186197 -6.33893e-05 -0.00195651 -0.00112256 -0.00395514 0.00122168 -0.00569927 0.00257838 0.0013857 -0.00207507 0.000697778
internal_weight=17738.9 17590.6 615.117 310.457 16975.5 1663.2 1466.61 659.46 807.146 124.422 682.724 630.375 322.93 271.638
internal_count=274036 268914 11715 5172 257199 31589 18903 6972 11931 2149 9782 9165 4600 2860
cat_boundaries=0 1
cat_threshold=99
is_linear=0
shrinkage=0.03


Tree=177
num_leaves=15
num_cat=1
split_feature=9 16 84 0 112 156 13 104 13 49 117 109 6 95
split_gain=5.62499 7.57281 10.6219 9.2089 6.91001 6.22637 5.66519 13.6928 12.3238 12.7838 10.0709 9.53646 9.4869 9.96504
threshold=51.750000000000007 3.2403846153846136 0.093008166475538709 0 0.037704425204424304 -2.7901758260511134 0.74166666666666681 0.9472222222222223 0.77350427350427364 16.031364948838021 0.014339979569788537 -3.6247222222222217 8.5000000000000018 0.93541666666666679
decision_type=2 2 10 1 8 2 2 2 2 8 10 10 2 2
left_child=1 2 4 -3 -1 -5 -2 8 9 -8 -11 -12 -10 -14
right_child=6 3 -4 5 -6 -7 7 -9 12 10 11 -13 13 -15
leaf_value=-0.008136277367606401 -0.00028091114024113111 -0.0066160703312514793 -0.012764888991334477 -0.0052161102408986035 0.0020578286727267314 0.010147592385465093 0.012439710548334138 -0.0048555767004571935 0.0048227336052017655 -0.002793982006547686 -0.0049002846568795026 0.0084917809796546655 0.0026218351323689286 -0.00072230791752610657
leaf_weight=78.830613509286195 11980.066629848443 51.67969502415508 106.78160999994725 20.507186096161604 153.21387295890599 89.962579196318984 149.82962205773219 333.28152164816856 440.73017686558887 181.27437671972439 48.921200174838305 231.10919274808839 1113.2352516967803 2759.0652939137071
leaf_count=1262 183428 897 3486 1069 3039 1104 2541 4513 4530 3544 447 2841 17640 43695
internal_value=-1.28971e-05 -0.0030994 -0.00557281 0.00210325 -0.00168907 0.00649524 7.9423e-05 0.000898974 0.00130202 0.00523645 0.00257878 0.006022 0.000728318 0.000245496
internal_weight=17738.5 500.976 338.826 162.149 232.044 110.47 17237.5 5257.45 4924.17 611.134 461.305 280.03 4313.03 3872.3
internal_count=274036 10857 7787 3070 4301 2173 263179 79751 75238 9373 6832 3288 65865 61335
cat_boundaries=0 1
cat_threshold=784
is_linear=0
shrinkage=0.03


Tree=178
num_leaves=15
num_cat=1
split_feature=151 10 148 132 130 154 89 58 0 99 50 130 76 114
split_gain=5.55621 12.4219 10.3103 9.15226 9.1058 8.58608 8.45871 7.09209 12.1801 10.038 10.3634 13.7978 9.39929 9.21482
threshold=2.2137389487888997 427.00000000000006 -0.16884860618938544 0.077095883534136558 0.077360187016723633 1.2869005265451376 -0.37693591998279491 0.93095238095238109 0 -0.023566359952152224 0.046040383171469308 0.070402930402930428 2101.6666666666674 -0.12499999999997725
decision_type=2 2 10 2 2 2 8 10 1 8 10 2 10 10
left_child=-1 2 4 -4 -2 -3 -7 9 -9 -8 -11 -12 13 -13
right_child=1 5 3 -5 -6 6 7 8 -10 10 11 12 -14 -15
leaf_value=0.00053816994809837532 0.012279107386717647 0.0078294700276425877 0.0052184750866947774 -0.0086409173435059369 -0.0021118511687012453 -0.0041415867712903259 0.0018182549282159252 0.0039993755346641032 -0.0069709616859204727 -0.0015642631552288172 -0.010899863198846602 -0.0060050794267565589 0.010974981419530568 0.0018211411814420988
leaf_weight=8532.5132295303047 33.428757955785841 102.76558432914317 38.172816587146372 377.44168062135577 201.96888199588284 477.86236145859584 2197.6504581836052 112.20298860920593 286.01642490178347 3447.9883577977307 66.895604670979083 132.78274547122419 78.478561456315219 1651.9563105753623
leaf_count=75790 648 1464 968 11260 5134 8933 54424 4141 12143 71714 1074 1781 1086 23476
internal_value=-1.28385e-05 -0.000523603 -0.00447007 -0.00723054 0.000544957 -0.000215975 -0.000327497 -9.15799e-05 -0.00391888 0.000116949 -0.000581379 0.00117299 0.00169003 0.00119368
internal_weight=17738.1 9205.61 651.012 415.614 235.398 8554.6 8451.83 7973.97 398.219 7575.75 5378.1 1930.11 1863.22 1784.74
internal_count=274036 198246 18010 12228 5782 180236 178772 169839 16284 153555 99131 27417 26343 25257
cat_boundaries=0 1
cat_threshold=786
is_linear=0
shrinkage=0.03


Tree=179
num_leaves=15
num_cat=0
split_feature=132 132 35 30 139 16 145 111 126 106 55 121 52 151
split_gain=5.53118 6.4656 5.88187 7.4979 6.18778 5.75354 8.31659 10.4336 7.04624 5.97052 10.9755 9.94552 8.38669 7.25858
threshold=0.11691753232987069 0.11350723996905053 245.50000000000003 0.072172619047619055 2939.5000000000005 48.160256410256416 0.34313725490196084 -0.073592616873336666 -0.24999999999999994 0.085784313725490211 0.68164821289883559 -0.009555681361627523 0.12916666666666668 4.2054383316843014
decision_type=2 2 10 2 2 2 2 8 2 2 10 10 8 2
left_child=1 2 5 4 -4 9 -7 8 -8 10 11 -1 -13 -11
right_child=-2 -3 3 -5 -6 6 7 -9 -10 13 -12 12 -14 -15
leaf_value=-0.0045521549943696856 0.0084236513527904747 -0.011691672281437143 0.0096799816957194515 -0.0096997084055132406 -0.0065900988328041702 3.5976635560032875e-05 0.0095606640606664475 -0.010729015472379654 -0.0055521909555483456 0.00022655593606873471 -0.0047527245475510529 -0.0050265958738491398 0.010277192142346799 -0.0022513093518945707
leaf_weight=54.272131598554552 54.673627541400492 27.800312174484134 32.904052656143904 106.36002006940544 23.785412646364421 403.02244691550732 37.890864694025367 170.87980814836919 44.286817986983806 15287.767445005476 96.275484927929938 27.758387154433876 240.94254576507956 1128.5085856779478
leaf_count=1351 554 307 734 2215 618 3799 1207 3213 1354 181128 3746 572 5589 67649
internal_value=-1.24792e-05 -4.5681e-05 -1.74328e-05 -0.00544257 0.00290295 3.77581e-05 -0.00268637 -0.00678141 0.00181626 0.000146214 0.0036183 0.00621382 0.00851404 5.43197e-05
internal_weight=17737.1 17682.5 17654.7 163.049 56.6895 17491.6 656.08 253.057 82.1777 16835.5 419.249 322.973 268.701 16416.3
internal_count=274036 273482 273175 3567 1352 269608 9573 5774 2561 260035 11258 7512 6161 248777
is_linear=0
shrinkage=0.03


Tree=180
num_leaves=15
num_cat=0
split_feature=152 101 9 106 35 114 50 140 48 137 132 80 48 140
split_gain=5.44017 5.704 5.35285 6.81083 7.411 7.5254 7.02672 7.85358 5.78965 6.03939 5.93321 5.46591 11.5274 7.37957
threshold=0.0025521733920247842 -0.090998552221283613 51.750000000000007 0.93541666666666679 28.500000000000004 -0.037878787878838686 0.18102840944037449 0.060962027235525955 17.553488551235393 116.50000000000001 0.12096931795974204 -333.33333333333331 16.149469562007482 0.083623978978479563
decision_type=2 10 2 2 8 8 10 2 10 2 2 8 10 2
left_child=1 -1 3 4 -2 -6 7 -7 10 -10 11 12 13 -4
right_child=2 -3 8 -5 5 6 -8 -9 9 -11 -12 -13 -14 -15
leaf_value=-0.013491213271972804 -0.0083427418085588803 0.0039428109050981854 0.0095251688588930267 0.005653669389967541 -0.0078975192133038385 0.010772385805130966 0.015574969545121338 -0.0035841493261012073 0.0031721096205278663 -0.0074153106873466575 0.010927336619812319 3.9015344735683635e-05 -0.0012727369750804678 -0.00057481778577742754
leaf_weight=37.370861679315567 200.19735539425164 16.734114476945251 224.37409999128431 58.306502069346607 70.91732273157686 31.200177276041359 17.281270541250706 118.08022994082421 57.301782872993499 159.79398348648101 31.058029995299876 16324.411431636661 302.49181655421853 87.182498098351061
leaf_count=7870 3747 3000 4774 612 1692 967 217 2866 832 2371 313 238270 4926 1579
internal_value=-1.2738e-05 -0.00841365 2.00764e-05 -0.00300584 -0.00430856 -0.000614099 0.00288324 0.000126045 0.000109945 -0.00459639 0.000174161 0.000144793 0.0028889 0.00680232
internal_weight=17736.7 54.105 17682.6 495.983 437.676 237.479 166.562 149.28 17186.6 217.096 16969.5 16938.5 614.048 311.557
internal_count=274036 10870 263166 10101 9489 5742 4050 3833 253065 3203 249862 249549 11279 6353
is_linear=0
shrinkage=0.03


Tree=181
num_leaves=15
num_cat=0
split_feature=117 109 77 55 19 24 100 58 57 19 23 48 99 52
split_gain=5.39989 9.50087 7.72127 5.46344 10.6356 9.69984 12.3001 9.29172 9.28708 8.82901 9.68286 8.57345 8.19192 6.38997
threshold=-0.27204991382859584 3.2192307692307693 160.00000000000003 0.12037037037009669 0.31501610305958139 2.3484848484848491 0.98437500000000011 0.2817460317460318 -0.13285603285604941 0.26020833333333343 0.22123266078184115 16.413401304960512 0.10316547181201814 0.069047619047619066
decision_type=8 10 10 8 2 10 10 10 10 2 2 8 8 10
left_child=1 2 -1 4 5 11 7 8 -7 10 13 -2 -13 -9
right_child=3 -3 -4 -5 -6 6 -8 9 -10 -11 -12 12 -14 -15
leaf_value=-0.0068186589042832793 -0.013392070740468543 -0.011596124998075287 0.012494853560283851 0.00014451873736611389 -0.0095387389237813931 -0.011342444606871501 0.011036806220926324 0.0083862162185903196 0.0041256415010977997 -0.0062479648096519401 0.014550757801333414 -0.0074057304372364329 0.0090767745670127225 -0.0053744392805383078
leaf_weight=21.78254846483469 70.950956984423101 77.152496199822053 24.965683221817017 16892.138512850739 137.98070489149541 94.516797334887087 83.669913300313056 35.67586613073945 41.928824204951525 55.377763673663139 60.035681466571987 43.730652433820069 35.460205064155161 60.810946785844862
leaf_count=756 880 5827 1050 256933 1758 1138 866 631 475 828 933 564 408 989
internal_value=-1.19745e-05 -0.00590389 0.00402534 3.44632e-05 -0.00249736 -0.000630759 0.00168076 -0.000929348 -0.00665137 0.00295128 0.00646774 -0.00683042 0.000244955 0.000157305
internal_weight=17736.2 123.901 46.7482 17612.3 720.138 582.158 432.016 348.346 136.446 211.9 156.522 150.142 79.1909 96.4868
internal_count=274036 7633 1806 266403 9470 7712 5860 4994 1613 3381 2553 1852 972 1620
is_linear=0
shrinkage=0.03


Tree=182
num_leaves=15
num_cat=0
split_feature=124 121 120 110 35 153 125 21 104 12 85 55 151 57
split_gain=5.34587 7.39863 5.60819 6.53171 6.12202 7.0197 8.24246 7.00855 7.51194 6.90013 7.50449 5.93815 5.92065 5.86487
threshold=-3.7499999999999996 -0.0042463036422646944 18.500000000000004 0.87867647058823539 167.50000000000003 0.24068541547754876 -0.24999999999999994 6.5000000000000009 0.56458333333333344 15.500000000000002 -0.20887146998575187 0.67361111111313232 5.650908969611069 0.38461538461550998
decision_type=8 10 10 10 10 2 2 2 2 2 8 10 2 10
left_child=1 -1 4 11 12 -6 9 -8 -9 -7 -11 -4 13 -2
right_child=2 -3 3 -5 5 6 7 8 -10 10 -12 -13 -14 -15
leaf_value=0.0032070302736766513 0.00034836200772836039 -0.010240917304030867 -0.010565385517701814 0.0053194050914833002 -0.0091457601881813101 -0.010536327315794087 -0.0011379753872063723 0.019294440437001296 0.00031464973115213294 0.01180525301905545 -0.0079084186631201807 0.0045874748020183738 -0.0078545186925670762 -0.0022067476974443243
leaf_weight=48.324698434676975 16097.522162179463 87.960624999366701 111.53547821147367 30.943444139324129 118.20323548745364 88.450213257689029 127.96874546958134 24.615491286385804 36.626049529295415 22.25325997825712 18.626944124232978 19.537330229999498 67.12639583228156 836.34017516672611
leaf_count=1209 237301 2069 2220 346 2452 1502 2462 624 573 367 554 711 12618 9028
internal_value=-1.19786e-05 -0.00562729 3.62591e-05 -0.00527672 9.01154e-05 -0.00335693 -0.000894131 0.00302584 0.0102386 -0.0063475 0.00311109 -0.0080676 0.000181549 0.000220327
internal_weight=17736 136.285 17599.7 162.016 17437.7 436.744 318.541 189.21 61.2415 129.33 40.8802 131.073 17001 16933.9
internal_count=274036 3278 270758 3277 267481 8534 6082 3659 1197 2423 921 2931 258947 246329
is_linear=0
shrinkage=0.03


Tree=183
num_leaves=15
num_cat=0
split_feature=154 53 148 22 24 100 63 111 123 153 134 108 128 155
split_gain=5.16526 10.286 9.52422 9.10652 10.9984 9.42632 8.3281 8.08214 11.9232 12.7509 12.6552 10.9487 8.75337 10.5562
threshold=1.5710959258255943 0.33333333333340914 0.61092480818122885 0.061951754385964918 3.8366666666666673 0.31534090909090912 1.5833333333333337 0.29499907844446077 3.6666666666666861 0.25489553971539775 0.087279411764705897 0.07417582417582419 0.064521448503562576 0.13279817713044006
decision_type=2 8 10 2 10 10 8 10 10 2 2 8 10 2
left_child=1 -1 6 -4 -5 -6 -3 11 -9 -10 -11 12 -2 -14
right_child=7 2 3 4 5 -7 -8 8 9 10 -12 -13 13 -15
leaf_value=-0.0026401865849765651 0.0062093300130971977 0.011085572216738532 -0.0056549012117696872 -0.0014160425436721916 0.0017377626102541551 0.015273169025488802 0.0001283126059516662 0.00021459117336782217 -0.0037470193324748336 0.0053166627375450205 0.019750243224957404 -0.00021434785390710248 -0.013891679375662828 -0.0031831466821766507
leaf_weight=351.94834848446772 46.443308490328491 53.995721405372024 34.108054131735116 69.855581648182124 67.419321003369987 169.69135397160426 659.82867702888325 956.17289448808879 80.724763175472617 248.28890415187925 63.160015840083361 14504.010585172568 102.68493321537971 327.53158951550722
leaf_count=3748 493 451 654 1042 2085 2296 7120 8357 788 2205 543 239780 1185 3289
internal_value=-1.20403e-05 0.00172228 0.00319435 0.00720689 0.00883288 0.0117569 0.00116825 -0.000162906 0.0020488 0.00634819 0.00901672 -0.000363823 -0.00476681 -0.006121
internal_weight=17735.9 1406.85 1054.9 341.074 306.966 237.111 713.824 16329 1348.35 392.174 311.449 14980.7 476.66 430.217
internal_count=274036 17396 13648 6077 5423 4381 7571 256640 11893 3536 2748 244747 4967 4474
is_linear=0
shrinkage=0.03


Tree=184
num_leaves=15
num_cat=2
split_feature=152 39 145 130 119 109 0 111 123 107 1 117 26 154
split_gain=5.19537 9.38466 10.9656 9.3114 8.86575 10.5167 9.16919 9.0685 13.9367 9.96665 9.75791 9.59233 11.6475 8.74533
threshold=0.14680196563243927 4.1000000000000005 0.20714285714285716 0.072161952731499432 -0.053257252007256277 -2.1873397435897433 0 0.29499907844446077 0.83333333333334292 0.053869965932170895 1 0.10811386365729733 0.069722222222222241 1.9068767073909976
decision_type=2 8 2 2 10 10 1 10 10 2 1 10 2 2
left_child=-1 3 -3 -2 5 6 -5 9 -9 10 -6 12 -12 -13
right_child=1 2 -4 4 7 -7 -8 8 -10 -11 11 13 -14 -15
leaf_value=-0.00033493483579475508 -0.011527158330488648 0.0011498155273173666 0.0062703380213067293 -0.003614907657876012 -0.0098393008327211477 -0.0066525955516875956 0.0074903923689426388 -0.0021466117971505037 0.0059055491002993378 -0.0060716488500652775 0.0077390526221523554 0.0075643214208491521 -0.0059021250919068209 -0.00073958121490711923
leaf_weight=12686.418828319991 51.97424940019846 2072.2239257320762 447.91627054661512 71.054379135370255 66.333698339760303 63.769196681678295 311.01761327683926 409.91082807630301 342.01118767261505 451.00852809101343 56.635550163686275 210.8894871994853 268.05902697890997 225.83513689786196
leaf_count=230512 475 18264 3464 606 579 534 2647 3510 2967 3951 460 1720 2233 2114
internal_value=-1.10138e-05 0.000801529 0.00209163 -0.000489056 -0.000189398 0.00357098 0.00546419 -0.00103513 0.00155978 -0.00256135 -0.000574705 0.00052685 -0.00328607 0.00338831
internal_weight=17735.1 5048.64 2520.14 2528.5 2476.52 445.841 382.072 2030.68 751.922 1278.76 827.753 761.419 324.695 436.725
internal_count=274036 43524 21728 21796 21321 3787 3253 17534 6477 11057 7106 6527 2693 3834
cat_boundaries=0 1 2
cat_threshold=832 4
is_linear=0
shrinkage=0.03


Tree=185
num_leaves=15
num_cat=0
split_feature=84 138 10 80 50 106 55 10 17 32 33 17 54 35
split_gain=5.12597 5.13433 6.13487 5.67125 9.51735 7.0883 10.5614 6.9935 10.2185 8.60186 8.16005 11.0919 11.687 10.8035
threshold=2.3963212802315872 0.044348799647602972 495.00000000000006 158.33333333333329 -0.074636729067183424 0.096875000000000017 0.66666666666667618 489.00000000000006 2.5000000000000004 3.5192307692307696 4.5000000000000009 7.5000000000000009 0.2752525252525253 55.500000000000007
decision_type=10 2 2 10 10 2 10 2 2 8 2 2 10 10
left_child=1 2 -1 5 -5 6 -3 10 -9 -10 -6 13 -13 -12
right_child=-2 3 -4 4 7 -7 -8 8 9 -11 11 12 -14 -15
leaf_value=-0.0091705519348092932 -0.0053267202087717309 0.0064982460373301069 0.0052377775892435514 -0.0060085840472586171 -0.0010967320981922781 0.00019300441989629957 -0.0039455981896601312 0.0029639683993302321 0.0016973894227729296 -0.0075344611323707707 0.012292957430426965 -0.0076004481224951018 0.0032853101081008911 -0.0025494154285977369
leaf_weight=91.603057853411883 146.78565825964324 338.2443279242143 24.527013469487429 309.74283473496325 1056.887698570732 14394.574762829347 104.44209954701364 171.35448197415099 113.25141906645149 362.48701991792768 155.18312568217516 108.00249470584095 303.97633143840358 53.472474829293787
leaf_count=1692 5122 7159 398 12844 15643 209528 3705 2161 1230 5379 2193 1529 4692 761
internal_value=-1.11236e-05 3.77411e-05 -0.00587642 8.20583e-05 -0.00119666 0.000310075 0.00398569 -0.000521087 -0.00313267 -0.00535207 0.00050515 0.00319453 0.000264796 0.0085734
internal_weight=17734.5 17587.7 116.13 17471.6 2634.36 14837.3 442.686 2324.62 647.093 475.738 1677.52 620.634 411.979 208.656
internal_count=274036 268914 2090 266824 46432 220392 10864 33588 8770 6609 24818 9175 6221 2954
is_linear=0
shrinkage=0.03


Tree=186
num_leaves=15
num_cat=1
split_feature=124 121 80 13 104 13 49 117 109 155 121 137 109 0
split_gain=5.06123 7.09762 5.19959 5.1711 11.6169 11.2644 12.2322 11.4396 9.84944 9.19805 9.33125 9.02916 8.70281 8.49019
threshold=-3.7499999999999996 -0.0042463036422646944 -58.33333333333325 0.74166666666666681 0.9472222222222223 0.77350427350427364 16.031364948838021 0.014339979569788537 -3.1039351851851849 0.20840153801199365 -0.0043196745782952675 88.500000000000014 -3.6247222222222217 0
decision_type=8 10 10 2 2 2 8 10 10 2 10 2 10 1
left_child=1 2 -1 -2 5 6 9 -8 11 10 -5 -6 -9 -7
right_child=3 -3 -4 4 8 13 7 12 -10 -11 -12 -13 -14 -15
leaf_value=-0.0064507868808541492 -0.00030519960048491307 -0.010040797586398848 0.0093459882450864593 0.015510759680334801 0.0030008940324165699 0.0030817556960427094 -0.0033335322241884358 -0.0044221736621545575 -0.00020485263792601138 0.019643307913766124 -0.0021049176238856987 -0.014167944736872932 0.0082947491293770687 -7.126435120469773e-05
leaf_weight=18.791998359840363 12226.367599724326 87.135981125524268 29.638788789976388 27.899415102088824 29.998442231211811 964.80534589942545 184.95876952796243 49.933637302368879 206.5696641379036 62.100763365626335 65.269416185561568 102.47041454585269 235.62844146648422 3442.676083404338
leaf_count=482 188758 2069 727 556 401 15224 3659 458 2800 1004 1078 1459 2876 52485
internal_value=-1.1138e-05 -0.00548805 0.00314057 3.56897e-05 0.000810179 0.00117651 0.00489417 0.00231748 -0.00444773 0.0118104 0.00458951 -0.0103702 0.00596134 0.000633856
internal_weight=17734.2 135.567 48.4308 17598.7 5372.31 5033.27 625.79 470.521 339.039 155.27 93.1688 132.469 285.562 4407.48
internal_count=274036 3278 1209 270758 82000 77340 9631 6993 4660 2638 1634 1860 3334 67709
cat_boundaries=0 1
cat_threshold=72
is_linear=0
shrinkage=0.03


Tree=187
num_leaves=15
num_cat=1
split_feature=24 17 105 0 108 148 57 115 16 139 67 85 58 130
split_gain=5.02577 14.5101 12.3614 8.94147 10.4136 6.86716 9.65074 7.18978 6.97043 8.43418 6.66776 17.7197 11.9352 11.059
threshold=12.519230769230772 1.5000000000000002 0.0038663135626450834 0 0.66145833333333337 0.88684734333492099 -0.051241582491646405 -0.077680833586449186 -7.1339285714285827 2648.5000000000005 1.0000000180025095e-35 0.90340047890822472 0.88562091503267981 0.074377443918501762
decision_type=8 2 2 1 8 10 8 10 2 2 10 8 8 2
left_child=10 2 5 -4 -5 6 -2 -8 9 -7 -1 12 13 -12
right_child=1 -3 3 4 -6 8 7 -9 -10 -11 11 -13 -14 -15
leaf_value=0.0010672874879065987 -0.01125324630340181 -0.0053716067636742333 0.0008717883211341056 0.0043332846156507055 -0.013706134401587348 -0.011444902468577814 0.00033380709638217902 0.011346278907308721 0.012355010728893773 0.011268385801791925 -0.0034755255648295518 -0.0094558672969906454 -0.0064684674470834522 0.00040913188229870461
leaf_weight=5297.1428989549167 48.370981962885708 569.53134951530956 113.18134755804203 28.231595758348703 132.34584435122088 21.818083882331852 1941.6047851457261 39.905508722644299 69.436576068168506 10.051139046903698 701.02339704753831 169.92972118966281 240.75924184313044 8350.4322678442113
leaf_count=106602 989 15356 3499 487 4969 898 31050 601 2113 522 8765 3047 4653 90485
internal_value=-1.03653e-05 -0.00113214 -0.000101097 -0.00592793 -0.00987301 0.000683582 0.000275308 0.000639166 0.00777366 -0.00296769 0.00021663 -0.000260525 -7.73983e-05 0.000103018
internal_weight=17733.8 2974.48 2404.95 273.759 160.577 2131.19 2029.88 1981.51 101.306 31.8692 14759.3 9462.14 9292.21 9051.46
internal_count=274036 60484 45128 8955 5456 36173 32640 31651 3533 1420 213552 106950 103903 99250
cat_boundaries=0 1
cat_threshold=866
is_linear=0
shrinkage=0.03


Tree=188
num_leaves=15
num_cat=0
split_feature=132 132 35 139 87 16 145 111 126 152 81 76 24 116
split_gain=5.04946 6.25383 5.33023 7.21996 6.71425 5.42648 7.82664 10.0387 6.72093 6.51645 8.72787 10.6057 15.4883 8.63869
threshold=0.11691753232987069 0.11350723996905053 245.50000000000003 1856.5000000000002 0.76355218855314899 48.160256410256416 0.34313725490196084 -0.073592616873336666 -0.24999999999999994 0.36099178573550711 -1.0250000000000019 2075.0000000000005 4.1277173913043486 -0.084415584415609132
decision_type=2 2 10 2 10 2 2 8 2 2 8 10 8 10
left_child=1 2 5 4 -4 9 -7 8 -8 10 11 13 -13 -1
right_child=-2 -3 3 -5 -6 6 7 -9 -10 -11 -12 12 -14 -15
leaf_value=-0.0039309659397614221 0.0080170389112396573 -0.011530046998467564 -0.0065567044993670122 -0.0095135056593304013 0.01014568769882556 2.4525319992317284e-05 0.0093360019321392911 -0.010504556320908588 -0.0054226812665364435 -0.0027738292052970027 3.0841342532644364e-05 0.020991432538411903 -0.0005999553725779173 0.0025621584022254428
leaf_weight=201.14740947494283 55.241209685336798 27.548678702209145 26.375417658127844 103.18562162178569 32.037352562882006 403.0980470739305 38.161766299279407 169.18155050976202 44.009062965167686 647.45056995749474 14595.423960445682 49.224225620739162 54.434753436595201 1286.9908809275366
leaf_count=2089 554 307 735 2340 492 3799 1207 3213 1354 6077 236983 451 593 13842
internal_value=-1.06049e-05 -4.24652e-05 -1.47608e-05 -0.00520061 0.00280523 3.75717e-05 -0.00261134 -0.00660183 0.00181465 0.000142781 0.000261899 0.00236043 0.0110106 0.00165403
internal_weight=17733.5 17678.3 17650.7 161.598 58.4128 17489.1 654.45 251.352 82.1708 16834.7 16187.2 1591.8 103.659 1488.14
internal_count=274036 273482 273175 3567 1227 269608 9573 5774 2561 260035 253958 16975 1044 15931
is_linear=0
shrinkage=0.03


Tree=189
num_leaves=15
num_cat=1
split_feature=16 115 48 80 152 54 0 10 98 140 83 55 156 33
split_gain=5.01813 12.0267 6.72279 5.33038 7.95019 6.41059 9.29843 7.84394 8.95863 10.5171 10.7914 10.5347 8.62374 8.24332
threshold=-54.845238095238066 0.16159812821160816 15.811526701717282 158.33333333333329 0.0056085051542415455 0.17156862745098042 0 491.00000000000006 -0.12442846216283714 0.082183454950335619 -0.44999999999999957 0.34294871794827492 -0.58778666490211895 4.5000000000000009
decision_type=2 8 10 10 2 10 1 2 10 2 10 10 2 2
left_child=1 2 -1 -2 -5 6 -6 13 9 10 -9 -11 -10 -7
right_child=3 -3 -4 4 5 7 -8 8 12 11 -12 -13 -14 -15
leaf_value=0.0051726453746260238 0.00026208426531966125 0.0085160602234805264 -0.010937049928673278 -0.0093178894890538714 0.002213607747424357 -0.00079675404354858325 -0.0074383839879982568 -0.0042390962663551779 -0.0080598294693083102 -0.014841289989083663 0.014109550688914377 0.0051576788245380513 0.0026894395149860283 0.0036117027863327863
leaf_weight=18.701239760732278 14931.80051045469 35.311844736803323 125.53090911544859 89.461142610758543 123.87209556438029 1022.9386170431972 249.54957215115428 36.014646826311946 296.45499520003796 36.034189752303064 66.203635436482728 33.452241570688784 77.624063171446323 590.15725861582905
leaf_count=668 223355 816 2920 10022 1680 14826 3379 361 4946 468 899 420 688 8588
internal_value=-1.03352e-05 -0.00480205 -0.00855775 4.27343e-05 -0.00120092 -0.000860983 -0.00440928 -0.000221044 -0.00327968 0.00226014 0.00792957 -0.00600703 -0.00581159 0.000834513
internal_weight=17733.1 179.544 144.232 17553.6 2621.76 2532.3 373.422 2158.88 545.784 171.705 102.218 69.4864 374.079 1613.1
internal_count=274036 4404 3588 269632 46277 36255 5059 31196 7782 2148 1260 888 5634 23414
cat_boundaries=0 1
cat_threshold=69
is_linear=0
shrinkage=0.03


Tree=190
num_leaves=15
num_cat=1
split_feature=117 109 77 150 55 19 52 27 0 49 34 106 98 87
split_gain=4.95051 9.0731 7.43072 5.11573 5.0367 10.0988 9.34268 8.45524 7.18525 6.73105 6.35815 6.15939 5.57268 5.46895
threshold=-0.27204991382859584 3.2192307692307693 160.00000000000003 -0.17142857142857137 0.12037037037009669 0.31501610305958139 0.069047619047619066 0.21509740259740262 0 16.446738594483278 0.44618725868725878 0.87083333333333346 -0.35275806126646458 0.86675380175681027
decision_type=8 10 10 8 8 2 8 2 1 10 2 2 10 10
left_child=1 2 -1 -3 5 6 7 -2 -9 -10 -6 -8 -7 -13
right_child=4 3 -4 -5 10 12 11 8 9 -11 -12 13 -14 -15
leaf_value=-0.0067080777204803757 0.015023202017518304 0.0040427099188461331 0.012237971096902665 -0.014002643537240929 0.00010587245609755296 -0.0022746659817062084 -0.0056899233653973855 0.0076362696672148062 -0.0094661394202733423 0.0036645808553078785 0.01030415797528321 -0.0030534831819900199 -0.014471128565698878 0.0096149753853543556
leaf_weight=21.633354907855392 35.886216842569411 10.192649562377481 25.185977623797953 65.664443968329579 16852.052131165052 67.112734086811543 270.25348653877154 62.711154764983803 61.079095439054072 53.86603409377858 40.202644081786275 57.617200263775885 69.518272310029715 39.952416617423296
leaf_count=756 541 528 1050 5299 256520 854 3863 810 789 718 413 586 904 405
internal_value=-1.05299e-05 -0.00567718 0.00398023 -0.0113108 3.3743e-05 -0.00240089 -0.000586871 0.00422875 0.00104837 -0.00334281 0.000139264 -0.00343877 -0.00929793 0.00272392
internal_weight=17732.9 122.676 46.8193 75.8571 17610.3 717.997 581.366 213.543 177.656 114.945 16892.3 367.823 136.631 97.5696
internal_count=274036 7633 1806 5827 266403 9470 7712 2858 2317 1507 256933 4854 1758 991
cat_boundaries=0 1
cat_threshold=964
is_linear=0
shrinkage=0.03


Tree=191
num_leaves=15
num_cat=0
split_feature=156 83 57 13 63 77 55 86 128 108 55 108 156 27
split_gain=4.8479 9.55729 7.78054 7.60813 7.36483 11.0865 9.55009 8.5592 9.31784 11.0823 8.69809 8.10294 13.8035 12.0308
threshold=-2.5791816380419927 -0.95999999999839913 0.28101432880839644 1.0606617647058825 6.8333333333333348 225.00000000000003 0.5000000000012127 -0.61521811516709013 0.16535979645127372 0.91987179487179505 0.45972222222205045 0.85912698412698429 -3.0094098589568143 0.21730769230769234
decision_type=2 8 10 2 10 10 10 8 8 10 10 8 2 2
left_child=1 -1 4 -2 7 -6 -7 -3 9 -9 -10 12 13 -8
right_child=3 2 -4 -5 5 6 11 8 10 -11 -12 -13 -14 -15
leaf_value=0.0094663350721122062 0.00017344179581351077 0.0079386126686251616 -0.0074985927497553907 0.0098353551388353257 0.0015015014637684379 -0.010022043207619111 -0.0046425560245550099 -0.0068214865475006549 -0.0017916387904648688 0.0079019330441798558 0.0094913790686779222 -0.0064989461439049472 -0.0091054827477893095 0.014743716596979973
leaf_weight=60.926055053947493 14484.886351458728 49.693263753782958 158.41162935551256 58.729944780468941 1409.3332789482083 138.43940493720584 33.387104189954698 583.97894246084616 441.00587075436488 37.488321630517021 56.087937214411795 102.75505254906602 40.296954685822129 77.058535622898489
leaf_count=1439 156474 1189 4225 560 55833 5371 1667 17100 15280 1320 1577 7268 883 3850
internal_value=-9.95664e-06 -0.00106645 -0.00131581 0.000222552 -0.00094995 0.000255864 -0.00411346 -0.00278881 -0.00336413 -0.00576804 -0.00027783 -0.000507059 0.00379588 0.00902897
internal_weight=17732.5 3188.86 3127.94 14543.6 2969.52 1801.27 391.937 1168.25 1118.56 621.467 497.094 253.498 150.743 110.446
internal_count=274036 117002 115563 157034 111338 74872 19039 36466 35277 18420 16857 13668 6400 5517
is_linear=0
shrinkage=0.03


Tree=192
num_leaves=15
num_cat=0
split_feature=154 53 148 22 24 100 156 100 100 111 108 121 155 149
split_gain=4.85155 9.58583 8.98611 8.63055 10.2313 8.5847 7.57439 6.84162 6.74916 6.72272 10.5558 9.82954 11.5461 8.59554
threshold=1.5710959258255943 0.33333333333340914 0.61092480818122885 0.061951754385964918 3.8366666666666673 0.31534090909090912 -4.6033974546458625 0.14642857142857144 0.31534090909090912 0.29499907844446077 0.07417582417582419 -0.0046838664385064266 0.15978463845106011 0.029171434019832191
decision_type=2 8 10 2 10 10 2 10 10 10 8 8 2 2
left_child=1 -1 -3 -4 -5 7 8 -6 -2 10 -8 -11 -13 -14
right_child=6 2 3 4 5 -7 9 -9 -10 11 -12 12 13 -15
leaf_value=-0.0025490383869885818 -0.011152773192076635 0.0011182821986062475 -0.0055638297717740693 -0.0013609727781331324 0.011474744647399972 0.01466877386769754 -0.004615250222576992 -0.0048870906882530528 0.0035975863924078977 -0.0023798494814459307 -0.00013487984766688115 -0.0021806058923148674 0.0065096978068636532 -0.0021608785478014689
leaf_weight=351.00246199476533 85.873656754847616 714.54442265676335 33.964630608912557 69.712599842343479 22.872255683410913 171.70908503048122 474.4158472167328 44.517260202439502 30.272237964905798 345.08225450944155 14381.127900170861 243.8236721586436 648.54532210621983 114.25617382116616
leaf_count=3748 13653 7571 654 1042 905 2296 4967 1180 3585 3052 222544 2364 5542 933
internal_value=-9.36367e-06 0.0016705 0.00308734 0.00697302 0.00854575 0.011344 -0.000155697 0.00174425 -0.00733649 -9.7501e-05 -0.000282473 0.00191617 0.00340221 0.00519435
internal_weight=17731.7 1408.32 1057.32 342.776 308.811 239.099 16323.4 67.3895 116.146 16207.3 14855.5 1351.71 1006.63 762.801
internal_count=274036 17396 13648 6077 5423 4381 256640 2085 17238 239402 227511 11891 8839 6475
is_linear=0
shrinkage=0.03


Tree=193
num_leaves=15
num_cat=0
split_feature=136 112 16 145 111 86 8 125 95 24 100 152 151 145
split_gain=4.82747 5.3889 5.02323 8.57347 10.465 6.81301 17.2574 9.77448 8.39329 7.33651 6.761 6.24418 8.3104 11.0667
threshold=0.11959154351395733 -0.020833333333323854 48.160256410256416 0.34313725490196084 -0.073592616873336666 1.1881010834473276 2.5000000000000004 -0.6830127018922193 0.78174603174603186 4.2554347826086962 0.31534090909090912 0.36099178573550711 1.6193392260821904 0.13809523809523813
decision_type=2 10 2 2 8 10 2 2 2 10 10 2 2 2
left_child=2 -2 5 -4 10 11 7 -7 -8 -9 -5 12 -1 -14
right_child=1 -3 3 4 -6 6 8 9 -10 -11 -12 -13 13 -15
leaf_value=0.0015116121297632666 -0.00075529325687548137 0.012966298677060317 0.00015649505260617962 -0.0040034339640017376 -0.010700060699464687 0.016454903528695938 0.0064074812235333685 0.0085904425798836396 -0.0095174632950923658 -0.011666187785220248 0.011224863242208913 -0.002716350419617783 -0.0054399392474690075 3.7009739225043297e-05
leaf_weight=3654.8599157482386 46.076910863630474 39.26520716631785 409.53501590713859 57.589757660869509 171.22677704272792 35.119845696957782 23.376321008196101 15.310043973615391 229.26075077243149 20.499237305484712 26.527133621741086 646.45933189988136 326.45390628278255 12029.566108055878
leaf_count=30865 461 416 3875 2034 3302 1171 779 522 8994 918 607 6082 3054 210956
internal_value=-9.13726e-06 0.00655246 -4.64101e-05 -0.00257498 -0.00672148 5.47798e-05 -0.0041584 0.00780822 -0.00776741 -0.0030263 0.00177092 0.000140288 0.000258063 -0.000114115
internal_weight=17731.1 85.3421 17645.8 664.879 255.344 16980.9 323.566 70.9291 252.637 35.8093 84.1169 16657.3 16010.9 12356
internal_count=274036 877 273159 9818 5943 263341 12384 2611 9773 1440 2641 250957 244875 214010
is_linear=0
shrinkage=0.03


Tree=194
num_leaves=15
num_cat=3
split_feature=9 16 84 0 112 15 63 28 0 39 48 98 0 152
split_gain=4.82035 7.22507 9.96443 8.75927 6.56242 6.23225 5.81622 5.80073 5.11194 6.54528 5.05051 5.87579 5.85699 5.28181
threshold=51.750000000000007 3.2403846153846136 0.093008166475538709 0 0.037704425204424304 -2.7204861111111103 7.166666666666667 4.2041666666666675 1 4.7750000000000012 17.553488551235393 -0.1380535263347763 2 0.0025521733920247842
decision_type=2 2 10 1 8 2 8 10 1 10 10 10 1 2
left_child=1 2 4 -3 -1 -5 -7 -4 9 -6 13 -12 -13 -2
right_child=10 3 7 5 8 6 -8 -9 -10 -11 11 12 -14 -15
leaf_value=-0.0078881946772835481 -0.0084804748232277342 -0.0063847085973471164 -0.018934094991848668 0.012823943010339749 -0.002091957670131055 0.0074522628246257655 -0.0082905618675001083 -0.0041943740819646025 -0.0032573825184231838 0.013378492595549183 -0.008025835588616784 0.0075287585242508935 -0.0050070964851432736 0.00016851539450643996
leaf_weight=77.998472327832133 48.789340015733615 51.069157021585852 46.916182535002008 55.994843261316419 36.572955795563757 27.207966352347285 27.331413715146482 57.532283694250509 73.45177856227383 43.080087207723409 130.15466085402295 42.431027046404779 43.511295744217932 16968.249451416545
leaf_count=1262 10087 897 1569 1105 662 350 718 1917 1514 863 2051 595 584 249862
internal_value=-8.6073e-06 -0.00287678 -0.00531078 0.00219898 -0.00156499 0.00644876 -0.000523536 -0.0123614 0.00207276 0.00639385 7.65658e-05 -0.00432874 0.00163092 0.000136271
internal_weight=17730.3 497.155 335.552 161.603 231.103 110.534 54.5394 104.448 153.105 79.653 17233.1 216.097 85.9423 17017
internal_count=274036 10857 7787 3070 4301 2173 1068 3486 3039 1525 263179 3230 1179 259949
cat_boundaries=0 1 2 3
cat_threshold=784 728 79
is_linear=0
shrinkage=0.03


Tree=195
num_leaves=15
num_cat=0
split_feature=124 121 120 35 147 35 154 45 31 53 139 81 57 117
split_gain=4.7401 6.83598 5.16049 6.20673 5.51767 5.45005 6.64301 5.83618 7.61492 8.20494 6.38792 5.63042 5.58697 11.6053
threshold=-3.7499999999999996 -0.0042463036422646944 18.500000000000004 113.50000000000001 -0.052628970737562959 167.50000000000003 1.7271110081475349 1.0000000180025095e-35 0.21547619047619052 0.62477869352733262 1929.5000000000002 -0.1500000000000021 0.38461538461550998 0.03618297139920678
decision_type=8 10 10 10 10 10 2 10 2 10 2 8 10 10
left_child=1 -1 5 -4 -5 12 11 -8 -9 10 -10 -7 -2 -14
right_child=2 -3 3 4 -6 6 7 8 9 -11 -12 -13 13 -15
leaf_value=0.0031192115761074948 0.00029787323583487153 -0.0098280273839832736 -0.010234223408057347 0.0072751558076943855 -0.0061895435550842768 -0.0035566791119488917 -0.0080945368287542556 0.010741194165640476 0.0011431614512277962 0.0085723993231331692 -0.011572662388861087 0.012167239753058338 -0.0086195980397337363 -0.00027877239008796675
leaf_weight=48.454455778701231 16164.815592724131 86.251941410126165 80.840765604516491 42.091099896468222 37.879164396319538 28.147473781369627 192.22702882229351 27.434411119669676 54.868631108663976 27.276270537171513 74.516698420513421 29.623626908753067 180.12021903740242 655.85723301488906
leaf_count=1209 249904 2069 1644 1096 537 318 4686 538 808 456 1197 531 2390 6653
internal_value=-9.30486e-06 -0.00532495 3.58907e-05 -0.00507822 0.000927119 8.73855e-05 -0.00317482 -0.00463882 -0.00069248 -0.00345835 -0.00662169 0.00535219 0.000173407 -0.00219615
internal_weight=17730.4 134.706 17595.7 160.811 79.9703 17434.9 434.094 376.323 184.096 156.662 129.385 57.7711 17000.8 835.977
internal_count=274036 3278 270758 3277 1633 267481 8534 7685 2999 2461 2005 849 258947 9043
is_linear=0
shrinkage=0.03


Tree=196
num_leaves=15
num_cat=0
split_feature=16 115 48 80 50 87 130 49 122 62 122 145 154 110
split_gain=4.70532 11.5078 6.48973 5.03746 8.64859 7.92051 13.3176 12.6659 10.5051 8.43089 13.5758 8.14618 8.6349 7.14698
threshold=-54.845238095238066 0.16159812821160816 15.811526701717282 158.33333333333329 -0.074636729067183424 0.60249999999602266 0.082842874977706454 16.230957107240105 0.1244565114652451 5.5000000000000009 0.11985587996206477 0.40588235294117653 2.0484530748301237 0.75735294117647067
decision_type=2 8 10 10 10 10 2 10 2 10 2 2 2 10
left_child=1 2 -1 -2 -5 6 9 -8 -7 10 -6 12 -10 -11
right_child=3 -3 -4 4 5 8 7 -9 11 13 -12 -13 -14 -15
leaf_value=0.005090154586492702 0.00025493950756356917 0.0083179000240481572 -0.010726662756326527 -0.0056997920141853061 0.01307131709202477 -0.0023763476722468411 -0.00023199140258083349 0.022151862485881271 0.0023450313178348522 -0.0030474107740496876 -0.0069317862826277126 -0.0026931678690978378 0.017315226429767183 0.011653603472340738
leaf_weight=18.766965519404039 14932.922857625643 35.532137893605977 124.33716507209465 316.47295821923763 80.774827303830534 1537.996321126353 38.203079248778522 40.152770736254752 92.836151286959648 330.39489141758531 33.551669780164957 84.163956085685641 46.384671684354544 17.840645431075245
leaf_count=668 223355 816 2920 13162 1087 18811 573 707 783 8445 509 1520 462 218
internal_value=-9.45544e-06 -0.0046604 -0.00836628 4.18196e-05 -0.00116798 -0.000512172 0.00261711 0.0129547 -0.00148716 0.00051408 0.00707785 0.0043992 0.00853172 -0.00184412
internal_weight=17730.3 178.636 143.104 17551.7 2618.77 2302.3 540.918 78.3558 1761.38 462.562 114.326 223.385 139.221 348.236
internal_count=274036 4404 3588 269632 46277 33115 11539 1280 21576 10259 1596 2765 1245 8663
is_linear=0
shrinkage=0.03


Tree=197
num_leaves=15
num_cat=0
split_feature=132 132 35 30 139 116 36 35 52 16 95 114 101 80
split_gain=4.68251 6.06965 4.83362 7.19179 5.88094 5.28831 9.80426 9.43978 10.9968 9.2507 10.2302 7.77493 12.7526 7.52614
threshold=0.11691753232987069 0.11350723996905053 245.50000000000003 0.072172619047619055 2939.5000000000005 -0.035408272283253994 1.0000000180025095e-35 28.500000000000004 0.21825396825396828 29.029411764705888 0.82085561497326209 -0.14234137594430646 0.045481959653103879 -333.33333333333331
decision_type=2 2 10 2 2 10 10 10 10 2 2 8 10 10
left_child=1 2 5 4 -4 6 -1 11 -9 10 -10 12 -8 -7
right_child=-2 -3 3 -5 -6 13 7 8 9 -11 -12 -13 -14 -15
leaf_value=-1.8598073913952074e-05 0.0076976672163565395 -0.011385770341481706 0.0097044267144201987 -0.0092067055081157933 -0.0062502726862149905 0.0049707257832953692 -0.0059150853992753251 -0.0073165190274060302 0.017295490938124266 -0.0062903327757274632 0.001382146983444819 -0.0081320780749491207 0.0077170301144393163 0.00035845753964938747
leaf_weight=6542.04693957977 55.691779464483261 27.325860521290451 32.865880432073027 104.01642977190204 23.310955393593758 315.13129884377122 161.17638448090293 167.14451734675094 24.028177678119391 118.91623983788304 597.21729202242568 373.85399012896232 80.357832529116422 9106.2933244858868
leaf_count=98287 554 307 734 2215 618 6445 3431 2716 500 1957 10243 5815 848 139366
internal_value=-8.00641e-06 -3.87949e-05 -1.15686e-05 -0.0049699 0.00316194 3.8076e-05 -0.000525291 -0.00268081 -0.000708936 0.000898891 0.00239088 -0.00550202 -0.00119368 0.000520387
internal_weight=17729.4 17673.7 17646.4 160.193 56.1768 17486.2 8064.74 1522.69 907.306 740.162 621.245 615.388 241.534 9421.42
internal_count=274036 273482 273175 3567 1352 269608 123797 25510 15416 12700 10743 10094 4279 145811
is_linear=0
shrinkage=0.03


Tree=198
num_leaves=15
num_cat=0
split_feature=24 36 54 104 19 108 153 117 147 41 57 130 115 140
split_gain=4.61689 13.6889 8.67628 7.65648 7.21079 8.57474 8.25887 10.7785 7.47189 6.60034 15.1061 11.9551 9.99549 9.26673
threshold=12.519230769230772 1.0000000180025095e-35 0.087121212121212141 0.95993589743589758 0.20983870967741938 0.36515151515151517 0.30660343897995629 -0.064986403528848755 -1.0000000180025095e-35 0.36666666666666675 0.38461538461550998 0.072638146167557954 0.053874030330189275 0.056763406646930532
decision_type=8 10 8 2 2 8 2 10 8 10 10 2 10 2
left_child=9 2 -2 4 6 8 -4 -8 -6 10 13 -11 -13 -1
right_child=1 -3 3 -5 5 -7 7 -9 -10 11 -12 12 -14 -15
leaf_value=0.0055539264813883752 -0.012156300301491249 -0.0078366701173273393 -0.010858525534353274 -0.0076860866504094667 0.012575668333223031 0.0001484029656146154 0.0097597243115294767 -0.0064383346337579771 -0.001491992258384771 -0.006392945662361935 -0.0060085513434687803 -0.0021595575405583523 0.00045192456362139622 0.00085081792820037585
leaf_weight=385.65233116270974 41.019755207700655 232.82951695867814 95.773017844883725 103.41297082859091 80.631054033990949 2245.9266059556976 48.809245618525892 72.95623031957075 48.208991429768503 274.62250363035128 263.31882057059556 1721.3388656387106 5475.3266773312353 6639.3985978162382
leaf_count=8238 738 8345 3289 3018 978 39830 2505 1244 537 3549 3403 21570 56514 120278
internal_value=-7.96144e-06 -0.00108418 -0.000470118 -0.00022601 0.000114096 0.000604178 -0.00492978 0.000412889 0.00770521 0.000209449 0.00085092 -0.000416769 -0.000175897 0.00112029
internal_weight=17729.2 2969.57 2736.74 2695.72 2592.31 2374.77 217.538 121.765 128.84 14759.7 7288.37 7471.29 7196.67 7025.05
internal_count=274036 60484 52139 51401 48383 41345 7038 3749 1515 213552 131919 81633 78084 128516
is_linear=0
shrinkage=0.03


Tree=199
num_leaves=15
num_cat=0
split_feature=154 53 148 22 24 112 63 138 63 39 110 140 111 123
split_gain=4.58677 9.01489 8.41021 8.16441 9.53073 7.98887 9.4967 9.08436 7.90985 7.44152 8.83434 7.35197 6.71221 10.837
threshold=1.5710959258255943 0.33333333333340914 0.61092480818122885 0.061951754385964918 3.8366666666666673 -0.23470441595441113 8.4166666666666696 0.084878886933199241 1.5833333333333337 4.4500000000000011 0.41987179487179493 0.080591260515347526 0.29499907844446077 3.6666666666666861
decision_type=2 8 10 2 10 10 10 2 8 10 10 2 10 10
left_child=1 9 8 -4 -5 -6 11 -8 -3 -1 -11 -7 -2 -14
right_child=12 2 3 4 5 6 7 -9 -10 10 -12 -13 13 -15
leaf_value=-0.0063818559474884589 -0.00033460739898286037 0.010717419962833022 -0.0054678487151916056 -0.0013166974293873973 -0.0018858056926084224 0.021772914678285685 0.0091105908657829471 -0.0098489128415310788 7.3047827795949972e-05 -0.0081318466173764346 0.0060062649234639614 0.0037625740123506369 0.00011114042970254409 0.0059377610442266715
leaf_weight=185.25356365833431 14965.580463147955 54.459699217230082 33.817802999168634 69.601053017191589 33.781846796395257 91.756487394683063 63.15331189124845 18.237594020785764 660.57036501332186 41.374524706974626 123.62411045189947 34.146746128797531 958.43873829487711 395.62323257466778
leaf_count=1663 244747 451 654 1042 526 1098 1851 540 7120 794 1291 366 8357 3536
internal_value=-8.59978e-06 0.00162386 0.0029943 0.00674188 0.00826156 0.010942 0.0130187 0.00399072 0.00108732 -0.00247447 0.00207882 0.0178088 -0.000150982 0.00185994
internal_weight=17729.4 1409.78 1059.52 344.495 310.677 241.076 207.294 81.3909 715.03 350.252 164.999 125.903 16319.6 1354.06
internal_count=274036 17396 13648 6077 5423 4381 3855 2391 7571 3748 2085 1464 256640 11893
is_linear=0
shrinkage=0.03


Tree=200
num_leaves=15
num_cat=1
split_feature=132 124 56 0 153 24 36 104 67 85 58 140 123 104
split_gain=4.58028 4.74239 6.81076 6.55941 5.03251 4.46423 13.7726 8.43196 7.85958 15.6039 11.7636 9.51164 9.46303 17.1168
threshold=0.12386128364389236 -3.7499999999999996 -0.37980769230769224 0 0.30543539618336063 12.519230769230772 1.0000000180025095e-35 0.95993589743589758 1.0000000180025095e-35 0.90340047890822472 0.88562091503267981 0.056763406646930532 4.8333333333333437 0.11651583710407241
decision_type=2 8 10 1 2 8 10 2 10 8 8 2 10 2
left_child=1 2 -1 4 -4 8 7 -7 11 10 -10 -3 -13 -14
right_child=-2 5 3 -5 -6 6 -8 -9 9 -11 -12 12 13 -15
leaf_value=0.0060517177209316363 0.010012148707473674 0.0060581557917077557 -0.0060682297946339538 -0.012918746409653393 0.0095745075070846567 -7.7435381538919836e-05 -0.0078840935360788445 -0.0082165283008704092 5.8488118641506382e-05 -0.009054943567910978 -0.0065567403687397047 0.00011289101033301805 0.015539440878674947 0.0020944478619469823
leaf_weight=25.985606447793543 25.963968301657587 319.31679006596096 24.989587901625782 63.049748032120988 19.855638682842255 2623.1019024613779 228.4199961295817 104.80283597600646 8977.1268108589575 164.33402531733736 233.62544692866504 3818.7072360112797 78.894389397464693 1020.4989575683139
leaf_count=687 263 7260 552 1656 380 48817 8217 3050 98279 2955 4533 74900 1984 20503
internal_value=-7.78611e-06 -3.0946e-05 -0.00536268 -0.00851485 0.00130373 1.42237e-05 -0.00104593 -0.000433353 0.000229561 -0.00029053 -0.000119691 0.0011587 0.000823145 0.00325546
internal_weight=17728.7 17702.7 133.881 107.895 44.8452 17568.8 2956.32 2727.9 14612.5 9375.09 9210.75 5237.42 4918.1 1099.39
internal_count=274036 273773 3275 2588 932 270498 60084 51867 210414 105767 102812 104647 97387 22487
cat_boundaries=0 1
cat_threshold=196
is_linear=0
shrinkage=0.03


Tree=201
num_leaves=15
num_cat=4
split_feature=34 10 0 115 36 104 0 112 119 0 107 13 0 49
split_gain=4.54822 4.84243 10.5466 8.42693 5.07968 7.04663 8.88723 8.07041 10.8685 9.49167 7.91417 6.97984 9.14288 7.67862
threshold=0.44618725868725878 543.00000000000011 0 0.07926607731378682 275.00000000000006 0.18990384615384617 1 0.095238095238083062 -0.10067168670110124 2 -0.005150742352766329 0.40588235294117653 3 16.265718166245886
decision_type=2 2 1 8 10 2 1 10 8 1 2 2 1 10
left_child=1 4 3 -3 -1 6 -6 8 -7 10 -10 13 -13 -9
right_child=-2 2 -4 -5 5 7 -8 11 9 -11 -12 12 -14 -15
leaf_value=0.00014391576195863935 0.0084042674782243403 0.011046939676775933 -0.011001900812295762 -0.0059467358375869892 0.0050308314936639495 0.0053465281766427756 -0.010916568521359912 0.016665091422316671 -0.0053970798875878183 -0.0066930525055420853 0.007315653813675836 -0.0068309912107170157 0.0058041880950687351 0.00043290805782468013
leaf_weight=16475.68496281025 42.658004854805768 40.423422285588458 82.064262197120115 36.710462462157011 28.430431504268199 111.8324684035033 112.2512650473509 43.952674224507064 62.937590358080342 398.15234412462451 88.279913101578131 76.601489915978163 79.799153591506183 48.731723652919754
leaf_count=249702 439 708 1291 459 629 1931 2684 971 1836 7911 1372 1492 1706 905
internal_value=-7.87309e-06 -3.52678e-05 -0.00501245 0.00298384 1.41885e-05 -0.00199291 -0.00789761 -0.000967122 -0.00269023 -0.00442486 0.00190063 0.00349992 -0.000500377 0.00937965
internal_weight=17728.5 17685.9 159.198 77.1339 17526.7 1050.97 140.682 910.287 661.202 549.37 151.218 249.085 156.401 92.6844
internal_count=274036 273597 2458 1167 271139 21437 3313 18124 13050 11119 3208 5074 3198 1876
cat_boundaries=0 1 2 3 4
cat_threshold=585 324 67 554
is_linear=0
shrinkage=0.03


Tree=202
num_leaves=15
num_cat=1
split_feature=9 122 82 15 35 149 0 80 110 13 104 13 57 109
split_gain=4.50509 7.60224 11.9674 8.84505 5.24968 7.92133 7.0291 5.69913 5.2073 5.01134 11.7594 10.969 10.8099 8.5405
threshold=51.750000000000007 0.10758232891219932 0.48333333333338641 -3.4641025641025638 29.500000000000004 -0.012826865787885276 0 1.0000000180025095e-35 0.69337606837606847 0.74166666666666681 0.9472222222222223 0.77350427350427364 0.43029312735196384 -3.1039351851851849
decision_type=2 2 10 2 8 2 1 10 8 2 2 2 8 10
left_child=1 3 4 -1 5 -3 -6 -8 -5 -2 11 12 -11 -12
right_child=9 2 -4 8 6 -7 7 -9 -10 10 13 -13 -14 -15
leaf_value=0.011860974660287934 -0.00026479592719551103 -0.010412452386197257 -0.01595761951022617 0.0042199137142437696 0.0076512484608473093 0.0025675639796903051 -0.0083635136890033834 0.0061326355779133873 -0.0088744500456132726 0.006597470442698994 -0.010114310471157845 0.00067329214222475945 -0.0038841128330101451 -0.00049327311812725756
leaf_weight=46.857424010522664 11970.265867111506 100.53042255551554 57.387463671388105 40.08156094700098 65.363184737972915 58.924881420796737 61.770883370190859 23.066888789879158 41.635705186985433 519.79440228221938 128.41023715399206 4317.3533864740748 95.784597616177052 201.14514764375053
leaf_count=866 183428 1962 2385 972 1617 687 1308 504 556 7929 1802 65865 1444 2711
internal_value=-7.76789e-06 -0.00278485 -0.00493533 0.00322841 -0.00224971 -0.00580749 0.00171166 -0.00372025 -0.00279341 7.44541e-05 0.000844685 0.00121565 0.00491293 -0.0045192
internal_weight=17728.4 495.618 367.044 128.575 309.656 159.455 150.201 84.8378 81.7173 17232.8 5262.49 4932.93 615.579 329.555
internal_count=274036 10857 8463 2394 6078 2649 3429 1812 1528 263179 79751 75238 9373 4513
cat_boundaries=0 1
cat_threshold=77
is_linear=0
shrinkage=0.03


Tree=203
num_leaves=15
num_cat=0
split_feature=12 55 107 100 144 148 116 149 138 59 23 118 102 116
split_gain=4.44912 7.94182 11.7171 10.0286 12.0134 8.82369 8.39979 7.52378 12.5665 8.04571 7.82206 11.8269 10.7905 13.0989
threshold=12.500000000000002 0.79551929551962541 -0.010429011051028973 0.71130952380952395 0.033732823398682069 1.0000000180025095e-35 -0.094535839977004335 0.073635912698412728 0.064256660731496162 0.25000000000030326 0.20396452790818989 -0.025208031040889027 0.12916666666666668 0.071900093370713139
decision_type=2 10 2 8 2 8 10 2 2 10 2 10 8 10
left_child=-1 7 -3 4 -4 -6 -7 10 9 -9 11 -2 -13 -14
right_child=1 2 3 -5 5 6 -8 8 -10 -11 -12 12 13 -15
leaf_value=0.00073224022710814804 0.007977974100796691 -0.007925019767525911 -0.0047110523295979222 -0.0070764019974760319 0.0012340667173038904 0.0022020281342425146 0.02331596191861279 0.0038115788122896209 0.0075378353721138724 -0.013791922390565587 -0.00053139735402114668 0.010185785253526378 -0.0037016219227476136 0.003400280024571782
leaf_weight=5162.8259474805091 224.72718577808701 282.09796087048016 85.354653494665399 98.943005980923772 78.205438628792763 30.936215009074658 34.793208914808929 34.182376945391297 239.80810771649703 35.178205352276564 10430.023324396927 79.641685053240508 494.68736442434601 416.92217616550624
leaf_count=61514 6797 10763 5460 1128 945 508 498 360 2706 467 162036 1104 10072 9678
internal_value=-7.93821e-06 -0.000312568 -0.00360839 0.000285721 0.00370206 0.00866488 0.0156341 -0.00014 0.00436844 -0.00598136 -0.000265152 0.00199721 0.000542594 -0.000451122
internal_weight=17728.3 12565.5 610.33 328.233 229.29 143.935 65.7294 11955.2 309.169 69.3606 11646 1215.98 991.251 911.61
internal_count=274036 212522 19302 8539 7411 1951 1006 193220 3533 827 189687 27651 20854 19750
is_linear=0
shrinkage=0.03


Tree=204
num_leaves=15
num_cat=0
split_feature=13 124 35 63 116 27 120 110 123 35 153 125 139 10
split_gain=4.45871 5.28784 6.04011 5.21136 5.13072 5.0321 5.01775 6.41853 5.96383 4.92706 6.50327 7.23556 8.10801 9.49519
threshold=1.0606617647058825 -3.7499999999999996 77.500000000000014 4.416666666666667 0.15784909534910035 0.26020833333333343 18.500000000000004 0.87867647058823539 24.333333333333318 167.50000000000003 0.24068541547754876 -0.24999999999999994 4745.0000000000009 501.00000000000006
decision_type=2 8 10 10 10 2 10 10 10 10 2 2 2 2
left_child=1 2 4 -2 5 -1 9 8 -8 -3 -11 -12 13 -13
right_child=3 6 -4 -5 -6 -7 7 -9 -10 10 11 12 -14 -15
leaf_value=-0.015245811940885765 0.013561530329297586 0.00014025907818237279 0.0043929773859293347 -0.0010891388671485716 0.0036992592327001433 0.00061165775230576363 -0.010315091012940999 0.0054199980863759625 0.0051064318912064748 -0.0086819055102369015 -0.0058549940444690982 0.00069867690331810789 -0.0084780327101091242 0.01574489161452225
leaf_weight=62.574176985071972 31.83656098227948 16936.164979021065 31.042901211883873 37.109504018444568 16.829091350547969 21.992138576693833 110.91264643636532 30.818801449611783 17.922501148888841 115.79310140013695 126.8567781727761 114.08260956406593 31.16788665461354 42.543445067247376
leaf_count=1631 327 258111 829 558 454 347 2515 345 409 2447 2411 2235 692 725
internal_value=-7.19904e-06 -3.99549e-05 -0.00569761 0.00689039 -0.00895491 -0.0116511 7.6331e-06 -0.00505197 -0.00786097 5.84664e-05 -0.00305609 -0.00068491 0.00298229 0.00580449
internal_weight=17727.6 17658.7 132.438 68.9461 101.395 84.5663 17526.3 159.654 128.835 17366.6 430.444 314.651 187.794 156.626
internal_count=274036 273151 3261 885 2432 1978 269890 3269 2924 266621 8510 6063 3652 2960
is_linear=0
shrinkage=0.03


Tree=205
num_leaves=15
num_cat=1
split_feature=16 2 120 116 35 36 80 49 124 68 35 6 127 144
split_gain=4.42523 10.5368 8.35287 4.48518 9.10706 8.46234 8.08837 9.9841 9.03541 10.0907 8.01751 8.58508 9.62774 9.52293
threshold=-54.845238095238066 0 4.5000000000000009 -0.030034059078180537 167.50000000000003 1.0000000180025095e-35 -333.33333333333331 16.38475752831437 1.7500000000000002 2.5000000000000004 28.500000000000004 13.500000000000002 0.82843137254901966 0.31763161865277817
decision_type=2 9 10 10 10 10 10 10 10 2 10 2 2 2
left_child=1 2 -1 5 6 -2 7 -5 -8 -10 -7 12 -12 -14
right_child=3 -3 -4 4 -6 10 8 -9 9 -11 11 -13 13 -15
leaf_value=0.010049369422178005 4.5690687348851303e-06 -0.0095445527762230507 -0.0083549180297938178 0.0084447027073062623 -0.0050633982172819262 -0.0049812264128194063 0.0007748083422344195 -0.0036212186463890112 0.00064399487594257612 -0.006494876841870497 0.012041353748613594 0.007001227306965222 -0.0031481676491712652 0.0099947979376426212
leaf_weight=51.731790454825386 6769.0214254974853 106.15879091271199 19.902826703619212 222.48738519591279 242.64275728701614 637.50369875202887 7956.8798417760991 73.736336797708645 369.8847556905821 324.52704951539636 29.15928929974325 101.64033067715354 783.62274921732023 38.446304053068161
leaf_count=1123 101151 2831 450 4755 5044 10437 117788 1199 7261 5801 550 2091 13205 350
internal_value=-7.03327e-06 -0.00452738 0.00392201 4.25894e-05 0.00049961 -0.000459845 0.000658692 0.00541147 0.00048687 -0.00275908 -0.00241808 -0.00065262 -0.00167193 -0.00236541
internal_weight=17727.3 177.793 71.6346 17549.6 9190.16 8359.39 8947.52 296.224 8651.29 694.412 1590.37 952.869 851.228 822.069
internal_count=274036 4404 1573 269632 141848 127784 136804 5954 130850 13062 26633 16196 14105 13555
cat_boundaries=0 1
cat_threshold=78
is_linear=0
shrinkage=0.03


Tree=206
num_leaves=15
num_cat=0
split_feature=136 112 152 39 145 130 109 24 121 112 49 128 111 47
split_gain=4.37157 5.09469 4.52401 9.2295 9.761 8.51488 7.56051 13.9913 10.1094 11.8317 9.09205 9.53578 7.3815 10.628
threshold=0.11959154351395733 -0.020833333333323854 0.14680196563243927 4.1000000000000005 0.20714285714285716 0.072161952731499432 -2.0606601731601724 2.6754385964912282 -0.0079840637450199186 -0.068037749287744476 16.004651660070525 0.17695768497812051 0.29499907844446077 0.15476190476190479
decision_type=2 10 2 8 2 2 10 8 8 10 10 10 10 10
left_child=2 -2 -1 5 -5 -4 8 -8 9 -7 11 -10 -12 -14
right_child=1 -3 3 4 -6 6 7 -9 10 -11 12 -13 13 -15
leaf_value=-0.00034567071281869346 -0.00085533780885419007 0.01241093169820396 -0.01118830922687793 0.0011044489581616681 0.0059324640746931936 0.0037687260654013857 0.0026634801785883427 -0.008941635378836946 0.0081230392009546699 -0.0062042436980592223 -0.0015103075800942866 -0.0039388878107737366 -0.0011365780175443224 0.0073159944797244834
leaf_weight=12615.115647711093 46.215243528597057 39.819095197599381 51.182857364416122 2067.3914645723999 448.96222146600485 140.29092756658792 150.16972287744284 210.77300012856722 278.1409953981638 346.90084952116013 754.4198385104537 64.127050086855888 261.91382147371769 251.62453959882259
leaf_count=229861 461 416 475 18203 3454 1222 1266 1732 2339 2996 6669 520 2287 2135
internal_value=-6.85255e-06 0.00621567 -4.24544e-05 0.000717389 0.0019959 -0.000568835 -0.000281226 -0.00419972 0.000418137 -0.00330565 0.00156492 0.00579263 0.000369325 0.00309512
internal_weight=17727 86.0343 17641 5025.9 2516.35 2509.54 2458.36 360.943 2097.42 487.192 1610.23 342.268 1267.96 513.538
internal_count=274036 877 273159 43298 21657 21641 21166 2998 18168 4218 13950 2859 11091 4422
is_linear=0
shrinkage=0.03


Tree=207
num_leaves=15
num_cat=1
split_feature=152 101 114 48 39 48 48 55 153 82 0 136 154 13
split_gain=4.33883 5.46345 4.44338 8.66679 8.4457 6.5988 7.8544 8.04434 6.78992 6.80963 6.10867 5.87187 5.63233 5.45984
threshold=0.0025521733920247842 -0.090998552221283613 0.2999999999999759 15.589332490838741 4.9000000000000012 16.111089823852748 16.754724203793721 0.31944444444646564 0.22615388202153433 -0.38333333333366676 0 0.07961545471113543 1.7837148450422828 1.0606617647058825
decision_type=2 10 10 8 10 10 10 10 2 10 1 2 2 2
left_child=1 -1 13 4 -4 12 7 10 -9 -10 -7 -8 -5 -2
right_child=2 -3 3 5 -6 6 11 8 9 -11 -12 -13 -14 -15
leaf_value=-0.012801372927587984 7.6180498666040568e-05 0.004259899816800812 -0.0037531444985166077 0.00070125214520582195 0.01502813300738259 0.0031361379453696855 -0.011233505040700587 0.015444589839908533 -0.0031241282483370327 0.0083473960871146592 -0.010700287242289495 0.0014352641388416223 -0.012162447861008115 0.0078735493666372385
leaf_weight=35.303163571283221 16996.494715162087 16.443143657408655 30.429426829330623 39.113252524286509 32.836773545946926 37.017672395333648 86.642399402335286 26.925888916477561 99.460163048934191 64.394650865811855 46.745508960913867 44.127703103236854 104.21989498054609 66.210446916054934
leaf_count=7870 253173 3000 337 507 638 492 1363 468 1270 1183 595 616 1699 825
internal_value=-6.52545e-06 -0.00764095 2.22862e-05 -0.00245827 0.00700678 -0.00370714 -0.00161179 0.0013106 0.00462958 0.00170613 -0.0058038 -0.00725071 -0.00891828 0.000113327
internal_weight=17726.4 51.7463 17674.6 611.913 63.2662 548.647 405.314 274.544 190.781 163.855 83.7632 130.77 143.333 17062.7
internal_count=274036 10870 263166 9168 975 8193 5987 4008 2921 2453 1087 1979 2206 253998
cat_boundaries=0 1
cat_threshold=348
is_linear=0
shrinkage=0.03


Tree=208
num_leaves=15
num_cat=0
split_feature=84 18 138 10 80 126 104 148 7 104 57 118 151 121
split_gain=4.30951 5.25268 4.84024 5.92548 4.72996 10.4087 11.3727 9.85317 11.4628 8.70616 10.2699 7.3338 7.58323 6.50263
threshold=2.3963212802315872 0.10956554878048781 0.044348799647602972 495.00000000000006 -333.33333333333331 0.6830127018922193 0.80277777777777792 -1.0000000180025095e-35 4.5000000000000009 0.48611111111111116 -0.3135810948311169 -0.025208031040889027 1.5789255615152133 -0.003752358424150263
decision_type=10 2 2 2 8 2 2 8 2 2 10 8 2 10
left_child=2 -2 3 -1 5 7 -7 -4 11 -10 -11 13 -13 -9
right_child=1 -3 4 -5 -6 6 -8 8 9 10 -12 12 -14 -15
leaf_value=-0.0089826423865193156 -0.0074001508391554711 0.0054858830994231481 -0.0075566702666138817 0.0051738645500051294 -1.430081830495524e-05 0.014923129049308708 -0.0038966420027297627 -0.0052782341228911674 8.2873270791030554e-05 -0.0022601098449022963 0.016138858722804881 0.0064985903813881028 -0.0097785432333064044 0.01250153812534192
leaf_weight=90.846519592683762 120.08141807746142 24.337941658683121 91.880154200596735 24.578151853522286 16852.955657828832 88.602600776124746 32.766284994082525 20.494276499608532 97.945405835984275 31.923491880530491 94.208857869496569 21.549366995692253 104.50934912264347 29.571124447975308
leaf_count=1692 4506 616 1299 398 255244 1810 593 465 1948 664 1734 184 2304 579
internal_value=-6.43692e-06 -0.00491671 3.80535e-05 -0.00571985 8.09792e-05 0.00263641 0.00997256 0.000585524 0.00266031 0.00696767 0.0117369 -0.00293656 -0.00660085 0.00568444
internal_weight=17726.3 144.419 17581.8 115.425 17466.4 613.451 121.369 492.082 400.202 224.078 126.132 176.124 126.059 50.0654
internal_count=274036 5122 268914 2090 266824 11580 2403 9177 7878 4346 2398 3532 2488 1044
is_linear=0
shrinkage=0.03


Tree=209
num_leaves=15
num_cat=0
split_feature=132 154 144 53 16 63 117 16 10 35 107 106 28 84
split_gain=4.28861 4.32259 8.78741 8.23672 6.78971 11.2063 6.56593 8.09212 8.23703 5.9664 6.62308 9.34945 8.38512 8.16116
threshold=0.12386128364389236 1.5710959258255943 0.33627821447247958 0.32703523328624823 16.055555555555546 3.4166666666666674 -0.27204991382859584 23.029411764705888 509.00000000000006 62.500000000000007 -0.030162214505121184 0.267948717948718 5.6742424242424248 -0.66683628996539068
decision_type=2 2 2 8 2 10 8 2 2 10 2 2 10 10
left_child=1 2 3 4 -1 -6 7 -3 -9 10 -5 -12 13 -13
right_child=-2 6 -4 9 5 -7 -8 8 -10 -11 11 12 -14 -15
leaf_value=-0.0051431765308637299 0.0096568426232823898 -0.011915981459945183 -0.0060560949842934564 -0.0025388573242262191 -0.0060746070770878622 0.011259355516023258 -0.00011530713346534752 0.013761270303200375 -0.0088863088655592587 -0.001283001044212552 0.016788541877955396 0.0025735000623328618 -0.0025959828349898947 0.0099571188196843248
leaf_weight=197.56384249124676 26.242837551049888 73.32798762107268 110.68193279206753 93.295443843118846 47.904111295007169 59.92326063872315 16186.052023889497 17.338093647267673 12.587655368726699 179.74478073138744 48.80846834438853 313.80437407782301 116.56700360891409 242.05963907390833
leaf_count=2190 263 5354 1058 1851 424 672 249509 882 642 2294 868 3280 1830 2919
internal_value=-5.90431e-06 -2.83959e-05 0.00155591 0.00226587 -0.00197191 0.00375706 -0.000166873 -0.00721038 0.00444869 0.00357745 0.00465382 0.005617 0.00445747 0.00596596
internal_weight=17725.9 17699.7 1410.35 1299.67 305.391 107.827 16289.3 103.254 29.9257 994.28 814.535 721.239 672.431 555.864
internal_count=274036 273773 17386 16328 3286 1096 256387 6878 1524 13042 10748 8897 8029 6199
is_linear=0
shrinkage=0.03


Tree=210
num_leaves=15
num_cat=1
split_feature=156 83 65 23 13 152 153 77 123 0 24 51 13 145
split_gain=4.25101 9.13127 7.21123 6.77476 6.87538 6.77428 9.42001 10.097 8.86259 8.10975 8.8876 10.9988 11.2237 8.01968
threshold=-2.5791816380419927 -0.95999999999839913 1.0000000180025095e-35 0.15545505935556816 1.0606617647058825 0.032532465394676212 0.31774527464915747 225.00000000000003 10.333333333333316 0 11.023809523809526 -0.075660233468965984 0.20714285714285716 0.63068181818181823
decision_type=2 8 10 2 2 2 2 8 10 1 8 10 2 2
left_child=1 -1 5 -2 -5 6 7 8 9 -3 11 12 -11 -8
right_child=3 2 -4 4 -6 -7 13 -9 -10 10 -12 -13 -14 -15
leaf_value=0.0092758757168108809 0.010498085082524443 -0.0051867275579230519 -0.0051948725803918237 0.00012428516034016684 0.0092605405155314034 -0.0074380021231955605 -0.001382017329082754 -0.0067970782037398789 0.0098006672078208897 -0.0070956957895754935 -0.0088144025386166901 -0.00028970978731031522 0.01614434189985604 0.0028189267892573095
leaf_weight=61.244678670773283 42.407550688832998 276.38947821431793 352.00200244737789 14442.347909007221 59.518844950944185 113.62514201179147 705.29250963078812 332.86781896161847 53.121644424973056 14.60759624512866 48.620802727295086 216.45913252746686 70.812169743003324 935.96783434017561
leaf_count=1439 554 12665 10621 155923 557 1220 14097 17844 2489 750 3396 7670 3525 41286
internal_value=-5.28626e-06 -0.000996044 -0.00124111 0.000212208 0.000171312 -0.000712987 -0.000384904 -0.00263904 -0.000500896 -0.00158246 0.00145795 0.00349736 0.0117038 0.0010175
internal_weight=17725.3 3181.01 3119.77 14544.3 14501.9 2767.76 2654.14 1012.88 680.011 626.889 350.5 301.879 85.4198 1641.26
internal_count=274036 117002 115563 157034 156480 104942 103722 48339 30495 28006 15341 11945 4275 55383
cat_boundaries=0 1
cat_threshold=525
is_linear=0
shrinkage=0.03


Tree=211
num_leaves=15
num_cat=2
split_feature=34 10 0 115 54 102 84 148 149 134 144 0 122 81
split_gain=4.22197 4.64991 10.1526 8.03608 4.66831 7.48216 8.04201 8.805 8.06424 11.8011 11.4586 8.72628 9.00521 6.29378
threshold=0.44618725868725878 543.00000000000011 0 0.07926607731378682 0.93095238095238109 0.06458333333333334 -0.51473770930590124 -1.0018389678267943 -0.022771092132505177 0.078276726692500589 0.027086528283571127 1 0.11819132750095095 -0.74999999999999634
decision_type=2 2 1 8 10 8 10 10 2 2 2 1 2 8
left_child=1 4 3 -3 13 -6 7 -7 10 -10 -8 12 -12 -1
right_child=-2 2 -4 -5 5 6 8 -9 9 -11 11 -13 -14 -15
leaf_value=0.0013245944525714117 0.0080723964520698112 0.010738368482826062 -0.010828116616781737 -0.0058446364777412965 0.0081308616544299994 0.0061718678868635654 -0.0066227830687116754 -0.0082690524345419274 0.0096821486241684459 -0.014200931069842427 -0.0089095441262257869 0.013066800094247981 0.0096777134604418402 -0.00016412596166477669
leaf_weight=3122.0642058895901 43.050356920808554 40.7780310602393 81.341577101266012 36.542168688029051 40.735079219564795 32.507399279624224 59.315307301701978 282.53057439974509 14.292158830678089 48.019116942305118 40.347339660162106 76.201783972792327 25.875700549222529 13781.128893734887
leaf_count=33083 439 708 1291 459 647 527 5467 5068 307 1464 969 1861 665 221081
internal_value=-4.88604e-06 -3.13778e-05 -0.00491622 0.00290969 1.70188e-05 -0.00250866 -0.00344348 -0.00656617 0.00043488 -0.00790724 0.00338042 0.00778052 -0.00106921 0.000111775
internal_weight=17724.7 17681.7 158.662 77.3202 17523 619.824 579.089 315.038 264.051 62.3113 201.74 142.425 66.223 16903.2
internal_count=274036 273597 2458 1167 271139 16975 16328 5595 10733 1771 8962 3495 1634 254164
cat_boundaries=0 1 2
cat_threshold=585 135
is_linear=0
shrinkage=0.03


Tree=212
num_leaves=15
num_cat=0
split_feature=16 115 48 138 58 154 108 10 104 100 87 97 119 150
split_gain=4.21187 10.7492 6.25511 4.93746 6.05538 4.4393 8.5268 8.01081 8.53904 6.67177 11.7587 11.519 11.0681 8.24472
threshold=-54.845238095238066 0.16159812821160816 15.811526701717282 0.07845826460245392 0.45804195804195807 1.6105421080976301 0.24264705882352944 445.00000000000006 0.75735294117647067 0.46770833333333339 0.47585317460470838 0.12132352941176472 0.060551717481848774 0.22080627705627709
decision_type=2 8 10 2 10 2 8 2 2 10 10 2 10 8
left_child=1 2 -1 -4 -5 6 7 -2 -9 10 13 12 -11 -8
right_child=5 -3 3 4 -6 -7 9 8 -10 11 -12 -13 -14 -15
leaf_value=0.0051031644931490931 0.0068789606003620664 0.0080479738353997528 -0.014727723730771297 -0.0093940639815175263 0.0072770150672555704 -0.00011465447792185376 0.010539216922147902 -0.0076515159277385043 0.001590388394585521 -0.00025623889668049591 -0.0058351283336865439 0.0098091602394598607 0.011297375707916946 0.000715673055856195
leaf_weight=18.749907058663666 59.12981703132391 35.83869847189635 72.768226852407679 28.115480353590101 21.645591660169885 15812.872441995889 86.050663405796513 209.12736058793962 142.96449112007394 413.92292880220339 180.31522708479315 234.62513119587675 75.869651164393872 332.2446707917843
leaf_count=668 484 816 1820 382 718 248225 2192 1717 1262 4035 2542 2456 762 5957
internal_value=-4.45234e-06 -0.00442231 -0.00805452 -0.0104049 -0.00213645 4.38799e-05 0.00147798 -0.00223769 -0.00398726 0.00264502 0.000283273 0.00455128 0.00181596 0.00303144
internal_weight=17724.2 177.118 141.279 122.529 49.7611 17547.1 1734.25 411.222 352.092 1323.03 598.611 724.418 489.793 418.295
internal_count=274036 4404 3588 2920 1100 269632 21407 3463 2979 17944 10691 7253 4797 8149
is_linear=0
shrinkage=0.03


Tree=213
num_leaves=15
num_cat=2
split_feature=156 100 52 84 3 87 20 112 4 49 117 148 58 145
split_gain=4.15412 12.981 5.57425 5.63578 5.8599 4.99295 11.3906 11.228 10.4188 9.69314 8.85642 12.4203 8.76026 13.004
threshold=-4.6033974546458625 0.31534090909090912 0.83974358974358987 0.39389504470489645 0 0.49832205920150352 8.4316770186335415 -0.062459531209507681 1 16.467710306984376 -0.020876069895666659 0.96242105751419638 0.71008403361344552 0.42261904761904767
decision_type=2 10 8 10 1 8 10 10 1 10 8 8 10 2
left_child=1 -1 3 4 -3 6 7 -2 12 -9 11 -7 -8 -14
right_child=5 2 -4 -5 -6 10 8 9 -10 -11 -12 -13 13 -15
leaf_value=-0.010277919244468607 0.00095024957998703433 -0.00065511985642454263 -0.0062607688735301674 -0.0025240343513554834 0.026010445996101202 -0.00051166850187955241 -0.0063615975055214616 0.0045530268910628658 0.0032464953282690125 0.015591762689051871 5.9688518115849901e-05 -0.0073288304068932861 0.010788497691938001 -0.0025733986618722577
leaf_weight=100.91125120758079 471.25435291416943 9.4242722862400115 10.127107356674967 12.15120249474421 10.636648134328425 743.94392101326957 314.54599052201957 269.39963410794735 385.77898330590688 94.43030783906579 14613.426033691037 342.23691078508273 69.65001186542213 275.87838392960839
leaf_count=15578 9171 1008 1106 1397 1031 13288 7347 6102 12787 2149 183669 7045 902 11456
internal_value=-3.78365e-06 -0.00484265 0.00741158 0.0123335 0.0185625 3.97393e-05 0.00149401 0.00407389 -0.000594438 0.007922 -0.000135753 -0.00273021 -0.00286152 0.000456831
internal_weight=17723.8 143.25 42.3392 32.2121 20.0609 17580.5 1880.94 835.084 1045.85 363.83 15699.6 1086.18 660.074 345.528
internal_count=274036 20120 4542 3436 2039 253916 49914 17422 32492 8251 204002 20333 19705 12358
cat_boundaries=0 1 2
cat_threshold=2 1
is_linear=0
shrinkage=0.03


Tree=214
num_leaves=15
num_cat=1
split_feature=9 122 82 0 15 128 112 101 118 140 122 53 102 41
split_gain=4.18102 7.25345 11.5474 8.62914 7.26253 5.55152 4.98482 5.5019 6.3399 7.52719 5.67014 9.75101 5.20698 4.89343
threshold=51.750000000000007 0.10758232891219932 0.48333333333338641 0 -2.7204861111111103 0.11589746099316152 -1.0000000180025095e-35 0.19023186041075288 0.0087565274186999914 0.078636880518760305 0.12057487468671681 0.77574786324718559 0.45643939393939398 0.36666666666666675
decision_type=2 2 10 1 2 8 8 10 10 2 2 8 10 8
left_child=1 3 6 -1 5 -5 12 8 9 10 11 -8 -3 -2
right_child=13 2 -4 4 -6 -7 7 -9 -10 -11 -12 -13 -14 -15
leaf_value=-0.0057077753007427467 0.00063499094011939573 -0.01245476691563465 -0.015710341035912859 0.0010995299022514323 -0.0026033267408551611 0.020095913180196014 0.018724564543115739 0.01092456667232264 -0.0088835495705018586 -0.0071231653229562675 -0.0043767560066746685 -0.001147479757889648 0.00086393885881257376 -0.00038051078671933689
leaf_weight=46.02289010793902 7742.3160820365883 53.374620002228767 56.349501105723903 22.305546551942825 28.855501653859392 31.560471021570265 35.2733203349635 22.93753415113315 55.181415867991745 41.190743407700211 23.873485472751781 36.907459386158735 40.067195340525359 9487.0061485434417
leaf_count=847 147761 777 2385 403 556 588 716 231 939 752 738 1054 871 115418
internal_value=-3.11256e-06 -0.00268308 -0.00479426 0.00318023 0.00800698 0.0141825 -0.00216684 0.000444421 -0.0015045 0.00204531 0.00640807 0.0101144 -0.00741425 7.59792e-05
internal_weight=17723.2 493.9 365.155 128.744 82.7215 53.866 308.806 215.364 192.426 137.245 96.0543 72.1808 93.4418 17229.3
internal_count=274036 10857 8463 2394 1547 991 6078 4430 4199 3260 2508 1770 1648 263179
cat_boundaries=0 1
cat_threshold=792
is_linear=0
shrinkage=0.03


Tree=215
num_leaves=15
num_cat=0
split_feature=132 124 121 35 120 35 147 15 13 28 13 76 95 153
split_gain=4.09488 4.27795 6.94589 5.1162 4.41487 5.95273 5.35233 5.3334 4.55072 9.52294 11.4777 11.7114 8.36708 13.1519
threshold=0.12386128364389236 -3.7499999999999996 -0.0042463036422646944 55.500000000000007 18.500000000000004 113.50000000000001 -0.052628970737562959 0.18465909090908997 0.74166666666666681 1.4642857142857146 0.77350427350427364 1258.3333333333337 0.93541666666666679 0.30660343897995629
decision_type=2 8 10 10 10 10 10 2 2 8 2 10 2 2
left_child=1 2 -1 -4 8 -6 7 -7 -3 -10 11 -11 13 -12
right_child=-2 4 3 -5 5 6 -8 -9 9 10 12 -13 -14 -15
leaf_value=0.0033728844403762663 0.009416592855546687 -0.0002572074480398425 -0.015120174224184695 -0.00081640280045312634 -0.0098445394164697921 -0.0037067760880666037 -0.005964637022906851 0.013746516541860725 -0.0062112788079604474 -0.0016968634747488586 0.0056330814154800946 0.0071752617651013447 -0.00033320819989558851 -0.00039577086071913294
leaf_weight=48.015095087932423 26.435836509335786 12081.71214877232 46.060223907930776 38.499616103246808 79.373203302966431 17.756638016784564 37.486803824547678 24.247718381462619 154.39940098067746 178.95828221505508 613.67681113095023 464.06921547534876 3240.8936179315206 671.83835819433443
leaf_count=1209 263 186245 1129 937 1642 471 537 625 1798 2942 9755 6887 49336 10260
internal_value=-3.31357e-06 -2.53479e-05 -0.00511182 -0.00971193 1.73734e-05 -0.00473949 0.00111157 0.00733449 6.48339e-05 0.000794332 0.00102094 0.0047237 0.000481055 0.00251405
internal_weight=17723.4 17697 132.575 84.5598 17564.4 158.864 79.4912 42.0044 17405.5 5323.84 5169.44 643.027 4526.41 1285.52
internal_count=274036 273773 3275 2066 270498 3275 1633 1096 267223 80978 79180 9829 69351 20015
is_linear=0
shrinkage=0.03


Tree=216
num_leaves=15
num_cat=0
split_feature=152 19 81 59 152 116 145 31 89 121 101 99 101 16
split_gain=4.09414 8.43955 15.1239 11.5422 7.97566 9.10353 8.4526 13.1148 7.86591 9.04495 7.81004 9.79412 9.52416 8.04938
threshold=0.36099178573550711 0.30086206896551732 -0.52500000000000202 0.30096801346614183 0.15242160459103429 -0.16416666666665378 0.18465909090909094 0.2835585585585586 -0.359651633089133 -0.016238189408921116 -0.012025833277370229 0.099229214860577911 -0.071445935030149343 -7.1339285714285827
decision_type=2 2 10 10 2 8 2 2 8 10 10 8 8 2
left_child=4 2 -2 -4 6 -6 7 -1 9 -8 12 -12 13 -11
right_child=1 -3 3 -5 5 -7 8 -9 -10 10 11 -13 -14 -15
leaf_value=-0.0054954844919644632 -0.0032258413059377562 -0.0065835745079810427 0.014107558557052194 -0.0036097750498624253 0.0058156899817183548 0.00079970139153026025 0.0058930647305369425 0.00820268595599144 0.00010541456643447092 -0.011007319113038235 -0.00013624714931574104 -0.01050903002500201 -0.012829993024230796 0.0042026700758006907
leaf_weight=492.07147420942783 322.59336971491575 241.55662528052926 84.331647254526615 41.929043039679527 342.31138610094786 3777.8752561286092 85.566738076042384 58.33276990801096 11419.899973654421 32.593104577623308 526.44195012049749 82.113888874650002 138.63765363069251 77.149734555976465
leaf_count=4563 3030 2298 792 397 3069 31747 1529 545 212551 989 6994 972 2580 1980
internal_value=-3.39451e-06 -0.00224303 0.000230252 0.00846538 8.92799e-05 0.00123602 -0.000277629 -0.00386463 -0.000113437 -0.00272528 -0.00367241 -0.001755 -0.00800275 -0.00109503
internal_weight=17723.4 690.411 448.854 126.261 17033 4120.19 12912.8 550.404 12362.4 942.503 856.936 608.556 248.38 109.743
internal_count=274036 6517 4219 1189 267519 34816 232703 5108 227595 15044 13515 7966 5549 2969
is_linear=0
shrinkage=0.03


Tree=217
num_leaves=15
num_cat=0
split_feature=154 156 39 138 150 48 116 41 107 23 98 21 150 122
split_gain=4.05645 7.70397 8.20691 7.65242 8.90719 8.90063 10.1646 9.89523 9.28571 9.22203 10.0134 8.72275 9.62813 9.73061
threshold=2.1841343131136015 -2.4448304484744443 7.1000000000000005 0.057039051208099316 -0.2775443510737628 17.367931540939342 0.046881070318562486 0.90000000000000013 0.0043120339890648099 0.19752141982864138 0.1152653183329254 15.500000000000002 -0.012499999999999982 0.12788042901136246
decision_type=2 2 10 2 8 10 10 10 2 2 10 2 8 2
left_child=-1 2 -2 4 -3 6 9 -8 -7 -5 11 12 -11 -14
right_child=1 3 -4 5 -6 8 7 -9 -10 10 -12 -13 13 -15
leaf_value=0.00023994956769521404 -0.0088047725686754702 0.0066237545607087805 -0.0010784029215515488 0.0064725303125959689 -0.0067496180006771404 -0.0020461587362244119 0.0033305716737782663 -0.0068478551273782199 0.01008509341757189 -0.0048059604671823646 -0.0060709822511855411 0.0064387467209348105 -0.00048124018430865294 0.011993560120204885
leaf_weight=13760.794203419471 196.73342629871331 40.905312219634652 309.53936812840402 108.39655869081616 265.83113881573081 83.027153003960848 814.0726761687547 81.847670653834939 139.06795859336853 500.49182932265103 410.53717632777989 120.29604932293296 846.55327406898141 45.220145532861352
leaf_count=207133 7668 581 14316 1562 3588 1183 10560 965 1683 6743 5525 1551 10386 592
internal_value=-3.7237e-06 -0.000847651 -0.00424777 -0.000333396 -0.00474053 0.000116258 -0.000334864 0.00230326 0.00570746 -0.00150667 -0.00200304 -0.00085015 -0.00154185 0.000339269
internal_weight=17723.3 3962.52 506.273 3456.25 306.736 3149.51 2927.42 895.92 222.095 2031.5 1923.1 1512.56 1392.27 891.773
internal_count=274036 66903 21984 44919 4169 40750 37884 11525 2866 26359 24797 19272 17721 10978
is_linear=0
shrinkage=0.03


Tree=218
num_leaves=15
num_cat=0
split_feature=34 17 15 134 96 147 106 118 132 30 123 41 129 124
split_gain=4.01648 4.07038 12.4933 9.66425 8.7758 7.29099 8.48688 6.31531 6.63326 5.98319 8.92977 12.2628 10.4192 9.79426
threshold=0.44618725868725878 23.500000000000004 0.91987179487179216 0.084469696969696986 0.28991596638655465 -1.0000000180025095e-35 0.22474747474747478 -0.038216463850335454 0.086142521868999386 0.065503432494279187 2.3333333333333148 1.0000000180025095e-35 7.5000000000000009 1.2500000000000002
decision_type=2 2 2 2 2 10 2 10 2 2 10 10 2 10
left_child=1 9 3 4 -3 6 -4 -8 -9 10 13 -12 -13 -1
right_child=-2 2 5 -5 -6 -7 7 8 -10 -11 11 12 -14 -15
leaf_value=0.00079599317038448814 0.007857286982413364 -0.0045908041336597625 -0.0057235502962352967 -0.013525782139721203 0.011915421459593121 -0.0077423536925295489 -0.0018559729540354299 0.020839681169268456 0.0026045154812417261 -0.0001464129843536397 0.011117565685285657 0.0070626763517225542 -0.0010726838309242479 -0.0091288680474508228
leaf_weight=964.65586764412001 43.308299553580582 171.43104996811599 27.449448485858738 95.050388862378895 19.659446976147592 26.084535048808903 24.343417166732252 40.343812326435 33.768604231998324 15451.778817368671 161.0637926987838 211.97347693610936 368.39448620006442 83.486553052207455
leaf_count=13788 439 4121 832 1766 427 312 493 649 483 238282 3759 2424 4688 1573
internal_value=-3.47251e-06 -2.9373e-05 -0.00283607 -0.00641362 -0.00214899 0.00387025 0.0068442 0.0106415 0.014368 4.4353e-05 0.00167902 0.0041632 0.00200175 -0.000112188
internal_weight=17722.8 17679.5 438.131 286.141 191.09 151.99 125.905 98.4558 74.1124 17241.4 1789.57 741.432 580.368 1048.14
internal_count=274036 273597 9083 6314 4548 2769 2457 1625 1132 264514 26232 10871 7112 15361
is_linear=0
shrinkage=0.03


Tree=219
num_leaves=15
num_cat=0
split_feature=10 156 153 116 126 58 126 119 126 145 144 13 139 144
split_gain=4.00258 12.4367 12.6949 10.647 9.33116 10.2564 10.0681 7.95198 6.69548 6.05639 6.00251 6.1757 8.30211 5.63814
threshold=427.00000000000006 -1.5526074380019355 0.356750429361477 0.10280228758169492 1.0000000180025095e-35 0.44097222222222227 -0.9330127018922193 -0.097304414335651276 -0.9330127018922193 0.77350427350427364 0.099317270373094124 0.43303571428571436 1393.5000000000002 0.095891343607997961
decision_type=2 2 2 8 2 8 2 10 2 2 2 2 2 2
left_child=1 3 7 8 5 -5 -7 13 -1 -6 11 -9 -13 -3
right_child=-2 2 -4 4 9 6 -8 10 -10 -11 -12 12 -14 -15
leaf_value=0.0041898667260191029 0.00010891898523882824 -0.0010704599701021633 0.010318291412554826 -0.0052107642322226939 -0.0092634520390412322 -0.0069333377536785045 0.013242254606399603 -0.0065429532102882146 -0.010581426484085544 0.0039814499150895612 -0.0083493865200419855 -0.0048088999680078034 0.011097989415826777 0.012608424541825291
leaf_weight=23.07277464447543 16706.098105687182 48.336613278836012 103.65508925169706 59.485616655554622 109.06813904223964 18.47891671420075 83.953835693188012 55.516756732016802 232.72907069511712 31.913409772096202 113.69861311465502 38.999563172459602 56.391882956027985 41.092295877635479
leaf_count=687 252778 524 833 1047 2268 563 2744 601 7409 2202 984 432 600 364
internal_value=-2.96063e-06 -0.00181673 0.0018203 -0.00476589 -0.000856847 0.00390081 0.00918186 -0.000986025 -0.00909081 -0.0061707 -0.0035883 0.000429394 0.0048249 0.00612317
internal_weight=17722.5 1016.39 457.691 558.702 302.9 161.918 102.433 354.036 255.802 140.982 264.607 150.908 95.3914 89.4289
internal_count=274036 21258 4338 16920 8824 4354 3307 3505 8096 4470 2617 1633 1032 888
is_linear=0
shrinkage=0.03


Tree=220
num_leaves=15
num_cat=0
split_feature=136 112 16 145 111 100 145 86 8 125 95 24 152 153
split_gain=3.96369 4.82734 4.56433 8.04721 10.0426 6.36772 5.8969 5.77564 16.3059 9.24628 8.03268 7.16914 5.73884 7.31901
threshold=0.11959154351395733 -0.020833333333323854 48.160256410256416 0.34313725490196084 -0.073592616873336666 0.31534090909090912 0.28991596638655465 1.1881010834473276 2.5000000000000004 -0.6830127018922193 0.78174603174603186 4.2554347826086962 0.36099178573550711 0.5268858976673908
decision_type=2 10 2 2 8 10 2 10 2 2 2 10 2 2
left_child=2 -2 7 6 5 -5 -4 12 9 -9 -10 -11 -1 -14
right_child=1 -3 3 4 -6 -7 -8 8 10 11 -12 -13 13 -15
leaf_value=0.00025047818125937193 -0.00094750935695785805 0.011897190000409983 -0.0013204302738868557 -0.0038443477810158628 -0.010426076793104916 0.010925216338769124 0.0082276196662116122 0.016089339177216579 0.0064118138347611237 0.0085478710375664155 -0.0091456930518627345 -0.011497754310960026 -0.0011577367887008372 -0.0096823089967980336
leaf_weight=16009.139666054165 46.345469717402011 40.339920895174146 355.01539523527026 57.178066603606567 169.11203027213924 26.792702106293291 54.092459384351969 35.466964738443494 23.362327039940283 15.332336623221634 225.39234258863144 20.216140567790717 549.46542652323842 94.937483891844749
leaf_count=244875 461 416 3298 2034 3302 607 577 1171 779 522 8994 918 5092 990
internal_value=-2.86314e-06 0.00590315 -3.68855e-05 -0.00245213 -0.00649221 0.00180979 0.000188365 5.9424e-05 -0.00384214 0.00774687 -0.00740303 -0.00288099 0.000137729 -0.00260531
internal_weight=17722.2 86.6854 17635.5 662.191 253.083 83.9708 409.108 16973.3 319.77 71.0154 248.755 35.5485 16653.5 644.403
internal_count=274036 877 273159 9818 5943 2641 3875 263341 12384 2611 9773 1440 250957 6082
is_linear=0
shrinkage=0.03


Tree=221
num_leaves=15
num_cat=1
split_feature=108 155 131 52 153 155 19 24 94 16 86 152 10 0
split_gain=3.96766 14.1329 9.12117 8.05888 7.90942 10.587 12.7562 9.0633 6.67453 7.64225 6.06397 5.88108 9.44796 8.86527
threshold=0.080128205128205135 0.13163665217152129 4.5000000000000009 0.23303167420814483 0.43947506386041491 0.23125450906777334 0.28297101449275369 3.2052631578947373 0.2752525252525253 5.8786764705882328 -0.61521811516709013 0.11064625738982067 427.00000000000006 0
decision_type=8 2 2 8 2 2 2 10 2 2 8 2 2 1
left_child=1 10 4 -4 5 6 -3 8 9 -8 -1 12 -2 -13
right_child=11 2 3 -5 -6 -7 7 -9 -10 -11 -12 13 -14 -15
leaf_value=-0.0016193120413213295 -0.0036235940891268166 -0.0034453084742299372 0.002619332016168562 -0.010001113261285603 -0.0058220552996002938 0.013231534170822384 -0.0097393688826052319 0.012797269477020893 0.0069823591108236225 0.0048911525132291312 -0.013768673840102382 -0.00093254966875890141 -7.4646553907907853e-05 0.0015749605726775456
leaf_weight=61.754318784922361 709.88115545758046 265.2916209846735 60.305961318314075 122.34585295990109 103.37608146946877 60.042713573202491 57.184866865165532 86.169926268048584 89.47586056124419 45.384503250941634 97.291410251520574 1770.8265527933836 9845.3347270011436 4347.0729344189167
leaf_count=686 18608 2523 605 1128 997 513 542 815 889 421 1116 15460 192296 37437
internal_value=-2.46802e-06 -0.00177902 -0.00024521 -0.00595168 0.00132223 0.00265741 0.00116527 0.00551302 0.00155426 -0.00346761 -0.00959744 0.000110763 -0.000318131 0.000849703
internal_weight=17721.7 1048.62 889.577 182.652 706.926 603.549 543.507 278.215 192.045 102.569 159.046 16673.1 10555.2 6117.9
internal_count=274036 10235 8433 1733 6700 5703 5190 2667 1852 963 1802 263801 210904 52897
cat_boundaries=0 1
cat_threshold=594
is_linear=0
shrinkage=0.03


Tree=222
num_leaves=15
num_cat=1
split_feature=24 105 18 80 0 111 32 103 56 137 149 41 57 130
split_gain=3.9453 12.4168 9.53516 7.28805 8.21701 7.469 6.62344 7.3373 6.61496 6.35108 6.16538 5.83713 14.1071 11.0221
threshold=12.519230769230772 0.0028989540480223734 0.069722222222222241 -198.33333333333334 0 0.038150116630180149 9.2613636363636385 0.11516169856595911 -0.21825396825396826 16.500000000000004 0.025000000000000012 0.36666666666666675 0.38461538461550998 0.072638146167557954
decision_type=8 2 2 8 1 10 10 8 10 2 2 10 10 2
left_child=11 2 6 8 -5 9 10 -8 -3 -6 -2 12 -1 -13
right_child=1 3 -4 4 5 -7 7 -9 -10 -11 -12 13 -14 -15
leaf_value=0.0010600605966036157 -0.0070891314979047758 -0.0056565455888914033 0.00067910517298297901 6.020814231096745e-05 0.0030698092367178356 0.00044357990628324999 0.014490769981421825 -0.0033850525596783526 0.0073951398737514863 -0.013936692199983858 0.0069737329970924302 -0.0061529475250257995 -0.0058465910348547969 -0.00016083012032135546
leaf_weight=7034.2965222934727 309.211417341372 52.183042778633535 2090.8743568421341 110.7793010387104 16.450314138317481 47.455161686055362 19.18354710820131 41.500454442808405 58.419564192416146 196.02670242357999 18.890012477524579 272.36106220353395 261.82187359919772 7191.7817577049136
leaf_count=128516 7344 1498 35005 3289 374 703 646 2373 1800 7221 231 3549 3403 78084
internal_value=-2.62013e-06 -0.00099917 -0.000131416 -0.00533063 -0.00728158 -0.00988573 -0.00435367 0.00401788 0.00129714 -0.0125044 -0.00600999 0.000198104 0.000800728 -0.00039138
internal_weight=17721.2 2960.97 2479.66 481.314 370.711 259.932 388.785 60.684 110.603 212.477 328.101 14760.3 7296.12 7464.14
internal_count=274036 60484 45599 14885 11587 8298 10594 3019 3298 7595 7575 213552 131919 81633
cat_boundaries=0 1
cat_threshold=608
is_linear=0
shrinkage=0.03


Tree=223
num_leaves=15
num_cat=0
split_feature=35 73 26 51 106 55 53 121 150 121 107 55 150 49
split_gain=3.93501 7.19018 7.00899 4.98508 4.18943 10.4134 9.23905 10.8828 8.93642 8.10814 6.8696 8.79094 6.85034 8.17166
threshold=245.50000000000003 2.5000000000000004 0.075378787878787892 0.14509166989137159 0.085784313725490211 0.68164821289883559 0.34566050779055035 0.0086768304159608525 0.53349358974358985 -0.0087527771393549354 -0.066712764501871691 0.29583818958963098 0.27311577311577317 16.668771787299196
decision_type=10 10 2 10 2 10 8 10 8 10 2 8 8 10
left_child=4 3 -3 -2 5 6 7 -1 -7 -8 11 -6 13 -11
right_child=1 2 -4 -5 10 8 9 -9 -10 12 -12 -13 -14 -15
leaf_value=-0.0078048110974257368 -0.012600008753570861 0.011076229812299564 -0.005380482786262704 0.0019469582323408702 0.0063815302578571122 -0.011714555887431158 -0.0023115249979279769 0.012195934991258163 0.0046061765447438837 0.019080654736775032 4.9080116978381921e-05 -0.0065456769165189296 0.0035864687001764674 -0.00032020879092588175
leaf_weight=72.292339980835095 71.125149299623445 29.906465037725866 35.059407327789813 23.31397589109838 44.805090007837862 56.856438603019342 47.037006892962381 19.412354420870543 41.145407195668668 86.614864847157151 16826.975560299354 256.60943024419248 86.471137968590483 23.584976533195004
leaf_count=1480 1890 668 676 348 961 2217 1223 428 1629 1952 250783 7171 2057 553
internal_value=-2.81114e-06 -0.00448686 0.00285185 -0.00923419 4.16841e-05 0.0029042 0.00538062 -0.00245171 -0.00516054 0.00829911 -3.32264e-05 -0.00441263 0.0108208 0.0153876
internal_weight=17721.2 159.405 64.9659 94.4391 17561.8 433.415 335.413 91.7047 98.0018 243.708 17128.4 301.415 196.671 110.2
internal_count=274036 3582 1344 2238 270454 11539 7693 1908 3846 5785 258915 8132 4562 2505
is_linear=0
shrinkage=0.03


Tree=224
num_leaves=15
num_cat=1
split_feature=138 112 80 50 74 121 130 87 87 0 116 148 144 53
split_gain=3.88684 5.99943 4.16465 7.85007 6.87642 10.9231 7.07416 6.95753 8.67012 8.75101 12.3694 9.33272 8.9453 8.46315
threshold=0.044348799647602972 -0.037037037036990718 158.33333333333329 -0.074636729067183424 -1.0000000180025095e-35 -0.0038535788535788533 0.073500359195402307 1.1314814814826002 0.63685185185158855 0 0.10663377880289106 -0.27220891449307288 0.31031464237713252 0.7023899711396856
decision_type=2 8 10 10 10 8 2 10 10 1 10 8 2 8
left_child=1 -1 -2 -4 5 -5 -6 8 -8 13 11 -11 -13 -10
right_child=2 -3 3 4 6 -7 7 -9 9 10 -12 12 -14 -15
leaf_value=0.0029212256300701635 0.00022965545280807475 -0.0098431092839529263 -0.0053822854869600995 0.014683605388149088 -0.0073321622827945783 -0.0011849802892953611 0.0021970943413713796 0.0093830924668966854 0.0026725909869384831 0.00095485225017046351 0.0020325860702544466 -0.0092374698113779786 0.0037316836350556764 -0.0066332126984284569
leaf_weight=44.801542076282203 14970.168264253065 71.336010268889368 316.13823912153021 53.051236377097666 127.57225007424131 86.810643112752587 618.63075611228123 48.283296369016171 451.80118370661512 130.32534381607547 221.28593408176675 441.68804965494201 45.39654116332531 93.603724202141166
leaf_count=790 224733 1362 13544 605 2306 999 12482 581 5368 1459 2873 5354 401 1179
internal_value=-2.4726e-06 -0.00514819 3.58272e-05 -0.0010606 -0.000440497 0.0056734 -0.000869112 -0.000416797 -0.000721058 -0.00203491 -0.00390673 -0.00609493 -0.00795336 0.000924215
internal_weight=17720.9 116.138 17604.8 2634.59 2318.45 139.862 2178.59 2051.01 2002.73 1384.1 838.696 617.41 487.085 545.405
internal_count=274036 2152 271884 47151 33607 1604 32003 29697 29116 16634 10087 7214 5755 6547
cat_boundaries=0 1
cat_threshold=71
is_linear=0
shrinkage=0.03


Tree=225
num_leaves=15
num_cat=0
split_feature=55 19 24 100 58 57 19 23 128 48 57 49 98 83
split_gain=3.91465 9.98029 8.99174 10.7732 9.44974 8.80518 8.5133 8.86606 14.3205 7.68833 8.14162 5.8701 5.43803 5.36488
threshold=0.12037037037009669 0.31501610305958139 2.3484848484848491 0.98437500000000011 0.2817460317460318 -0.13285603285604941 0.26020833333333343 0.22123266078184115 0.12375590477460215 16.413401304960512 -0.062468781218740325 16.585525771680601 -0.35275806126646458 0.59999999999998688
decision_type=8 2 10 10 10 10 2 2 10 8 8 10 10 10
left_child=1 2 9 4 5 11 7 8 -6 -1 -11 -4 -3 -10
right_child=-2 12 3 -5 6 -7 -8 -9 13 10 -12 -13 -14 -15
leaf_value=-0.012570552761553028 8.9928870123028625e-05 -0.0021300639226597587 -0.016054296485752368 0.01055532709817387 -0.010232510292675318 0.004027822203477421 -0.0058864905063515582 0.014411963475702535 -0.00054559837281012446 -0.0079694613879147374 0.0084352377131406281 -0.00090105942428313267 -0.01419417001063006 0.016484742912715393
leaf_weight=70.696988711599261 17003.547924885759 66.745846724603325 56.577039069030434 84.602300607599318 44.420515928184614 42.04331685975194 54.497127219103277 60.222667370922863 25.872776823118329 39.052832411602139 39.888508215546608 36.670675453729928 68.451028195209801 27.411273726029322
leaf_count=905 264472 854 668 867 798 475 828 934 342 507 473 470 904 539
internal_value=-2.47908e-06 -0.00215041 -0.000361476 0.00185382 -0.00061229 -0.00642698 0.00327067 0.00666711 0.000610603 -0.00634745 0.00034304 -0.0110458 -0.00904574 0.00991211
internal_weight=17720.7 717.153 581.956 432.318 347.715 135.291 212.424 157.927 97.7046 149.638 78.9413 93.2477 135.197 53.2841
internal_count=274036 9564 7806 5921 5054 1613 3441 2613 1679 1885 980 1138 1758 881
is_linear=0
shrinkage=0.03


Tree=226
num_leaves=15
num_cat=1
split_feature=9 122 82 10 137 125 35 149 0 80 48 137 35 41
split_gain=3.88088 6.95786 11.1602 8.36636 8.14202 6.12005 5.12355 7.56165 6.66501 5.52262 4.77559 6.20308 6.70288 4.91516
threshold=51.750000000000007 0.10758232891219932 0.48333333333338641 501.00000000000006 136.50000000000003 -0.6830127018922193 29.500000000000004 -0.012826865787885276 0 1.0000000180025095e-35 17.553488551235393 116.50000000000001 40.500000000000007 0.36666666666666675
decision_type=2 2 10 2 2 2 8 2 1 10 10 2 10 8
left_child=1 3 6 4 -1 -6 7 -3 -8 -10 13 12 -12 -2
right_child=10 2 -4 -5 5 -7 8 -9 9 -11 11 -13 -14 -15
leaf_value=-0.00367782192484809 0.00069434863472143276 -0.010163124278590575 -0.015479319193536702 -0.0097826479118347902 0.02047152111595248 0.00299680000771059 0.0075628762402184914 0.0025343975794398961 -0.0081354120677096294 0.0061351968374405152 0.011128774579444374 -0.007113905797588551 -0.0057241550335054492 -0.00032974901898018429
leaf_weight=37.706355982692912 7653.8622859921306 99.380711583420634 55.400661019608378 21.88410103530623 25.610609393101186 43.646463743876666 65.526727091055363 58.967925149714574 61.121433712076396 23.061568908393383 30.018327932804823 157.94172285217792 27.273641335312277 9359.4477725748438
leaf_count=705 146017 1962 2385 425 443 821 1617 687 1308 504 435 2389 406 113932
internal_value=-2.87876e-06 -0.00258903 -0.00466597 0.0031453 0.00666813 0.0119529 -0.00209288 -0.00562451 0.00181458 -0.00353319 7.32086e-05 -0.00421864 0.00358294 0.000131173
internal_weight=17720.9 492.307 363.459 128.848 106.963 69.2571 308.058 158.349 149.71 84.183 17228.5 215.234 57.292 17013.3
internal_count=274036 10857 8463 2394 1969 1264 6078 2649 3429 1812 263179 3230 841 259949
cat_boundaries=0 1
cat_threshold=77
is_linear=0
shrinkage=0.03


Tree=227
num_leaves=15
num_cat=0
split_feature=152 101 76 114 48 116 50 149 48 88 10 49 123 5
split_gain=3.87619 5.19198 4.26649 4.24143 8.21465 8.20018 12.446 12.571 9.32815 10.1051 10.2039 9.5762 13.0806 10.83
threshold=0.0025521733920247842 -0.090998552221283613 1458.3333333333337 0.2999999999999759 15.589332490838741 0.13888937451438327 -0.021990122709072853 -0.0097349947349947268 16.477205238350702 2.5000000000000004 451.00000000000006 15.772351425257513 3.1666666666666576 1950.0000000000002
decision_type=2 10 10 10 8 10 8 2 8 2 2 10 10 2
left_child=1 -1 -3 5 -5 -2 7 -7 9 -8 -11 12 -12 -13
right_child=3 2 -4 4 -6 6 8 -9 -10 10 11 13 -14 -15
leaf_value=-0.012416639949035659 -0.00012897662654506084 -0.0073255526712417765 0.011357212496186484 0.0067862781403744124 -0.0036232688602297449 0.0099668773026392269 -0.001049674801760886 -0.007968769539048879 -0.0016529768419709964 -0.0011561619733874821 -0.0061330836986920679 0.012325404129473826 0.01180555003386906 -0.00082579861864453597
leaf_weight=34.218580123735592 15035.945650255075 6.1240976974368122 10.346196998842059 63.665332897566259 547.15341213811189 241.43907235004008 387.4597697048448 29.338187291286886 721.52347587794065 172.43183698225766 88.259128286968917 273.58466294780374 41.663171119987965 67.785649104509503
leaf_count=7870 221689 1125 1875 975 8193 7896 4771 661 9860 2661 1246 3715 589 910
internal_value=-2.93492e-06 -0.00727692 0.00422991 2.40856e-05 -0.00240163 0.000112973 0.00189855 0.00770732 0.000943364 0.00275769 0.00502107 0.00724708 0.000245946 0.00978914
internal_weight=17720.9 50.6889 16.4703 17670.2 610.819 17059.4 2023.48 270.777 1752.71 1031.18 643.724 471.293 129.922 341.37
internal_count=274036 10870 3000 263166 9168 253998 32309 8557 23752 13892 9121 6460 1835 4625
is_linear=0
shrinkage=0.03


Tree=228
num_leaves=15
num_cat=0
split_feature=132 17 102 15 134 116 94 150 122 128 58 149 145 105
split_gain=3.8716 4.06084 10.1447 9.03995 11.6245 7.14762 12.639 6.81079 5.51779 5.67797 6.91717 5.25756 5.29287 5.20157
threshold=0.12386128364389236 23.500000000000004 0.15504807692307696 0.91987179487179216 0.084469696969696986 0.0068786428712807419 0.2817460317460318 -0.012499999999999982 0.12441855433677335 0.12797836874931529 0.37980769230769235 -0.13268352062705044 0.71825396825396837 -0.024757396476686764
decision_type=2 2 10 2 2 10 2 10 2 10 10 2 2 2
left_child=1 -1 -3 4 5 -4 11 -8 9 10 -5 -7 -13 -12
right_child=-2 2 3 8 -6 6 7 -9 -10 -11 13 12 -14 -15
leaf_value=4.9118004973357378e-05 0.0091320403084323414 -0.01200535618205625 -0.0083734494801788704 0.00028634230657225432 -0.012470807622958368 -0.011985632561662246 0.024717630849872108 0.0031917755246290442 -0.0057402481255202789 -0.0036546197464462013 0.003200816765331706 -0.0046362692931569581 0.011159466727005398 0.023752691186701647
leaf_weight=17259.837360586971 26.660458699334413 72.556047431193292 39.897408434655517 33.558284791186452 76.935558968689293 22.743264849530533 15.58380022132769 32.637697284808382 20.719469885807484 21.283204870298505 22.50461811106652 31.875813273712993 17.968289155047387 26.20155681297183
leaf_count=264721 263 1067 815 440 1530 824 363 943 389 387 643 449 666 536
internal_value=-2.66205e-06 -2.41488e-05 -0.0028393 -0.000597022 -0.0039581 0.000833948 0.0044637 0.0143623 0.00556454 0.00826669 0.0114389 -0.00344567 0.00232218 0.0172463
internal_weight=17721 17694.3 434.465 361.909 237.642 160.706 120.809 48.2215 124.267 103.548 82.2645 72.5874 49.8441 48.7062
internal_count=274036 273773 9052 7985 5590 4060 3245 1306 2395 2006 1619 1939 1115 1179
is_linear=0
shrinkage=0.03


Tree=229
num_leaves=15
num_cat=0
split_feature=154 144 53 114 104 117 122 16 103 100 100 107 17 15
split_gain=3.84785 8.02596 7.60908 6.55283 11.6968 6.73158 6.3156 7.67565 12.0904 9.43565 10.903 8.65437 11.7325 8.28082
threshold=1.5710959258255943 0.33627821447247958 0.32703523328624823 -1.0000000180025095e-35 0.68465909090909094 0.014339979569788537 0.12976233671988394 -6.6458333333333419 -0.13430486660585447 0.48611111111111116 0.13611111111111115 -0.031233312927299427 1.5000000000000002 -0.80902777777777846
decision_type=2 2 8 10 2 8 2 2 8 8 10 2 2 2
left_child=1 2 3 5 -5 -1 7 8 13 10 -9 -10 -13 -4
right_child=-2 -3 6 4 -6 -7 -8 9 11 -11 -12 12 -14 -15
leaf_value=0.0026943889211418054 -0.00013288548164442428 -0.005814296123654702 0.011218750005610144 -0.0049439206407887789 0.0098463931775493573 -0.010370035505769178 -0.0062855254286346496 0.011013157528561452 -0.002299462882270295 0.0039351627368581768 -0.0078777719805279266 0.0059144330496513778 0.023957300309990021 -0.0022098045017206842
leaf_weight=44.577017453033477 16306.914619646966 109.76050524413586 42.848213679157197 89.131904781330377 75.432487011887133 95.751604718156159 44.21508081164211 20.351872115861624 24.785577239468694 466.88535950519145 126.01607106742449 77.931945503689349 63.635084504494444 132.4929331257008
leaf_count=669 256640 1058 484 964 769 886 789 668 627 4447 2284 1279 1139 1333
internal_value=-2.20262e-06 0.00149066 0.00216464 -0.00191427 0.00209181 -0.00636054 0.00341921 0.00395881 0.00747166 0.00186985 -0.0044715 0.0129143 0.015543 0.00169724
internal_weight=17720.7 1413.82 1304.06 304.893 164.564 140.329 999.162 954.947 341.694 613.253 146.368 166.353 141.567 175.341
internal_count=274036 17396 16338 3288 1733 1555 13050 12261 4862 7399 2952 3045 2418 1817
is_linear=0
shrinkage=0.03


Tree=230
num_leaves=15
num_cat=1
split_feature=124 56 0 103 120 35 147 15 35 153 125 139 114 12
split_gain=3.83619 6.50178 6.88614 4.90326 4.25982 5.82993 5.12774 5.09392 4.25511 6.38448 7.52386 8.14052 8.64216 6.88218
threshold=-3.7499999999999996 -0.37980769230769224 0 -0.34387284186691658 18.500000000000004 113.50000000000001 -0.052628970737562959 0.18465909090908997 167.50000000000003 0.24068541547754876 -0.24999999999999994 4745.0000000000009 0.035714285714271918 15.500000000000002
decision_type=8 10 1 10 10 10 10 2 10 2 2 2 8 2
left_child=1 -1 3 -3 8 -6 7 -7 -2 -10 13 12 -12 -11
right_child=4 2 -4 -5 5 6 -8 -9 9 10 11 -13 -14 -15
leaf_value=0.0062657522291411387 0.00016089531799970958 0.010003324633642162 -0.012559362301780837 -0.0054977759011173785 -0.0097124969868181126 -0.0036290328959143257 -0.0058233126536247001 0.013425046548802727 -0.0084218453527820872 -0.010024426453798904 0.010278806493080076 -0.0083174468671108111 -0.003822082031831073 0.0036183715328412256
leaf_weight=25.754308080067858 17000.82296649972 19.412082539405674 61.603381565073505 25.359262694139034 78.899274917785078 17.670611709356308 37.241486858110875 24.506167807383463 114.50806844816543 86.370501701720059 109.44243097724393 30.902762659592554 47.607565871207044 40.121946041937917
leaf_count=687 258947 300 1657 634 1644 471 537 625 2452 1502 1953 694 1012 921
internal_value=-1.46651e-06 -0.00482555 -0.00795334 0.00175357 3.8855e-05 -0.00464122 0.00113951 0.00720239 8.53192e-05 -0.00281424 -0.000481703 0.0032423 0.00604376 -0.00577225
internal_weight=17720.2 132.129 106.375 44.7713 17588.1 158.318 79.4183 42.1768 17429.8 428.953 314.445 187.953 157.05 126.492
internal_count=274036 3278 2591 934 270758 3277 1633 1096 267481 8534 6082 3659 2965 2423
cat_boundaries=0 1
cat_threshold=196
is_linear=0
shrinkage=0.03


Tree=231
num_leaves=15
num_cat=1
split_feature=84 18 138 10 116 80 48 0 54 150 98 145 49 97
split_gain=3.83287 5.05434 4.30779 5.67557 4.7377 4.46602 12.2303 6.8112 9.13785 6.54885 6.0925 8.94035 8.4199 6.72423
threshold=2.3963212802315872 0.10956554878048781 0.044348799647602972 495.00000000000006 0.019607543872243446 -333.33333333333331 16.149469562007482 0 0.71008403361344552 -0.33253205128205116 -0.056046538338204964 0.74166666666666681 16.195003686084728 0.17914438502673799
decision_type=10 2 2 2 8 8 10 1 8 10 8 2 10 2
left_child=2 -2 3 4 -1 6 7 8 -4 -9 -8 13 -13 -12
right_child=1 -3 5 -5 -6 -7 10 9 -10 -11 11 12 -14 -15
leaf_value=-0.0010367183584299119 -0.0071231047017909759 0.0055074541896494369 -0.0040492549621258759 0.005190450919512095 -0.014286518317889725 -1.2899393824085285e-05 0.0019038838415459283 -0.0031731714944154975 0.012696605464009011 0.012193967208496652 -0.01646308530925588 -0.0082872237055210685 0.016442650602342481 -0.0016646957403151801
leaf_weight=45.609430079581216 118.60039687063545 24.313379176426679 94.98312813648954 24.557824220973998 43.961286874487996 16848.939658867195 177.8894915166311 22.6683525883127 25.010239339666441 165.6729540694505 49.739036783576012 9.3835929688066262 14.347638480830936 54.793275570496917
leaf_count=804 4506 616 1717 398 888 255244 2555 431 821 3530 662 460 642 762
internal_value=-2.28715e-06 -0.00465528 3.94809e-05 -0.0054199 -0.00865621 7.97802e-05 0.00256076 0.00663782 0.000432051 0.00976647 -0.0016636 -0.00629266 0.00724172 -0.00988845
internal_weight=17720.5 142.914 17577.6 114.129 89.5707 17463.4 614.488 308.335 119.993 188.341 306.153 128.264 23.7312 104.532
internal_count=274036 5122 268914 2090 1692 266824 11580 6499 2538 3961 5081 2526 1102 1424
cat_boundaries=0 1
cat_threshold=198
is_linear=0
shrinkage=0.03


Tree=232
num_leaves=15
num_cat=2
split_feature=34 10 0 82 36 104 0 112 100 76 140 102 114 102
split_gain=3.82025 4.32651 9.78886 7.29388 4.39252 6.78818 8.61098 7.33331 8.51959 14.8085 12.9473 11.552 10.1537 7.15303
threshold=0.44618725868725878 543.00000000000011 0 -0.23333333333312109 275.00000000000006 0.18990384615384617 1 0.095238095238083062 0.70294117647058829 1768.3333333333337 0.07412048518839158 0.59687500000000016 -0.1597222222221944 0.90312500000000007
decision_type=2 2 1 10 10 2 1 10 8 10 2 10 8 10
left_child=1 4 3 -3 -1 6 -6 8 9 10 -7 -12 -10 -11
right_child=-2 2 -4 -5 5 7 -8 -9 12 13 11 -13 -14 -15
leaf_value=0.00013932235258917275 0.0076476146919210002 -0.0049297587912532585 -0.010603078170611673 0.010874733715924029 0.0029697848077245501 -0.0099113529484375715 -0.011652408806451948 0.0033995803287279417 0.0061605372159252471 0.010326456545929945 0.014850092966754129 -0.0033771382796087606 -0.0087745277843794944 -0.0051068887316317547
leaf_weight=16473.00873413193 43.55770300142467 40.076655578333884 80.408024992095307 37.255527407629415 44.910535888979211 133.32106294762343 94.465121520217508 249.68295617820695 38.03018367337063 120.98583977064118 33.724000498419628 76.070214409381151 230.98542300285771 23.980370699428022
leaf_count=249702 439 517 1291 650 1035 4455 2278 5074 417 1988 659 2260 2593 678
internal_value=-2.31974e-06 -2.7638e-05 -0.00475222 0.00289987 1.89305e-05 -0.00185196 -0.00767243 -0.000847035 -0.00250052 0.000374912 -0.00408369 0.00333348 -0.00644933 0.00753399
internal_weight=17720.5 17676.9 157.74 77.3322 17519.2 1046.16 139.376 906.78 657.097 388.081 243.115 109.794 269.016 144.966
internal_count=274036 273597 2458 1167 271139 21437 3313 18124 13050 10040 7374 2919 3010 2666
cat_boundaries=0 1 2
cat_threshold=585 356
is_linear=0
shrinkage=0.03


Tree=233
num_leaves=15
num_cat=0
split_feature=156 83 57 116 6 28 70 144 80 149 100 13 147 51
split_gain=3.81167 8.63346 7.20468 9.37683 16.1644 9.79033 9.0723 10.583 10.4425 10.6298 8.94723 8.36396 7.90552 7.8158
threshold=-2.5791816380419927 -0.95999999999839913 0.28101432880839644 0.13888937451438327 9.5000000000000018 4.9459064327485391 1.0000000180025095e-35 0.023719130064064207 266.66666666666669 -0.13905312124849936 0.43095238095238103 0.17914438502673799 -0.27016540321740951 -0.031870996003666115
decision_type=2 8 10 10 2 8 10 2 10 2 10 2 10 10
left_child=1 -1 3 11 5 -5 7 10 9 -9 -7 13 -11 -3
right_child=-2 2 -4 4 -6 6 -8 8 -10 12 -12 -13 -14 -15
leaf_value=0.0090155466442638551 0.000203189764105602 -0.0020561169790582006 -0.0071703903904453865 -0.0057210108675995195 -0.004321669090313781 -0.0089470762160658249 -0.0021513459498057946 0.001375658580221082 -0.0029375538121469819 0.0021687944034991806 0.010869183068830715 -0.00093610181983836988 0.021743326832671023 -0.011585260825252897
leaf_weight=61.691545353503898 14545.405229769647 196.82145875273272 156.16128349816427 44.350298325065523 190.14825876685791 36.67448963993229 61.248040033737198 42.070855364669114 27.663978002266958 25.64279764611274 19.1420404673554 2070.6086754058488 120.63967306120321 122.22737546917051
leaf_count=1439 157034 8915 4225 1041 7358 2713 2187 1177 854 782 1007 78918 3072 3314
internal_value=-2.58547e-06 -0.000941785 -0.00118137 -0.00083052 0.00259052 0.00610492 0.00785824 0.0101081 0.0129453 0.0153227 -0.00128839 -0.00165416 0.0188328 -0.00606302
internal_weight=17720.5 3175.09 3113.4 2957.24 567.58 377.432 333.082 271.834 216.017 188.353 55.8165 2389.66 146.282 319.049
internal_count=274036 117002 115563 111338 20191 12833 11792 9605 5885 5031 3720 91147 3854 12229
is_linear=0
shrinkage=0.03


Tree=234
num_leaves=15
num_cat=1
split_feature=16 2 120 48 80 152 154 53 114 28 105 107 121 16
split_gain=3.74409 9.96235 7.92085 4.19002 4.17798 6.02468 4.34892 7.71658 10.2527 10.6591 12.0724 6.74534 8.90947 7.41063
threshold=-54.845238095238066 0 4.5000000000000009 15.791136084050937 675.00000000000011 0.053758613082702376 1.6105421080976301 0.33333333333340914 -1.0000000180025095e-35 4.2041666666666675 0.0070923955587482651 -0.02817794194012704 0.01590463542654778 -1.5857142857142887
decision_type=2 9 10 10 10 2 2 8 10 10 2 2 8 2
left_child=1 2 -1 -3 6 -6 7 8 -2 10 -10 -9 13 -13
right_child=4 3 -4 -5 5 -7 -8 11 9 -11 -12 12 -14 -15
leaf_value=0.0098949129409743701 -0.0067737284191216468 0.0026175921674204761 -0.0080970932197110303 -0.012117930335637166 -0.013038299738337719 0.0031113608258130829 -8.3656466133428975e-05 -0.00302173760854072 -0.0066875520819077066 0.011725791059290717 0.0090980395867273269 0.008020849930050403 -0.00085919402539963148 0.0022984899918004529
leaf_weight=51.939825016073883 195.32021596701816 15.187291529728098 19.563382206019014 88.903819516533986 36.256046508438885 26.956048041582108 15751.287862819154 155.22070937859826 120.76225016266108 60.025442181155086 49.593493509106338 383.55001810169779 313.4958913307637 451.95984006836079
leaf_count=1123 2166 614 450 2217 1264 268 246823 3026 1201 744 466 4944 3700 5030
internal_value=-2.59586e-06 -0.0041847 0.00396361 -0.00914146 4.28e-05 -0.00687555 7.36899e-05 0.00149476 -0.00196315 0.00228008 -0.00172772 0.00263291 0.0034259 0.00502053
internal_weight=17720 175.594 71.5032 104.091 17544.4 63.2121 17481.2 1729.93 425.701 230.381 170.356 1304.23 1149.01 835.51
internal_count=274036 4404 1573 2831 269632 1532 268100 21277 4577 2411 1667 16700 13674 9974
cat_boundaries=0 1
cat_threshold=78
is_linear=0
shrinkage=0.03


Tree=235
num_leaves=15
num_cat=0
split_feature=119 135 122 154 145 76 22 32 137 130 129 77 94 89
split_gain=3.76221 10.4742 10.6997 10.185 8.59801 8.5287 8.83062 7.77819 7.05615 6.39596 5.77779 10.4643 7.39227 6.81367
threshold=-0.13786260036260575 3.5000000000000004 0.12788042901136246 2.1423111339028202 0.44949494949494956 1575.0000000000002 0.12192192192192193 5.7596153846153859 136.50000000000003 0.072885375494071161 6.5000000000000009 160.00000000000003 0.36931818181818188 -0.16844197469197469
decision_type=8 2 2 2 2 10 2 10 2 2 2 10 2 8
left_child=1 3 5 4 -1 7 10 8 -3 -10 -7 12 -12 -13
right_child=-2 2 -4 -5 -6 6 -8 -9 9 -11 11 13 -14 -15
leaf_value=0.017357462229527568 -0.00012241184604720926 0.0073894475187710404 0.011704987878727589 -0.0017494772154630048 0.001183435948356609 -0.004531495540452098 0.0090298247143407243 -0.0097023925993661338 0.0073796369571046665 -0.0056553611044692555 -0.0049097126760953916 -0.0012234457129884804 0.0084503283614263316 0.012122562263465498
leaf_weight=81.292047157883644 16493.84362791013 57.090737954713404 54.765383571386337 64.630146561656147 46.054329228587449 156.46873912261799 105.9223383711651 120.95789110078476 27.817633859347552 172.766133450903 164.64232482388616 46.542035381309688 32.670974493958056 94.255190965719521
leaf_count=779 255315 837 887 1075 990 2344 1501 2506 448 2525 2231 720 457 1421
internal_value=-2.67042e-06 0.00159042 0.000351979 0.00775126 0.0122493 -0.000450052 0.00176263 -0.00389275 -0.00078187 -0.00345994 -1.37508e-05 0.00218063 -0.00225684 0.00801785
internal_weight=17719.7 1225.88 1033.9 191.977 127.346 979.134 600.502 378.632 257.675 200.584 494.579 338.111 197.313 140.797
internal_count=274036 18721 15877 2844 1769 14990 8674 6316 3810 2973 7173 4829 2688 2141
is_linear=0
shrinkage=0.03


Tree=236
num_leaves=15
num_cat=2
split_feature=136 10 0 101 106 55 107 23 148 151 3 19 86 28
split_gain=3.72767 4.77502 8.30046 7.00578 4.23137 11.1897 8.46023 8.29668 7.60978 7.40448 6.65627 5.89842 7.76741 9.09957
threshold=0.11959154351395733 543.00000000000011 0 0.04752526004904889 0.096875000000000017 0.68164821289883559 -0.066712764501871691 0.23760245901639346 -0.060900503621420903 3.2600159261750652 1 0.18790584415584419 -0.22763165359756382 6.1277173913043486
decision_type=2 2 1 8 2 10 2 2 10 2 1 2 10 10
left_child=1 4 3 -3 5 -1 7 -6 10 -9 -7 12 -8 -14
right_child=-2 2 -4 -5 6 8 11 9 -10 -11 -12 -13 13 -15
leaf_value=0.004872360089865092 0.0057150111650176192 0.010191996247864106 -0.010388089023161448 -0.0052869962286735666 -0.0071752751932758286 -0.0051645819744449376 -0.00250022703591603 0.015310844367092277 -0.010467543416363356 -0.0055855193496813053 0.012553367888059575 -0.00010815833412520791 0.0081826883574676358 0.00073870778184027429
leaf_weight=421.0918101882562 87.075007955078036 36.086841400712729 79.549885395914316 40.682177388109267 238.30760327726603 28.287004218436778 195.42527407454327 18.158360172063112 71.775887547759339 17.340850031003356 20.682106029009447 15879.823888897197 265.94078926485963 318.80437448620796
leaf_count=9416 877 662 1289 497 6666 708 3112 228 3339 640 571 231604 5735 8692
internal_value=-1.46242e-06 -3.45269e-05 -0.00501864 0.00222352 1.43216e-05 0.00258754 -7.02317e-05 -0.00516092 -0.00503856 0.00647618 0.00350749 1.8001e-05 0.00253949 0.00424419
internal_weight=17719 17632 156.319 76.769 17475.6 541.837 16933.8 273.807 120.745 35.4992 48.9691 16660 780.17 584.745
internal_count=274036 273159 2448 1159 270711 14034 256677 7534 4618 868 1279 249143 17539 14427
cat_boundaries=0 1 2
cat_threshold=585 1
is_linear=0
shrinkage=0.03


Tree=237
num_leaves=15
num_cat=0
split_feature=13 26 124 156 112 116 35 24 54 116 116 154 80 52
split_gain=3.71184 5.40777 4.54966 5.75231 4.88689 5.3899 4.20147 8.19355 10.9653 9.57773 8.64977 13.9993 11.8055 9.57253
threshold=1.0606617647058825 0.072004608294930897 -3.7499999999999996 -0.54602744406097525 -0.11849955599961957 0.15784909534910035 63.500000000000007 2.0312500000000004 0.095454545454545472 0.059722222222199493 0.053575244200260393 1.5291899590487417 1.0000000180025095e-35 0.73030303030303034
decision_type=2 2 8 2 8 10 8 10 8 8 10 2 10 10
left_child=2 -2 3 4 -1 -6 7 8 -4 -10 11 -9 -13 -14
right_child=1 -3 6 -5 5 -7 -8 10 9 -11 -12 12 13 -15
leaf_value=0.0027116221992794327 -0.0024739347621319466 0.012197947319509553 -0.0095678933581325766 0.0059390146632451301 -0.014383503519931092 0.0020924449617690214 -0.0006326527518017549 0.0057450483326016545 0.0013813645792049988 -0.0042310107016883128 0.0017532657554231227 0.00061355060153114416 -0.0031776602544510363 0.0014783658443833835
leaf_weight=23.798724246677011 31.958453596103936 38.113672284642234 134.63227936159819 21.979835029691458 66.20225097774528 18.465090801473707 5972.5108023476787 340.47057470935397 663.21345086512156 444.84457149333321 3823.3031332872342 3915.3644031474832 1718.2539635549765 505.83005369384773
leaf_count=619 382 503 1627 234 1855 553 101339 4077 10209 6334 60183 52564 24268 9289
internal_value=-1.37119e-06 0.00625006 -3.14779e-05 -0.0053155 -0.0080406 -0.0110161 1.23818e-05 0.000346436 -0.00194039 -0.000898215 0.000624674 -4.37329e-05 -0.000377977 -0.00211592
internal_weight=17718.9 70.0721 17648.9 130.446 108.466 84.6673 17518.4 11545.9 1242.69 1108.06 10303.2 6479.92 6139.45 2224.08
internal_count=274036 885 273151 3261 3027 2408 269890 168551 18170 16543 150381 90198 86121 33557
is_linear=0
shrinkage=0.03


Tree=238
num_leaves=15
num_cat=0
split_feature=152 10 48 99 124 9 58 81 102 32 110 128 49 55
split_gain=3.71774 9.25315 9.18475 8.79829 10.0233 9.31415 9.63277 8.38605 8.32479 8.26398 9.28944 8.78849 8.34732 8.56997
threshold=0.11064625738982067 429.00000000000006 15.540278040278043 -0.16991805063552473 1.0000000180025095e-35 55.750000000000007 0.31009615384615391 1.3499999999999981 0.83974358974358987 7.3466666666666676 0.57417582417582425 0.155977505975853 16.38475752831437 0.084722222222050433
decision_type=2 2 8 8 10 2 10 10 10 10 10 10 8 10
left_child=1 3 -2 -1 5 8 -7 9 -5 12 -11 -12 13 -4
right_child=2 -3 7 4 -6 6 -8 -9 -10 10 11 -13 -14 -15
leaf_value=-0.011952913451680711 -0.0044305066610689954 -9.6120648271875113e-05 -0.0077873810128732115 -0.0027809546742317216 -0.0099088071308552732 -0.004826229345711525 0.016761010103404896 0.009897551872521955 0.011535009623087693 -0.013021833462974912 -0.0040787215165094389 0.0087526642909337097 6.8832063687282931e-06 0.0025394277249610815
leaf_weight=81.328475458547473 305.01857685670257 9918.9456194234081 60.304159097373486 545.17446807236411 112.03215870657004 20.662535704672337 36.288718620780855 74.520989693701267 24.400712445145473 64.001843992620707 184.10773026943207 48.478383883833885 3843.3921756334603 2400.0497080981731
leaf_count=3701 2496 192222 589 12385 2778 364 847 811 971 603 1628 412 34067 20162
internal_value=-1.40253e-06 -0.000351577 0.000536954 -0.00338482 -0.00222217 -0.000648137 0.00955557 0.000773375 -0.00188741 0.00064815 -0.00412483 -0.001036 0.000881976 0.00224066
internal_weight=17718.7 10738.8 6979.87 819.887 738.559 626.526 56.9513 6674.85 569.575 6600.33 296.588 232.586 6303.75 2460.35
internal_count=274036 213268 60768 21046 17345 14567 1211 58272 13356 57461 2643 2040 54818 20751
is_linear=0
shrinkage=0.03


Tree=239
num_leaves=15
num_cat=0
split_feature=152 19 81 62 106 152 116 145 31 83 17 89 121 101
split_gain=3.71281 8.09285 14.2069 11.151 7.52216 7.02114 8.52158 8.14099 12.451 7.72565 7.41285 7.4089 8.65681 7.37112
threshold=0.36099178573550711 0.30086206896551732 -0.52500000000000202 2.5000000000000004 0.95643939393939414 0.15242160459103429 -0.16416666666665378 0.18465909090909094 0.2835585585585586 -0.50000000000000133 11.500000000000002 -0.359651633089133 -0.016238189408921116 -0.012025833277370229
decision_type=2 2 10 10 2 2 8 2 2 8 2 8 10 10
left_child=5 2 4 -4 -2 7 -7 8 9 -1 -11 12 -9 -14
right_child=1 -3 3 -5 -6 6 -8 11 -10 10 -12 -13 13 -15
leaf_value=0.00090923218371671258 -0.005739904859111588 -0.0064033914945635113 0.014070630172052966 -0.0030908235610050687 0.0041059547658830681 0.005580204078912584 0.0007388292392105911 0.0057806887792932818 0.0079394869427808629 -0.0092198033220809109 0.0024207093471386824 0.00011502752437387984 -0.0077947693662970031 -0.0017068104853428933
leaf_weight=127.3431553915143 236.93704275786877 240.1271304525435 81.344470500946045 45.590109325945377 84.341295160353184 344.08837773650885 3782.791953895241 85.821158434031531 58.721662290394306 311.41932332515717 51.554704323410988 11414.273593255784 246.2937529203482 607.62868742784485
leaf_count=1116 2245 2298 767 422 785 3069 31747 1529 545 2944 503 212551 5549 7966
internal_value=-1.65996e-06 -0.0021377 0.000280973 0.00823164 -0.00308733 8.64827e-05 0.00116124 -0.000258213 -0.00378286 -0.00538076 -0.007536 -9.71732e-05 -0.00263591 -0.00356699
internal_weight=17718.3 688.34 448.213 126.935 321.278 17029.9 4126.88 12903.1 549.039 490.317 362.974 12354 939.744 853.922
internal_count=274036 6517 4219 1189 3030 267519 34816 232703 5108 4563 3447 227595 15044 13515
is_linear=0
shrinkage=0.03


end of trees

feature_importances:
odds_log_win=263
odds_win_share=247
odds_entropy=187
horse_surface_avg_finish=102
days_since_last_start=92
market_share=82
form_surprise_last10=66
horse_win_rate_field_rank=64
racecourse=60
prior_speed_relative=57
prior_speed=52
horse_win_rate_field_gap=52
distance_vs_recent3=50
recent3_late_pct=48
odds_concentration=47
prior_finish_pct=46
horse_weight_vs_field=42
weight_carried_vs_field=41
horse_weight=38
horse_top3_rate_field_rank=37
body_load_change=36
market_rank_fraction=35
odds_favorite_share=35
recent3_early_pct=34
prior_early_pct=33
form_surprise_last3=33
horse_number_pct=31
gate_course_bias_rate=31
odds_relative_to_favorite=31
fit_distance_rate=30
recent5_closing3f_relative=29
relative_early=29
body_change_pct=28
recent3_past_popularity=26
prior_closing3f_z=26
recent3_speed_relative_field_rank=26
prior_closing3f_relative=25
body_load_ratio=25
horse_surface_win_rate=24
horse_surface_top3_rate=24
known_style_share=24
weight_carried=23
field_size=23
prior_position_gain=23
recent3_position_gain=23
closing_pressure_fit=23
horse_recent5_avg_finish_field_gap=23
form_surprise_last5=23
fit_surface_rate=23
recent3_speed=22
recent3_result_strength=22
same_surface_as_last=21
distance_change_m=20
recent3_result_strength_field_gap=20
matchup_horse_top3_rate=20
horse_recent5_avg_finish=19
recent3_speed_relative_field_gap=19
horse_top3_rate_field_gap=19
fit_wet_rate=19
pace_course_style_starts=19
odds_log_rank=19
horse_top3_rate=18
recent3_closing3f_relative=18
field_speed_std=18
matchup_recent3_speed_relative=18
matchup_recent3_closing3f_z=18
horse_course_avg_finish=17
recent5_closing3f_z=17
relative_late=17
recent3_closing3f_z_field_rank=17
form_surprise_trend=17
body_weight_vs_recent3=17
matchup_prior_early_pct=17
horse_recent5_avg_finish_field_rank=16
form_speed_last10=16
body_change_abs=14
horse_surface_starts=13
horse_course_win_rate=13
form_speed_last5=13
horse_win_rate=12
recent3_closing3f_z_field_gap=12
fit_surface_starts=12
horse_wet_prior_top3_rate=11
horse_recent5_top3_rate=11
recent3_closing3f_z=11
month_cos=11
history_coverage=11
gate_course_bias_starts=11
pace_course_style_rate=11
horse_starts=10
prior_late_pct=10
age=9
horse_distance_avg_finish=9
recent3_speed_relative=9
recent3_distance_m=9
distance_abs_change=9
fit_course_rate=9
horse_number=8
horse_distance_win_rate=8
prior_past_popularity=8
recent3_result_strength_field_rank=8
horse_distance_top3_rate=7
horse_course_top3_rate=7
front_pressure_share=7
month_sin=7
horse_avg_finish=6
history_exact_2_last10=6
recent3_placed=6
race_class=5
recent3_finish_pct=5
recent3_won=5
prior_class_tier=5
class_vs_recent_max=5
stretching_out=5
form_speed_trend=5
market_rank=5
sex=4
horse_distance_starts=4
horse_wet_prior_starts=4
horse_weight_change=3
class_change=3
prior_distance_m=3
expected_front_count=3
front_under_pressure=3
gate=2
horse_recent5_win_rate=2
history_exact_3_last10=2
recent5_max_class=2
closer_pressure_help=2
fit_wet_starts=2
market_field_size=2
going=1
surface=1
distance_m=1
gate_pct=1
same_course_as_last=1
history_exact_1_last5=1
class_tier=1
stalk_style=1
fit_distance_starts=1

parameters:
[boosting: gbdt]
[objective: binary]
[metric: binary_logloss]
[tree_learner: serial]
[device_type: cpu]
[data_sample_strategy: bagging]
[data: ]
[valid: ]
[num_iterations: 240]
[learning_rate: 0.03]
[num_leaves: 15]
[num_threads: 2]
[seed: 20260925]
[deterministic: 0]
[force_col_wise: 0]
[force_row_wise: 0]
[histogram_pool_size: -1]
[max_depth: -1]
[min_data_in_leaf: 400]
[min_sum_hessian_in_leaf: 0.001]
[bagging_fraction: 1]
[pos_bagging_fraction: 1]
[neg_bagging_fraction: 1]
[bagging_freq: 0]
[bagging_seed: 8810]
[bagging_by_query: 0]
[feature_fraction: 0.85]
[feature_fraction_bynode: 1]
[feature_fraction_seed: 17836]
[extra_trees: 0]
[extra_seed: 27358]
[early_stopping_round: 0]
[early_stopping_min_delta: 0]
[first_metric_only: 0]
[max_delta_step: 0]
[lambda_l1: 0]
[lambda_l2: 15]
[linear_lambda: 0]
[min_gain_to_split: 0]
[drop_rate: 0.1]
[max_drop: 50]
[skip_drop: 0.5]
[xgboost_dart_mode: 0]
[uniform_drop: 0]
[drop_seed: 13805]
[top_rate: 0.2]
[other_rate: 0.1]
[min_data_per_group: 100]
[max_cat_threshold: 32]
[cat_l2: 10]
[cat_smooth: 10]
[max_cat_to_onehot: 4]
[top_k: 20]
[monotone_constraints: ]
[monotone_constraints_method: basic]
[monotone_penalty: 0]
[feature_contri: ]
[forcedsplits_filename: ]
[refit_decay_rate: 0.9]
[cegb_tradeoff: 1]
[cegb_penalty_split: 0]
[cegb_penalty_feature_lazy: ]
[cegb_penalty_feature_coupled: ]
[path_smooth: 0]
[interaction_constraints: ]
[verbosity: -1]
[saved_feature_importance_type: 0]
[use_quantized_grad: 0]
[num_grad_quant_bins: 4]
[quant_train_renew_leaf: 0]
[stochastic_rounding: 1]
[linear_tree: 0]
[max_bin: 127]
[max_bin_by_feature: ]
[min_data_in_bin: 3]
[bin_construct_sample_cnt: 200000]
[data_random_seed: 5102]
[is_enable_sparse: 1]
[enable_bundle: 1]
[use_missing: 1]
[zero_as_missing: 0]
[feature_pre_filter: 1]
[pre_partition: 0]
[two_round: 0]
[header: 0]
[label_column: ]
[weight_column: ]
[group_column: ]
[ignore_column: ]
[categorical_feature: 0,1,2,3,4]
[forcedbins_filename: ]
[precise_float_parser: 0]
[parser_config_file: ]
[objective_seed: 25095]
[num_class: 1]
[is_unbalance: 0]
[scale_pos_weight: 1]
[sigmoid: 1]
[boost_from_average: 1]
[reg_sqrt: 0]
[alpha: 0.9]
[fair_c: 1]
[poisson_max_delta_step: 0.7]
[tweedie_variance_power: 1.5]
[lambdarank_truncation_level: 30]
[lambdarank_norm: 1]
[label_gain: ]
[lambdarank_position_bias_regularization: 0]
[eval_at: ]
[multi_error_top_k: 1]
[auc_mu_weights: ]
[num_machines: 1]
[local_listen_port: 12400]
[time_out: 120]
[machine_list_filename: ]
[machines: ]
[gpu_platform_id: -1]
[gpu_device_id: -1]
[gpu_device_id_list: ]
[gpu_use_dp: 0]
[num_gpu: 1]

end of parameters

pandas_categorical:[["\u4e2d\u5c71", "\u4eac\u90fd", "\u4e2d\u4eac", "\u6771\u4eac", "\u5c0f\u5009", "\u962a\u795e", "\u798f\u5cf6", "\u65b0\u6f5f", "\u51fd\u9928", "\u672d\u5e4c"], ["\u826f", "\u7a0d\u91cd", "\u91cd", "\u4e0d\u826f"], ["\u672a\u52dd\u5229", "\u65b0\u99ac", "500\u4e07\u5186\u4ee5\u4e0b", "1000\u4e07\u5186\u4ee5\u4e0b", "\u30aa\u30fc\u30d7\u30f3", "1600\u4e07\u5186\u4ee5\u4e0b", "1\u52dd\u30af\u30e9\u30b9", "2\u52dd\u30af\u30e9\u30b9", "3\u52dd\u30af\u30e9\u30b9"], ["\u7261", "\u725d", "\u305b\u3093"], ["\u30c0\u30fc\u30c8", "\u829d"]]
