tree
version=v4
num_class=1
num_tree_per_iteration=1
label_index=0
max_feature_idx=12
objective=binary sigmoid:1
feature_names=market_rank market_logrank market_inv_rank market_share market_rank_fraction market_field_size odds_log_win odds_win_share odds_favorite_share odds_entropy odds_concentration odds_relative_to_favorite odds_log_rank
feature_infos=[1:18] [0:2.8903717578961645] [0.055555555555555552:1] [0.015853995665515534:0.40816326530612251] [0.055555555555555552:1] [6:18] [0.095310179804324935:6.9076552739818036] [0.00078014041891180815:0.84650491007700301] [0.12819785060390484:0.87912931330524346] [0.53965722126137028:2.6275239866908153] [0.083596587701826056:0.77734917385331703] [-6.5153962178984584:0] [0:2.8903717578961645]
tree_sizes=1719 1772 1772 1768 1771 1769 1783 1781 1768 1766 1777 1768 1782 1793 1799 1783 1790 1793 1778 1794 1788 1785 1791 1782 1790 1783 1788 1777 1796 1787 1799 1799 1804 1785 1792 1794 1792 1783 1800 1792 1789 1796 1795 1804 1797 1802 1795 1790 1793 1798 1790 1786 1791 1801 1789 1786 1793 1799 1796 1792 1788 1796 1804 1796 1801 1792 1791 1798 1796 1802 1785 1804 1784 1795 1791 1798 1798 1793 1797 1799 1799 1794 1794 1806 1803 1795 1807 1803 1795 1813 1808 1806 1798 1804 1812 1808 1810 1804 1810 1803 1817 1813 1805 1807 1800 1817 1809 1802 1800 1795 1805 1809 1821 1795 1801 1805 1806 1794 1809 1793 1791 1797 1807 1804 1808 1808 1810 1807 1808 1797 1813 1796 1798 1790 1780 1795 1804 1805 1794 1799 1810 1798 1799 1801 1808 1807 1796 1792 1799 1804 1797 1809 1785 1814 1784 1799 1807 1805 1806 1799 1796 1789 1796 1803 1799 1794 1799 1790 1792 1793 1795 1804 1798 1805 1776 1794 1789 1799 1791 1788 1798 1801 1803 1805 1785 1799 1788 1791 1774 1802 1780 1785 1794 1793 1804 1802 1808 1794 1792 1795 1789 1807 1793 1799 1791 1800 1809 1804 1790 1804 1804 1796 1795 1806 1792 1791 1786 1783 1770 1804 1788 1776 1801 1792 1791 1787 1811 1779 1796 1798 1796 1803 1805 1776 1789 1795 1795 1795 1802 1794

Tree=0
num_leaves=15
num_cat=0
split_feature=12 7 3 9 6 7 6 6 5 9 7 3 9 7
split_gain=7227.32 867.044 540.015 205.483 160.77 151.2 76.7028 57.367 41.7203 38.9791 38.8841 35.3621 23.5085 46.4256
threshold=1.8688348091416842 0.01240987691140401 0.075950246365727836 1.9544544195385984 3.5010415791527305 0.41314440273845981 4.8019696776346406 2.4552969699580154 10.500000000000002 2.3458851644740553 0.15242160459103429 0.038818768773430677 1.8462830653215196 0.044133243594029252
decision_type=2 2 2 2 2 2 2 2 2 2 2 2 2 2
left_child=2 6 7 5 11 8 -2 9 -4 -1 -5 -3 13 -9
right_child=1 4 3 10 -6 -7 -8 12 -10 -11 -12 -13 -14 -15
leaf_value=-2.5332573711683657 -2.5716852186514338 -2.5571234830233132 -2.5071838813380878 -2.5353238992901419 -2.5645481659787208 -2.5385359240304664 -2.5794619109833734 -2.5452551213391508 -2.5184268375820258 -2.5488673113657678 -2.5267819156852025 -2.5501044730875164 -2.5460377335428324 -2.5301653395773047
leaf_weight=1297.9695635139942 2132.2875193655491 1352.2445093393326 724.1579298377037 911.33604955673218 2455.8574374318123 277.81526657938957 3241.8042734563351 478.3440837264061 1231.0818985104561 168.19195201992989 1508.2262757718563 1214.9134659469128 1086.9077840745449 303.64450532197952
leaf_count=19347 31783 20156 10794 13584 36606 4141 48321 7130 18350 2507 22481 18109 16201 4526
internal_value=-2.5516 -2.56808 -2.53016 -2.52356 -2.55908 -2.51691 -2.57644 -2.53946 -2.51396 -2.535 -2.52988 -2.55381 -2.54306 -2.5391
internal_weight=18384.8 10397.1 7987.68 4652.62 5023.02 2233.06 5374.09 3335.06 1955.24 1466.16 2419.56 2567.16 1868.9 781.989
internal_count=274036 154975 119061 69350 74871 33285 80104 49711 29144 21854 36065 38265 27857 11656
is_linear=0
shrinkage=1


Tree=1
num_leaves=15
num_cat=0
split_feature=12 6 3 9 6 6 6 6 9 3 9 10 11 9
split_gain=6776.98 851.502 481.945 180.258 165.318 135.272 66.688 52.1998 35.4803 33.4748 31.76 28.3942 32.1014 24.1843
threshold=1.8688348091416842 4.2054383316843014 0.075950246365727836 1.925001347811172 3.5010415791527305 0.71754226264466137 4.8019696776346406 2.4552969699580154 2.3458851644740553 0.038818768773430677 2.230512928841653 0.24654055576928524 -2.5791816380419927 1.6820718360009785
decision_type=2 2 2 2 2 2 2 2 2 2 2 2 2 2
left_child=2 4 7 5 9 -4 -3 8 -1 -2 -5 -9 -13 -6
right_child=1 6 3 10 13 -7 -8 11 -10 -11 -12 12 -14 -15
leaf_value=0.017522311679416751 -0.0053835784024490159 -0.020125027083999849 0.014485345945774476 0.023112640006686194 -0.003268746456601219 0.036487037007302693 -0.027688677500375583 0.0056812816989717423 0.0026531367256544479 0.001450849289999986 0.014758280643259286 0.0055818917004815021 0.020100429801630532 -0.013799090516056153
leaf_weight=1318.466602563858 1345.8697773516178 1940.620202511549 324.40371867269278 1999.4926035627723 225.87331223487854 1781.2048407718539 3165.2994085997343 1307.8115750402212 168.58569702506065 1216.4700675681233 658.97495723515749 263.50497109442949 310.97440221905708 2358.2043307423592
leaf_count=19347 20156 29428 4767 29225 3406 25711 48321 19376 2507 18109 9647 3906 4575 35555
internal_value=-2.94464e-06 -0.0162155 0.0204256 0.0265661 -0.00757061 0.0332238 -0.0248813 0.0116639 0.0158799 -0.00214938 0.0211362 0.00823388 0.0137525 -0.0129028
internal_weight=18385.8 10252.3 8133.42 4764.08 5146.42 2105.61 5105.92 3369.34 1487.05 2562.34 2658.47 1882.29 574.479 2584.08
internal_count=274036 154975 119061 69350 77226 30478 77749 49711 21854 38265 38872 27857 8481 38961
is_linear=0
shrinkage=0.03


Tree=2
num_leaves=15
num_cat=0
split_feature=12 6 3 9 6 6 6 6 6 9 6 5 10 11
split_gain=6358.34 836.103 431.016 158.713 158.702 115.486 67.0527 47.5679 34.5695 32.3433 32.109 30.8048 26.2247 29.2851
threshold=1.8688348091416842 4.2054383316843014 0.075950246365727836 1.9544544195385984 3.5010415791527305 0.71754226264466137 4.8019696776346406 2.4552969699580154 1.7316163862908043 2.3458851644740553 2.8875862353714372 10.500000000000002 0.24654055576928524 -2.5791816380419927
decision_type=2 2 2 2 2 2 2 2 2 2 2 2 2 2
left_child=2 4 7 5 10 -4 -3 9 -5 -1 -2 -7 -9 -14
right_child=1 6 3 8 -6 11 -8 12 -10 -11 -12 -13 13 -15
leaf_value=0.016749653393158211 0.0038554924949813032 -0.01986911456684845 0.013848936905654826 0.022088273332938013 -0.012659185905670677 0.039347176323775136 -0.027516779353730189 0.0054859865657643078 0.013767222079740543 0.0025745954416918626 -0.0039640171493795342 0.029735719473483847 0.005398663867058077 0.019203797335987781
leaf_weight=1338.2901897132397 609.30248963832855 1907.3467566519976 340.49332189559937 1762.5348226502538 2555.6881807520986 758.88150262832642 3090.7436893433332 1314.1723903939128 746.27811786532402 168.96845901012421 1948.3561891391873 1263.9030704051256 264.76424171775579 316.34531240910292
leaf_count=19347 9088 29428 4940 25286 38961 10564 48321 19376 10779 2507 29177 17781 3906 4575
internal_value=-6.64238e-06 -0.0159557 0.0194764 0.0251982 -0.00739392 0.0308637 -0.0246665 0.0112087 0.0197096 0.0152016 -0.00208958 0.0336047 0.00793876 0.013208
internal_weight=18386.1 10111.4 8274.63 4872.09 5113.35 2363.28 4998.09 3402.54 2508.81 1507.26 2557.66 2022.78 1895.28 581.11
internal_count=274036 154975 119061 69350 77226 33285 77749 49711 36065 21854 38265 28345 27857 8481
is_linear=0
shrinkage=0.03


Tree=3
num_leaves=15
num_cat=0
split_feature=12 6 12 9 6 7 6 5 6 6 6 6 10 9
split_gain=5970.17 820.715 352.284 180.111 152.293 72.9021 67.4015 59.6938 50.9796 33.0816 30.2976 28.948 42.9356 23.6496
threshold=1.8688348091416842 4.2054383316843014 1.4978661367769956 2.0484530748301237 3.5010415791527305 0.36099178573550711 4.8019696776346406 10.500000000000002 1.6193392260821904 2.2137389487888997 2.8875862353714372 2.9575076874722881 0.24654055576928524 1.6820718360009785
decision_type=2 2 2 2 2 2 2 2 2 2 2 2 2 2
left_child=2 4 3 5 10 7 -3 -1 -5 -9 -2 12 -4 -6
right_child=1 6 11 8 13 -7 -8 9 -10 -11 -12 -13 -14 -15
leaf_value=0.036721911257696888 0.0037303952816608427 -0.019613162664719772 0.0096456034576662079 0.020996779355573723 -0.0028601242505541056 0.015161095609054568 -0.027344563208289992 0.027955800545976212 0.011754844929018571 0.017142598096019108 -0.0038591850637232448 0.003653236430759388 0.023324708739818591 -0.013316557219534576
leaf_weight=778.92823955416679 611.31483602523804 1874.9595437347889 1903.0404174625874 1083.6794999688864 222.80670888721943 444.89811696112156 3018.0973335318267 1744.0159569084644 1226.8730344474316 408.02927225828171 1941.7535453811288 591.88262708485126 229.19999031722546 2305.219337336719
leaf_count=10517 9088 29428 27596 15254 3406 6325 48321 24218 17530 5716 29177 8653 3252 35555
internal_value=-8.98568e-06 -0.015697 0.0185904 0.02284 -0.00721976 0.0272949 -0.024451 0.0290502 0.0161969 0.0260385 -0.00203074 0.0096431 0.0112687 -0.0124173
internal_weight=18384.7 9974.15 8410.55 5686.42 5081.09 3375.87 4893.06 2930.97 2310.55 2152.05 2553.07 2724.12 2132.24 2528.03
internal_count=274036 154975 119061 79560 77226 46776 77749 40451 32784 29934 38265 39501 30848 38961
is_linear=0
shrinkage=0.03


Tree=4
num_leaves=15
num_cat=0
split_feature=12 6 3 6 9 7 6 7 3 9 10 7 7 5
split_gain=5609.16 805.265 348.836 146.106 128.998 94.7823 67.7326 42.4302 30.793 27.4927 26.7118 26.5221 25.9215 24.5959
threshold=1.8688348091416842 4.2054383316843014 0.075950246365727836 3.5010415791527305 1.925001347811172 0.41314440273845981 4.8019696776346406 0.06579667573706377 0.038818768773430677 2.3458851644740553 0.24654055576928524 0.044133243594029252 0.15242160459103429 9.5000000000000018
decision_type=2 2 2 2 2 2 2 2 2 2 2 2 2 2
left_child=2 3 7 8 5 13 -3 10 -2 -9 -1 -12 -6 -4
right_child=1 6 4 -5 12 -7 -8 9 -10 -11 11 -13 -14 -15
leaf_value=0.004471515045466383 -0.0050979096981930054 -0.019357208767023203 0.037196049472010537 -0.012178249369733531 0.014077750921105803 0.011193469410916996 -0.02717193773249282 0.01516648852884037 0.0014724222834174249 0.0024837373488697731 0.0071018057565237777 0.020674504225110694 0.020611663207229219 0.027696131492151593
leaf_weight=1225.0609625577927 1332.87126532197 1843.4377346783876 531.7515756636858 2501.1849491670728 1044.3869307935238 284.69413349032402 2947.3209190294147 1478.9588256105781 1215.7388527840376 178.75824119150639 376.89291307330132 206.72203040122986 1757.2035114020109 1457.3800718858838
leaf_count=17846 20156 29428 6961 38961 14647 4044 48321 20899 18109 2622 5468 2876 24225 19473
internal_value=-1.10838e-05 -0.0154398 0.0177594 -0.00704903 0.0227708 0.0281677 -0.0242347 0.0103555 -0.00197345 0.0138334 0.00708026 0.012307 0.0182639 0.0304951
internal_weight=18382.4 9840.55 8541.81 5049.8 5075.42 2273.83 4790.76 3466.39 2548.61 1657.72 1808.68 583.615 2801.59 1989.13
internal_count=274036 154975 119061 77226 69350 30478 77749 49711 38265 23521 26190 8344 38872 26434
is_linear=0
shrinkage=0.03


Tree=5
num_leaves=15
num_cat=0
split_feature=6 3 6 9 3 7 6 9 6 6 6 9 9 7
split_gain=5273.04 616.616 504.159 135.946 92.0921 69.9684 68.3914 67.3643 53.2143 44.4344 44.1419 37.2925 26.5931 26.3056
threshold=3.2248559203275584 0.063575780536609436 4.2054383316843014 1.9544544195385984 0.042366020629594159 0.41314440273845981 4.8019696776346406 1.5018818343491704 2.2137389487888997 3.6362686359073835 1.7316163862908043 1.7271110081475349 1.8244384458691447 0.017481177374288403
decision_type=2 2 2 2 2 2 2 2 2 2 2 2 2 2
left_child=1 4 7 5 -1 8 -4 13 11 -9 -5 -3 -10 -2
right_child=2 3 6 10 -6 -7 -8 9 12 -11 -12 -13 -14 -15
leaf_value=-0.0020992920584654825 -0.0051323998576263121 0.035547438605258344 -0.019103726689247032 0.01911029690057775 0.0081245615073259978 0.010474083492472809 -0.027002282944460849 -0.0061626237734551479 0.021959447985322865 -0.013015199961312646 0.011754742710962805 0.025528970759534069 0.0073607706816231546 0.018600354991904725
leaf_weight=1138.8336585238576 60.237872935831547 695.11215993762016 1824.3615127578378 1879.1648477166891 2556.6265738010406 294.40509489923716 2880.2387618534267 1576.240960508585 556.58571837097406 1971.437027014792 1386.2595893442631 1302.0006803795695 164.82396058738232 92.741403415799141
leaf_count=17122 910 8954 29596 25557 36783 4141 48348 24057 7497 31014 19362 17065 2280 1350
internal_value=-1.29338e-05 0.0147286 -0.0175005 0.0204422 0.00497812 0.0250932 -0.0240098 -0.00916183 0.0266102 -0.0100094 0.0160557 0.029255 0.0188419 0.00963141
internal_weight=18379.1 9973.81 8405.26 6278.35 3695.46 3012.93 4704.6 3700.66 2718.52 3547.68 3265.42 1997.11 721.41 152.979
internal_count=274036 138761 135275 84856 53905 39937 77944 57331 35796 55071 44919 26019 9777 2260
is_linear=0
shrinkage=0.03


Tree=6
num_leaves=15
num_cat=0
split_feature=6 12 6 5 12 6 10 7 6 10 6 10 7 5
split_gain=4978.26 527.034 496.367 97.7552 95.0793 68.6831 59.316 58.271 37.229 34.6737 32.397 25.0116 25.6439 22.4537
threshold=3.2248559203275584 1.4978661367769956 4.2054383316843014 11.500000000000002 1.8688348091416842 4.8019696776346406 0.24958975124249741 0.41314440273845981 3.6362686359073835 0.15978463845106011 1.6193392260821904 0.24654055576928524 0.06579667573706377 13.500000000000002
decision_type=2 2 2 2 2 2 2 2 2 2 2 2 2 2
left_child=1 3 6 7 11 -4 8 -1 -2 10 -5 12 -3 -6
right_child=2 4 5 9 13 -7 -8 -9 -10 -11 -12 -13 -14 -15
leaf_value=0.028680730087731438 -0.0069106045533965038 0.0048080112884286968 -0.018847817882253974 0.018320899862347768 0.0063511605830227913 -0.026828593039227296 -0.00079743363884167428 0.0055223636164186182 -0.013754377236547457 0.019734139250245804 0.0099587957213104986 0.016434411146347486 0.011487288024372612 -0.0019413160234472533
leaf_weight=1282.6230107396841 1348.7554436698556 1120.9391629099846 1794.3194349259138 858.52757474780083 371.16344840079546 2813.0341772288084 660.75742164999247 114.50744513422251 1661.9781452566385 2786.119902677834 951.95481014251709 385.57328485697508 1010.2252938821912 1214.6552956625819
leaf_count=16209 20753 16141 29596 11490 5509 48348 10092 1597 26486 37003 13169 5317 14089 18237
internal_value=-1.48166e-05 0.014116 -0.0172421 0.0197784 0.00580133 -0.0237918 -0.00895948 0.0268615 -0.0107379 0.0175451 0.0140421 0.00940929 0.00803231 4.08769e-05
internal_weight=18375.1 10096.3 8278.84 5993.73 4102.56 4607.35 3671.49 1397.13 3010.73 4596.6 1810.48 2516.74 2131.16 1585.82
internal_count=274036 138761 135275 79468 59293 77944 57331 17806 47239 61662 24659 35547 30230 23746
is_linear=0
shrinkage=0.03


Tree=7
num_leaves=15
num_cat=0
split_feature=7 12 7 9 12 7 9 7 9 7 7 11 7 9
split_gain=4692.24 488.41 484.308 125.616 89.9476 69.1057 64.0215 51.4935 41.9624 38.872 35.9542 33.7942 25.4422 21.9453
threshold=0.031433887593717888 1.4978661367769956 0.011917045274892232 2.0484530748301237 1.8688348091416842 0.0056085051542415455 1.5018818343491704 0.36099178573550711 1.7271110081475349 0.021910014734660515 0.15242160459103429 -1.4140792866972955 0.017481177374288403 1.8165749895899281
decision_type=2 2 2 2 2 2 2 2 2 2 2 2 2 2
left_child=2 3 5 7 13 -1 12 8 -2 -8 -5 -10 -4 -3
right_child=1 4 6 10 -6 -7 9 -9 11 -11 -12 -13 -14 -15
leaf_value=-0.027258171361286759 0.029504122261786246 0.014328736982084613 -0.0052427458938432139 0.0095397634328499865 -4.2380101452401036e-05 -0.019386192927181432 -0.012195600003222463 0.012521167300513452 0.011610954241385273 -0.0055924399268050462 0.01707564243267921 0.02282159614218407 0.018229039043409841 0.007441364529786821
leaf_weight=2347.1743551045656 950.95413106679916 551.83775006979704 58.356201808899641 1197.3552437052131 1608.5717228651047 2178.7159095592797 2078.4079555682838 470.09944760799408 334.44086213409901 1371.2380628958344 1242.9146220982075 1896.8619458451867 94.04585674405098 1989.8720072805882
leaf_count=41304 11724 7583 886 16404 24095 36842 33382 6325 4396 21084 16380 24241 1349 28041
internal_value=-1.71713e-05 0.0134804 -0.0170204 0.0188793 0.00551517 -0.0235452 -0.00875841 0.0224311 0.0238294 -0.00960641 0.0134589 0.02123 0.00957702 0.00901199
internal_weight=18370.8 10242.9 8127.94 6092.63 4150.28 4525.89 3602.05 3652.36 3182.26 3449.65 2440.27 2231.3 152.402 2541.71
internal_count=274036 139189 134847 79470 59719 78146 56701 46686 40361 54466 32784 28637 2235 35624
is_linear=0
shrinkage=0.03


Tree=8
num_leaves=15
num_cat=0
split_feature=6 3 6 9 3 3 6 6 9 6 6 6 6 9
split_gain=4449.44 525.66 426.496 99.205 76.6426 73.1204 49.4422 55.4249 37.8372 35.2499 34.6851 24.1164 23.2314 22.2633
threshold=3.2939815763060616 0.0620629284754265 4.4349746333048614 1.925001347811172 0.042366020629594159 0.033732823398682069 0.71754226264466137 2.2137389487888997 1.5018818343491704 1.9670879050346399 5.0591078971244956 3.7412339808651516 2.4973207021709536 1.6936169399515857
decision_type=2 2 2 2 2 2 2 2 2 2 2 2 2 2
left_child=1 4 5 6 -1 -2 -3 -8 11 -5 -4 -7 -6 -9
right_child=2 3 10 9 12 8 7 13 -10 -11 -12 -13 -14 -15
leaf_value=-0.0020408369279767066 -0.013651037235233913 0.010628006818797314 -0.020894760159602815 0.015961130924811232 0.010900033992994978 0.019220999824224302 0.026183259132530941 0.020746902815267136 -0.0069055070231138571 0.0088266775716014309 -0.027470943143868193 -0.0024067885344998159 0.0047745171385654758 0.0098370885269039518
leaf_weight=1318.5833402723074 2474.003235116601 352.79729341715574 1690.6045303791761 2848.278046451509 841.13866497576237 71.57131365686655 1847.6355083659291 412.95184363424778 1396.1940937452018 882.68921662122011 2032.9051612615585 93.709068741649389 1742.6707301139832 359.80814212560654
leaf_count=19934 40424 4767 29418 37264 11615 1011 22484 5245 22111 11945 36643 1454 24948 4773
internal_value=-1.87478e-05 0.0126038 -0.0172648 0.0176911 0.00382968 -0.0104482 0.0218341 0.0232738 -0.00529197 0.0143153 -0.0245809 0.0077787 0.00682003 0.0159512
internal_weight=18365.5 10606.6 7758.99 6704.16 3902.39 4035.48 2973.19 2620.4 1561.47 3730.97 3723.51 165.28 2583.81 772.76
internal_count=274036 142975 131061 86478 56497 65000 37269 32502 24576 49209 66061 2465 36563 10018
is_linear=0
shrinkage=0.03


Tree=9
num_leaves=15
num_cat=0
split_feature=6 3 6 9 3 3 6 6 9 6 6 9 9 6
split_gain=4207.79 481.046 420.814 90.2541 71.6438 70.6856 43.9571 46.7616 35.9581 35.0712 33.4569 27.2275 26.1145 22.5329
threshold=3.2939815763060616 0.0620629284754265 4.4349746333048614 1.9544544195385984 0.042366020629594159 0.033732823398682069 0.71754226264466137 2.2137389487888997 1.5018818343491704 5.0591078971244956 2.2137389487888997 2.230512928841653 1.7165391499882074 3.7412339808651516
decision_type=2 2 2 2 2 2 2 2 2 2 2 2 2 2
left_child=1 4 5 6 -1 -2 -3 12 13 -4 11 -5 -8 -7
right_child=2 3 9 10 -6 8 7 -9 -10 -11 -12 -13 -14 -15
leaf_value=-0.001983783910496582 -0.013403622365232412 0.010152297237901937 -0.020651485283030895 0.01606133983436598 0.0065799220184350688 0.018490123919973969 0.029536580143987377 0.015169823592856898 -0.006740861056522795 -0.027312891922050258 0.0032224362371305105 0.0095989031206254235 0.021302168534978894 -0.0023488033625897078
leaf_weight=1316.2773935422301 2444.8041274026036 369.23966194689274 1659.8489847481251 2316.8809996843338 2598.637433744967 72.743062674999237 697.56904126703739 823.15460906922817 1387.881643075496 1984.1538184955716 276.51877476274967 905.25084970146418 1413.3786276876926 93.515088524669409
leaf_count=19934 40424 4940 29418 29987 36563 1011 8150 10561 22111 36643 3743 11982 17115 1454
internal_value=-2.05565e-05 0.0121015 -0.0170085 0.016916 0.00370404 -0.0102292 0.0205193 0.0217656 -0.00515514 -0.0243757 0.0134407 0.0142986 0.0242125 0.00754449
internal_weight=18359.9 10716.9 7642.95 6801.99 3914.91 3998.94 3303.34 2934.1 1554.14 3644 3498.65 3222.13 2110.95 166.258
internal_count=274036 142975 131061 86478 56497 65000 40766 35826 24576 66061 45712 41969 25265 2465
is_linear=0
shrinkage=0.03


Tree=10
num_leaves=15
num_cat=0
split_feature=6 3 6 9 3 7 9 6 7 7 9 9 6 7
split_gain=3980.35 440.964 415.398 81.9891 66.9628 57.6731 51.7442 34.5106 33.7394 53.4158 35.5121 31.4177 25.1059 23.2545
threshold=3.2939815763060616 0.0620629284754265 4.2801320875317508 2.0778917183253838 0.042366020629594159 0.0053354059941901977 1.5018818343491704 3.6362686359073835 0.1070556628253632 0.36099178573550711 1.7373324713914402 1.6936169399515857 1.6193392260821904 0.017481177374288403
decision_type=2 2 2 2 2 2 2 2 2 2 2 2 2 2
left_child=1 4 6 8 -1 -4 13 -8 11 10 -10 -3 -5 -2
right_child=2 3 5 12 -6 -7 7 -9 9 -11 -12 -13 -14 -15
leaf_value=-0.0019282328403491243 -0.0051831281614905141 0.020275367313602365 -0.026983499602229691 0.014856006092543268 0.0063479062334715194 -0.019282727399923455 -0.005913231482031424 -0.012306604710919225 0.028702489360352502 0.010794235750930022 0.019777122119549875 0.010794104470803726 0.0083428342202662865 0.016648159668026002
leaf_weight=1314.0390616431832 68.287622079253197 537.70320917665958 2066.7543054446578 1059.0039222016931 2613.1320063471794 1955.8199382610619 1265.2268687821925 2088.8246427215636 636.82820554077625 492.31380298733711 2000.0595981255174 931.64307886362076 1238.7572951689363 85.128370866179466
leaf_count=19934 1059 6533 39075 13417 36563 34927 20020 34807 7263 6412 24388 11993 16472 1173
internal_value=-2.20135e-05 0.011625 -0.016753 0.0161875 0.00358189 -0.0233248 -0.00914869 -0.00993194 0.0185241 0.0203668 0.0220828 0.0144336 0.0114215 0.00733459
internal_weight=18353.5 10823.5 7530.04 6896.31 3927.17 4022.57 3507.47 3354.05 4598.55 3129.2 2636.89 1469.35 2297.76 153.416
internal_count=274036 142975 131061 86478 56497 74002 57059 54827 56589 38063 31651 18526 29889 2232
is_linear=0
shrinkage=0.03


Tree=11
num_leaves=15
num_cat=0
split_feature=6 6 3 9 3 6 6 6 9 9 8 6 6 9
split_gain=3766.23 410.152 404.781 75.3444 70.9617 64.5498 36.2656 39.0319 31.6133 30.9169 29.7128 29.4673 26.309 23.5139
threshold=3.2939815763060616 4.5136028423406058 0.0620629284754265 1.9544544195385984 0.033732823398682069 2.6844345112494912 0.71754226264466137 2.3369748506914587 2.11685346438043 1.5018818343491704 0.23354826738118997 2.2137389487888997 5.1460398887267935 1.7271110081475349
decision_type=2 2 2 2 2 2 2 2 2 2 2 2 2 2
left_child=2 4 5 6 -2 8 -4 13 -1 -6 -7 -5 -3 -8
right_child=1 12 3 11 9 10 7 -9 -10 -11 -12 -13 -14 -15
leaf_value=0.01369684641018561 -0.013231509453999375 -0.021070768855222015 0.0093838927868273355 0.01314484909912326 0.0063950589471514011 -0.0055310118465494371 0.026167624811794802 0.012981753842326135 0.004722370184623903 -0.0065714747915064211 0.0022496058149077364 0.0028257915234598053 -0.027354724300272096 0.019006545681603804
leaf_weight=585.44939634948969 2575.6233875304461 1583.674508985132 375.75922330468893 3297.8508913516998 175.4380430392921 562.07847449183464 844.55249644070864 678.61207929998636 922.28479488193989 1394.7754427418113 1869.2303973957896 279.51321026682854 1690.6815283596516 1511.0097377300262
leaf_count=8029 43740 29374 4940 41969 2600 8469 9486 8517 12826 22581 27173 3743 32766 17823
internal_value=-2.30759e-05 -0.0164983 0.0111727 0.0155016 -0.0101721 0.00346415 0.0187355 0.0198417 0.00830773 -0.00507594 0.00042797 0.0123537 -0.0244254 0.0217234
internal_weight=18346.5 7420.19 10926.3 6987.3 4145.84 3939.04 3409.93 3034.17 1507.73 1570.21 2431.31 3577.36 3274.36 2355.56
internal_count=274036 131061 142975 86478 68921 56497 40766 35826 20855 25181 35642 45712 62140 27309
is_linear=0
shrinkage=0.03


Tree=12
num_leaves=15
num_cat=0
split_feature=7 3 6 9 3 7 9 6 6 9 6 6 7 9
split_gain=3573.11 506.727 295.21 78.213 48.8059 47.5423 43.5829 39.212 37.0975 26.4139 24.8113 23.5543 22.4575 21.9782
threshold=0.02438220837967572 0.055912091836689333 4.5533502986082128 2.0127692406526707 0.041096290117713409 0.086390984872955698 1.7669551885720913 2.2137389487888997 0.55920745798214477 1.7373324713914402 3.9560394329797357 2.9575076874722881 0.0053354059941901977 1.6696024277412966
decision_type=2 2 2 2 2 2 2 2 2 2 2 2 2 2
left_child=2 4 6 5 -2 13 -1 -5 -7 -10 -8 -6 -4 -3
right_child=1 3 12 7 11 8 10 -9 9 -11 -12 -13 -14 -15
leaf_value=-0.0045292349852991956 -0.0037451247371984345 0.01681179487244383 -0.02666020231653924 0.012002103011441632 0.0057250797736722097 0.0057482635922228818 -0.010094486613976673 0.0034506865571726371 0.024132525367439941 0.017356112985140129 -0.016016038016576528 -0.00070090728830189599 -0.020313603173452145 0.0086600383058080856
leaf_weight=653.94768897816539 1439.3441103585064 503.08277732133865 1970.8963743299246 3002.2074564024806 1367.0309712216258 202.15102929621935 1346.8253287412226 592.38909281790257 916.6153344810009 2050.6764141097665 1475.5038036108017 812.02179214730859 1123.4391255713999 883.36982724070549
leaf_count=10721 22324 6204 39075 38107 19238 2663 22640 8024 10208 24277 25934 11965 21050 11606
internal_value=-2.46204e-05 0.00986661 -0.0177233 0.0140079 0.000519038 0.0166428 -0.0116429 0.010613 0.0187105 0.0195602 -0.0132586 0.00334202 -0.0244651 0.0117662
internal_weight=18339.5 11768.9 6570.61 8150.49 3618.4 4555.9 3476.28 3594.6 3169.44 2967.29 2822.33 2179.05 3094.34 1386.45
internal_count=274036 154616 119420 101089 53527 54958 59295 46131 37148 34485 48574 31203 60125 17810
is_linear=0
shrinkage=0.03


Tree=13
num_leaves=15
num_cat=0
split_feature=7 3 6 3 6 10 10 7 7 6 10 11 10 11
split_gain=3389.23 467.713 291.861 67.7293 43.4118 39.1707 37.3103 26.3588 24.9858 22.7717 19.8444 19.9505 19.4045 16.6865
threshold=0.02438220837967572 0.054366026199827479 4.5533502986082128 0.075950246365727836 2.920466156401718 0.14901204498257284 0.21560530584071833 0.36099178573550711 0.013420447673330027 5.1460398887267935 0.19737023816377317 -0.86940428163143579 0.16184459357325207 -0.30673026742247539
decision_type=2 2 2 2 2 2 2 2 2 2 2 2 2 2
left_child=2 4 6 -3 -2 13 8 10 -1 -4 11 -7 -6 -5
right_child=1 3 9 5 12 7 -8 -9 -10 -11 -12 -13 -14 -15
leaf_value=-0.017426095744597688 0.0042178668703720772 0.0091495643493859444 -0.02084831914661258 0.0056775815231347492 -0.0057457911525086664 0.0078868013294593076 -0.0065915150003296157 0.0096071921355431172 -0.010811097581921973 -0.027050046324537065 0.019463777300808584 0.016263474810557302 0.00011323136919916565 0.013030727878031761
leaf_weight=937.35062632337213 1483.5873037427664 2512.7079681232572 1416.7807926759124 495.20498137921095 901.46904127299786 358.12117926031351 1060.9197023585439 515.86931347101927 1442.9727267771959 1611.0153215713799 2125.6499568670988 1576.7327910512686 1142.230800781399 751.72297047823668
leaf_count=16879 21074 33095 27359 6344 14003 4450 17833 6517 24583 32766 23812 18851 17175 9295
internal_value=-2.65817e-05 0.009496 -0.0174712 0.0133649 0.000334822 0.0151556 -0.0114141 0.0164646 -0.0135088 -0.0242652 0.0172972 0.0147856 -0.0024942 0.0102127
internal_weight=18332.3 11863.3 6469.04 8336.01 3527.29 5823.3 3441.24 4576.37 2380.32 3027.8 4060.5 1934.85 2043.7 1246.93
internal_count=274036 154616 119420 102364 52252 69269 59295 53630 41462 60125 47113 23301 31178 15639
is_linear=0
shrinkage=0.03


Tree=14
num_leaves=15
num_cat=0
split_feature=7 3 6 3 5 7 3 10 7 7 6 10 11 10
split_gain=3215.26 432.121 288.403 58.3852 44.9485 44.7198 44.0789 36.1426 24.4706 23.1675 20.9931 18.6217 15.9191 15.226
threshold=0.02438220837967572 0.055912091836689333 4.5533502986082128 0.075950246365727836 10.500000000000002 0.41314440273845981 0.041096290117713409 0.21560530584071833 0.013420447673330027 0.0053354059941901977 2.9575076874722881 0.14212097620998407 -0.30673026742247539 0.13495601071841071
decision_type=2 2 2 2 2 2 2 2 2 2 2 2 2 2
left_child=2 6 7 13 5 -5 -2 8 -1 -4 -8 12 -6 -3
right_child=1 3 9 4 11 -7 10 -9 -10 -11 -12 -13 -14 -15
leaf_value=-0.017173536885520608 -0.0035850919664838282 0.0032104774996459398 -0.026333051967197738 0.02167310999982696 0.003993222221819373 -0.00017057849389128188 0.0053882048135063046 -0.006433467071069952 -0.010590336612227811 -0.019819751142174543 -0.0006707328863545444 0.014132249037197167 0.012111094439706011 0.009909291635645261
leaf_weight=923.04039649665356 1431.8801634199917 379.77515860646963 1879.9908481016755 1061.8578084856272 366.09003478288651 91.266745328903198 1378.4137248620391 1054.8353729620576 1429.3816389515996 1083.0746745206416 811.29513085633516 3768.8274678736925 606.47402687370777 2058.8301809430122
leaf_count=16879 22324 5043 39075 11422 4689 1190 19238 17833 24583 21050 11965 44525 7443 26777
internal_value=-2.86672e-05 0.00914203 -0.0172197 0.0128964 0.0145263 0.0199643 0.000485779 -0.0111881 -0.0132659 -0.0240641 0.00315406 0.0131449 0.00916245 0.00889206
internal_weight=18325 11954.7 6370.32 8333.12 5894.52 1153.12 3621.59 3407.26 2352.42 2963.07 2189.71 4741.39 972.564 2438.61
internal_count=274036 154616 119420 101089 69269 12612 53527 59295 41462 60125 31203 56657 12132 31820
is_linear=0
shrinkage=0.03


Tree=15
num_leaves=15
num_cat=0
split_feature=7 3 6 9 7 9 6 9 7 6 9 9 6 6
split_gain=3050.45 399.659 284.848 61.5547 49.6178 40.5502 38.9206 28.9367 40.6328 26.4259 25.6244 24.5727 23.5891 23.5467
threshold=0.02438220837967572 0.054366026199827479 4.5533502986082128 2.1678930878040941 0.06579667573706377 1.7669551885720913 2.8535883538621087 1.7373324713914402 0.41314440273845981 2.1690373735723498 2.0634123770711685 1.8165749895899281 3.9560394329797357 5.1460398887267935
decision_type=2 2 2 2 2 2 2 2 2 2 2 2 2 2
left_child=2 6 5 4 11 -1 10 8 -6 -5 -2 -3 -7 -4
right_child=1 3 13 9 7 12 -8 -9 -10 -11 -12 -13 -14 -15
leaf_value=-0.0040702824861995265 0.011806289613155104 0.011193494185926248 -0.020364888899580883 0.008986242437333208 0.021303286406322949 -0.0094524599955044565 -0.002041552892851576 0.01352344609479301 0.0065394639830531759 -0.00050947357779574482 0.0019945059555711497 0.0020138530685331938 -0.015302741190839417 -0.026742103899706753
leaf_weight=643.85622861236334 308.34012296050787 690.52178532630205 1364.5204987488687 1524.1578555777669 1080.5481550619006 1311.6321384944022 2263.4785249717534 4253.8919108808041 218.01711121946573 316.43521025031805 957.56212742626667 430.26070500910282 1418.7323082312942 1535.5370291359723
leaf_count=10721 4248 8610 27359 19050 11478 22640 34482 50402 2811 4216 13522 5797 25934 32766
internal_value=-3.08451e-05 0.00880351 -0.0169686 0.0123169 0.0136638 -0.0109647 0.000311929 0.0148349 0.0189276 0.00736281 0.00449467 0.00774263 -0.0125593 -0.0238618
internal_weight=18317.5 12043.2 6274.28 8513.83 6673.24 3374.22 3529.38 5552.46 1298.57 1840.59 1265.9 1120.78 2730.36 2900.06
internal_count=274036 154616 119420 102364 79098 59295 52252 64691 14289 23266 17770 14407 48574 60125
is_linear=0
shrinkage=0.03


Tree=16
num_leaves=15
num_cat=0
split_feature=7 3 7 9 7 9 3 7 7 7 9 7 10 9
split_gain=2894.45 369.603 278.803 56.5671 41.8315 38.3135 37.8449 30.7012 29.1994 24.0256 30.5027 19.3312 18.719 17.7056
threshold=0.02438220837967572 0.054366026199827479 0.0088623409348470451 2.0127692406526707 0.06830590478145572 1.7669551885720913 0.041096290117713409 0.0053354059941901977 0.086390984872955698 0.36099178573550711 1.5710959258255943 0.014493370074146181 0.24654055576928524 2.230512928841653
decision_type=2 2 2 2 2 2 2 2 2 2 2 2 2 2
left_child=2 6 7 4 12 -4 -2 -1 -5 10 -6 -7 -3 -10
right_child=1 3 5 8 9 11 -8 -9 13 -11 -12 -13 -14 -15
leaf_value=-0.026001771340406009 -0.0034493389728838726 0.003841696650079223 -0.0036044600729258306 0.0028675223601717309 0.024765720818377301 -0.015063471630280842 0.0028526211703017064 -0.018975917979667554 0.011791343400980054 0.0089132875470801492 0.015229180962025662 -0.0095575429265364435 0.011996699990248848 0.0068345514383916619
leaf_weight=1793.8818852677941 1425.6071788221598 465.71166847646236 609.7978809773922 605.39977426081896 377.5431425049901 1146.5623132660985 2104.5053538009524 1192.1244393214583 2071.1018628925085 500.5921918079257 2915.7716446891427 1438.4473250806332 598.44523578137159 1063.9827764183283
leaf_count=39075 22324 6188 10131 8023 3878 21253 29928 23872 25007 6165 32520 25089 7254 13329
internal_value=-3.25335e-05 0.00848055 -0.0167179 0.0118311 0.0139864 -0.0104806 0.000303799 -0.0233057 0.00898721 0.015477 0.0164298 -0.0120725 0.0085308 0.0101497
internal_weight=18309.5 12128.7 6180.81 8598.55 4858.06 3194.81 3530.11 2986.01 3740.48 3793.91 3293.31 2585.01 1064.16 3135.08
internal_count=274036 154616 119420 102364 56005 56473 52252 62947 46359 42563 36398 46342 13442 38336
is_linear=0
shrinkage=0.03


Tree=17
num_leaves=15
num_cat=0
split_feature=7 3 7 9 7 9 3 7 10 7 9 7 7 9
split_gain=2746.79 342.259 274.937 52.3606 42.4424 36.9221 35.6843 30.9572 22.6377 22.0428 32.214 21.4046 18.8428 14.526
threshold=0.02438220837967572 0.054366026199827479 0.0088623409348470451 2.1468523193807534 0.086390984872955698 1.7669551885720913 0.038818768773430677 0.0053354059941901977 0.24654055576928524 0.36099178573550711 1.5710959258255943 0.089797493519931007 0.014493370074146181 1.925001347811172
decision_type=2 2 2 2 2 2 2 2 2 2 2 2 2 2
left_child=2 6 7 4 8 -4 -2 -1 -3 10 -6 -5 -7 -12
right_child=1 3 5 11 9 12 -8 -9 -10 -11 13 -13 -14 -15
leaf_value=-0.025832829239954766 -0.0037860896405318358 0.0057069366169924338 -0.0035098211691877101 0.00025923403892150443 0.024288484835815433 -0.014814283930427176 0.0025041696634282083 -0.01873009618234078 0.012559079017370961 0.0080915373626567998 0.016254674525588937 0.0084828250464609664 -0.0093523409453140048 0.012188463468715766
leaf_weight=1752.1751706786454 1236.6617944613099 1057.9225157089531 607.88722541183233 340.45488581806421 323.10172123461962 1131.3575940281153 2294.3052075766027 1172.0401115119457 783.8980401456356 532.41994477063417 1765.6722171008587 1760.0868939757347 1426.4221167489886 2116.5739787369967
leaf_count=39075 19512 13688 10131 4519 3225 21253 32740 23872 9247 6497 18732 21638 25089 24818
internal_value=-3.36948e-05 0.00817241 -0.0164678 0.011371 0.0126957 -0.0102649 0.000294416 -0.0230961 0.00870118 0.0142162 0.0149601 0.00716124 -0.0118406 0.0140932
internal_weight=18301 12211.1 6089.88 8680.13 6579.59 3165.67 3530.97 2924.22 1841.82 4737.77 4205.35 2100.54 2557.78 3882.25
internal_count=274036 154616 119420 102364 76207 56473 52252 62947 22935 53272 46775 26157 46342 43550
is_linear=0
shrinkage=0.03


Tree=18
num_leaves=15
num_cat=0
split_feature=6 6 6 9 9 9 6 6 9 6 6 6 4 8
split_gain=2609.55 316.774 266.345 88.5045 50.7825 35.0848 27.6734 24.8714 20.6895 27.7534 21.7995 20.5585 19.302 15.7332
threshold=3.5010415791527305 2.6844345112494912 4.5533502986082128 2.0778917183253838 1.8462830653215196 1.7669551885720913 1.6193392260821904 5.2804079136148419 1.6560164723978006 0.71754226264466137 1.9670879050346399 3.9560394329797357 0.10555555555555557 0.21987382141423609
decision_type=2 2 2 2 2 2 2 2 2 2 2 2 2 2
left_child=1 3 5 8 -3 -2 -5 -4 9 -1 12 -7 -10 -6
right_child=2 4 7 6 13 11 -8 -9 10 -11 -12 -13 -14 -15
leaf_value=0.0062730474278100178 -0.0039198934057711812 0.0062639084492006622 -0.020218762743448967 0.010969442127517172 -0.0065840057532244737 -0.0089485898884357068 0.0052434174118860038 -0.026933033193583804 0.0097364201861500389 0.019850990902831218 0.00932485336143077 -0.014560715627960885 0.015681703893324121 -0.00073645366967769565
leaf_weight=183.82885965704918 623.95158543810248 916.4583482183516 1546.5746967345476 1146.7035205289721 500.96951735019684 1233.7003927305341 2385.5489692017436 1175.169967148453 800.72576373070478 801.5157527923584 1566.6316254064441 1363.5745994485915 1923.9096274450421 2122.9261713698506
leaf_count=2309 10525 12205 33200 13417 7791 21876 30863 26925 9135 8145 19003 25934 20924 31784
internal_value=-3.46558e-05 0.00782462 -0.0163444 0.0108663 0.000242716 -0.0104294 0.00714083 -0.0232495 0.0133328 0.0174499 0.01233 -0.0119617 0.0139974 -0.00188398
internal_weight=18292.2 12349.2 5942.97 8808.86 3540.35 3221.23 3532.25 2721.74 5276.61 985.345 4291.27 2597.27 2724.64 2623.9
internal_count=274036 155576 118460 103796 51780 58335 44280 60125 59516 10454 49062 47810 30059 39575
is_linear=0
shrinkage=0.03


Tree=19
num_leaves=15
num_cat=0
split_feature=6 3 6 7 3 10 10 10 4 7 7 10 6 5
split_gain=2477.97 372.503 210.253 50.6954 39.6679 35.3461 28.5806 26.1887 30.131 25.3058 16.3491 16.0528 15.6345 13.1337
threshold=3.6362686359073835 0.051591492188112535 4.8019696776346406 0.1070556628253632 0.033732823398682069 0.21560530584071833 0.24958975124249741 0.15978463845106011 0.17914438502673799 0.012918276556817055 0.050394829356163386 0.12406242297502763 2.6844345112494912 7.5000000000000009
decision_type=2 2 2 2 2 2 2 2 2 2 2 2 2 2
left_child=1 4 5 6 -1 9 10 -5 -9 -2 -3 -12 -6 -8
right_child=2 3 -4 7 12 -7 13 8 -10 -11 11 -13 -14 -15
leaf_value=-0.006513880093559762 -0.017563667765265686 -0.00075517606274153352 -0.024534047719554721 0.0091959606000122443 0.0048760760208030546 -0.0075346190888316688 0.024935982118840502 0.011094047848278674 0.016817569537501579 -0.010808965150717503 -0.0020928960804549425 0.0073540072551676362 -0.00032441113567591601 0.010577415570497297
leaf_weight=832.2620111592114 1164.8771569244564 306.40110155567527 2097.9846108481288 1934.8777745515108 655.53923259675503 1042.3348412886262 57.223699871450663 2040.2651782855392 1628.7631754726171 1076.6031484045088 169.62549340724945 2006.991238951683 2314.6234303079545 955.04962032288313
leaf_count=13764 23335 4171 48348 23071 8996 18993 614 22804 17116 19603 2243 24973 34983 11022
internal_value=-3.58146e-05 0.00709732 -0.0171081 0.010388 -0.000787211 -0.0122737 0.00749289 0.012169 0.013693 -0.0144127 0.00570077 0.00660852 0.000842113 0.0117414
internal_weight=18283.4 12901.6 5381.8 9099.2 3802.42 3283.82 3495.29 5603.91 3669.03 2241.48 2483.02 2176.62 2970.16 1012.27
internal_count=274036 163757 110279 106014 57743 61931 43023 62991 39920 42938 31387 27216 43979 11636
is_linear=0
shrinkage=0.03


Tree=20
num_leaves=15
num_cat=0
split_feature=7 3 7 7 7 9 3 7 9 8 9 9 9 7
split_gain=2350.29 327.482 221.521 46.1809 40.8182 35.4634 34.6232 27.3414 26.8125 21.8093 19.3838 17.9819 17.3644 18.0205
threshold=0.021910014734660515 0.051591492188112535 0.0064598356318393462 0.1070556628253632 0.01240987691140401 2.0582777734826836 0.038818768773430677 0.36099178573550711 2.1734494846250758 0.51851564389571481 1.7669551885720913 1.5511502758327356 1.6271661634722758 0.06579667573706377
decision_type=2 2 2 2 2 2 2 2 2 2 2 2 2 2
left_child=2 6 -1 8 10 7 -2 11 12 -6 -4 -5 -3 -14
right_child=1 3 4 5 9 -7 -8 -9 -10 -11 -12 -13 13 -15
leaf_value=-0.024372875571250317 -0.0041204327714847713 0.013021613635527559 -0.008152348390024447 0.023231053572125179 -0.0094384527406883249 0.008679435422158677 0.0017990601031001028 0.0071217840527794665 0.0012387454816944104 0.0033443315248222793 -0.016954061472588752 0.013966143369890825 0.0039160660172846157 0.0093435873254554564
leaf_weight=2025.9641840606928 1484.4894903227687 592.16202666983008 325.43951353803277 233.16517108678818 1691.1867836713791 2270.2972434014082 2171.2470420747995 532.58993944525719 568.5026949942112 121.97260230407119 1288.2136731408536 2622.178040497005 967.4734905809164 1379.541193254292
leaf_count=47773 24025 6650 6265 2216 30633 26794 31195 6357 7367 1965 26292 27624 12580 16300
internal_value=-3.65024e-05 0.00697942 -0.0165076 0.0100031 -0.0117717 0.011692 -0.000611691 0.0136636 0.00724065 -0.00855816 -0.0152704 0.0148402 0.00838937 0.00714536
internal_weight=18274.4 12821.6 5452.78 9165.91 3426.81 5658.23 3655.74 3387.93 3507.68 1813.16 1613.65 2855.34 2939.18 2347.01
internal_count=274036 161108 112928 105888 65155 62991 55220 36197 42897 32598 32557 29840 35530 28880
is_linear=0
shrinkage=0.03


Tree=21
num_leaves=15
num_cat=0
split_feature=6 3 6 7 3 9 9 7 9 7 7 9 9 8
split_gain=2239.63 321.365 205.835 42.7615 36.277 33.0352 32.5617 28.2771 25.136 25.0029 17.1965 18.2025 16.4707 15.3509
threshold=3.6362686359073835 0.051591492188112535 4.8019696776346406 0.1070556628253632 0.033732823398682069 1.7669551885720913 2.0582777734826836 0.01240987691140401 1.8165749895899281 0.36099178573550711 0.061297778017475525 2.1734494846250758 1.5511502758327356 0.5268858976673908
decision_type=2 2 2 2 2 2 2 2 2 2 2 2 2 2
left_child=1 4 5 8 -1 -2 9 -7 -3 12 -10 -12 -5 -11
right_child=2 3 -4 6 -6 7 -8 -9 10 13 11 -13 -14 -15
leaf_value=-0.0062468440814986469 -0.0055338323211643363 0.010227154046512211 -0.024155396272909448 0.022199683337673325 0.0008132491974067248 -0.016644528063046823 0.0083610992223599918 -0.010071790538251101 -0.00013659672269725472 0.0090614948964978792 0.0083596611977013648 0.0016641642262975784 0.013400287291723108 -0.0041308725723581139
leaf_weight=824.23258396983147 640.13480305671692 1333.6128986738622 2006.780497930944 237.30975460261106 2972.4527478665113 1247.3672444783151 2286.3546395078301 1326.9761622585356 470.38210560753942 449.09231995791197 1196.8530879095197 535.81034345179796 2651.0998634397984 86.594371847808361
leaf_count=13764 11522 15360 48348 2216 43979 25807 26794 24602 6283 5282 14466 6914 27624 1075
internal_value=-3.68814e-05 0.00660978 -0.016613 0.00962294 -0.000737997 -0.011814 0.0112402 -0.0133345 0.00697519 0.0131178 0.00495076 0.00632119 0.0142342 0.0068745
internal_weight=18265.1 13043.8 5221.26 9247.11 3796.69 3214.48 5710.45 2574.34 3536.66 3424.1 2203.05 1732.66 2888.41 535.687
internal_count=274036 163757 110279 106014 57743 61931 62991 50409 43023 36197 27663 21380 29840 6357
is_linear=0
shrinkage=0.03


Tree=22
num_leaves=15
num_cat=0
split_feature=6 3 6 7 3 10 9 7 7 10 11 9 6 5
split_gain=2128.77 298.866 203.529 39.3864 34.3536 33.4199 30.1266 29.0347 23.8161 23.6766 16.9956 24.3493 14.6213 12.5704
threshold=3.6362686359073835 0.051591492188112535 4.8019696776346406 0.1070556628253632 0.033732823398682069 0.21560530584071833 1.925001347811172 0.41314440273845981 0.012918276556817055 0.24654055576928524 -1.7223412468009467 2.1734494846250758 2.920466156401718 7.5000000000000009
decision_type=2 2 2 2 2 2 2 2 2 2 2 2 2 2
left_child=1 4 5 9 -1 8 7 -5 -2 10 -3 -12 -6 -11
right_child=2 3 -4 6 12 -7 -8 -9 -10 13 11 -13 -14 -15
leaf_value=-0.0060958140877279748 -0.016843933948212701 0.00039610899336933866 -0.023963453456363564 0.014896459657308079 0.0031305433827859231 -0.00694609839258006 0.0089594187057881539 0.0049895704830656912 -0.010190579371371694 0.022975773013635074 0.0085242313021595476 0.001094693547721034 -0.0010837007316942032 0.0093832082884075102
leaf_weight=819.75471248477697 1113.7136090174317 549.66592901200056 1962.9537188336253 1970.669069737196 1316.9098959341645 1019.2083205096424 3460.2237972989678 330.08228298276663 1048.1314136311412 60.076228808611631 1367.9181026592851 563.73630178719759 1657.6059534698725 1015.1538572870195
leaf_count=13764 23335 7239 48348 19530 18412 18993 39417 4044 19603 621 16432 7284 25567 11447
internal_value=-3.75401e-05 0.00637949 -0.0163652 0.00926586 -0.00071707 -0.011586 0.0108098 0.0135167 -0.0137106 0.00673002 0.00506566 0.00638113 0.000788421 0.0104483
internal_weight=18255.8 13111.8 5144.01 9317.53 3794.27 3181.05 5760.98 2300.75 2161.85 3556.55 2481.32 1931.65 2974.52 1075.23
internal_count=274036 163757 110279 106014 57743 61931 62991 23574 42938 43023 30955 23716 43979 12068
is_linear=0
shrinkage=0.03


Tree=23
num_leaves=15
num_cat=0
split_feature=6 3 6 7 12 10 9 7 7 9 8 6 9 9
split_gain=2023.47 278.083 201.14 36.2084 33.7177 32.4179 28.2668 23.313 22.1639 22.1437 19.627 17.4853 15.4249 13.7647
threshold=3.6362686359073835 0.051591492188112535 4.8019696776346406 0.1070556628253632 2.249904835165133 0.21560530584071833 2.0582777734826836 0.012918276556817055 0.26353257994069657 1.6271661634722758 0.5268858976673908 2.920466156401718 2.3458851644740553 1.5511502758327356
decision_type=2 2 2 2 2 2 2 2 2 2 2 2 2 2
left_child=1 4 5 9 11 7 8 -2 13 -3 -10 -1 -11 -5
right_child=2 3 -4 6 -6 -7 -8 -9 10 12 -12 -13 -14 -15
leaf_value=0.002976746041751546 -0.016595497734732644 0.011660487527969936 -0.023769988726971919 0.021672211159164435 -0.0081869746624092035 -0.0067823459958289093 0.007732718472852511 -0.0099790758440447998 0.0096353226276490664 0.0058415665284823112 -0.004442667772128866 -0.0014269637767841236 -0.0043004128448858887 0.012938695349207652
leaf_weight=1353.1051131039858 1096.9546846672893 615.07255240902305 1920.3311847113073 205.27766636759043 458.61616989597678 1012.9598009809852 2318.6494461148977 1038.6983997449279 1059.6640879511833 2829.124620500952 88.651285693049431 1980.140168029815 131.31085684150457 2137.8415646702051
leaf_count=18926 23335 6745 48348 1865 7835 18993 26794 19603 11401 34524 1093 30982 1754 21838
internal_value=-3.80402e-05 0.00615871 -0.016118 0.00892502 -0.00069663 -0.0113605 0.0103979 -0.0134696 0.0121272 0.00649822 0.00850521 0.000366015 0.0053723 0.0138368
internal_weight=18246.4 13177.5 5068.94 9385.59 3791.86 3148.61 5810.08 2135.65 3491.43 3575.51 1148.32 3333.25 2960.44 2343.12
internal_count=274036 163757 110279 106014 57743 61931 62991 42938 36197 43023 12494 49908 36278 23703
is_linear=0
shrinkage=0.03


Tree=24
num_leaves=15
num_cat=0
split_feature=6 3 6 6 12 10 9 6 8 6 6 9 6 8
split_gain=1923.29 258.856 198.675 32.9725 32.0224 31.4296 24.0989 26.7931 23.6123 22.3721 16.4352 13.1905 15.0687 11.7482
threshold=3.6362686359073835 0.051591492188112535 4.8019696776346406 1.9670879050346399 2.249904835165133 0.21560530584071833 1.9193783370142892 0.71754226264466137 0.29174904617558722 4.0951772018816319 2.920466156401718 1.4297488781424199 2.4552969699580154 0.5268858976673908
decision_type=2 2 2 2 2 2 2 2 2 2 2 2 2 2
left_child=1 4 5 6 10 9 7 13 -5 -2 -1 -10 -13 -3
right_child=2 3 -4 8 -6 -7 -8 -9 11 -11 -12 12 -14 -15
leaf_value=0.0028811414944769501 -0.0096346159701792729 0.0078690332409156252 -0.023574980707093171 0.0028726158725180125 -0.0080053438221842198 -0.0066215406497698017 0.0084105590381487287 0.014096233404920376 0.015576620887913142 -0.016171049494146977 -0.0013861947022288511 0.0096240239258341981 0.0047977232160073442 -0.0040495355813296606
leaf_weight=1356.5098521411419 978.27185480296612 309.14642839878798 1878.882362511009 1202.7756777442992 455.34154181182384 1006.8905356898904 3407.6561977863312 1819.6723807826638 188.54680602997541 1131.9219552092254 1977.705599501729 1249.8386589437723 1187.6626183576882 86.339161112904549
leaf_count=18926 18599 3659 48348 15098 7835 18993 38114 17543 1991 24339 30982 13829 14705 1075
internal_value=-3.87377e-05 0.00594623 -0.0158715 0.00859866 -0.000677085 -0.0111374 0.0100728 0.0125562 0.00640291 -0.0132302 0.000355079 0.00799435 0.00731616 0.00521417
internal_weight=18237.2 13241.2 4995.97 9451.64 3789.56 3117.08 5622.81 2215.16 3828.82 2110.19 3334.22 2626.05 2437.5 395.486
internal_count=274036 163757 110279 106014 57743 61931 60391 22277 45623 42938 49908 30525 28534 4734
is_linear=0
shrinkage=0.03


Tree=25
num_leaves=15
num_cat=0
split_feature=6 6 6 9 9 10 7 6 6 7 9 9 9 6
split_gain=1828.05 241.718 196.137 56.2427 44.2862 30.4553 22.3494 22.2492 18.4705 14.3971 19.6327 14.157 14.0188 12.4537
threshold=3.6362686359073835 2.6844345112494912 4.8019696776346406 1.925001347811172 2.0435025635765154 0.21560530584071833 0.012918276556817055 1.9670879050346399 0.55920745798214477 0.033710473517710747 1.4297488781424199 2.3458851644740553 1.5511502758327356 3.3621084911301438
decision_type=2 2 2 2 2 2 2 2 2 2 2 2 2 2
left_child=1 3 5 8 9 6 -2 -5 -1 10 -3 -9 -10 -6
right_child=2 4 -4 7 13 -7 -8 11 12 -11 -12 -13 -14 -15
leaf_value=0.0026892243851939081 -0.016102830516460841 0.015244828441317769 -0.023378414890768636 0.008120018138727288 -0.0022414325779879837 -0.0064636710411040479 -0.0095601687046857151 0.0051467136824482783 0.0170052263702824 0.0048307974435065652 -0.0013238387121312443 -0.0018199933285726901 0.011037950860564551 -0.0078045340715673433
leaf_weight=215.9397901147604 1064.9913741275668 54.294514872133732 1838.577387444675 3382.1300672218204 1445.8117187172174 1000.9954827539623 1020.4537022970617 2098.0447640866041 470.19629688560963 1153.842748388648 889.97286311164498 292.14950292557478 2822.3135123178363 478.09675695002079
leaf_count=2638 23335 659 48348 37628 22053 18993 19603 26271 4402 15086 13824 3969 28888 8339
internal_value=-3.934e-05 0.00574218 -0.0156256 0.0084007 -0.00040077 -0.0109166 -0.0129925 0.00654896 0.0114064 0.00260506 -0.00014767 0.00428914 0.0119634 -0.00367356
internal_weight=18227.8 13302.8 4925.02 9280.77 4022.02 3086.44 2085.45 5772.32 3508.45 2098.11 944.267 2390.19 3292.51 1923.91
internal_count=274036 163757 110279 103796 59961 61931 42938 67868 35928 29569 14483 30240 33290 30392
is_linear=0
shrinkage=0.03


Tree=26
num_leaves=15
num_cat=0
split_feature=6 6 6 10 10 6 6 12 8 5 10 6 6 11
split_gain=1737.49 225 193.527 38.5514 36.7637 30.0535 24.4123 18.902 17.8865 14.1608 14.058 11.1578 10.6029 9.09512
threshold=3.6362686359073835 2.6844345112494912 4.8019696776346406 0.24414981615364431 0.16372903928307656 4.2054383316843014 1.6193392260821904 2.249904835165133 0.41538400459687669 8.5000000000000018 0.28067672134826954 0.71754226264466137 5.2804079136148419 -2.5791816380419927
decision_type=2 2 2 2 2 2 2 2 2 2 2 2 2 2
left_child=1 4 5 7 6 8 -1 -3 -2 11 -7 -6 -4 -5
right_child=2 3 12 13 9 10 -8 -9 -10 -11 -12 -13 -14 -15
leaf_value=0.0091342470037170474 -0.0095065772455960977 -0.00094535684427108485 -0.019597552476011134 0.0022758368760302928 0.00067371590550549618 -0.01523522678046452 0.003918730629940163 -0.0075233160561352409 -0.0019116875742502205 0.0091139213959383833 -0.0054253353954238602 0.016313470129161345 -0.025815706914704216 0.0085960628229575353
leaf_weight=1233.2063608542085 1338.4527571760118 2739.0419445596635 816.26433582603931 450.6808460354805 46.850431598722935 1183.3262375146151 2423.5172929689288 445.32110276818275 362.61425239592791 5223.3859097510576 172.27020576968789 415.14110323041677 983.12295337766409 385.23367741703987
leaf_count=13574 25938 41323 21423 6314 562 26130 30156 7753 6397 55661 3466 3843 26925 4571
internal_value=-3.98983e-05 0.00554607 -0.0153805 -0.000388188 0.00809635 -0.0106982 0.00570776 -0.00189622 -0.00791845 0.00961357 -0.0140616 0.0147985 -0.0231803 0.00528872
internal_weight=18218.4 13362.4 4856.05 4020.28 9342.1 3056.66 3656.72 3184.36 1701.07 5685.38 1355.6 461.992 1799.39 835.915
internal_count=274036 163757 110279 59961 103796 61931 43730 49076 32335 60066 29596 4405 48348 10885
is_linear=0
shrinkage=0.03


Tree=27
num_leaves=15
num_cat=0
split_feature=6 3 6 9 6 6 3 9 7 8 9 9 6 8
split_gain=1651.6 209.86 190.921 29.4157 32.2747 29.19 27.2043 18.3129 20.259 17.154 16.8287 14.1794 10.8226 9.85496
threshold=3.6362686359073835 0.051591492188112535 4.8019696776346406 2.230512928841653 2.411429443309669 4.2054383316843014 0.038818768773430677 1.7373324713914402 0.41314440273845981 0.41896581059515986 1.8244384458691447 1.7669551885720913 5.2804079136148419 0.5268858976673908
decision_type=2 2 2 2 2 2 2 2 2 2 2 2 2 2
left_child=1 6 5 4 7 9 -1 8 -3 -2 -6 -7 -4 -10
right_child=2 3 12 -5 10 11 -8 -9 13 -11 -12 -13 -14 -15
leaf_value=-0.0036399157980727833 -0.0092249438599807075 0.013999994215351579 -0.019365680278433314 0.0034665990119338856 0.0072209760114804412 -0.0072436985557563296 0.0015045579703112852 0.0084373849130495726 0.0083921140414730151 -0.0015587377566977606 0.0012094171352145515 -0.015443034181219518 -0.025658277948240268 -0.003723704713267439
leaf_weight=1564.5722636841238 1355.6862770579755 1183.3219499886036 801.65858267992735 1307.3922451511025 960.34494452923536 280.9908275604248 2219.160556152463 5205.5418168529868 147.49389056116343 333.48129726946354 747.35425385087729 1057.561357755214 959.92384341359138 85.155661322176456
leaf_count=25993 26466 10895 21423 15597 11156 5709 31750 55970 1756 5869 9585 23887 26925 1055
internal_value=-4.1119e-05 0.00535722 -0.0151376 0.00770484 0.00836267 -0.0104825 -0.000628653 0.00931437 0.0124162 -0.0077385 0.00462353 -0.0138212 -0.0229823 0.00400048
internal_weight=18209.6 13420.3 4789.3 9636.6 8329.21 3027.72 3783.73 6621.51 1415.97 1689.17 1707.7 1338.55 1761.58 232.65
internal_count=274036 163757 110279 106014 90417 61931 57743 69676 13706 32335 20741 29596 48348 2811
is_linear=0
shrinkage=0.03


Tree=28
num_leaves=15
num_cat=0
split_feature=6 6 6 9 9 10 7 7 9 7 7 9 6 6
split_gain=1569.93 197.173 188.243 46.9073 38.5852 28.3427 21.1527 18.351 14.0075 19.5146 12.6511 18.0433 11.4041 11.0348
threshold=3.6362686359073835 2.6844345112494912 4.8019696776346406 2.1009462155641714 2.0435025635765154 0.21560530584071833 0.012918276556817055 0.089797493519931007 1.6560164723978006 0.41314440273845981 0.033710473517710747 1.4297488781424199 3.3621084911301438 5.2804079136148419
decision_type=2 2 2 2 2 2 2 2 2 2 2 2 2 2
left_child=1 3 5 8 10 6 -2 -5 9 -1 11 -3 -6 -4
right_child=2 4 13 7 12 -7 -8 -9 -10 -11 -12 -13 -14 -15
leaf_value=0.014044445033050744 -0.015404920882110401 0.014453113288693521 -0.019133094086617508 0.0011887421993318976 -0.0020955874462991464 -0.0059501297573508072 -0.0089543559349176179 0.0060783763728170653 0.0083852433312308575 0.0028288418002970694 0.0044726929666909577 -0.0013184827795418952 -0.007447651559780089 -0.025499354784384882
leaf_weight=910.65841539204121 1022.4013505913317 55.363273054361343 787.46010066941381 982.33402179181576 1439.2780104614794 982.14986841008067 995.06420066207647 2382.9389512017369 5005.758590079844 174.68893835693598 1164.0251092500985 889.77504244819283 471.49902289360762 937.36447165906429
leaf_count=8334 23335 659 21423 12923 22053 18993 19603 27271 53148 2120 15086 13824 8339 26925
internal_value=-4.23783e-05 0.00517555 -0.0148956 0.00753833 -0.00038994 -0.0102695 -0.0123129 0.00466269 0.00911174 0.0123024 0.00239975 -0.000183267 -0.00346397 -0.0227829
internal_weight=18200.8 13476.3 4724.44 9456.38 4019.94 2999.62 2017.47 3365.27 6091.11 1085.35 2109.16 945.138 1910.78 1724.82
internal_count=274036 163757 110279 103796 59961 61931 42938 40194 63602 10454 29569 14483 30392 48348
is_linear=0
shrinkage=0.03


Tree=29
num_leaves=15
num_cat=0
split_feature=6 6 6 9 9 6 7 10 6 9 9 9 6 6
split_gain=1492.23 185.516 183.738 43.7214 36.4283 27.9679 17.8662 15.3409 14.9783 13.4435 12.9247 12.1955 12.2397 12.0163
threshold=3.6362686359073835 4.8019696776346406 2.6844345112494912 1.925001347811172 2.0435025635765154 4.2054383316843014 0.089797493519931007 0.21560530584071833 0.55920745798214477 1.7669551885720913 2.230512928841653 1.4693127104713464 1.8325494627242667 2.8875862353714372
decision_type=2 2 2 2 2 2 2 2 2 2 2 2 2 2
left_child=2 5 3 8 13 7 -5 -2 -1 -7 -8 -10 -13 -4
right_child=1 -3 4 6 -6 9 10 -9 11 -11 -12 12 -14 -15
leaf_value=0.0021109003566997476 -0.0093286803293555366 -0.022581922182930127 0.0061849179032735764 0.0029254856176399607 -0.0033724316486339486 -0.0069435974166257488 0.0076609900657881652 -0.0030518135018169361 0.016794967250678618 -0.01497599246461841 0.0038358291044475468 0.011474577394646097 0.0074871272441239525 0.00099844002610891946
leaf_weight=219.3765092715621 1131.6201059818268 1689.0867452956736 527.22121442854404 1617.6094808205962 1905.1091777458787 277.64200695231557 3145.9092180728912 533.23256125301123 260.76996005326509 1029.7977485060692 1129.7692256644368 1747.9858977869153 1390.7424715682864 1585.9075544588268
leaf_count=2638 22699 48348 6544 20684 30392 5709 34025 9636 2328 23887 13159 16596 14366 23025
internal_value=-4.33697e-05 -0.0146545 0.00500099 0.00727014 -0.00037772 -0.0100587 0.0056502 -0.00736348 0.00987397 -0.0133684 0.00666721 0.0103635 0.00975179 0.00232693
internal_weight=18191.8 4661.38 13530.4 9512.16 4018.24 2972.29 5893.29 1664.85 3618.87 1307.44 4275.68 3399.5 3138.73 2113.13
internal_count=274036 110279 163757 103796 59961 61931 67868 32335 35928 29596 47184 33290 30962 29569
is_linear=0
shrinkage=0.03


Tree=30
num_leaves=15
num_cat=0
split_feature=12 12 11 3 11 9 11 8 11 5 8 9 11 9
split_gain=1358.76 234.709 118.949 35.9658 22.9191 20.3928 14.7263 22.714 14.3482 13.1991 12.146 10.7025 9.04003 10.9275
threshold=2.249904835165133 1.8688348091416842 -3.7585365900405265 0.075950246365727836 -2.650131694242575 1.925001347811172 -3.0469630640349652 0.34194808769816071 -4.4832857056822357 13.500000000000002 0.40985279163372873 2.3458851644740553 -0.86940428163143579 2.1516810782533455
decision_type=2 2 2 2 2 2 2 2 2 2 2 2 2 2
left_child=1 3 8 11 10 -5 7 -4 -2 -6 -3 -1 13 -7
right_child=2 4 6 5 9 12 -8 -9 -10 -11 -12 -13 -14 -15
leaf_value=0.0045886677878471211 -0.024915939125505666 -0.0087052305125821204 -0.016118816210810728 0.0095924383326712569 0.0031540399470696284 0.0045224770970936148 -0.0082490295584473541 -0.0060271047571108707 -0.018212453451388239 -0.002061977859989125 -0.0027083296991651162 -0.0019001018919917502 0.006866513795277621 -0.0060042225461340668
leaf_weight=3762.031309902668 771.31871229410172 615.18216717615724 771.14690254628658 3173.2736602649093 582.97956924140453 465.15737725049257 1167.5794671475887 303.70976487547159 975.64061735570431 1606.4370291344821 625.28410367667675 235.63126451522112 3031.7242891415954 95.246987208724022
leaf_count=46601 23028 12395 18572 30478 8821 5046 22778 6321 26362 25193 11505 3110 32700 1126
internal_value=-4.34342e-05 0.00430683 -0.0154784 0.00648248 -0.00251889 0.0078186 -0.0107856 -0.0133895 -0.0213591 -0.000661089 -0.00575084 0.00420053 0.00621822 0.00262347
internal_weight=18182.3 14192.9 3989.4 10763.1 3429.88 6765.4 2242.44 1074.86 1746.96 2189.42 1240.47 3997.66 3592.13 560.404
internal_count=274036 176975 97061 119061 57914 69350 47671 24893 49390 34014 23900 49711 38872 6172
is_linear=0
shrinkage=0.03


Tree=31
num_leaves=15
num_cat=0
split_feature=6 6 6 10 10 6 12 8 11 5 10 6 7 4
split_gain=1350.97 180.311 161.208 31.0076 26.8875 26.2344 15.4297 15.2683 14.0319 13.3664 12.8933 12.0464 11.8158 12.1522
threshold=3.6362686359073835 4.8019696776346406 2.6844345112494912 0.24414981615364431 0.14020483418431798 4.2054383316843014 2.249904835165133 0.41896581059515986 -0.30673026742247539 8.5000000000000018 0.28067672134826954 5.2804079136148419 0.1070556628253632 0.13809523809523813
decision_type=2 2 2 2 2 2 2 2 2 2 2 2 2 2
left_child=2 5 4 6 8 7 -4 -2 -1 -6 -7 -3 -11 -14
right_child=1 11 3 -5 9 10 -8 -9 -10 12 -12 -13 13 -15
leaf_value=0.0016759675089407786 -0.0084654394428448718 -0.018395210552278177 -0.00088319635105734372 0.0046748205703321302 0.012457706384894428 -0.014070152921171085 -0.006887923062542497 -0.001192141262881741 0.0070848529974708039 0.0055125526316728932 -0.0045890301843501775 -0.025046148352019886 0.0064109569398568596 0.0096066711733664503
leaf_weight=1261.221838414669 1314.1995666436851 745.20646303892136 2733.6867175363004 848.41403765231371 487.79390609264374 1109.6738844439387 434.5803196541965 329.59333739429712 652.1255229189992 2552.7926936745644 166.84114095196128 877.47008465602994 2180.6088171228766 2479.9701214060187
leaf_count=15841 26466 21423 41323 10885 4457 26130 7753 5869 7184 29147 3466 26925 22648 24519
internal_value=-4.49999e-05 -0.0141859 0.00467826 -0.000369077 0.00678419 -0.00964869 -0.00173542 -0.00703105 0.00356025 0.0075767 -0.0128987 -0.0221882 0.00722146 0.00813681
internal_weight=18174.2 4542.98 13631.2 4016.68 9614.51 2920.31 3168.27 1643.79 1913.35 7701.17 1276.52 1622.68 7213.37 4660.58
internal_count=274036 110279 163757 59961 103796 61931 49076 32335 23025 80771 29596 48348 76314 47167
is_linear=0
shrinkage=0.03


Tree=32
num_leaves=15
num_cat=0
split_feature=7 7 7 9 8 7 3 7 9 7 7 4 7 7
split_gain=1283.22 202.1 128.203 44.6798 31.7788 23.4451 18.6651 16.6887 12.9964 15.7042 11.5122 12.7252 10.8459 10.8321
threshold=0.01684093620803476 0.045622487434631244 0.0064598356318393462 2.0778917183253838 0.40985279163372873 0.06579667573706377 0.031576604791400252 0.028245789555862797 1.642850023690644 0.41314440273845981 0.11064625738982067 0.10555555555555557 0.01240987691140401 0.0039656190539553776
decision_type=2 2 2 2 2 2 2 2 2 2 2 2 2 2
left_child=2 4 13 8 7 -5 12 -2 9 -3 -10 -12 -4 -1
right_child=1 3 6 5 -6 -7 -8 -9 10 -11 11 -13 -14 -15
leaf_value=-0.024890383617300432 -0.0058674909259205429 0.012273286235970703 -0.014411683345339777 -0.00085768519033632663 0.0030318575899613599 0.0048651925995656419 -0.0064903732609967882 -0.0012877989738191457 0.0053452003351759552 0.0021199506688224482 0.0051463335707634126 0.0095254173919339241 -0.0085246529102191038 -0.01836936718408053
leaf_weight=829.15809109061956 1307.4726780094206 952.87555912137032 1050.5513912700117 791.17284720763564 902.75395310297608 3361.032958380878 710.42100375890732 1586.045595407486 2120.8478857651353 167.92981572449207 900.08999416977167 2239.1306515783072 505.53852179646492 740.37441128119826
leaf_count=26047 23995 8558 25082 11055 13015 38582 14429 24022 24328 2000 9268 21540 10389 21726
internal_value=-4.56696e-05 0.00408237 -0.0154216 0.00621894 -0.00184687 0.00377558 -0.0107394 -0.00337678 0.00779631 0.0108001 0.00712738 0.00830027 -0.0125988 -0.0220173
internal_weight=18165.4 14329.4 3836.04 10533.1 3796.27 4152.21 2266.51 2893.52 6380.87 1120.81 5260.07 3139.22 1556.09 1569.53
internal_count=274036 176363 97673 115331 61032 49637 49900 48017 65694 10558 55136 30808 35471 47773
is_linear=0
shrinkage=0.03


Tree=33
num_leaves=15
num_cat=0
split_feature=7 6 6 9 8 7 9 7 6 6 9 7 7 4
split_gain=1221.71 191.215 127.945 41.7346 29.5558 21.755 18.3085 15.8933 12.4058 11.8544 11.6808 14.4575 10.0486 11.7551
threshold=0.01684093620803476 2.8535883538621087 4.8019696776346406 2.0778917183253838 0.40985279163372873 0.06579667573706377 1.7669551885720913 0.028245789555862797 5.2804079136148419 4.2801320875317508 1.642850023690644 0.41314440273845981 0.11064625738982067 0.10555555555555557
decision_type=2 2 2 2 2 2 2 2 2 2 2 2 2 2
left_child=2 3 6 10 7 -5 -1 -3 -4 -8 11 -2 -12 -14
right_child=1 4 8 5 -6 -7 9 -9 -10 -11 12 -13 13 -15
leaf_value=-0.0049778105748836815 0.011790075540283124 -0.005723168875919905 -0.017924323763418445 -0.0008451732408088523 0.0028897776606429718 0.004701222410754189 -0.009200081938341452 -0.001260328713735235 -0.024715974553146471 -0.014555652995509909 0.0052368910903572707 0.0020582515789339573 0.0049744835907068541 0.0091741303954613555
leaf_weight=471.73324032872915 960.544034935534 1300.7124998047948 720.29182562604547 778.53552079573274 907.01999239251018 3374.2303032055497 914.0134405978024 1605.9013855010271 837.64697591401637 839.04991642013192 2119.5217573270202 168.22005776315928 903.71131974458694 2255.443708948791
leaf_count=9322 8548 23995 21423 10876 13035 38582 19398 24328 26925 20605 24191 2000 9268 21540
internal_value=-4.64346e-05 0.00394826 -0.0151813 0.00602536 -0.00180442 0.00366212 -0.0104479 -0.00327658 -0.0217768 -0.0118651 0.00754488 0.0103858 0.0069097 0.00800196
internal_weight=18156.6 14373.8 3782.74 10560.2 3813.63 4152.77 2224.8 2906.61 1557.94 1753.06 6407.44 1128.76 5278.68 3159.16
internal_count=274036 176363 97673 115005 61358 49458 49325 48323 48348 40003 65547 10548 54999 30808
is_linear=0
shrinkage=0.03


Tree=34
num_leaves=15
num_cat=0
split_feature=7 6 6 9 8 7 3 7 6 9 7 7 9 8
split_gain=1163.07 178.859 126.096 38.7992 27.8866 20.3528 17.8259 15.1035 12.5652 10.8226 13.3584 10.1371 9.7656 9.68642
threshold=0.01684093620803476 2.8535883538621087 4.8019696776346406 2.0778917183253838 0.40985279163372873 0.06579667573706377 0.031576604791400252 0.028245789555862797 5.2804079136148419 1.642850023690644 0.41314440273845981 0.01240987691140401 1.4297488781424199 0.48855503453053578
decision_type=2 2 2 2 2 2 2 2 2 2 2 2 2 2
left_child=2 3 6 9 7 -5 11 -3 -4 10 -2 13 -6 -1
right_child=1 4 8 5 12 -7 -8 -9 -10 -11 -12 -13 -14 -15
leaf_value=-0.014640135254296766 0.011342670770777927 -0.0055817105572159211 -0.01768864682796201 -0.00082088037217719647 0.010448947376191047 0.0045434007972115983 -0.0060669235225888664 -0.0012241978344103533 -0.024547674246340807 0.0066679186685263021 0.0019984338083588226 -0.0081397699145636191 0.0015210898987697565 -0.0019716598786816879
leaf_weight=945.7152639888227 968.94000323116779 1294.1476037018001 708.37354007363319 777.98022893071175 114.5994574315846 3387.0187295004725 697.79420467466116 1604.1685335114598 818.48156968876719 5306.8972231969237 168.50221464782953 497.60708871856332 794.63414205238223 62.940237298607826
leaf_count=23231 8548 23995 21423 10876 1349 38582 14325 24328 26925 54999 2000 10389 11686 1380
internal_value=-4.71262e-05 0.00381899 -0.0149419 0.00581862 -0.00175374 0.00354206 -0.0102366 -0.00318862 -0.0215685 0.00727833 0.0100024 -0.0120894 0.00279767 -0.0138901
internal_weight=18147.8 14416.9 3730.91 10609.3 3807.55 4165 2204.06 2898.32 1526.86 6444.34 1137.44 1506.26 909.234 1008.66
internal_count=274036 176363 97673 115005 61358 49458 49325 48323 48348 65547 10548 35000 13035 24611
is_linear=0
shrinkage=0.03


Tree=35
num_leaves=15
num_cat=0
split_feature=7 3 7 7 9 3 9 7 7 9 7 7 8 9
split_gain=1107.17 167.026 123.638 31.0339 22.1272 19.0558 15.5291 15.1981 14.5723 15.2656 12.4409 11.2591 12.7327 12.3956
threshold=0.01684093620803476 0.045178308518216963 0.0056085051542415455 0.1070556628253632 1.4297488781424199 0.031576604791400252 2.230512928841653 0.02724131283028423 0.034835010130559833 2.11685346438043 0.01240987691140401 0.26353257994069657 0.5268858976673908 1.5511502758327356
decision_type=2 2 2 2 2 2 2 2 2 2 2 2 2 2
left_child=2 7 -1 4 -3 10 11 -2 -6 -10 -4 13 -13 -5
right_child=1 3 5 6 8 -7 -8 -9 9 -11 -12 12 -14 -15
leaf_value=-0.022325168984935636 -0.0048028237563076401 0.012595559318244506 -0.014089650458552093 0.015087737321969512 -0.0019606730267039013 -0.0063548084855819453 0.0031991015179246417 -0.00060370216300217265 0.004832223853238414 0.00090701572861253603 -0.0079599473578121881 0.0058360035174686124 -0.005135378091808372 0.0078159867224931803
leaf_weight=1259.3007753547281 1328.4791950546205 222.58639618754387 1200.2441129200161 231.06421054154634 442.75022961571813 727.06258999556303 945.96962893754244 1847.643154963851 3082.4910876601934 1263.5505461096764 493.97762143239379 1378.6453008800745 90.904469102621078 3624.6289253905416
leaf_count=41304 24840 2280 30684 1865 6456 15296 10575 28567 35278 15930 10389 13815 1093 35664
internal_value=-4.78899e-05 0.00369422 -0.0147036 0.00540345 0.00362537 -0.0106266 0.0068123 -0.00237439 0.0031704 0.00369807 -0.012388 0.00744335 0.0051123 0.00830855
internal_weight=18139.3 14458.7 3680.59 11282.6 5011.38 2421.28 6271.21 3176.12 4788.79 4346.04 1694.22 5325.24 1469.55 3855.69
internal_count=274036 176363 97673 122956 59944 56369 63012 53407 57664 51208 41073 52437 14908 37529
is_linear=0
shrinkage=0.03


Tree=36
num_leaves=15
num_cat=0
split_feature=6 6 6 9 8 6 9 6 6 6 9 3 11 3
split_gain=1049.93 157.548 124.713 35.8808 24.7744 19.0015 17.9209 13.0711 12.0345 11.5599 11.3788 10.0576 8.78856 7.94482
threshold=3.8490826385811467 2.8875862353714372 4.8019696776346406 2.096535701219373 0.40985279163372873 2.4973207021709536 1.7669551885720913 5.2804079136148419 3.3621084911301438 4.2801320875317508 1.642850023690644 0.14908409465980663 -1.6888807376687232 0.036048451417264725
decision_type=2 2 2 2 2 2 2 2 2 2 2 2 2 2
left_child=1 3 6 10 8 11 -2 -4 -3 -8 -1 -5 -12 -6
right_child=2 4 7 5 13 -7 9 -9 -10 -11 12 -13 -14 -15
leaf_value=0.0094321124631070574 -0.0043295163508455447 -0.001455754829300872 -0.017193675228766504 0.0030295994145271817 -0.0047241484632372524 -0.0011152418359409166 -0.0085575167649953442 -0.024220473159752825 -0.0054636708921856122 -0.013865285040326624 0.00339247932800439 0.0068535606267860387 0.0066271717417717892 0.0036148598051015646
leaf_weight=1169.0366868898273 466.19055114686489 1544.7802876569331 684.44756469503045 2287.8176593333483 105.2651205919683 775.53756782785058 907.85919290408492 783.25185616128147 1203.105864893645 807.79445905610919 957.24209543317556 864.12879714369774 4809.1082261428237 764.86074952036142
leaf_count=10726 9362 23669 21423 26645 1888 10939 19718 26925 22600 20605 11440 9155 48286 10655
internal_value=-4.78103e-05 0.00357905 -0.0143945 0.00538309 -0.00183733 0.00307424 -0.00973623 -0.0211507 -0.00323068 -0.0111551 0.00668113 0.00410546 0.00610039 0.00254307
internal_weight=18130.4 14480.9 3649.54 10862.9 3618.01 3927.48 2181.84 1467.7 2747.89 1715.65 6935.39 3151.95 5766.35 870.126
internal_count=274036 176003 98033 117191 58812 46739 49685 48348 46269 40323 70452 35800 59726 12543
is_linear=0
shrinkage=0.03


Tree=37
num_leaves=15
num_cat=0
split_feature=7 6 6 9 9 7 9 6 6 9 7 6 3 9
split_gain=1002.97 147.677 120.488 33.3748 24.1054 18.4494 16.5026 13.1997 10.8105 10.5544 11.6956 10.2266 9.20686 8.80185
threshold=0.01684093620803476 2.8875862353714372 4.8019696776346406 2.096535701219373 1.8244384458691447 0.06579667573706377 1.7669551885720913 5.2804079136148419 4.2801320875317508 1.642850023690644 0.41314440273845981 3.3621084911301438 0.14908409465980663 1.4297488781424199
decision_type=2 2 2 2 2 2 2 2 2 2 2 2 2 2
left_child=2 3 6 9 13 -5 -1 -4 -8 10 -2 -6 -7 -3
right_child=1 4 7 5 11 12 8 -9 -10 -11 -12 -13 -14 -15
leaf_value=-0.0043927953609601954 0.010303542060418483 0.0096435982004502239 -0.016957412434798615 -0.0011300143809037241 -0.0015364689213038134 0.0029618734479132905 -0.0084337847840507858 -0.024047101982960166 -0.013628852698624799 0.0058898936720021521 0.001646285566632593 -0.005254489919236667 0.006615693546451455 0.0012042274621760871
leaf_weight=461.97317058593035 1007.0912664830685 115.45307667925954 673.53954533301294 782.6431172862649 1521.4917458929121 2285.5937820449471 885.30282051488757 765.60750797018409 797.57032541185617 5793.6572664678097 170.17371173202991 1194.6258976571262 868.80918836593628 798.56891754642129
leaf_count=9322 8726 1337 21423 11045 23571 26539 19398 26925 20605 59726 2000 22675 9155 11589
internal_value=-4.85563e-05 0.00345831 -0.0142289 0.00520079 -0.00177743 0.00297561 -0.009613 -0.0209382 -0.0109946 0.00644845 0.00908859 -0.00319164 0.00399478 0.00240873
internal_weight=18122.1 14538.1 3583.99 10908 3630.14 3937.05 2144.85 1439.15 1682.87 6970.92 1177.26 2716.12 3154.4 914.022
internal_count=274036 176363 97673 117191 59172 46739 49325 48348 40003 70452 10726 46246 35694 12926
is_linear=0
shrinkage=0.03


Tree=38
num_leaves=15
num_cat=0
split_feature=7 6 7 9 9 3 7 7 6 6 9 8 9 9
split_gain=954.507 138.291 118.511 30.2491 23.5055 17.756 16.8948 11.7201 10.8866 10.1427 9.37193 10.5275 8.7859 8.52993
threshold=0.01684093620803476 2.8535883538621087 0.0056085051542415455 1.925001347811172 1.8244384458691447 0.031576604791400252 0.089797493519931007 0.01240987691140401 3.3621084911301438 0.55920745798214477 2.11685346438043 0.39565187351359038 2.230512928841653 1.4693127104713464
decision_type=2 2 2 2 2 2 2 2 2 2 2 2 2 2
left_child=2 3 -1 9 -3 7 10 -4 -6 -2 11 -5 -8 -11
right_child=1 4 5 6 8 -7 12 -9 -10 13 -12 -13 -14 -15
leaf_value=-0.021723243150996906 0.00086946946438583165 0.0024531331454176195 -0.013408539828861884 0.0049749176696032493 -0.0013483330674877449 -0.0058470060436274923 0.0056654019062930142 -0.0074067753933456121 -0.0051227174600419218 0.012301554173975085 -7.6562768844618209e-05 -0.0045295560552852188 0.0025836163395208805 0.0069809724512346497
leaf_weight=1184.2596619632095 227.06903070211411 957.99652340263128 1157.1071315892041 849.17900033295155 1639.5435480363667 713.30440867692232 3289.8512179106474 483.10182326287031 1189.0661386586726 312.82347191870213 1245.8765059970319 107.52788753062487 1165.7072529792786 3591.2923278510571
leaf_count=41304 2638 13402 30684 10382 25281 15296 34025 10389 22675 2631 16669 1289 13159 34212
internal_value=-4.89682e-05 0.00334647 -0.0139935 0.00507576 -0.00158146 -0.00999107 0.00380952 -0.0117239 -0.00295363 0.00709535 0.00164489 0.00385324 0.00487049 0.00745274
internal_weight=18113.7 14575.9 3537.77 10789.3 3786.61 2353.51 6658.14 1640.21 2828.61 4131.18 2202.58 956.707 4455.56 3904.12
internal_count=274036 176363 97673 115005 61358 56369 75524 41073 47956 39481 28340 11671 47184 36843
is_linear=0
shrinkage=0.03


Tree=39
num_leaves=15
num_cat=0
split_feature=7 6 6 9 8 7 9 6 7 6 9 7 3 7
split_gain=908.085 129.599 116.662 28.8922 22.1472 16.5466 15.7384 13.6581 10.441 10.2995 9.42592 10.2414 8.64569 8.47609
threshold=0.01684093620803476 2.8875862353714372 4.8019696776346406 2.096535701219373 0.40985279163372873 0.06579667573706377 1.7669551885720913 5.2804079136148419 0.028245789555862797 4.2801320875317508 1.642850023690644 0.41314440273845981 0.0489356033026579 0.12250214135311432
decision_type=2 2 2 2 2 2 2 2 2 2 2 2 2 2
left_child=2 3 6 10 8 12 -1 -4 -3 -8 11 -2 -5 -12
right_child=1 4 7 5 -6 -7 9 -9 -10 -11 13 -13 -14 -15
leaf_value=-0.0040965409182331172 0.0096130608890552006 -0.004986233591084667 -0.016459683153002724 0.0014520012936058049 0.0024437530105679162 0.0037499065570543535 -0.0080657879542591383 -0.023711080088336122 -0.0012679219406064248 -0.013174350300895754 0.0042187192282166792 0.00153187025693166 -0.0048726743300860275 0.0065688510890735997
leaf_weight=457.16440865397453 1020.9714835509658 1267.1065176539123 651.54550949856639 471.73505394905806 875.65524733439088 3173.1422924473882 872.09045396745205 733.27599428966641 1476.2471315525472 778.5560965500772 2728.3117598667741 170.72164238989353 310.24988335371017 3118.4345675781369
leaf_count=9322 8726 23995 21423 6904 12575 35694 19398 26925 22602 20605 30099 2000 4141 29627
internal_value=-4.89935e-05 0.00323838 -0.0137578 0.00485775 -0.00168055 0.00279012 -0.00920662 -0.0205123 -0.00300312 -0.0105723 0.00601121 0.00848878 -0.00110177 0.00548579
internal_weight=18105.2 14612.6 3492.63 10993.6 3619.01 3955.13 2107.81 1384.82 2743.35 1650.65 7038.44 1191.69 781.985 5846.75
internal_count=274036 176363 97673 117191 59172 46739 49325 48348 46597 40003 70452 10726 11045 59726
is_linear=0
shrinkage=0.03


Tree=40
num_leaves=15
num_cat=0
split_feature=7 6 7 9 9 7 6 8 6 9 9 8 6 6
split_gain=864.012 121.514 114.883 28.7733 27.9633 18.398 17.3339 10.7987 9.26524 9.00499 8.93924 10.657 8.7564 9.32587
threshold=0.01684093620803476 2.9575076874722881 0.0053354059941901977 1.925001347811172 1.5018818343491704 0.089797493519931007 4.4349746333048614 0.30159417353151896 3.2248559203275584 1.7757804432266548 2.11685346438043 0.39565187351359038 0.55920745798214477 1.8325494627242667
decision_type=2 2 2 2 2 2 2 2 2 2 2 2 2 2
left_child=2 3 -1 12 -3 10 9 -6 -9 -4 11 -5 -2 -14
right_child=1 4 6 5 7 -7 -8 8 -10 -11 -12 -13 13 -15
leaf_value=-0.021674056665322565 0.00074226397636285705 0.0094125436512685345 -0.0028283765253817412 0.0044005439666586696 -0.0043938104045733329 0.0045487821378724829 -0.012900530912949258 0.0021690182177565211 -0.002554119071331865 -0.0087613457611317742 -0.0002382373358369546 -0.0046081381611953942 0.0083329416369994462 0.0053735835340857074
leaf_weight=1069.3937617968768 227.87994477897882 170.12412475049496 313.62463690713048 974.93664503470063 1523.6524953395128 4489.1477111577988 964.40678154677153 570.09762858226895 1023.8607552610338 1101.5714243501425 1420.6608246937394 121.85208035260439 2002.4903429895639 2123.4340996518731
leaf_count=39075 2638 2040 6043 12071 26883 47184 26986 7987 17721 25569 19331 1491 17657 21360
internal_value=-4.95589e-05 0.00313389 -0.0135249 0.00460247 -0.0019385 0.00339979 -0.00974985 -0.00260001 -0.000860362 -0.00748998 0.0013361 0.00335102 0.00651962 0.00683487
internal_weight=18097.1 14648.1 3449 11360.4 3287.74 7006.6 2379.6 3117.61 1593.96 1415.2 2517.45 1096.79 4353.8 4125.92
internal_count=274036 176363 97673 121732 54631 80077 58598 52591 25708 31612 32893 13562 41655 39017
is_linear=0
shrinkage=0.03


Tree=41
num_leaves=15
num_cat=0
split_feature=7 3 7 6 3 10 6 10 11 10 4 7 7 7
split_gain=822.187 135.483 95.7363 23.3568 16.1879 15.5521 11.9753 11.7605 11.4969 9.2159 8.50611 8.93917 8.39129 8.78205
threshold=0.01502836385591688 0.04406032201926819 0.0053354059941901977 2.2137389487888997 0.03325375200167139 0.24654055576928524 4.5533502986082128 0.13163665217152129 -2.4106495796758152 0.29514862277192327 0.20714285714285716 0.14680196563243927 0.15242160459103429 0.26353257994069657
decision_type=2 2 2 2 2 2 2 2 2 2 2 2 2 2
left_child=2 4 -1 7 -2 8 -4 -3 -5 -8 12 -12 -9 -14
right_child=1 3 6 5 -6 -7 9 10 -10 -11 11 -13 13 -15
leaf_value=-0.021468187571474256 -0.0052000956678218413 0.002205719279849611 -0.0083065249590151043 -0.0062772149553435557 -0.00086640750543287765 0.0052941264265337438 -0.014517076118580502 0.0022111627977957453 0.0017438405422400079 -0.0026369364436277438 0.0060059951369647547 0.010145793010926494 0.0070371230766780833 0.0038425044227104791
leaf_weight=1047.7321941759437 1229.85527427122 963.96864588558674 1321.150103405118 156.58952763676643 2078.7085154019296 1239.1438403949142 649.64636324346066 852.4812929853797 2646.9163974300027 72.690080087631941 1858.3859725371003 694.02434895187616 1784.5994391292334 1492.9076450616121
leaf_count=39075 23821 10847 30999 2542 33842 13906 19106 8449 33028 1944 18397 6024 17194 14862
internal_value=-4.94812e-05 0.00285746 -0.0140987 0.0043733 -0.00249352 0.00251487 -0.0101913 0.00534902 0.0012648 -0.0133995 0.0057965 0.00718434 0.00491589 0.00560611
internal_weight=18088.8 14997.6 3091.22 11689 3308.56 4042.65 2043.49 7646.37 2803.51 722.336 6682.4 2552.41 4129.99 3277.51
internal_count=274036 182912 91124 125249 57663 49476 52049 75773 35570 21050 64926 24421 40505 32056
is_linear=0
shrinkage=0.03


Tree=42
num_leaves=15
num_cat=0
split_feature=6 6 6 9 9 6 10 6 3 9 3 8 9 8
split_gain=782.693 124.398 94.0922 25.9962 23.4688 19.8114 15.7182 14.3443 12.6648 9.31075 8.35353 8.28867 8.00403 8.10247
threshold=3.9560394329797357 2.9575076874722881 4.8019696776346406 1.8806478349140558 1.5018818343491704 2.2137389487888997 0.21560530584071833 5.2804079136148419 0.03325375200167139 2.230512928841653 0.07701055138646222 0.29412925037369786 2.11685346438043 0.39257348122630631
decision_type=2 2 2 2 2 2 2 2 2 2 2 2 2 2
left_child=1 3 6 -1 -3 9 -2 -4 -6 -5 12 -10 13 -7
right_child=2 4 7 5 8 10 -8 -9 11 -11 -12 -13 -14 -15
leaf_value=0.0063623554259198941 -0.011203108949747595 0.0078520199233927286 -0.015702795983074374 0.0051040758726455344 -0.0052177112766690738 0.0042844919737091069 -0.0050834781942873325 -0.023199396524433227 -0.0038011769402360564 0.0020554430458948358 -0.0082824670159148475 1.9000855765297486e-05 -0.00011991178646363011 -0.0024849035250295135
leaf_weight=3741.5414170026779 1164.7972798831761 186.90541384369135 620.48927463963628 3881.1470643058419 1156.8513062186539 1004.7197660319507 615.66422076523304 688.34903597459197 780.34311154484749 1211.0442042052746 66.977951906621456 1430.1983144208789 1353.3702683858573 178.35909337550402
leaf_count=35199 29936 2293 21423 39091 22589 12444 13644 26925 12976 13563 731 22518 18508 2196
internal_value=-4.93048e-05 0.00278729 -0.0137614 0.00430942 -0.0021082 0.00330087 -0.00914716 -0.0198636 -0.00269341 0.0043872 0.00116308 -0.00134609 0.00145973 0.00324561
internal_weight=18080.8 14991.5 3089.3 11437.2 3554.3 7695.62 1780.46 1308.84 3367.39 5092.19 2603.43 2210.54 2536.45 1183.08
internal_count=274036 182108 91928 121732 60376 86533 43580 48348 58083 52654 33879 35494 33148 14640
is_linear=0
shrinkage=0.03


Tree=43
num_leaves=15
num_cat=0
split_feature=7 3 7 7 9 3 10 6 10 11 9 9 7 8
split_gain=745.255 119.053 92.8717 21.1493 15.9203 14.589 12.7235 11.5986 8.93133 8.35538 8.11223 7.93164 8.93936 8.90453
threshold=0.01502836385591688 0.04406032201926819 0.0053354059941901977 0.06579667573706377 2.230512928841653 0.03325375200167139 0.24654055576928524 4.5533502986082128 0.29514862277192327 -2.4106495796758152 2.1213895579778863 1.7373324713914402 0.41314440273845981 0.40985279163372873
decision_type=2 2 2 2 2 2 2 2 2 2 2 2 2 2
left_child=2 5 -1 6 11 -2 9 -4 -9 -3 -11 12 -5 -13
right_child=1 3 7 4 -6 -7 -8 8 -10 10 -12 13 -14 -15
leaf_value=-0.021057209337148945 -0.0049397787090080386 -0.0061258466368101522 -0.0079180834250988097 0.0081613570406046734 0.0018940325044880697 -0.00081280627181294727 0.0044288742896681724 -0.014084470474455968 -0.0023763355758679634 0.002035693529930382 -0.0030265578769192248 0.0052147679681776912 0.001831677433759217 0.0014922329344376241
leaf_weight=1006.7349940221757 1218.5812528133392 155.67711888253689 1300.3894255384803 1380.0474948808551 1463.4721718654037 2075.3604847937822 992.42648668587208 633.80572534538805 71.92908776178956 1206.7971413843334 357.27068500965834 5298.6560087427497 246.45948322862387 665.50831414014101
leaf_count=39075 23821 2542 30999 11478 16734 33842 11525 19106 1944 15510 4830 53284 2811 6535
internal_value=-4.98245e-05 0.00267814 -0.0136317 0.00408837 0.00478431 -0.00235504 0.00175153 -0.00977675 -0.0129655 0.000181562 0.000861588 0.00533672 0.00722774 0.00480418
internal_weight=18073.1 15060.3 3012.86 11766.3 9054.14 3293.94 2712.17 2006.12 705.735 1719.74 1564.07 7590.67 1626.51 5964.16
internal_count=274036 182912 91124 125249 90842 57663 34407 52049 21050 22882 20340 74108 14289 59819
is_linear=0
shrinkage=0.03


Tree=44
num_leaves=15
num_cat=0
split_feature=7 6 7 9 9 6 3 10 9 3 6 7 7 9
split_gain=709.276 112.353 91.3128 23.7355 23.0935 17.3831 11.7293 11.5939 8.0518 8.04728 7.57229 8.62386 7.38909 7.11031
threshold=0.01502836385591688 2.9575076874722881 0.0053354059941901977 1.5018818343491704 1.8806478349140558 2.2137389487888997 0.03325375200167139 0.21560530584071833 2.230512928841653 0.07701055138646222 0.55920745798214477 0.14680196563243927 0.010534141652292868 2.11685346438043
decision_type=2 2 2 2 2 2 2 2 2 2 2 2 2 2
left_child=2 4 -1 -3 10 8 -5 12 -6 13 -2 -12 -4 -7
right_child=1 3 7 6 5 9 -8 -9 -10 -11 11 -13 -14 -15
leaf_value=-0.020846693421169599 0.00059431770384979379 0.0078884358484002329 -0.013348708547504015 -0.0050440764249005286 0.004761704968111991 0.0030518531372481813 -0.0013343190279866506 -0.0061936285021835557 0.0019322411496945472 -0.0081988576672556296 0.0050000695879817651 0.0081075131075349065 -0.0082363462547956796 -0.00011620580299294586
leaf_weight=986.84797904454172 226.02978835999966 190.25093974918127 741.65263325534761 1170.4332943335176 3911.8047293648124 1188.9129973649979 2219.7682259641588 687.35051565989852 1214.8772561922669 66.745470099151134 2098.3185321390629 1449.8148243278265 559.35931511595845 1353.1865336075425
leaf_count=39075 2592 2318 22027 23122 39091 14640 35740 16448 13563 731 20092 12515 13574 18508
internal_value=-4.99338e-05 0.00259272 -0.0133991 -0.00204208 0.00403531 0.0030862 -0.00263165 -0.00957443 0.0040988 0.00108427 0.00596068 0.0062986 -0.0112696 0.00137467
internal_weight=18065.4 15090.1 2975.21 3580.45 11509.7 7735.53 3390.2 1988.36 5126.68 2608.85 3774.16 3548.13 1301.01 2542.1
internal_count=274036 182912 91124 61180 121732 86533 58862 52049 52654 33879 35199 32607 35601 33148
is_linear=0
shrinkage=0.03


Tree=45
num_leaves=15
num_cat=0
split_feature=7 3 7 7 9 3 10 7 11 9 11 9 9 8
split_gain=675.014 104.838 89.7177 18.7469 13.817 13.1002 11.566 11.219 7.73079 7.41081 7.59158 7.40271 7.14417 8.31576
threshold=0.01502836385591688 0.04406032201926819 0.0053354059941901977 0.06579667573706377 2.230512928841653 0.03325375200167139 0.24654055576928524 0.0088623409348470451 -2.4106495796758152 2.1213895579778863 -1.6888807376687232 2.1570552039793141 1.7373324713914402 0.40985279163372873
decision_type=2 2 2 2 2 2 2 2 2 2 2 2 2 2
left_child=2 5 -1 6 12 -2 8 -4 -3 10 -10 -9 -5 -14
right_child=1 3 7 4 -6 -7 -8 11 9 -11 -12 -13 13 -15
leaf_value=-0.020634685270763821 -0.0046907690668196323 -0.0059573895768720844 -0.012198000038669041 0.006772675704704913 0.001786247615258831 -0.0007684799004645112 0.0041697227835267286 -0.0057219640187329262 0.00056914305543480251 -0.0029420791735712375 0.0061216201947570745 -0.011310295344024475 0.0048793745861295656 0.0012961898961037382
leaf_weight=967.52540949545801 1207.9739499725401 154.67379775643349 795.71088778600097 1641.9300885871053 1467.5400676876307 2072.6011215634644 998.63486545160413 862.21053396165371 934.07009313628078 356.3118418045342 277.08733803778887 313.23367689549923 5339.292563252151 668.79257667064667
leaf_count=39075 23821 2542 23872 14289 16734 33842 11525 20216 12103 4830 3407 7961 53284 6535
internal_value=-4.99326e-05 0.00251042 -0.0131683 0.00382454 0.00447651 -0.00222752 0.00162716 -0.00937532 0.000129502 0.000780916 0.00189878 -0.0073349 0.00498809 0.00448473
internal_weight=18057.6 15118.9 2938.68 11838.3 9117.56 3280.58 2720.78 1971.16 1722.14 1567.47 1211.16 1175.44 7650.02 6008.09
internal_count=274036 182912 91124 125249 90842 57663 34407 52049 22882 20340 15510 28177 74108 59819
is_linear=0
shrinkage=0.03


Tree=46
num_leaves=15
num_cat=0
split_feature=7 6 7 9 9 7 8 10 11 7 6 7 8 10
split_gain=642.336 99.5181 88.0946 21.6428 20.6218 12.5939 11.7278 11.2263 8.27641 7.36413 8.50895 7.30172 7.01311 7.31693
threshold=0.01502836385591688 2.9575076874722881 0.0053354059941901977 1.5018818343491704 1.925001347811172 0.06579667573706377 0.30159417353151896 0.21560530584071833 -2.650131694242575 0.41314440273845981 1.8325494627242667 0.012918276556817055 0.5268858976673908 0.29514862277192327
decision_type=2 2 2 2 2 2 2 2 2 2 2 2 2 2
left_child=2 4 -1 -3 9 -6 -5 11 -8 10 -2 -4 13 -11
right_child=1 3 7 6 5 -7 8 -9 -10 12 -12 -13 -14 -15
leaf_value=-0.020421227179925415 0.0072115094160274109 0.0074945789215655331 -0.01204244419919216 -0.0043185482891002049 0.00032425334425179557 0.0034187364220879218 -0.0027269256397443563 -0.0058448652846480389 0.0013870958238179113 0.00059355243488305276 0.0043966292040284738 -0.0058541686161020807 -0.0054318511024067312 0.011297151436936985
leaf_weight=948.7517810203135 1927.9359657540917 192.06618294119835 1015.8488838914782 1639.8644089661539 1503.2397906035185 5611.7478183060884 913.50979398190975 678.28727100603282 823.60859001427889 207.60076908022165 2171.1166803836823 260.33126812800765 90.82613980025053 65.472220629453659
leaf_count=39075 16251 2318 29599 30027 20654 59423 16531 16448 12304 2237 21360 6002 1075 732
internal_value=-5.00585e-05 0.00243072 -0.012939 -0.00194291 0.00377972 0.002767 -0.00251044 -0.0091791 -0.000781195 0.00537957 0.00574204 -0.0108628 0.00123094 0.00361447
internal_weight=18050.2 15147 2903.22 3569.05 11577.9 7114.99 3376.98 1954.47 1737.12 4462.95 4099.05 1276.18 363.899 273.073
internal_count=274036 182912 91124 61180 121732 80077 58862 52049 28835 41655 37611 35601 4044 2969
is_linear=0
shrinkage=0.03


Tree=47
num_leaves=15
num_cat=0
split_feature=6 6 6 9 9 6 6 8 8 3 11 9 6 6
split_gain=610.916 91.5279 86.9885 19.4354 18.2619 15.2139 14.6185 10.4525 8.89287 7.78598 7.76385 6.90421 6.70017 7.3958
threshold=3.9560394329797357 2.9575076874722881 5.1038219627132824 1.8806478349140558 1.5018818343491704 4.5533502986082128 2.2137389487888997 0.30159417353151896 0.34194808769816071 0.07701055138646222 -2.650131694242575 2.230512928841653 0.55920745798214477 1.8325494627242667
decision_type=2 2 2 2 2 2 2 2 2 2 2 2 2 2
left_child=1 3 5 12 -3 8 11 -6 -2 -8 -9 -5 -1 -14
right_child=2 4 -4 6 7 -7 9 10 -10 -11 -12 -13 13 -15
leaf_value=0.00038894722230483416 -0.0092406300180635243 0.0068209415517896292 -0.020884217714653285 0.0043198779076594317 -0.0041040981444739237 -0.012582355523139965 0.0012388302058009839 -0.0026590141123963768 -0.0040525644894001756 -0.0081784071298707534 0.001344640244231952 0.0017105196030359666 0.0071545191018385218 0.0043437668055924293
leaf_weight=227.34113688021898 746.91828424483538 191.65099266543984 816.80474926717579 3951.9387059807777 1615.413647454232 789.91042635403574 2551.1976582743227 893.8900072388351 552.3020362444222 66.687965296208858 824.58317831903696 1221.8279496580362 1735.3019203618169 1856.8217276036739
leaf_count=2592 19283 2293 34653 39091 29616 25472 33148 16163 12520 731 12304 13563 14689 17918
internal_value=-4.97094e-05 0.0023721 -0.012612 0.0036565 -0.00185555 -0.00925195 0.00278779 -0.00238264 -0.0071066 0.000953709 -0.00074291 0.00371038 0.00541082 0.0057257
internal_weight=18042.6 15136.7 2905.94 11611.1 3525.54 2089.13 7791.65 3333.89 1299.22 2617.89 1718.47 5173.77 3819.46 3592.12
internal_count=274036 182108 91928 121732 60376 57275 86533 58083 31803 33879 28467 52654 35199 32607
is_linear=0
shrinkage=0.03


Tree=48
num_leaves=15
num_cat=0
split_feature=6 6 6 9 9 6 6 8 8 3 11 9 6 6
split_gain=581.123 85.8518 85.5015 18.1522 17.2101 16.1747 13.6939 9.90285 8.53808 7.42849 7.32596 6.44628 6.25194 6.87786
threshold=3.9560394329797357 2.9575076874722881 5.1460398887267935 1.8806478349140558 1.5018818343491704 4.5533502986082128 2.2137389487888997 0.30159417353151896 0.34194808769816071 0.07701055138646222 -2.650131694242575 2.230512928841653 0.55920745798214477 1.8325494627242667
decision_type=2 2 2 2 2 2 2 2 2 2 2 2 2 2
left_child=1 3 5 12 -3 8 11 -6 -2 -8 -9 -5 -1 -14
right_child=2 4 -4 6 7 -7 9 10 -10 -11 -12 -13 13 -15
leaf_value=0.00037788798809562754 -0.0090449828849314996 0.0065968294038916964 -0.021029035325546206 0.0041766930850343385 -0.0039966362820890193 -0.012499002402672821 0.0012006362337301526 -0.0025865920220260472 -0.0039485066724413813 -0.008021287170703037 0.0013035310947367906 0.0016575531064231021 0.006905697782519097 0.0042005297064056438
leaf_weight=227.41235685348511 740.60356882214546 192.71021242812276 753.49835688620806 3965.1060349792242 1609.5767068043351 827.89634263142943 2553.8208453916013 891.8027160204947 550.27800211682916 66.254858188331127 825.5288367010653 1223.4984533786774 1744.2930573299527 1862.9511993303895
leaf_count=2592 19283 2293 32766 39091 29616 27359 33148 16163 12520 731 12304 13563 14689 17918
internal_value=-4.96894e-05 0.00229713 -0.0123863 0.00353722 -0.00180288 -0.00918642 0.00269809 -0.00231685 -0.00694276 0.000923105 -0.000721498 0.00358916 0.00522881 0.0055318
internal_weight=18035.2 15163 2872.28 11643.3 3519.62 2118.78 7808.68 3326.91 1290.88 2620.08 1717.33 5188.6 3834.66 3607.24
internal_count=274036 182108 91928 121732 60376 59162 86533 58083 31803 33879 28467 52654 35199 32607
is_linear=0
shrinkage=0.03


Tree=49
num_leaves=15
num_cat=0
split_feature=7 7 7 8 9 3 3 9 11 7 7 3 9 7
split_gain=553.467 103.682 60.9194 17.9188 16.3132 13.023 12.0347 11.3678 10.6411 9.3478 7.83442 6.49077 9.15522 10.7397
threshold=0.01240987691140401 0.044133243594029252 0.0043933961673124156 0.30159417353151896 2.096535701219373 0.031576604791400252 0.14908409465980663 1.2869005265451376 -2.5791816380419927 0.0074454096478330711 0.02724131283028423 0.30380098546291129 1.4693127104713464 0.12250214135311432
decision_type=2 2 2 2 2 2 2 2 2 2 2 2 2 2
left_child=2 3 -1 10 11 -4 -6 -5 -9 -7 -2 12 -3 -14
right_child=1 4 5 7 6 9 -8 8 -10 -11 -12 -13 13 -15
leaf_value=-0.021208821989816405 -0.0058310791475624183 0.0094883422131507317 -0.011800279948727651 0.012032851336287006 0.0010559370682235974 -0.012417111237538601 0.0049690426113079876 -0.0021245772978428076 0.0020423272971536858 -0.0019034184004795042 -0.0020079733434551928 0.0018183208137914639 0.0031431264909459466 0.0056861788431506457
leaf_weight=681.12462153472006 1045.8645848557353 330.14208594709635 1281.2469426225871 51.51841289922595 3146.194765329361 95.53673661313951 902.37550774216652 1437.8358910903335 874.79999922215939 267.42232475429773 927.95584353432059 849.01138078421354 3204.0371919944882 2932.9386985078454
leaf_count=30382 22159 2642 40431 604 37732 3134 9155 25888 12532 6383 15048 8140 33574 26232
internal_value=-4.96513e-05 0.00197703 -0.0136605 -0.00196381 0.00348188 -0.0103701 0.00194324 -0.000197126 -0.00054536 -0.00505376 -0.00406242 0.0043276 0.00465206 0.00436938
internal_weight=18028 15702.7 2325.33 4337.97 11364.7 1644.21 4048.57 2364.15 2312.64 362.959 1973.82 7316.13 6467.12 6136.98
internal_count=274036 193706 80330 76231 117475 49948 46887 39024 38420 9517 37207 70588 62448 59806
is_linear=0
shrinkage=0.03


Tree=50
num_leaves=15
num_cat=0
split_feature=7 6 6 8 9 0 6 6 9 3 11 12 7 11
split_gain=527.335 99.4071 61.0781 16.9929 16.2517 13.5084 12.2887 10.8102 8.83261 7.10262 6.8005 7.62518 6.51207 6.1966
threshold=0.01240987691140401 2.9575076874722881 5.2804079136148419 0.40985279163372873 1.8806478349140558 9.5000000000000018 2.2137389487888997 3.6362686359073835 1.2869005265451376 0.07701055138646222 -1.8548554039531877 2.249904835165133 0.018178758054825953 -1.166244227235256
decision_type=2 2 2 2 2 2 2 2 2 2 2 2 2 2
left_child=2 4 5 7 -2 -1 13 10 -5 -8 11 -3 -10 -6
right_child=1 3 -4 8 6 -7 9 -9 12 -11 -12 -13 -14 -15
leaf_value=-0.004229811685991066 0.0049068098638832382 -0.00026794853825389101 -0.021779730987392974 0.012035832820103823 0.0073635303495397505 -0.011615895532021999 0.0011102614266255068 -0.0057096240367514282 -0.0036849760996327252 -0.007920543610920542 -0.0064517813573545238 -0.0053016868200243279 0.0019293858906846268 0.0030782144950796454
leaf_weight=291.27197781205177 3861.7292122542858 1408.9111491627991 585.93520010635257 48.885351400822401 319.17377396672964 1418.8757355269045 2560.008273486048 1048.3597553186119 235.0490246899426 65.978447526693344 246.3465128839016 320.83035286515951 711.9439187310636 4897.5132275223732
leaf_count=7474 35199 22774 26925 575 3195 45931 33148 23379 4573 731 4127 6245 10301 49459
internal_value=-4.91546e-05 0.00191572 -0.0134307 -0.0021484 0.00331266 -0.0104056 0.00251983 -0.0032636 0.00123659 0.000839663 -0.00193269 -0.00123915 0.000500139 0.00336076
internal_weight=18020.8 15724.7 2296.08 4020.33 11704.4 1710.15 7842.67 3024.45 995.878 2625.99 1976.09 1729.74 946.993 5216.69
internal_count=274036 193706 80330 71974 121732 53405 86533 56525 15449 33879 33146 29019 14874 52654
is_linear=0
shrinkage=0.03


Tree=51
num_leaves=15
num_cat=0
split_feature=7 6 6 8 9 6 7 0 9 11 12 6 6 8
split_gain=502.457 97.6818 56.5174 16.6042 15.2427 11.2068 10.0091 9.93636 8.37 6.4753 7.23807 6.22245 7.17338 6.63539
threshold=0.011917045274892232 2.9575076874722881 5.2804079136148419 0.40985279163372873 1.925001347811172 3.6362686359073835 0.06579667573706377 9.5000000000000018 1.2869005265451376 -1.8548554039531877 2.249904835165133 0.71754226264466137 1.8325494627242667 0.5268858976673908
decision_type=2 2 2 2 2 2 2 2 2 2 2 2 2 2
left_child=2 4 7 5 11 9 -6 -1 -5 10 -3 13 -13 -2
right_child=1 3 -4 8 6 -7 -8 -9 -10 -11 -12 12 -14 -15
leaf_value=-0.0047081149936716634 0.0030200718819144573 -0.00026005534661071152 -0.021582852089999625 0.011542380570351958 0.00016433727387906615 -0.0056582727619771712 0.0029132848170505413 -0.011493883649808809 0.000432466100168089 -0.0063031938497365037 -0.0051733939764471949 0.0062995018955036919 0.0037219119485373494 -0.0055088057226352228
leaf_weight=261.01590247265995 353.27126052230597 1408.5844823569059 573.86189610883594 50.240271106362343 1509.9890004508197 1108.6911504752934 5680.4491662830114 1343.8948327675462 969.5533643476665 244.96395990252495 319.31811906397343 1893.9568300098181 2205.1834834590554 91.085226155817509
leaf_count=6840 3692 22774 26925 591 20654 25075 59423 44381 15346 4127 6245 15528 21360 1075
internal_value=-4.91339e-05 0.00181334 -0.0135054 -0.00216641 0.00320537 -0.00326056 0.00233755 -0.0104441 0.00113918 -0.0018806 -0.00120475 0.00456655 0.00493148 0.001149
internal_weight=18014.1 15835.3 2178.77 4101.35 11733.9 3081.56 7190.44 1604.91 1019.79 1972.87 1727.9 4543.5 4099.14 444.356
internal_count=274036 195890 78146 74158 121732 58221 80077 51221 15937 33146 29019 41655 36888 4767
is_linear=0
shrinkage=0.03


Tree=52
num_leaves=15
num_cat=0
split_feature=6 6 6 9 9 0 6 9 4 11 0 9 8 11
split_gain=478.709 92.3706 55.3197 16.3257 15.5201 10.3884 9.47722 9.45137 8.14573 7.24677 6.92003 6.57153 7.0122 6.18694
threshold=4.2054383316843014 3.0563541271966739 5.2804079136148419 1.4297488781424199 2.2430284353092422 9.5000000000000018 2.4552969699580154 1.9810261925759773 0.55050505050505061 -2.650131694242575 7.5000000000000009 1.7373324713914402 0.40985279163372873 -0.30673026742247539
decision_type=2 2 2 2 2 2 2 2 2 2 2 2 2 2
left_child=1 4 5 -3 6 -2 11 9 -8 -5 -11 -1 -13 -6
right_child=2 3 -4 7 13 -7 8 -9 -10 10 -12 12 -14 -15
leaf_value=0.0056704208490417612 -0.0043883296022237551 0.0076257515151456614 -0.021384298770050859 -0.0024227969617706025 -0.00056040135874857336 -0.011339561429527988 0.0010305574038106833 -0.0041623259516899679 0.0055092646293566847 -0.00017542241577373833 0.0077436989429457703 0.0038600528382506561 0.00058020198892089236 0.0032265536086816642
leaf_weight=1659.0012849345803 256.74279535934329 126.13867714628577 562.1319276522845 1046.9029120653868 1370.2268113568425 1323.4305570982397 2059.0028609484434 1998.8618199042976 432.36468444392085 368.33684588223696 120.65030783414841 5495.3385431393981 663.09425422549248 525.00361125171185
leaf_count=14046 6784 1589 26925 19333 17838 44235 25287 39768 5430 5259 2018 53698 6327 5499
internal_value=-4.89896e-05 0.00175242 -0.0133089 -0.00242 0.00300548 -0.010262 0.00346364 -0.00280919 0.00183614 -0.00102495 0.00195082 0.00397781 0.00350917 0.000505734
internal_weight=18007.2 15864.9 2142.31 3660.89 12204 1580.17 10308.8 3534.75 2491.37 1535.89 488.987 7817.43 6158.43 1895.23
internal_count=274036 196092 77944 67967 128125 51019 104788 66378 30717 26610 7277 74071 60025 23337
is_linear=0
shrinkage=0.03


Tree=53
num_leaves=15
num_cat=0
split_feature=7 7 7 3 9 3 9 0 3 9 7 7 8 7
split_gain=455.997 84.5879 53.7679 15.7383 13.4499 10.6206 9.68058 8.38438 6.20089 8.2016 9.15534 6.84952 6.1769 6.11415
threshold=0.011917045274892232 0.044133243594029252 0.0043933961673124156 0.033732823398682069 2.096535701219373 0.14908409465980663 1.2869005265451376 9.5000000000000018 0.30380098546291129 1.4693127104713464 0.12250214135311432 0.21198085108051742 0.22615388202153433 0.020331361185642664
decision_type=2 2 2 2 2 2 2 2 2 2 2 2 2 2
left_child=2 3 -1 -2 8 -6 -5 -4 9 11 -11 -3 -8 -14
right_child=1 4 7 6 5 -7 12 -9 -10 10 -12 -13 13 -15
leaf_value=-0.020397815406396347 -0.0041355436687650635 0.010459700407959396 -0.0044587162576519186 0.010653457240321424 0.00083260045079639323 0.0044888987984856611 -0.0056935298059990784 -0.0108099355812603 0.0013902954652202191 0.0027424698045190538 0.0050743276722062967 -0.00090642964743097975 -0.0033757363330988838 0.00040633921048582395
leaf_weight=629.71805712766945 1647.3883846253157 281.47467793524265 255.1318522952497 54.145623758435249 3164.6522932089865 912.58772878348827 192.25405859202147 1240.3158349096775 857.97149585187435 3235.0131687745452 2972.1988973990083 54.159656815230846 458.16381531581283 2045.2532236911356
leaf_count=30382 34891 2214 6682 620 37732 9155 3258 41082 8140 33574 26232 428 9144 30502
internal_value=-4.82461e-05 0.00170268 -0.0130481 -0.00183091 0.00305701 0.00166443 -0.000435284 -0.00978142 0.00381929 0.00413389 0.00386857 0.00866529 -0.000715735 -0.000301822
internal_weight=18000.4 15875.3 2125.17 4397.21 11478.1 4077.24 2749.82 1495.45 7400.82 6542.85 6207.21 335.634 2695.67 2503.42
internal_count=274036 195890 78146 78415 117475 46887 43524 47764 70588 62448 59806 2642 42904 39646
is_linear=0
shrinkage=0.03


Tree=54
num_leaves=15
num_cat=0
split_feature=6 6 6 9 9 1 7 4 9 11 1 6 4 9
split_gain=434.359 81.7974 53.8143 14.9437 13.8921 9.67188 8.75275 9.3547 8.70193 6.64327 6.52579 6.08573 6.05429 5.96621
threshold=4.2054383316843014 3.0563541271966739 5.2804079136148419 1.4297488781424199 2.2430284353092422 2.249904835165133 0.06830590478145572 0.41421568627450983 1.9810261925759773 -2.650131694242575 2.0126758453675748 3.3621084911301438 0.90454545454545465 1.7586049780652953
decision_type=2 2 2 2 2 2 2 2 2 2 2 2 2 2
left_child=1 4 5 -3 6 -2 7 -1 9 12 13 -10 -5 -11
right_child=2 3 -4 8 -6 -7 -8 -9 11 10 -12 -13 -14 -15
leaf_value=-0.00023681092056588877 -0.0041653979683262503 0.0072788542152156573 -0.020989858267765917 -0.0027590287874997769 0.0004549250307830197 -0.010900941035427219 0.0037430673712707551 0.0034237908861944289 -0.0016186186187426015 0.0051283394008250147 0.007492205515670116 -0.0051617200265842936 0.0082136235342969242 -0.0027160978115691823
leaf_weight=1190.7559159807861 254.61516714841127 127.2372217848897 540.07162727415562 1009.6811506710947 1897.7069725804031 1295.6046652346849 7858.3582095131278 1310.8615192361176 678.7828990034759 114.10895711556077 121.46256520971656 1307.1086010076106 33.059398923069239 254.28489645197988
leaf_count=14042 6784 1589 26925 18637 23337 44235 74054 16692 11338 1473 2018 28430 696 3786
internal_value=-4.76123e-05 0.0016461 -0.0128537 -0.00229224 0.00281883 -0.00984518 0.00325056 0.00169034 -0.00266779 -0.000955848 0.0018879 -0.00397189 -0.0022996 -0.000180727
internal_weight=17993.7 15903.4 2090.29 3645.73 12257.7 1550.22 10360 2501.62 3518.49 1532.6 489.856 1985.89 1042.74 368.394
internal_count=274036 196092 77944 67967 128125 51019 104788 30734 66378 26610 7277 39768 19333 5259
is_linear=0
shrinkage=0.03


Tree=55
num_leaves=15
num_cat=0
split_feature=6 6 6 8 9 7 6 0 9 7 4 4 8 4
split_gain=413.632 76.8599 52.9558 14.3304 12.9601 9.68064 9.65469 9.31721 6.53122 6.02598 6.44013 5.77592 5.64782 5.35714
threshold=4.2054383316843014 2.9575076874722881 5.2804079136148419 0.40985279163372873 1.8806478349140558 0.089797493519931007 3.6362686359073835 9.5000000000000018 1.2869005265451376 0.018178758054825953 0.63068181818181823 0.53589743589743599 0.31774527464915747 0.35504201680672276
decision_type=2 2 2 2 2 2 2 2 2 2 2 2 2 2
left_child=1 4 7 6 -1 11 13 -2 -5 10 -10 -6 -13 -3
right_child=2 3 -4 8 5 -7 -8 -9 9 -11 -12 12 -14 -15
leaf_value=0.0042295247053009289 -0.0040622672022893533 0.0076984094087002774 -0.020786539683357773 0.0101576787446356 0.00016287757538458207 0.0028789646349841823 -0.0052162827311927791 -0.010686790316639119 -0.0079237132783374839 0.0018988596482458777 0.0011567529307725246 0.0057903301689357792 -0.0050655352737469161 -0.0019414646154476366
leaf_weight=3919.8140377104282 253.64262097515166 38.796927366405725 529.303905505687 52.189247503876686 2437.2898694835603 5158.986097574234 1095.3936503604054 1282.4226532429457 122.23995155096054 712.4335111156106 137.32346967607737 286.50646793469787 38.483517304062843 1922.5136362090707
leaf_count=35199 6784 529 26925 600 30791 51321 25172 44235 2408 10301 2733 3918 503 32617
internal_value=-4.69604e-05 0.00159537 -0.0126279 -0.00195002 0.00281817 0.00211309 -0.00297541 -0.00964278 0.00110907 0.000476237 -0.0033189 0.000674877 0.00433807 -0.00169379
internal_weight=17987.3 15922 2065.37 4080.89 11841.1 7921.27 3056.7 1536.07 1024.19 971.997 259.563 2762.28 324.99 1961.31
internal_count=274036 196092 77944 74360 121732 86533 58318 51019 16042 15442 5141 35212 4421 33146
is_linear=0
shrinkage=0.03


Tree=56
num_leaves=15
num_cat=0
split_feature=6 6 6 8 6 10 4 0 4 3 8 10 8 6
split_gain=393.823 72.2591 52.0808 13.5158 11.0232 10.957 10.7809 8.97115 7.41415 7.31184 6.26215 6.15786 6.88717 6.11023
threshold=4.2054383316843014 3.0563541271966739 5.2804079136148419 0.40985279163372873 1.7316163862908043 0.12117981316036251 0.12916666666666668 9.5000000000000018 0.18465909090909094 0.063575780536609436 0.5268858976673908 0.23637679345142351 0.35922090048875471 2.4552969699580154
decision_type=2 2 2 2 2 2 2 2 2 2 2 2 2 2
left_child=1 4 7 9 6 -6 10 -2 -7 -3 11 12 -1 -10
right_child=2 3 -4 -5 5 8 -8 -9 13 -11 -12 -13 -14 -15
leaf_value=0.0027046693988610131 -0.0039613563503868637 -0.0033939105934972643 -0.020581686853419306 0.00097128469773557721 -0.0018218594773970434 -0.0022446440850536231 0.0052581865897939435 -0.010474831431627628 0.0032937276596512275 0.010006483534421308 -0.004637216154992815 0.005934625007034411 -0.0021476380993161993 0.0014138185864458774
leaf_weight=1882.2921604216099 252.69740398228168 2691.2059953138232 518.84323433414102 916.58541321754456 639.70209138840437 303.24301557987928 2268.6436127647758 1269.6211086027324 3584.9684746861458 23.03833594545722 95.319010309875011 433.55706248432398 294.22590985894203 2807.1095185540617
leaf_count=17998 6784 52930 26925 14745 8450 2868 19866 44235 35773 292 1074 4209 2758 35129
internal_value=-4.65282e-05 0.00154603 -0.0124037 -0.00216663 0.00264246 0.00189661 0.00373333 -0.00944283 0.00225517 -0.0032258 0.00243269 0.00271591 0.00203852 0.0024734
internal_weight=17981.1 15939.9 2041.16 3630.83 12309.1 7335.02 4974.04 1522.32 6695.32 2714.24 2705.39 2610.08 2176.52 6392.08
internal_count=274036 196092 77944 67967 128125 82220 45905 51019 73770 53222 26039 24965 20756 70902
is_linear=0
shrinkage=0.03


Tree=57
num_leaves=15
num_cat=0
split_feature=7 7 7 9 9 7 4 11 10 9 7 7 10 9
split_gain=374.984 66.2151 50.6679 13.7119 12.975 13.2239 9.51218 8.90468 8.23029 8.17643 7.07207 6.3146 6.28658 5.94465
threshold=0.011917045274892232 0.036065169011250925 0.0053354059941901977 1.4297488781424199 1.791334307541256 0.06579667573706377 0.71008403361344552 -2.5791816380419927 0.27598887841710457 1.9810261925759773 0.0027572842848808837 0.039932827215886091 0.24958975124249741 2.230512928841653
decision_type=2 2 2 2 2 2 2 2 2 2 2 2 2 2
left_child=2 3 10 -2 7 6 -6 -3 -4 -5 -1 -9 13 -7
right_child=1 4 8 9 5 12 -8 11 -10 -11 -12 -13 -14 -15
leaf_value=-0.023189473525092243 0.007069779935859926 -0.0058071937527012273 -0.0092417997996025771 -0.00084307456681816128 -0.00031337026312514303 0.0031885946540056854 0.01103608363884504 0.013030500987691769 -0.0021898811482583018 -0.003846071868221764 -0.015234720006159044 0.0042701768209169287 -0.0034728501874767958 0.0010673008262681758
leaf_weight=245.69587799347937 124.90454998239875 64.567714065313339 1059.0892604701221 1454.6148684136569 2277.4764300100505 5604.1119375750422 53.446259304881096 65.323906414210796 185.74187933281064 1874.8626145422459 536.37595535255969 2757.8358645141125 137.6021288856864 1533.3397125154734
leaf_count=13027 1548 688 34145 25607 31135 54392 777 778 4926 38234 26048 24181 1301 17249
internal_value=-4.6042e-05 0.00150242 -0.0121512 -0.00216709 0.00251838 0.00198282 1.57655e-05 0.00428049 -0.00822818 -0.00254376 -0.0181232 0.00454067 0.00261173 0.00273607
internal_weight=17975 15948.1 2026.9 3454.38 12493.7 9605.98 2330.92 2887.73 1244.83 3329.48 782.072 2823.16 7275.05 7137.45
internal_count=274036 195890 78146 65389 130501 104854 31912 25647 39071 63841 39075 24959 72942 71641
is_linear=0
shrinkage=0.03


Tree=58
num_leaves=15
num_cat=0
split_feature=6 6 6 8 7 10 7 6 4 8 0 11 10 7
split_gain=357.416 69.3988 45.4435 13.6904 10.1453 10.4482 9.84977 8.52794 7.96561 7.96053 7.61343 6.38411 5.8446 6.0139
threshold=4.2801320875317508 3.0563541271966739 5.2804079136148419 0.40985279163372873 0.15242160459103429 0.18411893396096093 0.26353257994069657 3.6362686359073835 0.12916666666666668 0.5268858976673908 9.5000000000000018 -0.86940428163143579 0.25578459032525896 0.23310950594357985
decision_type=2 2 2 2 2 2 2 2 2 2 2 2 2 2
left_child=1 4 10 7 5 8 12 -3 -1 -8 -2 -7 13 -6
right_child=2 3 -4 -5 6 11 9 -9 -10 -11 -12 -13 -14 -15
leaf_value=-0.0067376221263816547 -0.0038146639166482532 -0.0017768602517050885 -0.020180995760422225 0.00092328586874083104 0.0034649936881504108 0.0027785613185003556 0.002266541355255692 -0.0051393211384347538 0.0010410596221098586 -0.0061353752144944788 -0.010399596611530714 0.010021012470615851 0.0086661264083632023 0.0073489642799209288
leaf_weight=107.08171323686838 210.04885849915445 1615.6590461842716 499.43586085364223 954.0114183537662 2141.8531519025564 3434.9756776466966 1538.6561824381351 1188.8093017041683 4205.2800951860845 94.305748164653778 1144.1296559795737 100.91666201502085 293.55640430003405 440.31799331307411
leaf_count=1158 5828 28050 26925 15617 19805 34015 14215 28242 50774 1093 41249 845 2211 4009
internal_value=-4.56716e-05 0.00139323 -0.0124663 -0.00217029 0.00247843 0.00182095 0.00361306 -0.00322196 0.000825219 0.00172989 -0.00943118 0.00302672 0.00466789 0.00416592
internal_weight=17969 16115.4 1853.61 3758.48 12356.9 7848.25 4508.69 2804.47 4312.36 1632.96 1354.18 3535.89 2875.73 2582.17
internal_count=274036 200034 74002 71909 128125 86792 41333 56292 51932 15308 47077 34860 26025 23814
is_linear=0
shrinkage=0.03


Tree=59
num_leaves=15
num_cat=0
split_feature=6 6 6 8 9 9 9 11 6 8 6 6 11 9
split_gain=340.358 65.317 44.66 12.9792 10.9346 8.85073 8.28269 8.55126 8.02882 8.6173 7.45401 6.00949 5.67597 5.46573
threshold=4.2801320875317508 2.9575076874722881 5.2804079136148419 0.30159417353151896 2.0127692406526707 1.5291899590487417 1.4297488781424199 -2.650131694242575 1.6193392260821904 0.356750429361477 4.5533502986082128 3.5336854991202276 -1.8548554039531877 2.3575769664228465
decision_type=2 2 2 2 2 2 2 2 2 2 2 2 2 2
left_child=1 4 5 11 -1 -2 -5 -8 9 -6 -7 12 -3 -10
right_child=2 3 -4 6 8 10 7 -9 13 -11 -12 -13 -14 -15
leaf_value=0.0033619123420045144 0.00010332078601812799 -0.00081170137503455643 -0.019971905312125855 0.0061130677015924506 0.0036036995260608487 -0.0063600691816190248 -0.0023344631986487851 0.0015131548750089918 0.0012060798067217748 -0.0066313640316955618 -0.011616666069026586 -0.0055342604635567304 -0.0059800925128421977 -0.0020900910293850123
leaf_weight=6152.2024572268128 85.28635910898447 781.56882420182228 489.82776329852641 150.8714719414711 1741.6134720295668 442.82693324238062 1322.3870074041188 837.35691206902266 3471.370103135705 63.868322990834713 814.18012773990631 862.42359601333737 240.88999769464135 506.44441701471806
leaf_count=56883 2518 13534 26925 1845 16908 13182 25976 12427 40784 613 31377 20401 4119 6544
internal_value=-4.51283e-05 0.00135048 -0.012244 -0.00186464 0.00248156 -0.00923438 -0.000351885 -0.000842551 0.00153878 0.00318998 -0.00986167 -0.00370166 -0.00209822 0.000780145
internal_weight=17963.1 16131 1832.12 4195.5 11935.5 1342.29 2310.62 2159.74 5783.3 1805.48 1257.01 1884.88 1022.46 3977.81
internal_count=274036 200034 74002 78302 121732 47077 40248 38403 64849 17521 44559 38054 17653 47328
is_linear=0
shrinkage=0.03


Tree=60
num_leaves=15
num_cat=0
split_feature=6 6 6 8 9 9 9 6 6 6 4 9 3 4
split_gain=324.075 61.481 43.8551 12.6517 11.2415 8.48895 8.35679 7.70885 7.21489 7.21298 8.18227 6.70995 6.67242 8.52151
threshold=4.2801320875317508 3.0563541271966739 5.2804079136148419 0.40985279163372873 2.3575769664228465 1.5291899590487417 1.6560164723978006 3.6362686359073835 4.5533502986082128 2.411429443309669 0.55050505050505061 1.2869005265451376 0.06076019709258227 0.44949494949494956
decision_type=2 2 2 2 2 2 2 2 2 2 2 2 2 2
left_child=1 4 5 7 6 -2 -1 -3 -7 12 -11 -5 -8 -14
right_child=2 3 -4 11 -6 8 9 -9 -10 10 -12 -13 13 -15
leaf_value=0.0046333877821655919 0.00010067648275337465 -0.0016968903987437973 -0.019761469279124418 0.010277271036229272 -0.0015228953028282391 -0.0062114769066855587 0.0057667274192263699 -0.0049034274592813691 -0.011398620507616003 0.00018471718993166969 0.0047830505083093769 0.00024669717678764896 0.0026087597865226851 -0.00362167860949251
leaf_weight=1490.3923103585839 85.294503750279546 1611.6192365251482 480.49419755116105 49.353522226214409 638.5038393959403 440.21669481880963 581.3751167729497 1178.6670278385282 805.28515179269016 2294.7840961590409 395.86990583688021 904.77441027760506 6810.1480239927769 190.87862887978554
leaf_count=12669 2518 28050 26925 584 8088 13182 6624 28242 31377 29134 5361 15033 64413 1836
internal_value=-4.52831e-05 0.00130839 -0.012024 -0.00205483 0.00232508 -0.00904118 0.00253562 -0.00307037 -0.00966098 0.00222496 0.000884026 0.000916581 0.00269812 0.00243151
internal_weight=17957.7 16146.4 1811.29 3744.41 12402 1330.8 11763.4 2790.29 1245.5 10273.1 2690.65 954.128 7582.4 7001.03
internal_count=274036 200034 74002 71909 128125 47077 120037 56292 44559 107368 34495 15617 72873 66249
is_linear=0
shrinkage=0.03


Tree=61
num_leaves=15
num_cat=0
split_feature=7 7 7 8 9 7 9 11 9 11 4 9 7 9
split_gain=308.27 52.2239 47.0152 12.7903 9.4488 7.66933 7.63804 7.04984 8.02477 6.0233 8.22607 6.00651 5.7083 7.48942
threshold=0.011917045274892232 0.045622487434631244 0.0053354059941901977 0.30159417353151896 1.925001347811172 0.0027572842848808837 1.8536659611573338 -2.5791816380419927 1.2869005265451376 -0.86940428163143579 0.51470588235294124 1.6820718360009785 0.41314440273845981 1.4693127104713464
decision_type=2 2 2 2 2 2 2 2 2 2 2 2 2 2
left_child=2 3 5 -2 12 -1 -4 8 -5 10 -6 -9 13 -3
right_child=1 4 6 7 9 -7 -8 11 -10 -11 -12 -13 -14 -15
leaf_value=-0.022567225555579627 -0.0031676445436654931 0.0080460362475214577 -0.0038487797746915029 0.0086063969899071672 0.00023470779787426494 -0.014301533880938654 -0.0091583427051261275 0.0076203549563985656 -0.0016948796924754926 0.0024770102804486586 0.0058695333627841861 0.0010180414815406009 -5.5308305553138888e-05 0.0033912109631447805
leaf_weight=226.79805835708976 2022.1988000944257 335.85783988982439 392.78998824395239 56.573481716215611 2820.3834763914347 506.03495651856065 814.63175695762038 132.08156703040004 1465.3345859162509 3963.4749834537506 239.33910579606891 835.667450170964 376.77678779512644 3764.1446075066924
leaf_count=13027 39263 2547 11193 623 33052 26048 27878 1427 27072 39552 3174 12174 4044 32962
internal_value=-4.47966e-05 0.00132721 -0.0112905 -0.00140479 0.00239951 -0.017261 -0.0074995 3.74619e-05 -0.00123169 0.00170684 0.000701962 0.0020217 0.00347685 0.00380046
internal_weight=17952.1 16011.8 1940.25 4511.86 11500 732.833 1207.42 2489.66 1521.91 7023.2 3059.72 967.749 4476.78 4100
internal_count=274036 195890 78146 80559 115331 39075 39071 41296 27695 75778 36226 13601 39553 35509
is_linear=0
shrinkage=0.03


Tree=62
num_leaves=15
num_cat=0
split_feature=6 6 6 3 9 8 11 9 9 11 4 11 4 6
split_gain=294.349 64.1376 32.8715 15.2608 10.4255 8.74445 8.65777 8.41962 7.34705 7.30134 8.87774 6.20909 6.20857 6.73436
threshold=4.4349746333048614 3.0563541271966739 5.2804079136148419 0.03325375200167139 2.3575769664228465 0.31774527464915747 -0.30673026742247539 1.4297488781424199 1.6560164723978006 -0.86940428163143579 0.12916666666666668 -3.8925623830426956 0.77350427350427364 3.6362686359073835
decision_type=2 2 2 2 2 2 2 2 2 2 2 2 2 2
left_child=1 4 5 -3 8 -2 -6 -5 -1 -10 -11 -7 13 -9
right_child=2 3 -4 7 6 11 -8 12 9 10 -12 -13 -14 -15
leaf_value=0.004345413671410359 -0.012241827875979886 -0.004249157830062719 -0.019350855424541444 0.0061655378363239741 -0.0036871327409592389 -0.0080001706979236815 0.0038361239099895159 -0.00058096630669066476 0.0013165739415801874 0.0015413518595079792 0.0040955712803473166 0.00014208784321272788 0.0033159678997750791 -0.0047714514633435583
leaf_weight=1499.6874384656549 528.01118376292288 1766.3057482074946 463.19115315563977 142.83600691705942 458.10797671601176 404.88986597582698 180.36769135296345 1400.0135481990874 5332.2097224667668 2304.6049661561847 2668.8965727984905 104.81426100246608 247.09369251132011 445.41367243602872
leaf_count=12669 20635 41648 26925 1844 6199 15197 1889 22143 60382 21724 25262 3304 4809 9406
internal_value=-4.42254e-05 0.00112078 -0.0126941 -0.00217736 0.00218273 -0.00948938 -0.00152256 -0.000522885 0.00238481 0.0020936 0.0029202 -0.00636962 -0.00102007 -0.0016227
internal_weight=17946.4 16445.5 1500.91 4001.66 12443.9 1037.72 638.476 2235.36 11805.4 10305.7 4973.5 509.704 2092.52 1845.43
internal_count=274036 207975 66061 79850 128125 39136 8088 38202 120037 107368 46986 18501 36358 31549
is_linear=0
shrinkage=0.03


Tree=63
num_leaves=15
num_cat=0
split_feature=6 6 6 3 9 8 11 9 9 11 7 3 11 9
split_gain=280.559 60.3162 32.2883 14.4649 9.78882 8.46906 8.18346 7.93541 6.87658 6.84065 6.5155 7.38561 5.93299 5.71627
threshold=4.4349746333048614 3.0563541271966739 5.2804079136148419 0.03325375200167139 2.3575769664228465 0.31774527464915747 -0.30673026742247539 1.4297488781424199 1.6560164723978006 -0.86940428163143579 0.30328073515712589 0.34745145726321047 -3.8925623830426956 1.8806478349140558
decision_type=2 2 2 2 2 2 2 2 2 2 2 2 2 2
left_child=1 4 5 -3 8 -2 -6 -5 -1 -10 13 -12 -7 -11
right_child=2 3 -4 7 6 12 -8 -9 9 10 11 -13 -14 -15
leaf_value=0.004203188369615642 -0.012021460990464845 -0.0041388123603403378 -0.019136797282232661 0.0059705411613429097 -0.0035908937311897927 -0.0078262910965954547 0.0037193555387833492 -0.00099087286467802824 0.0012758341503352191 0.0058704286385563116 -0.0003345874560686419 0.010198025623865846 0.00013834256928053115 0.0028094261914211587
leaf_weight=1504.3552343174815 521.92758966982365 1759.5003423653543 454.61927196756005 143.55475040525198 456.69783997535706 401.84883466362953 180.9118998721242 2090.641365673393 5337.7955999262631 661.89140755683184 808.56097304821014 49.649110049009323 104.82816131040454 3464.3507366478443
leaf_count=12669 20635 41648 26925 1844 6199 15197 1889 36358 60382 5302 7595 405 3304 33684
internal_value=-4.39364e-05 0.00108654 -0.0124731 -0.00211642 0.00211413 -0.00929515 -0.00147891 -0.000506743 0.00230947 0.00202778 0.00282678 0.000439459 -0.00622186 0.00331993
internal_weight=17941.1 16457.9 1483.22 3993.7 12464.2 1028.6 637.61 2234.2 11826.6 10322.2 4984.45 858.21 506.677 4126.24
internal_count=274036 207975 66061 79850 128125 39136 8088 38202 120037 107368 46986 8000 18501 38986
is_linear=0
shrinkage=0.03


Tree=64
num_leaves=15
num_cat=0
split_feature=7 6 6 3 9 11 4 9 9 9 4 4 6 11
split_gain=267.567 60.3692 27.921 13.6465 9.33736 8.23754 7.91999 7.24186 6.67859 6.56412 5.86474 5.32842 7.16098 7.45462
threshold=0.0088623409348470451 3.0563541271966739 5.2804079136148419 0.03325375200167139 2.1468523193807534 -0.30673026742247539 0.12916666666666668 1.2869005265451376 2.3575769664228465 1.5291899590487417 0.12916666666666668 0.77350427350427364 3.6362686359073835 -1.8867471724007563
decision_type=2 2 2 2 2 2 2 2 2 2 2 2 2 2
left_child=2 4 9 -3 -2 6 -6 -5 -8 -1 -7 12 13 -9
right_child=1 3 -4 7 5 10 8 11 -10 -11 -12 -13 -14 -15
leaf_value=0.00012086931520268527 0.0025586865374534976 -0.0040563115102382708 -0.018921625728796573 0.008932909118822472 -0.00664344526856093 0.0016379000417024755 0.0010061205948715289 0.00016739877886818192 -0.0030593516151523575 -0.010134445095767622 0.0069659612328826998 0.0029130731035811458 -0.0045538889061018913 -0.0090015730797459292
leaf_weight=59.657066678628325 8995.7820609360933 1834.6943046059459 446.29268348030746 55.003051057457924 144.91505379229784 725.37609171867371 1943.902111094445 1371.6332336589694 431.66141501441598 858.52208780683577 242.03163645416498 277.47695022076368 479.0456934273243 69.704139303416014
leaf_count=1986 87004 44266 26925 677 1514 7199 24016 21417 5934 34036 2458 5361 10065 1178
internal_value=-4.32803e-05 0.0010126 -0.0127382 -0.00214641 0.00204829 0.000726585 -0.000180632 -0.00057448 0.000252826 -0.00947689 0.00305691 -0.000871348 -0.0014365 -0.000364167
internal_weight=17935.7 16571.2 1364.47 4087.56 12483.7 3487.89 2520.48 2252.86 2375.56 918.179 967.408 2197.86 1920.38 1441.34
internal_count=274036 211089 62947 82964 128125 41121 31464 38698 29950 36022 9657 38021 32660 22595
is_linear=0
shrinkage=0.03


Tree=65
num_leaves=15
num_cat=0
split_feature=7 7 7 3 9 9 11 11 9 7 4 9 7 10
split_gain=254.988 56.6836 26.928 11.8744 9.76677 8.78322 7.907 7.73116 9.5087 7.34706 9.74809 6.87166 6.68605 6.18297
threshold=0.0088623409348470451 0.034835010130559833 0.0033520721995408289 0.03325375200167139 2.3575769664228465 1.4297488781424199 -0.30673026742247539 -2.5791816380419927 1.791334307541256 0.06579667573706377 0.71008403361344552 1.5710959258255943 0.039932827215886091 0.24958975124249741
decision_type=2 2 2 2 2 2 2 2 2 2 2 2 2 2
left_child=2 3 -1 -2 7 -5 -6 -3 12 10 -10 -4 -9 -11
right_child=1 4 11 5 6 -7 -8 8 9 13 -12 -13 -14 -15
leaf_value=-0.020174513436849725 -0.004003636152576315 -0.0062401018302835395 -0.0014570501573919418 0.006240283434089092 -0.0036210431637727974 -0.0012026253651823996 0.00351953009836261 0.011425453667761641 -0.00013209967198355002 0.0023283635867607623 0.011106819186653502 -0.010633073343867584 0.0033970170993566089 -0.0037909854688786917
leaf_weight=316.85941671207547 1790.572374407202 84.616819687187672 85.137744626030326 139.67032021284103 473.4985140748322 1846.449935272336 181.85137704759836 84.922101683914661 2192.9214027933776 6781.0085766091943 56.718712400645018 946.19412172026932 2811.4842733889818 138.94373146444559
leaf_count=19546 43594 919 3107 1839 6550 33011 1889 995 29645 66352 813 40294 24181 1301
internal_value=-4.30889e-05 0.000981355 -0.0125158 -0.00224235 0.00193359 -0.000636364 -0.00160521 0.0021262 0.00219255 0.00171427 0.00022295 -0.00990733 0.00369006 0.00219756
internal_weight=17930.8 16582.7 1348.19 3776.69 12806 1986.12 655.35 12150.6 12066 9169.59 2249.64 1031.33 2896.41 6919.95
internal_count=274036 211089 62947 78444 132645 34850 8439 124206 123287 98111 30458 43401 25176 67653
is_linear=0
shrinkage=0.03


Tree=66
num_leaves=15
num_cat=0
split_feature=6 6 6 6 8 9 9 9 6 9 4 11 8 4
split_gain=243.317 57.2836 23.7887 14.8987 9.62218 9.27887 8.04564 6.81204 5.83542 6.41881 7.98327 7.58708 5.60256 5.44195
threshold=4.5533502986082128 3.5010415791527305 5.2804079136148419 2.6844345112494912 0.21987382141423609 1.7052298814355191 1.5291899590487417 1.925001347811172 0.71754226264466137 1.4693127104713464 0.32291666666666669 -2.0843333985671015 0.5268858976673908 0.77350427350427364
decision_type=2 2 2 2 2 2 2 2 2 2 2 2 2 2
left_child=1 3 6 7 -5 -3 -2 8 12 10 -10 -11 -1 -6
right_child=2 5 -4 4 13 -7 -8 -9 9 11 -12 -13 -14 -15
leaf_value=0.0016718717980006828 0.0014940128087572325 0.00073939299016040425 -0.018504166487734227 -0.0040251557980559675 0.00030600316061678989 -0.0041392402019492167 -0.010212215222401046 0.0015920415088671474 0.0027620172010952527 -0.004674069698619083 0.012617856369848857 0.0033916552628271172 -0.0060696371492183175 0.0065627327862503564
leaf_weight=365.64491685479879 52.884098779410124 418.45455392077565 430.91490545868874 457.31366768479347 2984.2429215423763 2032.2125464342535 759.86928027868271 6495.9061365127563 163.31445492058992 95.794874601066113 139.08120185136795 3321.3433022797108 93.009405098855495 115.69422417506576
leaf_count=3692 1823 7793 26925 7792 42287 50542 31377 67868 1192 894 1025 28050 1075 1701
internal_value=-4.24211e-05 0.000916447 -0.0127619 0.00164641 -3.51731e-05 -0.00330678 -0.00943725 0.00220608 0.00315163 0.00354383 0.00767711 0.0031461 -4.05114e-05 0.000569992
internal_weight=17925.7 16682 1243.67 14231.3 3557.25 2450.67 812.753 10674.1 4178.19 3719.53 302.396 3417.14 458.654 3099.94
internal_count=274036 213911 60125 155576 51780 58335 33200 103796 35928 31161 2217 28944 4767 43988
is_linear=0
shrinkage=0.03


Tree=67
num_leaves=15
num_cat=0
split_feature=7 7 7 7 9 9 4 8 9 7 9 7 8 9
split_gain=231.685 50.3409 26.2562 13.6772 10.7982 8.72342 7.53326 6.38776 5.27867 5.26294 7.07704 9.48399 7.05463 6.60552
threshold=0.0088623409348470451 0.02438220837967572 0.0033520721995408289 0.06579667573706377 2.1259972414438724 1.7052298814355191 0.71008403361344552 0.33010400053889227 2.230512928841653 0.26353257994069657 1.5511502758327356 0.23310950594357985 0.5268858976673908 1.7669551885720913
decision_type=2 2 2 2 2 2 2 2 2 2 2 2 2 2
left_child=2 5 -1 4 6 -2 -3 -4 9 10 -5 -12 13 -11
right_child=1 3 7 8 -6 -7 -8 -9 -10 12 11 -13 -14 -15
leaf_value=-0.019780894620697428 0.00087089441583020294 0.0008366541201792467 -0.011741414588026435 0.0066448866685155927 -0.001826699773099891 -0.003890371026875152 0.0064359552823853496 -0.0065045730416665266 0.00063174055520334705 0.0043611252621157956 0.0023212481329983057 0.0069716076032653278 -0.0063482437687848552 0.00015986994317081598
leaf_weight=305.21935743000358 412.48347619920969 2828.0266385897994 554.09983905404806 422.94339267164469 1499.3732267953455 1995.9737953133881 219.95385152846575 457.95296967402101 1550.7607690468431 483.97824957966805 5639.6843414530158 414.95863391458988 95.05253329873085 1040.1037681177258
leaf_count=19546 7510 36229 24513 3072 23869 48963 2998 18888 17249 4280 52674 3617 1093 9535
internal_value=-4.18426e-05 0.000923208 -0.0120791 0.00160405 0.000246469 -0.00307459 0.00127026 -0.00950136 0.00224257 0.00254936 0.00293158 0.0026564 0.00100735 0.0015235
internal_weight=17920.6 16603.3 1317.27 14194.8 4547.35 2408.46 3047.98 1012.05 9647.48 8096.72 6477.59 6054.64 1619.13 1524.08
internal_count=274036 211089 62947 154616 63096 56473 39227 43401 91520 74271 59363 56291 14908 13815
is_linear=0
shrinkage=0.03


Tree=68
num_leaves=15
num_cat=0
split_feature=6 6 6 6 8 10 10 6 4 8 8 5 5 6
split_gain=221.388 50.8193 23.2426 13.267 8.86829 8.49923 6.74414 8.63837 6.19432 7.04961 5.51061 5.23235 4.97656 4.86425
threshold=4.5533502986082128 3.5010415791527305 5.480430546593821 2.6844345112494912 0.21987382141423609 0.19595983753227822 0.30147511177332381 4.8019696776346406 0.63068181818181823 0.5268858976673908 0.34286957099281451 8.5000000000000018 13.500000000000002 0.71754226264466137
decision_type=2 2 2 2 2 2 2 2 2 2 2 2 2 2
left_child=1 3 6 11 -5 -3 -2 -8 9 10 -7 13 -6 -1
right_child=2 5 -4 4 12 8 7 -9 -10 -11 -12 -13 -14 -15
leaf_value=-0.0030827754731030757 -0.010524656238938423 -0.0046886194345708678 -0.019682195435273792 -0.0038815132197515803 0.0021197375871469274 0.0028976689734051559 0.0078406688991956228 -0.0085027665297990104 0.00096024655590090343 0.0036136495048299465 -0.0066517200565333048 0.0019106263752420359 -0.00036758348762116057 0.0057377254406540054
leaf_weight=53.529549092054367 831.81697655841708 1364.4563043639064 294.21919051092118 455.08489621803164 1123.2346984110773 55.431122902780771 36.988048141822219 51.735021999105811 587.02619253098965 89.043597921729088 339.97649180516601 10138.117786869407 1979.3194536492229 515.63328970968723
leaf_count=562 37420 35280 19206 7792 14413 1262 1041 2458 13182 1515 7096 99339 29575 3895
internal_value=-4.13792e-05 0.00086244 -0.0123263 0.00154673 -4.05753e-05 -0.00312974 -0.00969736 -0.00154075 -0.00110729 -0.0035662 -0.00525604 0.00207346 0.000538781 0.0048503
internal_weight=17915.6 16700.9 1214.76 14264.9 3557.64 2435.93 920.54 88.7231 1071.48 484.451 395.408 10707.3 3102.55 569.163
internal_count=274036 213911 60125 155576 51780 58335 40919 3499 23055 9873 8358 103796 43988 4457
is_linear=0
shrinkage=0.03


Tree=69
num_leaves=15
num_cat=0
split_feature=7 7 7 9 9 11 11 9 7 7 9 4 8 11
split_gain=210.517 44.9417 25.3754 10.313 8.54225 7.24301 7.15022 7.96651 6.55212 6.49043 8.16955 6.47848 6.1745 5.98329
threshold=0.0088623409348470451 0.034835010130559833 0.0033520721995408289 1.4297488781424199 2.3575769664228465 -0.30673026742247539 -2.5791816380419927 1.791334307541256 0.039932827215886091 0.01684093620803476 2.1785552222788298 0.63068181818181823 0.33010400053889227 -3.0094098589568143
decision_type=2 2 2 2 2 2 2 2 2 2 2 2 2 2
left_child=2 3 -1 -2 6 -6 -3 8 -8 10 11 13 -4 -5
right_child=1 4 12 9 5 -7 7 -9 -10 -11 -12 -13 -14 -15
leaf_value=-0.01936896397752115 0.0055316308369097672 -0.0061612103405341836 -0.011338820535336016 -0.0080340836293106756 -0.0035364309002107303 0.0032885104732772023 0.01091353409515566 0.0015154775049519462 0.0030302150202561125 -0.0013748386165698795 -0.0081892352441979149 -0.00093711587960982983 -0.0061710659926011669 0.0024990465573836163
leaf_weight=293.84312888700515 142.46358434855938 84.368059381842613 542.72749554924667 247.9293742980808 472.15730222314596 182.9444794356823 85.985621683299541 9214.3019373714924 2834.2233244776726 2320.9577034674585 309.62830253690481 675.74757834710181 451.74153431039304 52.095241559669375
leaf_count=19546 1876 919 24513 6015 6550 1889 995 98111 24181 42715 8787 17767 18888 1284
internal_value=-4.12067e-05 0.000868358 -0.011652 -0.00201684 0.00170988 -0.00159954 0.00188905 0.00195256 0.00331693 -0.00233671 -0.00403759 -0.00261617 -0.00911793 -0.00617324
internal_weight=17911.1 16622.8 1288.31 3748.82 12874 655.102 12218.9 12134.5 2920.21 3606.36 1285.4 975.772 994.469 300.025
internal_count=274036 211089 62947 78444 132645 8439 124206 123287 25176 76568 33853 25066 43401 7299
is_linear=0
shrinkage=0.03


Tree=70
num_leaves=15
num_cat=0
split_feature=6 6 6 6 9 8 10 4 6 10 9 6 9 4
split_gain=201.334 45.3322 22.7163 11.9752 8.60528 8.22501 7.95117 6.2113 6.80618 7.23433 5.71359 5.20016 5.6384 7.43126
threshold=4.5533502986082128 3.5010415791527305 5.650908969611069 2.6844345112494912 1.5291899590487417 0.21987382141423609 0.20840153801199365 0.63068181818181823 3.7412339808651516 0.31670439277212503 1.925001347811172 0.71754226264466137 1.4693127104713464 0.32291666666666669
decision_type=2 2 2 2 2 2 2 2 2 2 2 2 2 2
left_child=1 3 4 10 -2 -5 -3 8 9 -8 11 -1 13 -13
right_child=2 6 -4 5 -6 -7 7 -9 -10 -11 -12 12 -14 -15
leaf_value=-0.00018776915530894741 0.00077545614910015637 -0.0043088247250111849 -0.021106960122502721 -0.003761314788013601 -0.010491393519479185 0.00050271017321389761 -0.0024048567365402883 0.001491405363085903 -0.006323368978372065 0.010403051058542574 0.0013925532592891005 0.0023420061035883634 0.0028127271071070829 0.011743354285428534
leaf_weight=460.43997462838888 63.11043026484549 1500.8411508891732 197.5694297645241 453.22996780276299 926.85812718607485 3105.4716418683529 127.5637239292264 498.57628255523741 255.64809867367148 40.26539184898138 6528.3083393424749 164.89378874003887 3442.689022898674 141.46020144224167
leaf_count=4767 2527 38942 13466 7792 44132 43988 2370 10882 5576 565 67868 1192 28944 1025
internal_value=-4.11794e-05 0.000810876 -0.0118978 0.00145438 -0.00977228 -5.38566e-05 -0.00297177 -0.000761295 -0.00337378 0.0012694 0.00195362 0.00281572 0.00318387 0.00702864
internal_weight=17906.9 16719.4 1187.54 14296.5 989.969 3558.7 2422.89 922.053 423.477 167.829 10737.8 4209.48 3749.04 306.354
internal_count=274036 213911 60125 155576 46659 51780 58335 19393 8511 2935 103796 35928 31161 2217
is_linear=0
shrinkage=0.03


Tree=71
num_leaves=15
num_cat=0
split_feature=7 7 7 8 5 7 7 4 7 8 10 7 8 10
split_gain=191.162 33.9612 31.2523 9.49376 6.07575 5.53801 5.24548 10.3811 8.06032 6.69501 6.57712 5.61237 5.51356 5.33935
threshold=0.010982627873222619 0.0043933961673124156 0.045622487434631244 0.30159417353151896 12.500000000000002 0.012918276556817055 0.15242160459103429 0.18465909090909094 0.26353257994069657 0.5268858976673908 0.18411893396096093 0.14680196563243927 0.31692723612697682 0.30854390169055218
decision_type=2 2 2 2 2 2 2 2 2 2 2 2 2 2
left_child=1 -1 3 4 -2 -6 7 -4 -8 13 12 -12 -9 -10
right_child=2 -3 6 -5 5 -7 8 10 9 -11 11 -13 -14 -15
leaf_value=-0.016634227748455355 0.0013061347130366124 -0.0069215246696827677 -0.0027218780530731705 7.0385999282190264e-05 -0.0092270387362873834 -0.0028102760316582624 0.0034901098302910433 0.0010796692981933202 0.00097776455851698255 -0.0063025115770484752 0.0024133709736668435 0.010767209374119577 -0.0030615530930953663 0.0094746318041703109
leaf_weight=462.36200332082808 289.72151607088745 1156.9727139025927 534.36403744667768 2562.1950233392417 120.27895470522344 1637.197440944612 2952.2360648065805 3336.0504551008344 1517.17146705091 94.885935701429844 2820.7627195566893 60.851245895028114 302.23833394795656 55.000040665268898
leaf_count=30382 5331 43447 5103 43576 3608 32361 26025 38608 13691 1093 26428 476 3383 524
internal_value=-4.06116e-05 -0.00982197 0.000940286 -0.00114868 -0.00266383 -0.0033238 0.00176555 0.00124651 0.00255158 0.000873199 0.00157726 0.00264462 0.000724494 0.00136175
internal_weight=17902.3 1619.33 16283 4609.39 2047.2 1757.48 11673.6 7054.27 4619.29 1667.06 6519.9 2881.61 3638.29 1572.17
internal_count=274036 73829 200207 84876 41300 35969 115331 73998 41333 15308 68895 26904 41991 14215
is_linear=0
shrinkage=0.03


Tree=72
num_leaves=15
num_cat=0
split_feature=6 6 6 7 9 9 10 4 4 8 8 4 8 9
split_gain=183.32 40.598 22.3553 10.7516 8.39122 8.31878 7.3836 6.81866 5.45227 6.39006 5.288 5.25691 6.26129 4.86359
threshold=4.5533502986082128 3.5010415791527305 5.650908969611069 0.06830590478145572 2.1213895579778863 1.5291899590487417 0.19595983753227822 0.74166666666666681 0.63068181818181823 0.5268858976673908 0.34286957099281451 0.87083333333333346 0.31774527464915747 2.2369659225247518
decision_type=2 2 2 2 2 2 2 2 2 2 2 2 2 2
left_child=1 3 5 4 7 -2 -3 -1 9 10 -8 12 -9 -5
right_child=2 6 -4 13 -6 -7 8 11 -10 -11 -12 -13 -14 -15
leaf_value=0.00075829674909639341 0.00098439524979726089 -0.0042926372374974126 -0.020768061448789388 0.0022407190155022362 -0.0015370424852896218 -0.010092965265281001 0.0030692968170168058 0.015554813632068778 0.00099286874073564106 0.0035454269148188383 -0.0062810318162235144 -0.0026030008998150149 0.0025934217067447715 0.00034767527941029702
leaf_weight=3017.9258599169552 62.609747645445168 1345.1450143065304 190.46195740252733 8071.9401299804449 1618.839143447578 909.20982889086008 55.093723133206367 58.212951388210058 586.40195428021252 89.200565293431282 335.09740068018436 36.384065520018339 75.461656678467989 1445.9618551358581
leaf_count=38299 2527 35280 13466 73343 25650 44132 1262 854 13182 1515 7096 522 953 15955
internal_value=-4.00725e-05 0.0007642 -0.011483 0.00137079 0.000213248 -0.00937519 -0.00282608 0.00110507 -0.00094124 -0.00326543 -0.00489605 0.00669877 0.00923775 0.00195413
internal_weight=17897.9 16735.7 1162.28 14324.7 4806.82 971.82 2410.94 3187.98 1065.79 479.392 390.191 170.059 133.675 9517.9
internal_count=274036 213911 60125 155576 66278 46659 58335 40628 23055 9873 8358 2329 1807 89298
is_linear=0
shrinkage=0.03


Tree=73
num_leaves=15
num_cat=0
split_feature=6 6 6 7 9 5 9 4 7 12 9 3 12 9
split_gain=174.626 38.2513 22.04 10.0743 7.98093 7.96349 7.03241 5.17484 4.87893 5.11022 4.56066 5.05766 4.48276 5.07609
threshold=4.5533502986082128 3.5010415791527305 5.650908969611069 0.06830590478145572 1.5291899590487417 13.500000000000002 1.7052298814355191 0.41421568627450983 0.01502836385591688 2.0126758453675748 2.2369659225247518 0.059590362223856476 1.4978661367769956 2.0917769211997883
decision_type=2 2 2 2 2 2 2 2 2 2 2 2 2 2
left_child=1 3 4 5 -2 7 8 -1 9 -3 11 -5 -13 -14
right_child=2 6 -4 10 -6 -7 -8 -9 -10 -11 -12 12 13 -15
leaf_value=-0.0024994442748448652 0.0009598414212421203 -0.0087494159282717268 -0.020577334733783578 0.0053622617644299639 -0.0098899199951830736 -0.00066553232258604656 -0.0034887734430031456 0.0025351846369626022 0.0037182705323035524 0.00085010016642451394 0.00033725836927706016 0.0021781717472976947 -0.0025328140670747516 0.0040993694133219672
leaf_weight=198.30920154601336 62.667890463024378 61.819542214274406 186.65731489472091 413.55524073541164 900.4818709185347 3179.2940136604011 1986.6593007072806 1429.8028958924115 220.34923268854618 135.88687254488468 1446.3622489720583 7176.0882917642593 367.84584711492062 127.88234183192253
leaf_count=1903 2527 1216 13466 4544 44132 46337 50542 18038 3556 3021 15955 63749 3656 1394
internal_value=-3.94795e-05 0.000741222 -0.0112714 0.00132882 -0.00918008 0.00020815 -0.00274913 0.00190473 0.000764878 -0.00255684 0.00189283 0.00216996 0.00198775 -0.000751769
internal_weight=17893.7 16743.9 1149.81 14339.1 963.15 4807.41 2404.71 1628.11 418.056 197.706 9531.73 8085.37 7671.82 495.728
internal_count=274036 213911 60125 155576 46659 66278 58335 19941 7793 4237 89298 73343 68799 5050
is_linear=0
shrinkage=0.03


Tree=74
num_leaves=15
num_cat=0
split_feature=6 6 6 6 9 9 11 8 9 6 9 11 3 8
split_gain=166.461 39.6154 19.1798 11.3233 9.18071 6.79037 6.58082 5.14685 5.02136 4.72238 5.31376 6.80278 6.62189 4.67277
threshold=4.6303503656575673 3.6362686359073835 5.650908969611069 2.6844345112494912 2.1901161392935395 1.5291899590487417 -3.1962452022713399 0.22666258476817219 1.925001347811172 0.71754226264466137 1.4693127104713464 -2.0843333985671015 0.15515732118856626 0.5268858976673908
decision_type=2 2 2 2 2 2 2 2 2 2 2 2 2 2
left_child=1 3 5 8 -3 -2 -5 -8 9 13 12 -12 -11 -1
right_child=2 4 -4 6 -6 -7 7 -9 -10 10 11 -13 -14 -15
leaf_value=0.001236175607144732 0.0006782319635164608 -0.0020841420663823256 -0.020385326109165752 0.010634670049237686 -0.0068732876046926185 -0.010133717452534229 -0.0027572359890388792 0.00019430954377897724 0.0012068232973347348 0.0097247324545004232 -0.0048371531403932624 0.0027588560721943604 0.00062690599698495865 -0.0058464378007589829
leaf_weight=369.79889635741711 53.946481813676655 1627.6873693000525 182.96041896007955 35.383660297840834 457.2489013299346 794.21170607767999 617.53842397779226 3326.3134290389717 6558.5476379394531 196.57377723604441 96.309605322778225 3368.4998441934586 112.4547596424818 92.236775279045105
leaf_count=3692 2292 41096 13466 432 12943 40482 10904 48625 67868 1437 894 28050 780 1075
internal_value=-3.92151e-05 0.000680763 -0.0116517 0.00122773 -0.00317605 -0.0094462 -0.00013995 -0.000276547 0.0017314 0.00253649 0.00288573 0.00252777 0.00659633 -0.000317113
internal_weight=17889.7 16858.6 1031.12 14773.7 2084.94 848.158 3979.24 3943.85 10794.4 4235.87 3773.84 3464.81 309.029 462.036
internal_count=274036 217796 56240 163757 54039 42774 59961 59529 103796 35928 31161 28944 2217 4767
is_linear=0
shrinkage=0.03


Tree=75
num_leaves=15
num_cat=0
split_feature=6 6 6 7 9 9 9 11 10 8 7 8 9 8
split_gain=158.63 37.3737 18.9165 8.92105 8.75838 8.08643 6.51715 5.2941 4.26496 5.52212 5.30839 6.73697 5.29095 4.53974
threshold=4.6303503656575673 3.5010415791527305 5.650908969611069 0.06579667573706377 1.7669551885720913 2.1213895579778863 1.5291899590487417 -1.6888807376687232 0.24142560701894236 0.41896581059515986 0.052062870122883138 0.40985279163372873 2.1009462155641714 0.46707909178713253
decision_type=2 2 2 2 2 2 2 2 2 2 2 2 2 2
left_child=1 3 6 5 -3 7 -2 8 9 10 11 12 -1 -10
right_child=2 4 -4 -5 -6 -7 -8 -9 13 -11 -12 -13 -14 -15
leaf_value=-0.00031690255406961271 0.00066197419436378317 0.00053483691688311751 -0.020192081645646131 0.0017627338464456298 -0.0036761932386718309 -0.0016042380374904051 -0.0099309527016462305 0.0046337962218809692 0.0040299534785162095 -0.0076060815183201323 -0.0036203746558498093 0.0083202864359452934 0.0068764476446370416 0.00016551079904608793
leaf_weight=1152.8397632651031 53.981113288551569 571.89273430034518 179.36818286497146 9756.8912799358368 1927.5159108322114 1539.078227378428 786.53853790368885 316.42785409092903 524.64873152971268 74.075047962367535 273.89646794646978 85.849602442234755 84.920405250042677 557.64541095495224
leaf_count=16810 2292 11308 13466 91520 50912 24692 40482 3788 5984 1021 3187 1226 1363 5985
internal_value=-3.88887e-05 0.0006601 -0.01144 0.00124955 -0.00271522 0.000161075 -0.00925096 0.00104949 0.000614768 -0.000336374 6.83347e-05 0.00086366 0.000253046 0.0020683
internal_weight=17885.6 16865.7 1019.89 14366.3 2499.41 4609.38 840.52 3070.3 2753.88 1671.58 1597.51 1323.61 1237.76 1082.29
internal_count=274036 217796 56240 155576 62220 64056 42774 39364 35576 23607 22586 19399 18173 11969
is_linear=0
shrinkage=0.03


Tree=76
num_leaves=15
num_cat=0
split_feature=6 6 6 6 9 4 8 9 10 9 3 4 4 7
split_gain=151.148 35.4339 18.6465 9.99744 8.67516 6.25309 7.70667 6.25275 6.05828 5.52915 6.37932 6.06866 5.02107 4.66372
threshold=4.6303503656575673 3.6362686359073835 5.650908969611069 2.6844345112494912 2.1785552222788298 0.63068181818181823 0.31774527464915747 1.5291899590487417 0.15978463845106011 2.0435025635765154 0.049658635186547062 0.34313725490196084 0.63068181818181823 0.016234966639383036
decision_type=2 2 2 2 2 2 2 2 2 2 2 2 2 2
left_child=1 3 7 12 5 -3 8 -2 -7 -5 11 -11 -1 -8
right_child=2 4 -4 9 -6 6 13 -9 -10 10 -12 -13 -14 -15
leaf_value=0.0015612741273315859 0.0006461115173606413 -0.0044338024446776095 -0.019997652987369295 0.00087710405274343405 -0.006481744531959638 0.0012169399448502876 0.00012850845610578793 -0.0097304380350625632 -0.0062110751762268629 0.010489102531024499 -0.0082205383473801432 -0.0011619372857788459 0.0081743039006513772 0.0061238126843816514
leaf_weight=10730.788710486144 54.014935242012143 556.12572537362576 175.87761764973402 2191.2484323717654 484.01804606057703 145.90590697526932 482.68673673830926 779.08765429444611 265.6949014980346 26.31594168394804 99.563147265464067 1660.7805479951203 90.261180035769939 139.32672268524766
leaf_count=102881 2292 13005 13466 29569 13837 4259 12578 40482 7590 365 1334 28693 915 2770
internal_value=-3.84186e-05 0.000640215 -0.01123 0.00115547 -0.00301871 -0.0019136 -0.000513611 -0.00905814 -0.00362776 -0.000130343 -0.00136294 -0.000889365 0.00162767 0.00158399
internal_weight=17881.7 16872.7 1008.98 14799 2073.76 1589.74 1033.61 833.103 411.601 3977.91 1786.66 1687.1 10821 622.013
internal_count=274036 217796 56240 163757 54039 40202 27197 42774 11849 59961 30392 29058 103796 15348
is_linear=0
shrinkage=0.03


Tree=77
num_leaves=15
num_cat=0
split_feature=6 6 6 9 9 9 7 5 7 6 3 3 11 8
split_gain=144.027 30.4265 20.8861 9.10862 6.99283 5.85332 5.32341 5.25297 8.94833 5.66532 9.19568 5.58085 5.11129 5.86313
threshold=4.5533502986082128 3.2248559203275584 5.2804079136148419 1.5018818343491704 2.3714193507923191 1.5291899590487417 0.017481177374288403 9.5000000000000018 0.41314440273845981 2.411429443309669 0.081097188180674448 0.30380098546291129 -0.20294084399669046 0.37730799345311855
decision_type=2 2 2 2 2 2 2 2 2 2 2 2 2 2
left_child=1 4 5 6 7 -2 -3 8 12 11 -11 -9 13 -1
right_child=2 3 -4 -5 -6 -7 -8 9 -10 10 -12 -13 -14 -15
leaf_value=0.00047237271900422225 0.0019073263753539493 -0.0014842586477083895 -0.016309978594900285 -0.0022796624472567833 -0.0018864708223565012 -0.0080382288407857272 0.0078115292641151015 0.0019499943490688338 -0.0059363263407840932 0.00054053801966863068 -0.007413501885561522 -0.00064902284400214939 0.0081945200827885142 0.0050259537898417455
leaf_weight=471.24425540864468 52.051951102912426 87.64546736702323 363.94591712765396 3179.2658197805285 580.61097640916705 688.11579865030944 118.81388993933797 7154.967407785356 76.255171701312065 3417.7512378804386 121.0098387375474 822.41861926019192 196.89540912210941 547.12296757847071
leaf_count=4076 1823 1646 26925 72154 7596 31377 1350 67182 827 44680 1058 7596 1508 4238
internal_value=-3.81353e-05 0.000656511 -0.0104587 -0.00187869 0.00129902 -0.00731482 0.00403207 0.00144546 0.00325258 0.00123883 0.000238402 0.00168134 0.00389451 0.00295625
internal_weight=17878.1 16774 1104.11 3385.73 13388.3 740.168 206.459 12807.7 1291.52 11516.1 3538.76 7977.39 1215.26 1018.37
internal_count=274036 213911 60125 75150 138761 33200 2996 131165 10649 120516 45738 74778 9822 8314
is_linear=0
shrinkage=0.03


Tree=78
num_leaves=15
num_cat=0
split_feature=6 6 6 10 6 11 7 4 9 4 11 12 6 5
split_gain=137.281 38.7898 13.1001 10.1941 8.80331 6.05839 5.20122 5.07562 4.77054 4.74989 4.70944 5.68881 5.61287 5.9642
threshold=4.8019696776346406 3.6362686359073835 5.650908969611069 0.21560530584071833 2.6844345112494912 -3.1962452022713399 0.013420447673330027 0.93541666666666679 2.4246864496311145 0.63068181818181823 -2.8994644204400064 2.3502401828962087 3.920982255679319 15.500000000000002
decision_type=2 2 2 2 2 2 2 2 2 2 2 2 2 2
left_child=1 4 -2 6 9 -6 -3 -5 -7 -1 11 12 13 -8
right_child=2 3 -4 7 5 8 10 -9 -10 -11 -12 -13 -14 -15
leaf_value=0.0014664880636701869 -0.009737122759697148 -0.006399065115499359 -0.019640342934086584 -0.0010446658560997193 0.010168786252458034 -6.7304685876712933e-05 0.00973508084185957 0.007964078108309942 -0.0061914320216515566 0.0078766676920659709 -0.0042864232472992342 0.0063794352492444308 -0.0078115906302807792 -0.0055146650713298016
leaf_weight=10755.157815992832 610.57109842635691 722.43510345369577 169.76666723750532 766.58624964021146 35.875610042363405 3837.4081760235131 36.541160237044096 45.688584003597498 103.01051638647914 90.922541089355946 512.51408280432224 85.058560233563185 73.940154295414686 28.720570210367441
leaf_count=102881 34882 24832 13466 17874 432 57615 846 1119 1914 915 12568 2153 1853 686
internal_value=-3.76272e-05 0.000528792 -0.0122214 -0.00310914 0.00108887 -0.000118407 -0.00459625 -0.000402729 -0.000250274 0.00153103 -0.00273612 0.000853489 -0.00281521 0.00324754
internal_weight=17874.2 17093.9 780.338 2271.48 14822.4 3976.29 1459.21 812.275 3940.42 10846.1 736.775 224.26 139.202 65.2617
internal_count=274036 225688 48348 61931 163757 59961 42938 18993 59529 103796 18106 5538 3385 1532
is_linear=0
shrinkage=0.03


Tree=79
num_leaves=15
num_cat=0
split_feature=6 3 6 6 6 8 8 3 8 9 4 6 9 11
split_gain=130.978 36.5694 12.9415 8.73956 6.46605 5.48385 4.79716 5.4849 4.77455 4.5374 4.84427 4.22135 5.02423 4.76841
threshold=4.8019696776346406 0.03325375200167139 5.650908969611069 2.6844345112494912 4.1689878061477064 0.40985279163372873 0.48855503453053578 0.031576604791400252 0.37730799345311855 1.925001347811172 0.59411764705882364 0.71754226264466137 1.3772626059130288 -2.0843333985671015
decision_type=2 2 2 2 2 2 2 2 2 2 2 2 2 2
left_child=1 4 -2 9 -1 8 7 -6 -5 11 -11 -3 -13 -14
right_child=2 3 -4 5 6 -7 -8 -9 -10 10 -12 12 13 -15
leaf_value=-0.0018839552210229847 -0.0095402795108106928 -0.00044165131558598057 -0.019442850194352566 -0.00048084956530105682 -0.0067850307558502869 0.0014276390636441055 0.0024473899432129863 0.0025617301766011728 -0.0045871107897109999 0.00090477738828503916 0.0090122149692016488 0.0078227643820780318 -0.003278355369437365 0.0025395565880798488
leaf_weight=1409.2666401416063 604.87075816839933 463.5647434219718 166.54763837717474 2476.2406772784889 643.52427869103849 1332.4845942519605 57.803272994235158 54.176848312839866 269.79332984983921 6540.3949553146958 52.234432071447372 145.28351827710867 119.07956766337156 3535.4004345461726
leaf_count=31910 34882 4767 13466 40510 22982 18963 1625 1679 4263 67220 608 1032 1076 29053
internal_value=-3.71021e-05 0.00051302 -0.0120083 0.0010419 -0.00311775 -0.000141826 -0.00533769 -0.00602061 -0.000907012 0.00148621 0.000989327 0.0022484 0.00257703 0.00233736
internal_weight=17870.7 17099.2 771.418 14934.5 2164.77 4078.52 755.504 697.701 2746.03 10856 6592.63 4263.33 3799.76 3654.48
internal_count=274036 225688 48348 167492 58196 63736 26286 24661 44773 103756 67828 35928 31161 30129
is_linear=0
shrinkage=0.03


Tree=80
num_leaves=15
num_cat=0
split_feature=6 6 6 10 12 7 7 9 9 7 5 11 12 11
split_gain=124.946 34.8283 12.7773 9.38805 8.068 6.34837 7.33028 6.57168 5.03176 4.73233 4.65505 4.47794 5.40115 5.4646
threshold=4.8019696776346406 3.6362686359073835 5.650908969611069 0.21560530584071833 2.249904835165133 0.15242160459103429 0.26353257994069657 2.1213895579778863 1.4297488781424199 0.013420447673330027 17.500000000000004 -2.8994644204400064 2.3502401828962087 -2.9730193800863263
decision_type=2 2 2 2 2 2 2 2 2 2 2 2 2 2
left_child=1 4 -2 9 5 7 -7 8 -1 -3 -8 12 13 -11
right_child=2 3 -4 -5 -6 6 10 -9 -10 11 -12 -13 -14 -15
leaf_value=0.005014351935573742 -0.0093457342784767986 -0.006126771826731158 -0.019244379548319302 -0.00036429679187032209 -0.003201146465480793 0.0029378868228202748 7.9247217898654912e-05 -0.00041457781148770463 0.0010587342706132521 -0.0064850041089656047 0.0069412663029771405 -0.0041377974441112577 0.0062426245441742894 0.0049428223887495563
leaf_weight=289.89957792311907 599.3353114798665 714.64439235441387 163.41956152673811 811.27745739556849 381.49667230248451 2989.2805595844984 1604.5915961265564 3178.5851715393364 6321.3153580278158 94.456173650920391 79.220917321741581 509.77697742730379 85.410014316439629 44.223779823631048
leaf_count=2387 34882 24832 13466 18993 7835 26025 14562 41422 70780 2322 746 12568 2153 1063
internal_value=-3.66483e-05 0.000497667 -0.0117968 -0.00295986 0.00102647 0.00114119 0.00204957 0.000705099 0.00124315 -0.00439495 0.000460534 -0.00261954 0.000877205 -0.00271402
internal_weight=17866.9 17104.2 762.755 2259.79 14844.4 14462.9 4673.09 9789.8 6611.21 1448.51 1683.81 733.867 224.09 138.68
internal_count=274036 225688 48348 61931 163757 155922 41333 114589 73167 42938 15308 18106 5538 3385
is_linear=0
shrinkage=0.03


Tree=81
num_leaves=15
num_cat=0
split_feature=6 6 6 10 12 6 4 4 6 11 5 4 6 8
split_gain=119.172 32.8459 12.608 8.90498 7.61383 5.71132 8.96677 6.58438 5.55692 4.93371 4.99632 4.80351 4.42005 4.26767
threshold=4.8019696776346406 3.6362686359073835 5.650908969611069 0.21560530584071833 2.249904835165133 1.7316163862908043 0.18465909090909094 0.12916666666666668 0.97438160901886006 -3.1962452022713399 7.5000000000000009 0.93541666666666679 4.0951772018816319 0.5268858976673908
decision_type=2 2 2 2 2 2 2 2 2 2 2 2 2 2
left_child=1 4 -2 12 5 7 -7 13 -9 -8 -11 -5 -3 -1
right_child=2 3 -4 11 -6 6 9 8 -10 10 -12 -13 -14 -15
leaf_value=0.0011412679318798938 -0.0091535278313126626 -0.0026057919215527335 -0.019044988271689219 -0.0009814738138481298 -0.0031174754539058723 -0.0038325707265195316 0.010183170599619856 -0.0041016974629390799 0.0033388586107388888 0.00632390263395458 0.00070381169776905894 0.0077627532065622446 -0.0060062409586472132 -0.0048692515499769631
leaf_weight=2710.7926649302244 593.95999780669808 750.38839617371559 160.37983644474298 765.0231291949749 380.40312146767974 368.96427088230848 35.808390397578478 81.739465624094009 2298.7756131887436 130.02666836977005 8752.9049637801945 45.986999023705721 692.22541987709701 96.005102977156639
leaf_count=24965 34882 18599 13466 17874 7835 3499 424 667 19199 1050 105044 1119 24339 1074
internal_value=-3.62685e-05 0.000482702 -0.0115869 -0.00288032 0.000995276 0.00110647 0.000659368 0.00190279 0.00305929 0.000851321 0.0007966 -0.000353682 -0.00428248 0.00091089
internal_weight=17863.4 17109 754.34 2253.62 14855.4 14475 9287.7 5187.31 2380.52 8918.74 8882.93 811.01 1442.61 2806.8
internal_count=274036 225688 48348 61931 163757 155922 110017 45905 19866 106518 106094 18993 42938 26039
is_linear=0
shrinkage=0.03


Tree=82
num_leaves=15
num_cat=0
split_feature=6 6 6 8 4 7 4 9 7 5 8 7 9 4
split_gain=113.647 30.9587 12.4337 8.01578 10.3372 7.34879 7.1661 6.52685 5.46579 5.14994 4.25745 4.89958 3.86446 4.31266
threshold=4.8019696776346406 3.6362686359073835 5.650908969611069 0.33327454813561458 0.63068181818181823 0.11064625738982067 0.26969696969696971 2.1213895579778863 0.011917045274892232 7.5000000000000009 0.41538400459687669 0.018895518052587035 1.5511502758327356 0.32291666666666669
decision_type=2 2 2 2 2 2 2 2 2 2 2 2 2 2
left_child=1 5 -2 -3 10 7 -7 9 -6 -1 -5 -12 -8 -14
right_child=2 3 -4 4 8 6 12 -9 -10 -11 11 -13 13 -15
leaf_value=0.0071067710330135498 -0.0089636981121003698 -0.0043901786155533858 -0.018844733113105184 -0.0085257811954655878 -0.0011901232648439722 0.0012874931024397728 0.0085850986141538504 -0.00082921259222937054 0.0042572197025236612 0.00082131763734018834 -0.0040703936872782207 0.0060157596745880676 0.0054748640733307784 0.0011273457454047591
leaf_weight=105.39311284944415 588.74022271763533 1248.9299476463348 157.42590450774878 142.29662691615522 325.53127532824874 5842.8076538592577 135.7547229975462 2760.3924836665392 312.36882242187858 5193.7462255395949 176.62155951932073 41.835093460977077 381.14580528438091 447.07395857572556
leaf_count=881 34882 37312 13466 3544 9910 52950 915 40337 6560 61771 3858 747 3251 3652
internal_value=-3.59461e-05 0.000468129 -0.0113787 -0.00280194 -0.000780088 0.000964844 0.00168957 0.000350763 0.00151387 0.000966034 -0.00473488 -0.00187645 0.00406957 0.00318987
internal_weight=17860.1 17113.9 746.166 2247.58 998.653 14866.3 6806.78 8059.53 637.9 5299.14 360.753 218.457 963.974 828.22
internal_count=274036 225688 48348 61931 24619 163757 60768 102989 16470 62652 8149 4605 7818 6903
is_linear=0
shrinkage=0.03


Tree=83
num_leaves=15
num_cat=0
split_feature=6 6 6 10 12 7 4 7 8 10 5 4 5 7
split_gain=108.368 29.208 12.2549 8.10781 7.0212 5.44806 8.71053 6.50747 5.5325 5.26485 5.67116 4.5309 4.45874 4.35491
threshold=4.8019696776346406 3.6362686359073835 5.650908969611069 0.21560530584071833 2.249904835165133 0.15242160459103429 0.18465909090909094 0.26353257994069657 0.5268858976673908 0.30854390169055218 17.500000000000004 0.93541666666666679 7.5000000000000009 0.013420447673330027
decision_type=2 2 2 2 2 2 2 2 2 2 2 2 2 2
left_child=1 4 -2 13 5 6 -1 -7 9 10 -9 -5 -8 -3
right_child=2 3 -4 11 -6 7 12 8 -10 -11 -12 -13 -14 -15
leaf_value=-0.0030189030362897961 -0.0087762801420780186 -0.0057462502958974156 -0.018643679137965774 -0.00093018850628261238 -0.0030199095799553089 0.0027159528581196715 0.005896369690503187 -1.2539224423717787e-06 -0.0061492328025739198 0.0088208197829851686 0.0076904568897760246 0.007541242109851058 0.00076844974866010899 -0.0023695525548703298
leaf_weight=538.78995179384947 583.67150068562478 704.03333922848105 154.55529212858528 763.75332321412861 379.13501036539674 3004.3808375969529 140.62834101170301 1459.9529026299715 94.329197853803635 55.920176520943642 76.689524196088314 46.317914009094238 9126.6971912868321 727.70694978535175
leaf_count=5108 34882 24832 13466 17874 7835 26025 1120 12979 1093 524 712 1119 108361 18106
internal_value=-3.5324e-05 0.000454316 -0.0111723 -0.00272668 0.000935939 0.00104241 0.000638496 0.00188197 0.000385787 0.00082663 0.000453252 -0.000317517 0.000855667 -0.00407235
internal_weight=17856.6 17118.3 738.227 2241.81 14876.5 14497.4 9806.12 4691.27 1686.89 1592.56 1536.64 810.071 9267.33 1431.74
internal_count=274036 225688 48348 61931 163757 155922 114589 41333 15308 14215 13691 18993 109481 42938
is_linear=0
shrinkage=0.03


Tree=84
num_leaves=15
num_cat=0
split_feature=7 7 7 9 11 11 9 11 8 11 4 4 8 4
split_gain=102.327 19.7422 19.3669 7.43679 6.04139 7.35159 5.8864 6.00054 5.84203 5.38683 5.37008 5.1181 5.17328 6.08464
threshold=0.0088623409348470451 0.0033520721995408289 0.034835010130559833 1.2869005265451376 -2.5791816380419927 -2.4448304484744443 2.3575769664228465 -0.30673026742247539 0.33010400053889227 -4.0754590133786008 0.71008403361344552 0.82843137254901966 0.23968436736427981 0.86190476190476206
decision_type=2 2 2 2 2 2 2 2 2 2 2 2 2 2
left_child=1 -1 3 -2 -4 -6 10 -8 9 -3 -7 -11 13 -13
right_child=2 8 4 -5 5 6 7 -9 -10 11 -12 12 -14 -15
leaf_value=-0.016418078024541694 0.0084506974224295185 -0.015170662209394158 -0.0062732181123934675 -0.0015455302664917022 0.0079670271066255328 0.0011559394709936034 -0.003438767648281551 0.0027534442947349459 -0.003690094907714539 -0.011123930602799183 0.0070874261917624306 0.0070971266027526477 0.00039619119860205977 -0.010195288117081282
leaf_weight=230.61945784464478 53.52993094548583 91.32786148134619 84.70466510951519 3616.2599260862917 126.28050553053617 12072.176404412836 470.55161874741316 185.50543985515833 409.96794193517417 140.21300323307514 124.60458565875888 10.68284075334668 131.08146502077579 105.86837477702647
leaf_count=19546 650 6066 919 77794 1369 120468 6550 1889 18888 6302 1450 507 6153 5485
internal_value=-3.47916e-05 -0.00875299 0.00055592 -0.00136591 0.00109673 0.00115202 0.00107585 -0.00166546 -0.00652547 -0.00876571 0.00122517 -0.00674878 -0.00377766 -0.00798179
internal_weight=17853.4 1119.76 16733.6 3669.79 13063.8 12979.1 12852.8 656.057 889.141 479.174 12196.8 387.846 247.633 116.551
internal_count=274036 62947 211089 78444 132645 131726 130357 8439 43401 24513 121918 18447 12145 5992
is_linear=0
shrinkage=0.03


Tree=85
num_leaves=15
num_cat=0
split_feature=6 6 6 10 6 11 4 4 9 4 7 11 12 6
split_gain=98.8703 26.2573 11.9291 7.64212 6.49154 5.30713 4.35534 5.12204 4.1415 4.09335 4.06191 4.23084 5.03877 5.39747
threshold=4.8019696776346406 3.6362686359073835 5.650908969611069 0.21560530584071833 2.6844345112494912 -3.1962452022713399 0.63068181818181823 0.65686274509803932 2.4246864496311145 0.63068181818181823 0.013420447673330027 -2.8994644204400064 2.3502401828962087 3.920982255679319
decision_type=2 2 2 2 2 2 2 2 2 2 2 2 2 2
left_child=1 4 -2 10 9 -6 -5 -8 -7 -1 -3 12 13 -12
right_child=2 3 -4 6 5 8 7 -9 -10 -11 11 -13 -14 -15
leaf_value=0.001201580797292538 -0.008420897036112384 -0.0055320892947796118 -0.018261781690714466 -0.0029784554196377209 0.0093965901196473162 -0.00010799661817322051 0.010981949896038587 0.0005049448619181251 -0.0058485752592722937 0.0070991755510447646 0.003521761830095485 -0.0037527663770905791 0.0062954790909574244 -0.0073618579535338954
leaf_weight=10823.10548492521 574.26762014813721 698.1799129229039 149.34969837963581 308.8391330987215 36.707512997090816 3841.2037361264229 31.333376819267869 468.35668828338385 101.56156178936362 92.662640072405338 64.656252529472113 502.81148080900311 85.273237999528646 72.360833030194044
leaf_count=102881 34882 24832 13466 6813 432 57615 665 11515 1914 915 1532 12568 2153 1853
internal_value=-3.47139e-05 0.000428379 -0.0107816 -0.00259549 0.000883612 -0.000153287 -0.000256993 0.00146282 -0.000277474 0.00126132 -0.0039074 -0.00226261 0.0011322 -0.00238531
internal_weight=17850.7 17127.1 723.617 2231.81 14895.2 3979.47 808.529 499.69 3942.77 10915.8 1423.28 725.102 222.29 137.017
internal_count=274036 225688 48348 61931 163757 59961 18993 12180 59529 103796 42938 18106 5538 3385
is_linear=0
shrinkage=0.03


Tree=86
num_leaves=15
num_cat=0
split_feature=6 6 7 9 7 5 11 4 7 4 7 10 4 6
split_gain=94.2385 24.7407 11.7561 7.33316 6.28483 6.25387 6.09174 5.22925 5.57798 4.91102 8.35538 5.377 4.82257 4.30523
threshold=4.8019696776346406 3.6362686359073835 0.0025521733920247842 2.1901161392935395 0.1070556628253632 7.5000000000000009 -3.1962452022713399 0.12916666666666668 0.15242160459103429 0.63068181818181823 0.010982627873222619 0.28942880160359347 0.18465909090909094 0.97438160901886006
decision_type=2 2 2 2 2 2 2 2 2 2 2 2 2 2
left_child=1 4 -2 9 5 -1 -7 8 -6 -3 11 -11 -8 -9
right_child=2 3 -4 -5 7 6 12 13 -10 10 -12 -13 -14 -15
leaf_value=0.0071005323579638588 -0.019046345596720374 -0.0038648657989622829 -0.0084803589422379182 -0.0057816450925855349 -0.0042315579684317726 0.010645420570414019 -0.0067466061390561837 -0.0041293970146227535 0.00088446643121748326 -0.0046757962113298046 0.0016489207488578168 0.0034963636619765688 0.00017956102064712898 0.002330886264754803
leaf_weight=103.84465151652694 118.33344777021557 564.86275102756917 597.99084934871644 473.9865749720484 191.35104919970036 34.599840924143791 76.564554966986179 81.802312113344669 2738.0542276874185 425.72000492922962 686.48378701508045 75.318591311573982 7619.0188185311854 4059.6901402026415
leaf_count=861 10870 13702 37478 14570 1872 411 717 667 25247 15273 16390 1996 98755 35227
internal_value=-3.41372e-05 0.000415723 -0.0105807 -0.00252367 0.000856881 0.000270721 0.000165397 0.00150435 0.000530429 -0.00160086 -0.000489171 -0.00338139 9.76609e-05 0.00218884
internal_weight=17847.6 17131.3 716.324 2226.37 14904.9 7834.03 7730.18 7070.9 2929.41 1752.39 1187.52 501.039 7695.58 4141.49
internal_count=274036 225688 48348 61931 163757 100744 99883 63013 27119 47361 33659 17269 99472 35894
is_linear=0
shrinkage=0.03


Tree=87
num_leaves=15
num_cat=0
split_feature=6 3 6 6 7 8 8 4 6 8 8 8 3 4
split_gain=89.814 23.4513 11.6008 6.20554 5.86478 4.65805 4.63173 3.92483 4.73822 5.41462 5.88177 4.16684 5.42567 5.5763
threshold=4.8019696776346406 0.03325375200167139 5.650908969611069 2.6844345112494912 0.01240987691140401 0.40985279163372873 0.37730799345311855 0.53589743589743599 3.4323716941944231 0.34393151530750243 0.35795470260283774 0.29263341644418089 0.052485557478752241 0.38675213675213682
decision_type=2 2 2 2 2 2 2 2 2 2 2 2 2 2
left_child=1 4 -2 -3 -1 6 7 11 -9 -10 -11 12 13 -5
right_child=2 3 -4 5 -6 -7 -8 8 9 10 -12 -13 -14 -15
leaf_value=-0.0046651023111057765 -0.0080578935563638404 0.0011931115787158844 -0.017867291214321103 0.0041839585912223417 -0.0013560337684825397 0.0012656821576225285 -0.0045131841528100354 0.0025284898831986354 -0.0034113596961744775 0.012888125895946619 -0.0015593840363485054 0.000261087858828331 -0.011013796963064636 -0.0031642537934878697
leaf_weight=742.17879177443683 564.97160146385431 10931.735336914659 144.28801183123142 95.471900667995214 1380.0996844545007 1337.9620508030057 269.04305443167686 633.84779468551278 310.54421045444906 28.711646236479282 53.768004905432463 674.61043681018054 54.37781760841608 623.21561511605978
leaf_count=26578 34882 103756 13466 1327 31618 18963 4263 9365 7176 634 1185 10036 699 10088
internal_value=-3.40151e-05 0.000403012 -0.0103822 0.000820853 -0.00253786 -0.000176897 -0.000883454 -0.000463999 0.000946549 -0.00160388 0.00467919 -0.00146398 -0.00294567 -0.00212252
internal_weight=17844.8 17135.6 709.26 15013.3 2122.28 4081.55 2743.59 2474.55 1026.87 393.024 82.4797 1447.68 773.065 718.688
internal_count=274036 225688 48348 167492 58196 63736 44773 40510 18360 8995 1819 22150 12114 11415
is_linear=0
shrinkage=0.03


Tree=88
num_leaves=15
num_cat=0
split_feature=6 7 7 9 6 8 4 9 8 11 7 9 4 8
split_gain=85.5743 22.1402 11.4677 7.35112 6.99278 5.42976 5.72349 5.37227 4.38136 4.03325 5.32516 3.93064 4.51294 3.57905
threshold=4.8019696776346406 0.01684093620803476 0.0025521733920247842 2.1785552222788298 2.6844345112494912 0.23968436736427981 0.74166666666666681 1.5291899590487417 0.29491495152228825 -2.8994644204400064 0.02438220837967572 1.925001347811172 0.59411764705882364 0.43751634515403098
decision_type=2 2 2 2 2 2 2 2 2 2 2 2 2 2
left_child=1 3 -2 -1 11 -6 -7 -8 -9 -10 -11 13 -13 -3
right_child=2 4 -4 -5 5 6 7 8 9 10 -12 12 -14 -15
leaf_value=-0.0017890439282245655 -0.018668759557265536 0.0024967931290688717 -0.0081159333247988082 -0.0065796759762513932 -0.0023147716739639551 -0.00010735172681442848 0.012277342324077435 0.006389130910587488 0.00532137659624486 -0.010887296116433586 0.0010052703054216476 0.00061315121510549595 0.0083779003395703933 0.00067892989416911244
leaf_weight=1290.2414679117501 114.13601499795914 2782.4017870873213 588.24208734370768 363.97187763825059 897.70782559737563 3318.7655217312276 43.908657804131508 110.4833025559783 49.634246811270714 41.155066519975662 79.782703250646591 6590.3314072974026 53.183234490454197 1518.1851626485586
leaf_count=37230 10870 23088 37478 12095 16695 50249 506 2171 971 864 1111 67258 610 12840
internal_value=-3.39554e-05 0.000390582 -0.0101853 -0.00289277 0.000743779 -0.000245318 0.000271934 0.0039793 0.00212655 -0.00092768 -0.00379655 0.001154 0.000694044 0.00185964
internal_weight=17842.1 17139.8 702.378 1654.21 15485.5 4541.44 3643.73 324.964 281.055 170.572 120.938 10944.1 6643.51 4300.59
internal_count=274036 225688 48348 49325 176363 72567 55872 5623 5117 2946 1975 103796 67868 35928
is_linear=0
shrinkage=0.03


Tree=89
num_leaves=15
num_cat=0
split_feature=7 7 7 9 9 7 3 8 9 3 4 8 8 7
split_gain=81.2385 24.8494 8.38168 7.20952 6.71744 7.34161 4.73859 4.20786 4.19395 6.53361 7.69878 4.49974 7.07167 4.73765
threshold=0.0056085051542415455 0.01684093620803476 0.0025521733920247842 2.1901161392935395 1.6936169399515857 0.06579667573706377 0.074487952779820607 0.40985279163372873 2.0338468345065026 0.049658635186547062 0.36931818181818188 0.35795470260283774 0.40985279163372873 0.050394829356163386
decision_type=2 2 2 2 2 2 2 2 2 2 2 2 2 2
left_child=2 3 -1 -2 -3 6 8 -7 11 10 -10 -6 13 -13
right_child=1 4 -4 -5 5 7 -8 -9 9 -11 -12 12 -14 -15
leaf_value=-0.018473950686074627 -0.0019933191774498555 0.0022013143407178908 -0.0087746787425494726 -0.0066869968783130592 0.0021001224490851764 0.001217882526395597 -0.007292284714117905 -0.00095028522061290472 0.0088615016485204066 -0.0050757827001704 -0.00088930276251936754 -0.005373485257595529 0.0012796752450355282 0.0017717353272910126
leaf_weight=112.06899384595454 1424.0575882140547 2330.2896432615817 444.4717402420938 364.96458674035966 987.76362577453256 7542.2867422029376 75.382916800677776 890.61432436853647 60.389285121113062 318.56153852492571 2218.3887515440583 320.64372729882598 646.30061903223395 102.93797504156828
leaf_count=10870 43643 21243 30434 12726 14672 72047 761 7993 811 4083 39417 5127 9032 1177
internal_value=-3.33378e-05 0.00033438 -0.0111614 -0.00299848 0.000721749 0.000457615 -0.000487365 0.000987618 -0.000354097 -0.00115268 -0.00057464 0.000654986 -0.000689818 -0.00363586
internal_weight=17839.1 17282.6 556.541 1789.02 15493.6 13163.3 4730.37 8432.9 4654.99 2597.34 2278.78 2057.65 1069.88 423.582
internal_count=274036 232732 41304 56369 176363 155120 75080 80040 74319 44311 40228 30008 15336 6304
is_linear=0
shrinkage=0.03


Tree=90
num_leaves=15
num_cat=0
split_feature=6 6 7 10 12 9 11 10 10 9 11 3 9 10
split_gain=77.8688 19.8562 11.0864 6.62329 5.63272 4.77405 5.43529 3.99161 5.0261 3.77703 3.8029 5.05811 5.17878 6.70146
threshold=4.8019696776346406 3.6362686359073835 0.0025521733920247842 0.21560530584071833 2.249904835165133 2.3575769664228465 -0.30673026742247539 0.23392313309077198 0.30147511177332381 1.6560164723978006 -0.86940428163143579 0.30380098546291129 1.7052298814355191 0.22097931566515078
decision_type=2 2 2 2 2 2 2 2 2 2 2 2 2 2
left_child=1 4 -2 -3 5 9 -7 -5 -9 -1 -11 -12 -13 -14
right_child=2 3 -4 7 -6 6 -8 8 -10 10 11 12 13 -15
leaf_value=0.0022344184335448903 -0.01827859494406596 -0.0035114572026922184 -0.0077789255825317328 0.0038207250493300744 -0.0027952167805333139 -0.003376746835505214 0.0025320644098685546 -0.0032097708891974178 0.0021709147911192399 0.00031729355372458323 0.0017998843526926907 0.0066722179112408339 -0.00018990035716957222 -0.0075354938464323824
leaf_weight=1840.9925090372562 110.05961209535599 1403.3651829268783 579.48784232791513 167.57232574559748 376.24191750213504 456.87584640458226 186.58445131033659 399.28432974219322 237.72459325566888 6922.0813760198653 4340.8423357754946 62.04842671751976 632.41633239388466 120.99436733871698
leaf_count=16019 10870 42938 37478 4434 7835 6308 1889 9671 4888 84720 39783 541 5536 1126
internal_value=-3.34166e-05 0.000367897 -0.00980827 -0.0022781 0.000760858 0.000855514 -0.00164472 -0.000101949 -0.00119801 0.00097274 0.000777901 0.00139353 -0.000763006 -0.00149364
internal_weight=17836.6 17147 689.547 2207.95 14939.1 14562.8 643.46 804.581 637.009 13919.4 12078.4 5156.3 815.459 753.411
internal_count=274036 225688 48348 61931 163757 155922 8197 18993 14559 147725 131706 46986 7203 6662
is_linear=0
shrinkage=0.03


Tree=91
num_leaves=15
num_cat=0
split_feature=6 6 6 10 12 9 11 10 10 7 11 7 11 12
split_gain=74.1759 18.7071 10.9146 6.27576 5.31562 4.49431 5.14051 3.7633 4.75183 3.70337 3.54992 3.53398 3.92657 4.81009
threshold=4.8019696776346406 3.6362686359073835 5.650908969611069 0.21560530584071833 2.249904835165133 2.3575769664228465 -0.30673026742247539 0.23392313309077198 0.30147511177332381 0.008139722695144673 -3.1575204647268635 0.013420447673330027 -2.8994644204400064 2.3502401828962087
decision_type=2 2 2 2 2 2 2 2 2 2 2 2 2 2
left_child=1 4 -2 11 5 10 -7 -5 -9 -10 -1 -3 13 -13
right_child=2 3 -4 7 -6 6 -8 8 9 -11 -12 12 -14 -15
leaf_value=0.008076872579309155 -0.0073717265166685199 -0.0049507839914885018 -0.017085171644746978 0.0037033947665421575 -0.0027212384948519675 -0.0032878059736947502 0.0024572067733445962 -0.0031258797721022817 0.0096586278586927293 0.0003372365533997488 0.00090973056577602421 -0.0020998691118450604 -0.0033371269913483061 0.0064147277841873126
leaf_weight=47.738328315317631 548.15198444761336 682.75526406057179 135.09782441612333 168.16100761666894 375.29847049713135 455.58374943584204 186.95186817646027 398.1206589024514 32.493418991565704 205.69055984541774 13881.717490661889 135.59735459461808 495.47476420551538 84.966170787811279
leaf_count=559 34882 24832 13466 4434 7835 6308 1889 9671 944 3944 147166 3385 12568 2153
internal_value=-3.32085e-05 0.00035671 -0.00961812 -0.00221473 0.000737584 0.000829372 -0.00159832 -9.75048e-05 -0.00116415 0.00210577 0.000942955 -0.00341842 -0.00188567 0.00137976
internal_weight=17833.8 17150.5 683.25 2203.26 14947.3 14572 642.536 804.466 636.305 238.184 13929.5 1398.79 716.038 220.564
internal_count=274036 225688 48348 61931 163757 155922 8197 18993 14559 4888 147725 42938 18106 5538
is_linear=0
shrinkage=0.03


Tree=92
num_leaves=15
num_cat=0
split_feature=7 7 7 9 9 6 12 6 6 8 4 0 7 4
split_gain=70.9508 21.013 8.03873 6.69684 5.85143 6.41496 4.15436 5.1318 4.68595 3.52633 3.37356 4.94349 3.31581 3.27572
threshold=0.0056085051542415455 0.01684093620803476 0.0025521733920247842 2.1901161392935395 1.6936169399515857 2.6844345112494912 2.602003343538398 4.6742296130452035 4.7591779066044522 0.24021986153610536 0.89444444444444449 11.500000000000002 0.46570839807042735 0.71008403361344552
decision_type=2 2 2 2 2 2 2 2 2 2 2 2 2 2
left_child=2 3 -1 6 -3 12 7 9 -8 13 -11 -12 -6 -2
right_child=1 4 -4 -5 5 -7 8 -9 -10 10 11 -13 -14 -15
leaf_value=-0.017897377766639293 -0.0027840003028264553 0.0020386273018160577 -0.0082592187912329616 -0.0063513013315198352 0.0008823039997842147 -0.00061860495286225148 -0.0020742821117402587 -0.0065555796071595047 0.011628619818860724 -0.0024713087728428745 0.0054897466950721225 -0.0072271579785222941 -0.0060445560992196312 0.0078563670558230835
leaf_weight=106.3110710894689 32.201455518603325 2339.0393878780305 434.02466177754104 359.97401198372245 9299.7833052165806 3829.2047734893858 38.607260698452592 191.31600867398083 28.527923023328185 949.89111814275384 98.943168284371495 22.267926648259163 47.835452236235142 53.312560986727476
leaf_count=10870 972 21243 30434 12726 90424 64201 1471 8403 1430 26160 2685 769 495 1753
internal_value=-3.26302e-05 0.000306105 -0.0105877 -0.00277212 0.000660596 0.000413939 -0.00180455 -0.00218324 0.00480882 -0.00138534 -0.00186756 0.0026149 0.000837229 0.00403207
internal_weight=17831.2 17290.9 540.336 1775.04 15515.9 13176.8 1415.07 1347.93 67.1352 1156.62 1071.1 121.211 9347.62 85.514
internal_count=274036 232732 41304 56369 176363 155120 43643 40742 2901 32339 29614 3454 90919 2725
is_linear=0
shrinkage=0.03


Tree=93
num_leaves=15
num_cat=0
split_feature=7 7 7 9 9 7 3 12 6 11 3 4 9 9
split_gain=67.6754 19.8147 7.92994 6.38996 5.49715 6.03447 4.60707 3.97099 4.90139 4.52826 3.92356 6.34829 4.61512 4.36915
threshold=0.0056085051542415455 0.01684093620803476 0.0025521733920247842 2.1901161392935395 1.6936169399515857 0.06579667573706377 0.074487952779820607 2.602003343538398 4.6742296130452035 -4.1224672115543237 0.059590362223856476 0.44949494949494956 1.9810261925759773 2.0435025635765154
decision_type=2 2 2 2 2 2 2 2 2 2 2 2 2 2
left_child=2 3 -1 7 -3 6 -6 8 -2 -9 12 -12 -7 -14
right_child=1 4 -4 -5 5 10 -8 9 -10 -11 11 -13 13 -15
leaf_value=-0.017700764952166284 -0.0013453281744833362 0.0019749133318358605 -0.0080830326078588765 -0.006204337687879819 -0.00032526613505816794 0.0088855313366300627 -0.0071784259081264356 0.015132089295564517 -0.0064107468087690814 -3.2462221039821485e-05 0.00081261241598486688 -0.0043876928317623538 -0.0048486077903048741 0.0026998625390408722
leaf_weight=104.46190853510052 1155.1176784262061 2342.496082469821 430.5606745723635 357.83396088704467 4650.7099952846766 86.265726566314697 75.056355647742748 10.752588175237177 190.1262608319521 56.626797039061785 7438.2453919202089 202.69558903574944 63.040950186550617 664.77712461352348
leaf_count=10870 32339 21243 30434 12726 74319 878 761 487 8403 2414 68814 1918 660 7770
internal_value=-3.2569e-05 0.000296665 -0.0103924 -0.0026968 0.000640349 0.000401194 -0.000456479 -0.00175245 -0.00212403 0.00470221 0.000880533 0.000666335 0.00284255 0.00196133
internal_weight=17828.8 17293.7 535.023 1770.46 15523.3 13180.8 4725.77 1412.62 1345.24 67.3794 8455.02 7640.94 814.084 727.818
internal_count=274036 232732 41304 56369 176363 155120 75080 43643 40742 2901 80040 70732 9308 8430
is_linear=0
shrinkage=0.03


Tree=94
num_leaves=15
num_cat=0
split_feature=11 3 9 11 8 11 9 8 11 9 11 8 11 4
split_gain=53.2388 19.9262 9.50851 7.02433 6.91896 4.43112 6.10126 4.31542 4.90125 4.085 5.06589 5.3556 3.79694 6.15805
threshold=-4.0754590133786008 0.031576604791400252 1.5710959258255943 -4.6033974546458625 0.33010400053889227 -2.5791816380419927 1.642850023690644 0.46707909178713253 -3.5481186001187672 2.1785552222788298 -2.4448304484744443 0.24879898967076058 -0.86940428163143579 0.12916666666666668
decision_type=2 2 2 2 2 2 2 2 2 2 2 2 2 2
left_child=2 7 -1 -4 -5 -3 -7 8 -2 -10 -11 -12 -8 -14
right_child=1 5 3 4 -6 6 12 -9 9 10 11 -13 13 -15
leaf_value=-0.00028025805981690189 -0.0059430889506766659 -0.00090745903522123348 -0.015241723609249407 -0.012018789944209683 -0.0026153015586218033 0.0026266590776311827 9.7322602179667107e-05 0.0049415872525946846 -0.0001728607411301039 -0.0055637350175018162 -0.0022628608797204603 0.0075471667989368421 6.6747652119155052e-05 0.0020595228601388415
leaf_weight=96.267686486244202 382.44781967159361 1537.1608933564276 184.07327143475413 125.66137701738626 162.99758722539991 1434.6569723337889 6900.2751996740699 50.819421581923962 574.59459252469242 438.93330811522901 283.1570114120841 45.285703953355551 2574.4206491038203 3035.6486605033278
leaf_count=4643 17824 29972 17238 9821 8496 11556 83528 1239 16461 14329 6266 903 23606 28154
internal_value=-3.23706e-05 0.000268866 -0.00894093 -0.0106417 -0.00710039 0.00061482 0.000783416 -0.00272813 -0.00299482 -0.00209819 -0.00350888 -0.000639704 0.000569145 0.00114767
internal_weight=17826.4 17257.4 569 472.732 288.659 15482.2 13945 1775.24 1724.42 1341.97 767.376 328.443 12510.3 5610.07
internal_count=274036 233838 40198 35555 18317 176816 146844 57022 55783 37959 21498 7169 135288 51760
is_linear=0
shrinkage=0.03


Tree=95
num_leaves=15
num_cat=0
split_feature=7 7 7 7 4 6 10 10 10 10 11 11 10 7
split_gain=61.5984 17.6969 7.83561 5.16624 7.47302 6.10895 4.84331 4.89193 4.4958 4.38845 7.04996 5.66874 5.83866 3.93374
threshold=0.0056085051542415455 0.01684093620803476 0.0025521733920247842 0.15242160459103429 0.18465909090909094 1.4928409688502451 0.14619806323268461 0.14801146047691185 0.13163665217152129 0.18411893396096093 -1.7223412468009467 -1.7899832684258707 0.24414981615364431 0.14680196563243927
decision_type=2 2 2 2 2 2 2 2 2 2 2 2 2 2
left_child=2 6 -1 4 -3 -5 -2 -8 -7 -6 11 12 -11 -12
right_child=1 3 -4 5 9 8 7 -9 -10 10 13 -13 -14 -15
leaf_value=-0.01734823663584675 -0.0055971993007137965 -0.0031494795490913481 -0.0077234247099563025 0.00084952628283992203 -0.00015446154514018015 -0.00078985297604710475 0.0088550004005468787 -0.0019998761435053997 0.0043415811189403139 -0.00092471249394313634 0.0022618748514651407 -0.0051392219319274703 0.0017862350514760612 0.0092461321639326927
leaf_weight=101.28014336619526 360.83152744546533 540.70500214397907 423.64023655746132 3703.8062367662787 5500.815511032939 181.49988088011742 23.791427822783589 1377.3784452155232 856.07010692358017 1334.6264057122171 1694.4120263159275 154.02369280159473 1508.050589621067 63.027680426836014
leaf_count=10870 12932 5108 30434 32374 76001 1780 840 42597 7179 20156 14640 1524 17125 476
internal_value=-3.21927e-05 0.000279009 -0.0100108 0.000602845 0.000239544 0.00142668 -0.00255751 -0.00172372 0.00344549 0.000422573 0.00108862 0.000200505 0.000515282 0.00258848
internal_weight=17824 17299 524.92 15537 10795.7 4741.38 1762 1401.17 1037.57 10255 4754.14 2996.7 2842.68 1757.44
internal_count=274036 232732 41304 176363 135030 41333 56369 43437 8959 129922 53921 38805 37281 15116
is_linear=0
shrinkage=0.03


Tree=96
num_leaves=15
num_cat=0
split_feature=7 7 7 9 7 4 9 6 6 11 9 3 3 3
split_gain=58.7872 17.6104 6.86494 6.28551 4.85498 7.0562 7.46625 5.73054 4.03359 5.1305 3.88535 3.48905 3.44107 3.47775
threshold=0.0053354059941901977 0.01684093620803476 0.0025521733920247842 2.1901161392935395 0.15242160459103429 0.18465909090909094 1.4297488781424199 1.4928409688502451 2.9575076874722881 -1.8548554039531877 2.11685346438043 0.15190049273145567 0.30380098546291129 0.31763161865277817
decision_type=2 2 2 2 2 2 2 2 2 2 2 2 2 2
left_child=2 3 -1 -2 5 11 -7 12 10 -10 -8 -3 -6 -14
right_child=1 4 -4 -5 7 6 8 -9 9 -11 -12 -13 13 -15
leaf_value=-0.017150932668545452 -0.0016173002363537197 -0.0044261988353851839 -0.0078368808300669883 -0.0060099957468034869 0.0013938047190589537 0.0049482609910523031 0.0011937286174294849 0.0033353568449692107 -0.0002802101103688996 -0.0047977504823768181 -0.0002813819377315462 0.0010067546107666036 -0.0029115029071261136 0.00065397029189078392
leaf_weight=99.570476711727679 1438.4604470934719 403.26683411002159 379.69114231038839 360.08003829419613 2662.3187922462821 301.27552992850542 4443.2196917459369 1040.131508693099 2776.6412618048489 231.57537128403783 2505.18939460814 136.15729616582394 368.98413965851068 674.80368181318045
leaf_count=10870 45434 3936 28205 13164 22942 2545 43450 8959 49264 4128 30535 1172 3419 6013
internal_value=-3.17124e-05 0.000258828 -0.0102337 -0.00253918 0.000584721 0.000232455 0.000410062 0.00138284 0.000265505 -0.000650054 0.00066243 -0.00306472 0.000823626 -0.000629833
internal_weight=17821.4 17342.1 479.262 1798.54 15543.6 10797.3 10257.9 4746.24 9956.63 3008.22 6948.41 539.424 3706.11 1043.79
internal_count=274036 234961 39075 58598 176363 135030 129922 41333 127377 53392 73985 5108 32374 9432
is_linear=0
shrinkage=0.03


Tree=97
num_leaves=15
num_cat=0
split_feature=7 7 7 10 4 7 4 8 4 10 0 5 3 11
split_gain=56.079 16.6176 6.76656 4.7783 4.59014 4.57381 5.93966 4.47617 4.42495 4.41895 5.53299 4.41727 3.92324 4.3486
threshold=0.0053354059941901977 0.01684093620803476 0.0025521733920247842 0.14619806323268461 0.93095238095238109 0.11064625738982067 0.26969696969696971 0.24559162111585364 0.20714285714285716 0.24958975124249741 3.5000000000000004 7.5000000000000009 0.036048451417264725 -3.0469630640349652
decision_type=2 2 2 2 2 2 2 2 2 2 2 2 2 2
left_child=2 3 -1 -2 7 8 -7 -5 -3 10 -10 -11 -13 -14
right_child=1 5 -4 4 -6 6 -8 -9 9 11 -12 12 13 -15
leaf_value=-0.01695349955312983 -0.005474273439351013 -0.0031853006413021644 -0.0076675430749047974 0.004572449477154507 0.003626318295367983 0.00077937060448389917 0.0032883820450165472 -0.0026115102207075695 0.0070401698610309772 0.0076960006991486918 -0.00019538547613451345 -0.0063949628601616838 0.0057654769367736251 0.00088949639917366757
leaf_weight=97.908100290223956 365.17396664060652 337.50502701103687 376.80984121467918 69.801069803535938 121.48512025363743 5914.2517930939794 980.3559137955308 1237.8929396681488 81.499386817216873 87.627940878272057 6636.9723089933395 43.916952785104513 175.22502655163407 1292.5437941551208
leaf_count=10870 13389 3175 28205 2426 4482 52950 7818 38301 744 701 94441 830 2574 13130
internal_value=-3.16787e-05 0.000250785 -0.0100433 -0.00247073 -0.0016544 0.000566909 0.0011425 -0.00218055 0.000107227 0.000246319 -9.21258e-05 0.00165572 0.0012334 0.00152404
internal_weight=17819 17344.3 474.718 1794.35 1429.18 15549.9 6894.61 1307.69 8655.29 8317.79 6718.47 1599.31 1511.69 1467.77
internal_count=274036 234961 39075 58598 45209 176363 60768 40727 115595 112420 95185 17235 16534 15704
is_linear=0
shrinkage=0.03


Tree=98
num_leaves=15
num_cat=0
split_feature=7 7 7 10 3 8 10 4 7 4 6 10 9 6
split_gain=53.5159 14.8223 7.44755 5.84232 5.30465 4.85415 7.22539 3.87531 3.76069 6.94018 5.33205 4.18553 3.94994 3.52936
threshold=0.0056085051542415455 0.02438220837967572 0.0025521733920247842 0.30147511177332381 0.029110936637147599 0.20340925370019705 0.13279817713044006 0.72474747474747481 0.15242160459103429 0.18465909090909094 1.4928409688502451 0.25578459032525896 1.4297488781424199 4.5533502986082128
decision_type=2 2 2 2 2 2 2 2 2 2 2 2 2 2
left_child=2 3 -1 13 5 -3 -7 8 9 -6 -10 -12 -11 -2
right_child=1 4 -4 -5 7 6 -8 -9 10 12 11 -13 -14 -15
leaf_value=-0.016756005009224747 -0.0017225918610629829 -0.011812230319563782 -0.0072381624187058237 0.0020975705415853915 -0.0029847649751472021 0.0081231734363913718 -0.0090338942765776642 0.004360867428124594 0.00077142988413521569 0.0041348596375097831 0.0024212014070336338 0.0081803013849756478 0.00036867273431942223 -0.0048487021008701107
leaf_weight=96.291629226878285 2096.0154512058944 43.747751455754042 414.63670110050589 304.77041544578969 538.19883396476507 33.134545519948006 25.842585276812315 239.79599537327886 3710.6856094896793 243.35214438289404 923.41953552514315 120.12213869392872 8646.709059625864 379.81948895379901
leaf_count=10870 54748 895 30434 6136 5108 669 513 3314 32374 1904 8111 848 100880 17232
internal_value=-3.10366e-05 0.000255254 -0.00945867 -0.00174561 0.000639696 -0.00570741 0.000297898 0.000690788 0.000624192 0.000276432 0.00131081 0.00319066 0.000478558 -0.00222848
internal_weight=17816.5 17305.6 510.928 2780.61 14525 102.725 58.9771 14422.3 14182.5 9428.26 4754.23 1043.54 8890.06 2475.83
internal_count=274036 232732 41304 78116 154616 2077 1182 152539 149225 107892 41333 8959 102784 71980
is_linear=0
shrinkage=0.03


Tree=99
num_leaves=15
num_cat=0
split_feature=7 7 7 9 6 11 5 11 5 10 9 10 9 12
split_gain=51.0764 14.8703 6.55273 5.77741 4.29179 4.08118 4.82766 3.2369 4.74901 3.31983 5.94498 4.48768 3.46441 3.11866
threshold=0.0053354059941901977 0.01684093620803476 0.0025521733920247842 2.1901161392935395 2.6844345112494912 -3.0094098589568143 10.500000000000002 -2.7187029352165912 13.500000000000002 0.15597578303162216 1.9428236118074744 0.22713497488886461 1.7757804432266548 2.602003343538398
decision_type=2 2 2 2 2 2 2 2 2 2 2 2 2 2
left_child=2 3 -1 13 -3 6 -6 -7 9 -9 11 12 -11 -2
right_child=1 4 -4 -5 5 7 -8 8 -10 10 -12 -13 -14 -15
leaf_value=-0.016558509396564999 -0.0018042657007502261 0.00085404938822510967 -0.0073421912735267617 -0.0056932879117752551 0.0091289400594721515 -0.0027019991991967451 0.00074551379905657043 -0.0023419506698816369 -0.00089063897064251723 0.004135853553102301 0.0058845369072184576 0.0026886988895366446 -0.0033877878200387979 0.0039877309947748364
leaf_weight=94.71974138636142 1355.9175772704184 11022.235409770161 371.3881045775488 355.53878690488636 70.689750898629427 505.6250573284924 233.17605032399297 167.61321659758687 2577.6271690763533 55.154429376125336 254.97170424088836 410.61005397513509 263.96533701941371 75.17849743925035
leaf_count=10870 42064 103796 28205 13164 920 9046 4066 2883 42818 729 3923 4410 3772 3370
internal_value=-3.07925e-05 0.000236402 -0.00967295 -0.00234425 0.000534658 -0.000241117 0.00303349 -0.000485918 -0.00017589 0.00141384 0.00207869 0.000657165 -0.00196016 -0.00146179
internal_weight=17814.4 17348.3 466.108 1786.63 15561.7 4539.43 303.866 4235.57 3729.94 1152.31 984.702 729.73 319.12 1431.1
internal_count=274036 234961 39075 58598 176363 72567 4986 67581 58535 15717 12834 8911 4501 45434
is_linear=0
shrinkage=0.03


Tree=100
num_leaves=15
num_cat=0
split_feature=7 7 7 9 7 4 8 8 4 8 11 8 4 9
split_gain=48.7115 14.0547 6.44898 4.45625 4.93883 4.42704 6.93484 3.67794 4.961 7.13732 3.91997 3.65397 3.58742 3.26556
threshold=0.0053354059941901977 0.01502836385591688 0.0025521733920247842 1.6936169399515857 0.06579667573706377 0.53589743589743599 0.34194808769816071 0.23968436736427981 0.74166666666666681 0.37730799345311855 -2.3437465851328017 0.40985279163372873 0.88562091503267981 2.0019646614755104
decision_type=2 2 2 2 2 2 2 2 2 2 2 2 2 2
left_child=2 5 -1 -3 7 -2 -7 10 -9 12 -5 13 -10 -6
right_child=1 3 -4 4 11 6 -8 8 9 -11 -12 -13 -14 -15
leaf_value=-0.01636107580668375 -0.0097816066973834426 0.0016793610349643542 -0.0071803403378860493 -0.0064318640389950769 0.0017619963124610454 -0.0039382274242996543 0.00021751098753374236 -0.00033212232129751384 0.0072783488916514701 -0.0063015851002863679 -0.0012473482161080094 -0.0010826998137879853 -0.0016626538193266914 0.00046495856704966532
leaf_weight=93.191150861792266 58.191127298399806 2404.4962865933776 368.74541477765888 137.92898458242416 2722.8372933715582 815.89679015427828 636.92846377938986 3499.8550523146987 198.89814789965749 41.334468968212605 1024.7133371978998 893.5839963555336 43.726747658103704 4871.8427664488554
leaf_count=10870 1436 22072 28205 3544 23071 30903 19710 54027 3999 797 17540 7993 893 48976
internal_value=-3.02845e-05 0.000229519 -0.00948878 0.000494004 0.000280217 -0.00252054 -0.00213272 -0.000472377 -1.66302e-05 0.00369343 -0.0019365 0.000718843 0.00566398 0.000932528
internal_weight=17812.2 17350.2 461.937 15839.2 13434.7 1511.02 1452.83 4946.46 3783.81 283.959 1162.64 8488.26 242.625 7594.68
internal_count=274036 234961 39075 182912 160840 52049 50613 80800 59716 5689 21084 80040 4892 72047
is_linear=0
shrinkage=0.03


Tree=101
num_leaves=15
num_cat=0
split_feature=7 7 7 10 3 4 9 9 6 7 4 3 9 11
split_gain=46.4503 12.5416 7.04769 5.23543 4.97348 3.53545 3.41456 4.64425 5.74034 3.31882 6.5932 5.23178 3.66955 3.61213
threshold=0.0056085051542415455 0.02438220837967572 0.0025521733920247842 0.30147511177332381 0.029110936637147599 0.72474747474747481 2.3714193507923191 2.3053633128505018 3.6014124977339228 0.15242160459103429 0.18465909090909094 0.30380098546291129 2.3458851644740553 -0.8324463741746323
decision_type=2 2 2 2 2 2 2 2 2 2 2 2 2 2
left_child=2 3 -1 6 -3 9 7 -2 -9 10 -6 13 -12 -11
right_child=1 4 -4 -5 5 -7 -8 8 -10 11 12 -13 -14 -15
leaf_value=-0.016163769288435544 -0.0019809545643374601 -0.0055746966882268293 -0.0067757771776117302 0.0020195288393885418 -0.0029364168915491655 0.0041298989416749653 0.0027799665996227321 0.0051382180006192442 -0.010370703978809246 0.0047863246174470681 0.00059595471572477501 -0.00064141497496706572 -0.0019401360749665699 0.0014478585995790303
leaf_weight=91.70458160713315 2233.6195829026401 102.16427616775036 406.38818586152047 305.41837876848876 537.47029646486044 241.25135118514299 112.09830541722476 16.756931405514479 100.44819219969213 308.79740688949823 8365.5321749746799 1055.3622723594308 532.5113287307322 3400.6923706308007
leaf_count=10870 64781 2077 30434 6136 5108 3314 3491 384 3324 2254 95225 9521 7559 29558
internal_value=-3.05387e-05 0.000232908 -0.00892622 -0.00161248 0.000585469 0.000634787 -0.00207238 -0.00231992 -0.00782197 0.000571113 0.000244419 0.00121525 0.00044117 0.00174393
internal_weight=17810.2 17312.1 498.093 2768.34 14543.8 14441.6 2462.92 2350.82 117.205 14200.4 9435.51 4764.85 8898.04 3709.49
internal_count=274036 232732 41304 78116 154616 152539 71980 68489 3708 149225 107892 41333 102784 31812
is_linear=0
shrinkage=0.03


Tree=102
num_leaves=15
num_cat=0
split_feature=7 7 7 4 8 6 8 4 9 10 4 4 11 11
split_gain=44.3278 12.6993 6.22715 4.32574 6.47711 4.14348 5.35623 5.97646 3.61775 4.96182 4.80371 3.59342 3.14385 5.11767
threshold=0.0053354059941901977 0.01502836385591688 0.0025521733920247842 0.53589743589743599 0.34194808769816071 2.6844345112494912 0.23968436736427981 0.74166666666666681 1.5291899590487417 0.18186161130609124 0.88562091503267981 0.63068181818181823 -2.8994644204400064 -2.650131694242575
decision_type=2 2 2 2 2 2 2 2 2 2 2 2 2 2
left_child=2 3 -1 -2 -5 11 -7 -8 -9 10 -10 -3 -11 -14
right_child=1 5 -4 4 -6 6 7 8 9 12 -12 -13 13 -15
leaf_value=-0.015966648060820311 -0.0096050779564025614 0.00073083381142507683 -0.0068697667122191875 -0.0037745209204331546 0.00024714008037246289 -0.0022804028832621444 -0.0001769025661488247 0.010077240868590152 0.0083875623835102525 0.0034870317737300729 -0.0043287937751047192 0.0061943057522963986 -0.010509530752007714 0.0011135411828105657
leaf_weight=90.258833788335323 57.634247740730643 10945.374897573143 363.77244656998664 811.04383064992726 636.32493370398879 939.97683677449822 3472.2215715795755 52.451501101255417 124.24137501418591 76.989369299262762 23.191501379013062 94.74412851780653 42.554718058556318 77.468008168041706
leaf_count=10870 1436 102881 28205 30903 19710 18116 53776 620 2679 1566 484 915 820 1055
internal_value=-3.03416e-05 0.000215434 -0.00913097 -0.00240434 -0.00202203 0.00046624 -0.000268127 0.000227661 0.00364451 0.00228529 0.00617223 0.000786061 -0.000854368 -0.0037172
internal_weight=17808.2 17354.2 454.031 1505 1447.37 15849.2 4809.09 3869.12 396.896 344.445 147.433 11040.1 197.012 120.023
internal_count=274036 234961 39075 52049 50613 182912 79116 61000 7224 6604 3163 103796 3441 1875
is_linear=0
shrinkage=0.03


Tree=103
num_leaves=15
num_cat=0
split_feature=7 7 7 9 9 4 7 4 9 3 11 11 4 8
split_gain=42.2592 12.0153 6.11971 5.22454 3.73416 6.84107 4.40847 4.27583 3.64549 4.26085 3.8996 3.43559 3.19494 4.96414
threshold=0.0053354059941901977 0.01684093620803476 0.0025521733920247842 2.1901161392935395 1.4297488781424199 0.20714285714285716 0.11064625738982067 0.26969696969696971 2.314311775978211 0.049658635186547062 -1.4495947251494041 -1.345304327613009 0.93095238095238109 0.30159417353151896
decision_type=2 2 2 2 2 2 2 2 2 2 2 2 2 2
left_child=2 3 -1 12 5 -3 8 11 -6 10 -10 -8 -2 -14
right_child=1 4 -4 -5 6 -7 7 -9 9 -11 -12 -13 13 -15
leaf_value=-0.015769781912960735 -0.0017182908447801611 -0.0031745175117529616 -0.0067154702090526566 -0.0053286953541879893 0.00013897261383501752 0.0050818506822622291 -0.0049219872185612057 0.0028383956640657677 -0.0025696290709054858 -0.0051824938061653305 0.0023495531755958411 0.00075075316642852358 -0.004806291266028345 0.0069181506658453533
leaf_weight=88.852714199572802 1304.7357349228114 108.48681603372097 361.3485506689176 350.43858643248677 7577.7880853042006 351.495023034513 82.92793208360672 928.33032165467739 327.64328130707145 240.5060024484992 236.93783160299063 5728.9204742461443 36.23188710398972 81.738549845293164
leaf_count=10870 41094 1016 28205 13164 100157 2837 640 7445 6623 2967 3454 51224 1527 2813
internal_value=-3.00929e-05 0.000208897 -0.00895331 -0.00212062 0.000475751 0.00309583 0.00039307 0.000963381 -6.63851e-05 -0.00196648 -0.000497816 0.000657348 -0.00128307 0.00318128
internal_weight=17806.4 17356.2 450.201 1773.14 15583 459.982 15123.1 6740.18 8382.88 805.087 564.581 5811.85 1422.71 117.97
internal_count=274036 234961 39075 58598 176363 3853 172510 59309 113201 13044 10077 51864 45434 4340
is_linear=0
shrinkage=0.03


Tree=104
num_leaves=15
num_cat=0
split_feature=6 6 6 9 11 9 3 9 3 11 8 3 11 9
split_gain=40.3712 9.38681 8.41168 5.62744 3.45608 3.73993 3.77592 2.99428 3.89758 3.39983 3.05836 3.3018 5.07259 5.81016
threshold=4.8019696776346406 3.0563541271966739 5.650908969611069 1.2869005265451376 -2.5791816380419927 1.6560164723978006 0.065239231439793002 2.3714193507923191 0.035305310819132442 -1.345304327613009 0.40985279163372873 0.05753480616479878 -2.3437465851328017 1.8806478349140558
decision_type=2 2 2 2 2 2 2 2 2 2 2 2 2 2
left_child=1 4 -2 -3 -1 6 -6 8 -7 -9 -10 12 -12 -14
right_child=2 3 -4 -5 5 7 -8 9 10 -11 11 -13 13 -15
leaf_value=-0.0059644855751162362 -0.0055221569078391904 0.006968863241677432 -0.014592735704252702 -0.001116829366046156 0.0079658485948210078 0.0073735435774856372 0.0016727304557463617 -0.0072801937394423319 0.00075580872113008507 -0.00065493900186921171 -0.0033493802090178329 -0.0012633313210595946 0.011499513524727107 -0.0010878296433666182
leaf_weight=55.916327930986881 507.1633536061272 64.136912859976292 111.67014504410326 4214.0080172382295 77.933176815509796 61.098124802112579 1456.0742587074637 67.436529848724604 9256.0200165398419 477.37731517851353 64.526204496622086 1274.3376697450876 64.36074186861515 52.416734702885151
leaf_count=572 34882 824 13466 96739 757 1020 11419 1148 93613 5802 801 11616 716 661
internal_value=-3.00709e-05 0.000243949 -0.00746558 -0.000971685 0.000647527 0.000683216 0.00206649 0.000493237 0.000603673 -0.0016481 0.000554801 -0.000718022 0.00291848 0.00636886
internal_weight=17804.5 17185.6 618.833 4278.14 12907.5 12851.6 1534.01 11317.6 10772.8 544.814 10711.7 1455.64 181.304 116.777
internal_count=274036 225688 48348 97563 128125 127553 12176 115377 108427 6950 107407 13794 2178 1377
is_linear=0
shrinkage=0.03


Tree=105
num_leaves=15
num_cat=0
split_feature=7 7 7 4 8 6 8 4 4 11 11 10 5 8
split_gain=38.5185 10.9539 5.90806 4.24445 5.96102 3.54737 4.90268 5.68363 3.37402 3.06361 3.68828 3.88215 4.58325 4.53029
threshold=0.0053354059941901977 0.01502836385591688 0.0025521733920247842 0.53589743589743599 0.34194808769816071 2.6844345112494912 0.23968436736427981 0.74166666666666681 0.63068181818181823 -2.3437465851328017 -1.9522423914320821 0.14020483418431798 15.500000000000002 0.23243981394621868
decision_type=2 2 2 2 2 2 2 2 2 2 2 2 2 2
left_child=2 3 -1 -2 -5 8 9 -8 -3 -7 -11 12 -12 -13
right_child=1 5 -4 4 -6 6 7 -9 -10 10 11 13 -14 -15
leaf_value=-0.015389456495340502 -0.0094006328145588378 0.00067122004046426533 -0.0064244336815427062 -0.0035565774682843683 0.00030872540772221155 -0.0061188352198562725 -0.00017199977472357673 0.0035507642769152352 0.005950829647045055 0.0015809221693744173 0.0026808853294187805 -0.010764808852489843 -0.0035245746320066895 0.0011839236403905686
leaf_weight=86.237981518730521 56.999568752944469 10961.025835167617 356.8563547572121 804.65816549770534 635.08308185264468 136.12221923097968 3471.5183636061847 397.86098374053836 95.319944083690643 246.14080467447639 153.37746061384678 79.751402381807566 284.56433155760169 36.949943568557501
leaf_count=10870 1436 102881 28205 30903 19710 3544 53776 7224 915 5241 2581 1201 5010 539
internal_value=-2.93494e-05 0.000197074 -0.00861605 -0.00224332 -0.00186595 0.000429243 -0.000250653 0.000223019 0.000724738 -0.00217959 -0.00140977 -0.00274367 -0.00133447 -0.00727765
internal_weight=17802.5 17359.4 443.094 1496.74 1439.74 15862.6 4806.29 3869.38 11056.3 936.906 800.784 554.643 437.942 116.701
internal_count=274036 234961 39075 52049 50613 182912 79116 61000 103796 18116 14572 9331 7591 1740
is_linear=0
shrinkage=0.03


Tree=106
num_leaves=15
num_cat=0
split_feature=7 7 7 4 8 9 7 3 11 4 8 8 8 4
split_gain=36.7062 10.3513 5.79822 4.09817 5.64234 3.72458 3.95071 9.03051 7.38262 8.64186 6.06597 5.90682 5.73676 3.67767
threshold=0.0053354059941901977 0.01502836385591688 0.0025521733920247842 0.53589743589743599 0.34194808769816071 1.8462830653215196 0.086390984872955698 0.07701055138646222 -1.166244227235256 0.17914438502673799 0.34393151530750243 0.36221517699566258 0.31774527464915747 0.44949494949494956
decision_type=2 2 2 2 2 2 2 2 2 2 2 2 2 2
left_child=2 3 -1 -2 -5 -3 7 -7 9 -8 13 12 -11 -10
right_child=1 5 -4 4 -6 6 8 -9 10 11 -12 -13 -14 -15
leaf_value=-0.015193680652696776 -0.0092409477694719733 0.0011251468237411153 -0.0062776192238180465 -0.00346339724873983 0.00029959219381068132 -0.00031077980444119444 -0.0053328681626407144 -0.0094678377101634001 0.00082880102422582273 0.0086852574617035817 -0.0023614100683346205 0.0098755379971183898 -0.0017641845084779208 -0.0048236877974580563
leaf_weight=84.941732861101627 56.511652134358883 4681.0410539396107 354.63106450717896 801.96282820031047 635.2648094650358 5125.7423370592296 57.784372210502625 83.832752525806427 4831.8161249533296 58.928231909871101 640.86542146652937 176.03126460313797 120.51047340780497 91.103067450225353
leaf_count=10870 1436 45420 28205 30903 19710 80662 538 865 45600 582 5627 1575 1147 896
internal_value=-2.95314e-05 0.000190647 -0.00844504 -0.00218427 -0.00181421 0.000416067 0.000118242 -0.000484895 0.000643834 0.0044399 0.000350698 0.00618014 0.00207274 0.000709861
internal_weight=17801 17361.4 439.573 1493.74 1437.23 15867.7 11186.6 5209.58 5977.04 413.254 5563.78 355.47 179.439 4922.92
internal_count=274036 234961 39075 52049 50613 182912 137492 81527 55965 3842 52123 3304 1729 46496
is_linear=0
shrinkage=0.03


Tree=107
num_leaves=15
num_cat=0
split_feature=6 7 9 6 4 8 4 11 9 9 8 9 11 4
split_gain=35.2881 11.36 4.33845 4.38936 3.84685 4.47229 4.15773 10.2044 5.54089 4.71541 3.78064 3.6509 5.498 4.36153
threshold=5.1460398887267935 0.01502836385591688 1.5710959258255943 5.5347719124473356 0.53589743589743599 0.34194808769816071 0.81534090909090928 -3.4680068003425504 2.1841343131136015 2.1468523193807534 0.23449248023271535 2.1110497419605414 -0.30673026742247539 0.12916666666666668
decision_type=2 2 2 2 2 2 2 2 2 2 2 2 2 2
left_child=1 4 3 -2 -1 6 7 -6 9 10 -8 -3 13 -13
right_child=2 11 -4 -5 5 -7 8 -9 -10 -11 -12 12 -14 -15
leaf_value=-0.0091203171326972327 0.0090500034191959029 0.00072249058959538825 -0.010337017233750729 -0.0077347309894411753 -0.01249663939347408 -7.7077106219736925e-05 0.0087157982277094124 -0.0024683525117350389 -0.0047720601689786044 0.010935374219236474 -0.0017807374904138308 -0.0051673367559610401 0.0015339018058236379 -0.00054953101677862647
leaf_weight=56.158558676019311 14.796651705168189 10630.604349259287 313.81132807396352 11.802086682058869 112.69649381004274 675.86557662580162 22.499472383409739 359.05761316418648 170.34107146319002 29.895838493481278 160.04892310220748 178.69655508548021 1192.7472422719002 3870.3976339101791
leaf_count=1443 1078 113260 30339 1349 5544 22301 960 12082 7819 1363 6846 1804 11332 56516
internal_value=-2.96618e-05 0.000160705 -0.00938796 0.00149891 -0.00224762 -0.00190935 -0.00333219 -0.00517527 -0.000951227 0.00222505 7.65466e-05 0.000403329 -0.000244153 -0.000771646
internal_weight=17799.4 17459 340.41 26.5987 1586.56 1530.4 854.539 471.754 382.785 212.444 182.548 15872.4 5241.84 4049.09
internal_count=274036 241270 32766 2427 58358 56915 34614 17626 16988 9169 7806 182912 69652 58320
is_linear=0
shrinkage=0.03


Tree=108
num_leaves=15
num_cat=0
split_feature=7 7 7 10 3 8 10 7 9 9 7 7 4 4
split_gain=33.3294 8.89983 6.28172 4.4179 4.40684 4.68258 7.08715 3.52167 3.48392 4.28289 4.20191 3.06038 2.81352 3.37423
threshold=0.0056085051542415455 0.02438220837967572 0.0025521733920247842 0.30147511177332381 0.029110936637147599 0.20340925370019705 0.13279817713044006 0.025308527785297543 2.3714193507923191 2.3053633128505018 0.02114318502212691 0.015608203853121687 0.77350427350427364 0.87083333333333346
decision_type=2 2 2 2 2 2 2 2 2 2 2 2 2 2
left_child=2 3 -1 8 5 -3 -7 -6 9 -2 -11 -10 -9 -14
right_child=1 4 -4 -5 7 6 -8 12 11 10 -12 -13 13 -15
leaf_value=-0.014867192550749619 -0.0017288144944722767 -0.011409114547687319 -0.0057619663047509817 0.0019554940316595416 0.0055411220834839054 0.0082228208430788624 -0.0088213730405755069 0.00044330886086931095 -0.001859801438340329 -0.0097812399240595118 0.0032293927428248622 0.0071911116945650713 0.0074767057713635982 -0.0024567215462027231
leaf_weight=82.850995786953717 2214.9113617967814 42.671273246407509 389.33901000302285 305.91110415384173 110.24442015960813 33.019566148519516 25.4914247430861 14242.95798227191 53.700166422873735 94.584789389744401 20.242098648101091 57.204667650163174 89.708596840500832 34.999901957809925
leaf_count=10870 64781 895 30434 6136 1894 669 513 148999 2052 3241 467 1439 1156 490
internal_value=-2.9435e-05 0.000188011 -0.00776813 -0.00137392 0.000483374 -0.00533913 0.00051239 0.000529549 -0.00180063 -0.00205275 -0.00737955 0.0031092 0.000485356 0.00472441
internal_weight=17797.8 17325.6 472.19 2746.55 14579.1 101.182 58.511 14477.9 2440.64 2329.74 114.827 110.905 14367.7 124.708
internal_count=274036 232732 41304 78116 154616 2077 1182 152539 71980 68489 3708 3491 150645 1646
is_linear=0
shrinkage=0.03


Tree=109
num_leaves=15
num_cat=0
split_feature=6 7 9 6 4 8 4 11 9 9 8 10 7 8
split_gain=32.1676 10.1771 4.19972 4.23938 3.76753 4.1452 4.05335 9.88499 5.26178 4.46305 3.6082 5.28537 4.97474 3.50957
threshold=5.1460398887267935 0.01502836385591688 1.5710959258255943 5.5347719124473356 0.53589743589743599 0.34194808769816071 0.81534090909090928 -3.4680068003425504 2.1841343131136015 2.1468523193807534 0.23449248023271535 0.16769483314155828 0.0058871222594964329 0.356750429361477
decision_type=2 2 2 2 2 2 2 2 2 2 2 2 2 2
left_child=1 4 3 -2 -1 6 7 -6 9 10 -8 -12 -13 -7
right_child=2 -3 -4 -5 5 13 8 -9 -10 -11 11 12 -14 -15
leaf_value=-0.0089541973407554019 0.0089866650273168133 0.00038021801519718816 -0.009986606560105844 -0.0075493236402060992 -0.012257542468633932 0.0059468745608452795 0.0085689947160083185 -0.0023428740396170948 -0.0045708380801423821 0.010706457041348209 -0.0086714396485484332 0.011352270718760542 -0.0015559878309036846 -0.00078489258453835222
leaf_weight=55.660427466966212 14.843986090272667 15881.373453259468 308.23354889033362 11.585834562778471 111.09560807328671 63.425666080787778 22.636092030443251 357.4751786403358 168.95430140849203 30.13893901463598 47.968335735611618 21.736134058795869 89.71740535646677 611.55911245662719
leaf_count=1443 1078 182912 30339 1349 5544 2333 960 12082 7819 1363 2127 1360 3359 19968
internal_value=-2.91826e-05 0.0001511 -0.00903873 0.00162909 -0.00213327 -0.00179947 -0.00317473 -0.00500089 -0.000825368 0.00226172 0.000155167 -0.00167368 0.00200943 -3.68037e-05
internal_weight=17796.4 17461.7 334.663 26.4298 1580.37 1524.71 849.722 468.571 381.151 212.197 182.058 159.422 111.454 674.985
internal_count=274036 241270 32766 2427 58358 56915 34614 17626 16988 9169 7806 6846 4719 22301
is_linear=0
shrinkage=0.03


Tree=110
num_leaves=15
num_cat=0
split_feature=6 7 7 10 4 7 4 7 5 10 7 6 7 3
split_gain=30.605 9.59859 4.06326 4.6613 3.63997 3.24817 5.76501 4.92111 4.20457 3.47063 5.75324 5.68227 4.87098 4.56972
threshold=5.1460398887267935 0.01502836385591688 0.0025521733920247842 0.30147511177332381 0.53589743589743599 0.15242160459103429 0.18465909090909094 0.26353257994069657 17.500000000000004 0.25578459032525896 0.23310950594357985 1.2946333325561217 0.22062071035209826 0.30380098546291129
decision_type=2 2 2 2 2 2 2 2 2 2 2 2 2 2
left_child=1 4 -2 -4 -1 6 -3 9 -9 10 11 -7 -11 -12
right_child=2 5 3 -5 -6 7 -8 8 -10 12 13 -13 -14 -15
leaf_value=-0.0088001377263316784 -0.014543913702986463 -0.0029025670114346067 -0.0075972242069960484 0.0044277172798628797 -0.0017470132711042549 -0.0029926245359105956 0.00024243020620052865 -0.00062036534842659823 0.0058226420639201299 0.0065457792465162456 0.0059597019710732179 0.0013302735478000784 -0.0019571113100014521 -0.00081011535534695393
leaf_weight=55.205353669822216 80.863782041240484 536.95301580429077 227.7701983852312 23.076531457714736 1522.0092022642493 302.73862835764885 10562.481591314077 1632.7064841985703 81.523255228996277 247.1626640483737 356.50270000845194 1980.7816817983985 71.270500391721725 113.96702501177788
leaf_count=1443 10870 5108 20027 1869 56915 2597 136471 14562 746 1720 3016 17208 491 993
internal_value=-2.86415e-05 0.000146463 -0.00885471 -0.00630359 -0.00207446 0.000368711 8.65739e-05 0.00102063 -0.000266107 0.00173635 0.00137726 0.000741374 0.00464026 0.00434541
internal_weight=17795 17463.3 331.711 250.847 1577.21 15886.1 11099.4 4786.65 1714.23 3072.42 2753.99 2283.52 318.433 470.47
internal_count=274036 241270 32766 21896 58358 182912 141579 41333 15308 26025 23814 19805 2211 4009
is_linear=0
shrinkage=0.03


Tree=111
num_leaves=15
num_cat=0
split_feature=6 6 6 11 3 4 8 4 4 4 11 11 9 3
split_gain=29.2159 10.4502 3.92146 3.63592 3.90539 3.14399 2.88568 5.02491 3.12609 2.99385 4.8439 3.45621 2.85793 5.8318
threshold=5.2804079136148419 4.2054383316843014 2.8535883538621087 -1.6552357246810379 0.041096290117713409 0.31009615384615391 0.31774527464915747 0.63068181818181823 0.77350427350427364 0.75735294117647067 -3.8925623830426956 -4.0275158367272441 2.0778917183253838 0.054366026199827479
decision_type=2 2 2 2 2 2 2 2 2 2 2 2 2 2
left_child=1 2 12 5 -5 -4 7 -3 -9 -8 11 -11 13 -1
right_child=-2 6 3 4 -6 -7 9 8 -10 10 -12 -13 -14 -15
leaf_value=0.0044167178248009208 -0.009956529853687229 0.0057134056000914361 0.0065214638060815721 -0.0075500655179243804 0.0027624563479152452 -0.00037758275522451054 -0.0034298184889707132 -0.0088145500294402861 -0.0033469532801125223 0.00027346258154205158 0.0054077339729844262 -0.0079980064809227428 5.0508190721780494e-06 0.00075344328872658844
leaf_weight=400.2580688893795 247.8230937118642 31.321221465244889 45.322215810418129 106.82370058447123 36.427699346095324 4214.7128657773137 263.18278915341944 126.41308530047536 402.72017754986882 177.14957118220627 113.85065061785281 45.736133204773068 4552.0667188242078 7029.729396738112
leaf_count=4722 26925 1246 480 1906 547 78154 9395 5579 20259 9144 3730 1666 49458 60825
internal_value=-2.82855e-05 0.00012033 0.000316064 -0.000448452 -0.0049144 -0.00028156 -0.00261234 -0.00413574 -0.00486017 -0.00112299 0.000749333 -0.00182114 0.000597226 0.000959287
internal_weight=17793.5 17545.7 16385.3 4403.29 143.251 4260.04 1160.37 560.454 529.133 599.919 336.736 222.886 11982.1 7429.99
internal_count=274036 247111 196092 81087 2453 78634 51019 27084 25838 23935 14540 10810 115005 65547
is_linear=0
shrinkage=0.03


Tree=112
num_leaves=15
num_cat=0
split_feature=6 6 10 4 7 10 11 11 11 7 7 4 7 3
split_gain=27.8696 8.70888 5.41408 4.62175 4.04497 4.47059 3.46982 4.00508 3.03005 3.00059 3.57736 3.33258 2.85502 2.76222
threshold=5.1460398887267935 3.2248559203275584 0.43194275929263715 0.71008403361344552 0.0025521733920247842 0.30147511177332381 -2.5791816380419927 -2.4448304484744443 -4.5415488064608445 0.061297778017475525 0.059336613533021415 0.37980769230769235 0.034835010130559833 0.052485557478752241
decision_type=2 2 2 2 2 2 2 2 2 2 2 2 2 2
left_child=1 3 8 6 -2 -6 13 12 -3 10 -9 -12 -8 -1
right_child=4 2 -4 -5 5 -7 7 9 -10 -11 11 -13 -14 -15
leaf_value=0.0012896841948438645 -0.014217340913630264 -0.010351305305897901 0.0070629347620102126 0.0050957252147276295 -0.0072766569238957796 0.0044764257861619958 -0.0012971150207647158 -0.00016203630823699946 -0.0011921828247618491 0.00065211009814977847 -0.0080808234170895669 -0.00016569797253207776 0.0070536817490409708 -0.0065561128549144303
leaf_weight=56.117118269205093 78.935295168776065 18.086994055658579 56.659571742638946 178.62560757994652 224.44658849202096 23.023556752130389 44.679483149200678 2600.4315568320453 3741.6881684456021 10369.768460080028 88.035412698984146 90.624046243727207 122.48988065496087 98.297742106020451
leaf_count=774 10870 1058 932 2139 20027 1869 621 35212 100519 95629 1012 1062 1303 1009
internal_value=-2.78883e-05 0.000137929 -0.00112622 0.000492247 -0.00851677 -0.00598987 0.000425602 0.000479371 -0.0012772 0.000417667 -0.000455929 -0.00438973 0.00489873 -0.00384308
internal_weight=17791.9 17465.5 3816.43 13649.1 326.405 247.47 13470.4 13316 3759.78 13148.9 2779.09 178.659 167.169 154.415
internal_count=274036 241270 102509 138761 32766 21896 136622 134839 101577 132915 37286 2074 1924 1783
is_linear=0
shrinkage=0.03


Tree=113
num_leaves=15
num_cat=0
split_feature=6 6 6 9 9 8 9 4 7 6 3 7 5 8
split_gain=26.7036 8.4019 5.27816 4.56828 3.04586 4.42228 2.9806 3.25315 3.05192 3.10154 2.94851 5.22023 3.04456 5.49929
threshold=4.6303503656575673 5.650908969611069 2.9575076874722881 1.5291899590487417 1.6820718360009785 0.39565187351359038 1.5018818343491704 0.74166666666666681 0.018895518052587035 3.3621084911301438 0.052485557478752241 0.030340511369926781 13.500000000000002 0.22115126323983977
decision_type=2 2 2 2 2 2 2 2 2 2 2 2 2 2
left_child=2 3 -1 -2 -5 -6 7 8 -4 -10 12 -12 13 -8
right_child=1 -3 6 4 5 -7 10 -9 9 -11 11 -13 -14 -15
leaf_value=0.00053998766544577164 0.0040282969168069045 -0.013024322309146187 -0.0049160298330627036 -0.010790518491324232 -0.0050629536459206028 0.0015931682782248785 -0.0062616827808881529 0.0068825941502135236 -0.0012385378774387688 0.0069385588107871068 -0.0089131389450821212 -0.00074173647570361626 -0.0011147584479410189 0.0014748524887094993
leaf_weight=12500.186332914978 47.394109209999442 100.28877242049202 59.245080143213272 56.555358551442623 468.66075595840812 102.8213586229831 75.945770597085357 78.573515985161066 86.31124147772789 59.604921616613865 95.479337183758616 202.28078713268042 2941.666718473658 915.42629322595894
leaf_count=121732 2292 13466 1085 3289 30772 6421 1723 1230 832 644 1502 2400 67808 18840
internal_value=-2.76997e-05 -0.00541706 0.000222562 -0.0040291 -0.00471693 -0.00385526 -0.000655227 0.00224684 0.000123463 0.00243713 -0.000857102 -0.00366378 -0.000631504 0.000797685
internal_weight=17790.4 775.72 17014.7 675.432 628.037 571.482 4514.53 283.735 205.161 145.916 4230.8 297.76 3933.04 991.372
internal_count=274036 56240 217796 42774 40482 37193 96064 3791 2561 1476 92273 3902 88371 20563
is_linear=0
shrinkage=0.03


Tree=114
num_leaves=15
num_cat=0
split_feature=6 7 9 4 7 11 4 6 11 11 11 10 6 4
split_gain=25.657 9.15128 3.19508 6.0093 3.87202 6.72848 4.9935 4.34682 4.32362 3.6261 6.49371 4.60536 3.72455 4.62826
threshold=5.2804079136148419 0.01240987691140401 1.4297488781424199 0.20714285714285716 0.1583463465006564 -0.94659608136948381 0.13809523809523813 1.5789255615152133 -0.40546510810816433 -0.86940428163143579 -0.75170188463339971 0.18411893396096093 1.8325494627242667 0.39444444444444454
decision_type=2 2 2 2 2 2 2 2 2 2 2 2 2 2
left_child=1 -1 3 -3 6 -6 -4 -7 -9 -8 11 12 -11 -14
right_child=-2 2 4 -5 5 7 9 8 -10 10 -12 -13 13 -15
leaf_value=-0.0023614148929037419 -0.0094475673947230342 -0.0032561440806869887 -0.0036203329988321624 0.0043861265585263577 0.0081592102182848868 0.00055795843952776011 -0.00018366574269679953 0.0080747714633857739 -0.0003929216520349259 -0.0030422687082785355 0.0001176652224861393 0.0098504568608209792 0.0056183431386007078 -0.0034076226398535221
leaf_weight=1237.581780067645 241.48344868607819 108.75042822211981 330.37524735927582 382.12415427342057 99.538224689662457 4100.2596388831735 9443.6446053218096 125.55702040344477 86.225876048207283 73.374768398702145 1160.105553984642 90.844443865120411 256.98273005336523 52.302965722978115
leaf_count=53405 26925 1016 3182 3283 713 35474 131876 1050 803 670 11661 706 2711 561
internal_value=-2.76943e-05 0.000109896 0.000299413 0.00264668 0.000224138 0.00097725 -6.80078e-05 0.000783754 0.00482925 4.26916e-05 0.00134099 0.00424255 0.00258987 0.00400495
internal_weight=17789.2 17547.7 16310.1 490.875 15819.2 4411.58 11407.6 4312.04 211.783 11077.3 1633.61 473.505 382.66 309.286
internal_count=274036 247111 193706 4299 189407 38040 151367 37327 1853 148185 16309 4648 3942 3272
is_linear=0
shrinkage=0.03


Tree=115
num_leaves=15
num_cat=0
split_feature=6 7 4 10 3 3 7 6 3 9 11 4 6 11
split_gain=24.4466 8.67721 3.50736 4.00038 4.54356 5.86214 3.95663 3.44237 4.85768 3.23763 3.19702 5.17844 4.9909 3.32774
threshold=5.2804079136148419 0.01502836385591688 0.53589743589743599 0.21560530584071833 0.047945671803998974 0.03325375200167139 0.0067696114439976269 4.2420456599555605 0.037802968217359158 1.6936169399515857 -0.86940428163143579 0.12916666666666668 1.6955735229043272 -0.8324463741746323
decision_type=2 2 2 2 2 2 2 2 2 2 2 2 2 2
left_child=1 2 -1 -4 5 -5 -7 8 -8 -3 -11 12 -12 -13
right_child=-2 9 3 4 -6 6 7 -9 -10 10 11 13 -14 -15
leaf_value=-0.008591729981872959 -0.0092624262563430551 0.001328196575542452 -0.0027742998617523761 -0.0011114141719104616 -0.0073146953768794265 -0.0039258660632515274 0.0094566860176964578 0.010612058964724516 -0.0039407673310018357 -0.00024291309777230762 -6.955079976902009e-05 0.0053268946418746676 -0.0078225855456637641 0.0012660764746362915
leaf_weight=54.602761073969305 239.25497875828296 2423.6031748242676 1012.6230580508709 345.36886914912611 47.777447484433651 25.760620584711432 25.827901501208544 86.443540506064892 46.571745648980141 7987.5529327467084 2450.0128878504038 181.60767942667007 62.087946429848671 2798.1196768581867
leaf_count=1447 26925 22072 43287 13290 1088 1290 571 2258 968 110501 22159 1743 683 25754
internal_value=-2.66391e-05 0.000107088 -0.00195708 -0.00165114 0.000337822 0.00121005 0.00531032 0.00701771 0.00164139 0.000322244 0.000140098 0.000696311 -0.000306466 0.00153902
internal_weight=17787.2 17548 1644.98 1590.37 577.75 529.973 184.604 158.843 72.3996 15903 13479.4 5491.83 2512.1 2979.73
internal_count=274036 247111 64199 62752 19465 18377 5087 3797 1539 182912 160840 50339 22842 27497
is_linear=0
shrinkage=0.03


Tree=116
num_leaves=15
num_cat=0
split_feature=7 7 7 11 11 9 4 9 11 9 8 10 7 4
split_gain=23.0559 6.05488 5.66341 5.46571 6.39904 5.237 4.58942 3.23301 4.49756 2.97611 2.96573 2.8008 2.22215 4.7974
threshold=0.0056085051542415455 0.034835010130559833 0.0025521733920247842 -2.5791816380419927 -2.4448304484744443 1.2869005265451376 0.63068181818181823 2.3575769664228465 -0.30673026742247539 2.3878406533719838 0.49642971791382967 0.10525731623500792 0.06830590478145572 0.41421568627450983
decision_type=2 2 2 2 2 2 2 2 2 2 2 2 2 2
left_child=2 5 -1 -3 10 -2 7 12 11 -10 -5 -9 13 -6
right_child=1 3 -4 4 6 -7 -8 8 9 -11 -12 -13 -14 -15
leaf_value=-0.013590500543537828 0.0068526107345289761 -0.0065142189239188854 -0.0047490791078285428 0.0102552043986135 -0.0015892578686127982 -0.0010058413780990639 0.0039049294809081819 0.00041890282357570017 0.007128612404071602 -0.00047304340423522963 0.0011314446491290662 -0.0047150862524093281 0.00068302212384037365 0.00090667244675825688
leaf_weight=75.439728840719908 62.98337372019887 85.425485342741013 373.58300295006484 72.926345884799957 1311.1478159539402 4009.6412507854402 320.97848949208856 129.87982558086514 54.440153256058693 134.34999122470617 56.985825873911381 324.82870484143496 9335.3477632626891 1437.7251463979483
leaf_count=10870 858 919 30434 843 15432 99229 3932 1845 537 1352 526 4501 83828 18930
internal_value=-2.63239e-05 0.000150184 -0.00662582 0.000460855 0.000513423 -0.00085961 0.000443271 0.000351478 -0.00169669 0.00208235 0.00678446 -0.0032821 0.000462513 -0.000285992
internal_weight=17785.7 17336.7 449.023 13264 13178.6 4072.62 13048.7 12727.7 643.499 188.79 129.912 454.709 12084.2 2748.87
internal_count=274036 232732 41304 132645 131726 100087 130357 126425 8235 1889 1369 6346 118190 34362
is_linear=0
shrinkage=0.03


Tree=117
num_leaves=15
num_cat=0
split_feature=7 7 7 3 8 10 10 7 5 9 9 7 7 9
split_gain=21.9745 6.01576 5.12144 3.9766 4.52713 6.82329 3.56417 3.54345 3.68693 3.28075 4.56193 4.13406 2.762 2.62895
threshold=0.0053354059941901977 0.02438220837967572 0.0025521733920247842 0.029110936637147599 0.20340925370019705 0.13279817713044006 0.30147511177332381 0.025308527785297543 15.500000000000002 2.3714193507923191 2.3053633128505018 0.02114318502212691 0.015608203853121687 2.230512928841653
decision_type=2 2 2 2 2 2 2 2 2 2 2 2 2 2
left_child=2 6 -1 4 -3 -6 9 8 -5 10 -2 -12 -11 -4
right_child=1 3 13 7 5 -7 -8 -9 -10 12 11 -13 -14 -15
leaf_value=-0.013401494243332725 -0.0014414770108385517 -0.011179001447751869 -0.0057582222339469958 0.00045060931220143596 0.0080879676268835448 -0.0086552470147766049 0.0018274666413996702 0.0003811085544731793 0.010854407149548065 -0.0015351644155344169 -0.0096629343161226417 0.0032354416749321357 0.0070842615711608431 0.0017775793932164269
leaf_weight=74.435445883776993 2225.9881329406053 42.072117324918509 292.30706404242665 65.917388375848532 33.175138607621193 25.22060289978981 309.82004093006253 14403.573313176632 44.619212035089731 54.001538114622235 94.082809219136834 20.236215379089117 57.398433014750481 41.154838385991752
leaf_count=10870 66657 895 24752 1079 669 513 6334 150645 815 2125 3323 467 1439 3453
internal_value=-2.5618e-05 0.00013871 -0.00678248 0.000381566 -0.00516585 0.000565696 -0.00114165 0.000425259 0.00544537 -0.00152569 -0.00177063 -0.00726927 0.00321963 -0.00479169
internal_weight=17784 17376.1 407.897 14614.6 100.468 58.3957 2761.53 14514.1 110.537 2451.71 2340.31 114.319 111.4 333.462
internal_count=274036 234961 39075 154616 2077 1182 80345 152539 1894 74011 70447 3790 3564 28205
is_linear=0
shrinkage=0.03


Tree=118
num_leaves=15
num_cat=0
split_feature=7 11 9 7 4 8 8 9 7 3 7 9 7 9
split_gain=20.9183 5.69972 5.35709 5.00125 3.98317 4.41917 4.07815 3.96605 3.96199 3.53992 3.15146 4.0634 3.23443 2.50975
threshold=0.0053354059941901977 -2.5791816380419927 2.1901161392935395 0.0025521733920247842 0.93095238095238109 0.24559162111585364 0.30159417353151896 1.642850023690644 0.019603257802119092 0.071918507705998475 0.034835010130559833 1.2869005265451376 0.0077983361164995187 2.230512928841653
decision_type=2 2 2 2 2 2 2 2 2 2 2 2 2 2
left_child=3 2 4 -1 5 -2 -6 9 -4 -3 11 -7 -13 -5
right_child=1 7 8 13 6 10 -8 -9 -10 -11 -12 12 -14 -15
leaf_value=-0.01321348730160138 0.0047349733265657744 0.0059286629062717967 -0.005224868854085107 -0.0056243263957542113 -0.0032690118959878027 0.0059996982940872783 0.0073526382649104225 0.00020936281437116758 0.006992629543251078 0.0013020406094282463 -0.0063841630793330002 -0.0045145046961235051 -0.00074418970879081676 0.0017362555914220382
leaf_weight=73.458035912364721 105.62682718038559 155.80525287240744 333.98720785416663 290.67018393334001 36.637093270197511 59.209069576114416 91.178307358175516 13050.544215895236 12.908526938408611 1303.3362025022507 85.01524643599987 215.65035045705736 1927.5441627241671 41.226237654685974
leaf_count=10870 3805 1487 12927 24752 1560 791 2963 145478 312 10069 919 10087 44563 3453
internal_value=-2.53499e-05 0.000134497 -0.00108416 -0.00663822 -0.00059038 -0.000875818 0.00428447 0.000376229 -0.00449925 0.00185137 -0.00116407 -0.000920744 -0.0011523 -0.0046745
internal_weight=17782.8 17377.4 2867.76 405.354 2520.86 2393.05 127.815 14509.7 346.896 1459.14 2287.42 2202.4 2143.19 331.896
internal_count=274036 234961 77927 39075 64688 60165 4523 157034 13239 11556 56360 55441 54650 28205
is_linear=0
shrinkage=0.03


Tree=119
num_leaves=15
num_cat=0
split_feature=11 12 8 11 4 8 8 4 9 4 9 11 11 8
split_gain=18.6056 7.67714 3.85971 5.08458 5.45594 8.23297 4.84721 4.12294 5.33027 4.97667 3.65331 4.55555 3.45877 4.76365
threshold=-4.6033974546458625 2.249904835165133 0.33327454813561458 -3.5913736409554571 0.85164835164835173 0.24068541547754876 0.27305979975297617 0.64495798319327746 1.7052298814355191 0.71825396825396837 1.868316234883389 -3.1962452022713399 -4.0754590133786008 0.25489553971539775
decision_type=2 2 2 2 2 2 2 2 2 2 2 2 2 2
left_child=-1 -2 3 4 6 -6 -3 -4 9 -9 -10 -12 13 -7
right_child=1 2 7 -5 5 12 -8 8 10 -11 11 -13 -14 -15
leaf_value=-0.0093181933509551684 0.00030407123429948281 -0.0010106308810116224 -0.004743992008634795 -0.0015066722118789659 -0.01031479691477118 0.0096870066412599459 -0.01514391112516366 0.0053781823742700789 0.0067286007743752032 -0.0098771272978782354 -0.0012925109645243024 0.0074324875606364338 0.0053470853676134142 -0.0065797759641749486
leaf_weight=176.79124652128667 15558.602869058959 33.106861261185259 96.6751908659935 1178.1433989563957 66.015482457820326 6.8678154954686752 65.345400598831475 16.6991923796013 134.26629525236785 46.714749935083091 212.56283335201442 55.772667080163956 77.935747623443604 55.876237479038537
leaf_count=20120 176171 2315 2718 35655 5682 688 3894 545 5278 1688 8763 1281 4333 4905
internal_value=-2.47558e-05 7.64254e-05 -0.00164431 -0.0024403 -0.00580545 -0.00267592 -0.0111533 0.000462836 0.00165725 -0.00559952 0.00296034 0.000818427 0.00155717 -0.00327377
internal_weight=17781.4 17604.6 2045.98 1483.29 305.148 206.695 98.4523 562.691 466.016 63.4139 402.602 268.336 140.68 62.7441
internal_count=274036 253916 77745 57472 21817 15608 6209 20273 17555 2233 15322 10044 9926 5593
is_linear=0
shrinkage=0.03


Tree=120
num_leaves=15
num_cat=0
split_feature=6 6 4 4 9 9 6 9 9 3 7 6 8 4
split_gain=19.6451 6.95609 3.07261 3.70229 3.91761 3.2075 3.65912 2.86195 2.81408 5.72771 3.41457 5.5831 6.95607 4.63459
threshold=5.2804079136148419 4.2801320875317508 0.76696832579185525 0.65686274509803932 1.887963475117773 2.2001832529860863 4.3573494417676164 2.2061130252631136 1.4297488781424199 0.32619615719896494 0.1583463465006564 1.4928409688502451 0.45751879896779929 0.13809523809523813
decision_type=2 2 2 2 2 2 2 2 2 2 2 2 2 2
left_child=1 8 3 -3 -5 -4 -7 -2 9 -1 13 -12 -13 -10
right_child=7 2 5 4 -6 6 -8 -9 10 -11 11 12 -14 -15
leaf_value=0.0034905454297083816 -0.0096045990186293378 0.00013164308717040997 7.5286615811333293e-05 -0.0016574653418336906 -0.0096051001661101726 0.0055355781724110865 -0.0062967340078295053 0.00048203417681311851 -0.0035266061594441179 -0.006321953781436831 0.00037622008136542609 0.0022330044741865488 0.01228122022392289 6.0204978115248377e-06
leaf_weight=454.82177896425128 202.9496974311769 106.04870932921767 524.6026333514601 100.26308852154762 136.11084347311407 15.892218692228196 137.22588660754263 27.06841963622719 329.4465127363801 46.557642042636871 3629.6340678781271 737.78298231959343 54.279119715094566 11277.791158864275
leaf_count=3950 23910 3774 25034 3905 6215 652 7497 3015 3182 510 31323 6335 382 154352
internal_value=-2.46953e-05 9.29994e-05 -0.00229286 -0.00455076 -0.00653401 -0.0010782 -0.00468432 -0.00846077 0.000242184 0.00242219 0.000171794 0.000879705 0.00313706 -9.86677e-05
internal_weight=17780.5 17550.5 1020.14 342.423 236.374 677.721 153.118 230.018 16530.3 501.379 16028.9 4421.7 792.062 11607.2
internal_count=274036 247111 47077 13894 10120 33183 8149 26925 200034 4460 195574 38040 6717 157534
is_linear=0
shrinkage=0.03


Tree=121
num_leaves=15
num_cat=0
split_feature=6 7 9 3 3 11 3 7 8 8 8 3 10 6
split_gain=18.7067 6.58736 2.9129 4.76428 4.91529 4.03125 3.56451 3.19876 4.74071 4.27916 3.10222 4.75025 4.5256 3.03574
threshold=5.2804079136148419 0.011917045274892232 2.1110497419605414 0.14908409465980663 0.14780606825710482 -0.30673026742247539 0.027086528283571127 0.15242160459103429 0.23243981394621868 0.26271571672200988 0.29263341644418089 0.15515732118856626 0.14212097620998407 0.97438160901886006
decision_type=2 2 2 2 2 2 2 2 2 2 2 2 2 2
left_child=1 -1 6 4 5 -4 -3 -6 -9 -10 11 -5 -13 -12
right_child=-2 2 3 10 7 -7 -8 8 9 -11 13 12 -14 -15
leaf_value=-0.0020922131884023522 -0.008288854571771415 0.0063525287260762916 -0.00067470071733789208 0.0067240119784418495 -0.0094938768234210987 0.0033938409337506497 0.0004737960395428749 0.0021487543117901446 -0.01090933638916985 -0.00037772924679480897 0.0013226851714898708 -0.00064185545291542683 0.0046844349397938065 -0.007612144197105152
leaf_weight=1147.6480413889512 228.12529051536694 78.74291749112308 3976.6104758959264 158.27513618022203 67.439121268689632 217.12397367507219 10922.227659840137 106.91459179669619 60.05108018964529 66.695806369185448 69.482151247560978 437.03857160359621 196.6953230202198 46.105952374637127
leaf_count=51221 26925 2014 60818 1490 739 2121 119487 1026 567 620 642 4142 1792 432
internal_value=-2.43146e-05 9.00927e-05 0.000244548 -0.000325328 -0.000726339 -0.000452713 0.000524468 -0.00433507 -0.00236326 -0.0059939 0.00164018 0.00231303 0.00108138 -0.00270625
internal_weight=17779.2 17551.1 16403.4 5402.43 4494.84 4193.73 11001 301.101 233.661 126.747 907.597 792.009 633.734 115.588
internal_count=274036 247111 195890 74389 65891 62939 121501 2952 2213 1187 8498 7424 5934 1074
is_linear=0
shrinkage=0.03


Tree=122
num_leaves=15
num_cat=0
split_feature=6 6 9 8 6 8 11 8 7 9 11 8 6 7
split_gain=17.8053 6.23521 2.7758 2.7799 2.69002 2.96793 3.88536 3.67026 2.79822 3.55238 3.10553 4.01368 4.79515 4.63225
threshold=5.2804079136148419 4.2801320875317508 2.2061130252631136 0.24068541547754876 2.6844345112494912 0.23968436736427981 -2.8618833197882751 0.24698214739507679 0.052062870122883138 1.913102243455109 -2.1488951646143799 0.29263341644418089 3.3961834369540003 0.012918276556817055
decision_type=2 2 2 2 2 2 2 2 2 2 2 2 2 2
left_child=1 4 -2 -4 -1 6 -6 -7 10 -10 11 12 -9 -14
right_child=2 -3 3 -5 5 7 -8 8 9 -11 -12 -13 13 -15
leaf_value=0.00049504194777075011 -0.0092593334921757045 -0.0021764535006597351 -0.0048910254470258272 0.0086931925209750658 0.0071877240699365855 0.0043539271484401244 -0.0020878759322777909 -0.0079058434958730068 0.00087836676765104234 -0.0072630483952612415 0.0015407277915470451 5.0793829674288012e-05 -0.0086046853748840448 0.00017507957079937025
leaf_weight=11117.091463785619 199.4136230670847 1016.0303228460252 19.430918531026695 7.4309128811582914 27.873550973832607 154.54964003525674 1018.2592524066567 112.10020851716399 81.516539923846722 93.651966534554958 916.67548705637455 2612.0910489410162 48.745329964905977 353.16328701563179
leaf_count=103796 23910 47077 2175 840 978 3003 20843 1951 816 1217 12682 44657 1661 8430
internal_value=-2.40078e-05 8.71853e-05 -0.00811825 0.000635274 0.00022812 -0.000319363 -0.00174262 2.59493e-05 -0.000147499 -0.00370391 1.97185e-05 -0.000431519 -0.00281448 -0.00116105
internal_weight=17778 17551.7 226.275 26.8618 16535.7 5418.63 1046.13 4372.49 4217.94 175.169 4042.78 3126.1 514.009 401.909
internal_count=274036 247111 26925 3015 200034 96238 21821 74417 71414 2033 69381 56699 12042 10091
is_linear=0
shrinkage=0.03


Tree=123
num_leaves=15
num_cat=0
split_feature=6 11 9 6 10 9 3 4 6 10 10 8 9 11
split_gain=16.9268 5.90641 4.84627 4.089 3.68272 3.56327 3.38167 3.24744 4.44798 4.49949 4.57229 4.11561 4.89086 3.8028
threshold=5.2804079136148419 -2.5791816380419927 2.1952755545294784 3.1245627302238765 0.43194275929263715 1.642850023690644 0.071918507705998475 0.93095238095238109 4.6303503656575673 0.15882589768713726 0.15687830075648471 0.39565187351359038 1.7669551885720913 -4.4276580975486395
decision_type=2 2 2 2 2 2 2 2 2 2 2 2 2 2
left_child=1 2 3 -1 7 6 -3 8 9 10 -5 -10 -13 -9
right_child=-2 5 -4 4 -6 -7 -8 13 11 -11 -12 12 -14 -15
leaf_value=-0.0065635878622714557 -0.0079464285846583705 0.0057048315304296547 -0.0043147697299273039 0.0015115351402471579 0.0059959768320867564 0.00017751167861821863 0.0011962144613285781 -0.006568825213142092 -0.0064973782433818787 -0.00081377454656254649 0.013582940418304717 -0.0040451427417283175 0.007300257177798729 0.0048079944635210552
leaf_weight=86.833465717732906 224.44008732680231 156.64822714403272 359.7314102621749 136.61467512324452 62.997783955186605 13060.490149794146 1306.3415567725897 17.897907448932528 207.19260175526142 1868.0043057501316 22.301145944744349 71.961386864073575 41.422558961436152 153.89007490873337
leaf_count=942 26925 1487 14976 4382 1037 145478 10069 1156 11870 42772 688 3447 2229 6578
internal_value=-2.38054e-05 8.41992e-05 -0.00111758 -0.000664968 -0.000429856 0.000335722 0.00173197 -0.00062508 -0.000922775 -0.000390079 0.00423096 -0.00412288 0.000468345 0.00319037
internal_weight=17776.8 17552.3 3028.85 2669.12 2582.28 14523.5 1462.99 2519.28 2347.5 2026.92 158.916 320.577 113.384 171.788
internal_count=274036 247111 90077 75101 74159 157034 11556 73122 65388 47842 5070 17546 5676 7734
is_linear=0
shrinkage=0.03


Tree=124
num_leaves=15
num_cat=0
split_feature=6 6 4 10 4 9 6 9 7 9 11 7 4 9
split_gain=16.1087 5.61764 2.96835 3.57868 5.10934 2.95726 3.5115 2.71272 2.73551 2.56501 5.39576 3.04576 3.72948 3.19379
threshold=5.2804079136148419 4.2801320875317508 0.76696832579185525 0.21560530584071833 0.63068181818181823 2.2001832529860863 4.3573494417676164 2.2061130252631136 0.0025521733920247842 1.4297488781424199 -0.8324463741746323 0.11064625738982067 0.26969696969696971 2.3053633128505018
decision_type=2 2 2 2 2 2 2 2 2 2 2 2 2 2
left_child=1 9 3 4 -3 -4 -7 -2 -9 10 -1 13 -13 -11
right_child=7 2 5 -5 -6 6 -8 8 -10 11 -12 12 -14 -15
leaf_value=0.0037583874639632486 -0.0089224225597619063 0.0025586854797066219 0.00022404043782173384 -0.0011129748452416233 -0.0096426715747643856 0.0055904831913195854 -0.0059736850888919392 -0.0081522923214562473 0.0055816164156695363 -1.678392031702567e-05 -0.0038248989826529137 0.00034555318022150289 0.0023707086726848605 -0.0018458112578177716
leaf_weight=410.37441291287541 196.07053423207253 32.144771088846028 522.06395502574742 173.32342425733805 133.65837057493627 15.846583217382429 135.27690128423274 5.5469391779042807 21.077044948935509 8300.6071546562016 92.447513952851295 5855.5245415493846 937.94843617081642 943.47795191779733
leaf_count=3580 23910 1342 25034 6285 6267 652 7497 853 2162 119848 880 51864 7445 16417
internal_value=-2.30471e-05 8.19333e-05 -0.00207081 -0.00429913 -0.00726113 -0.000879027 -0.00436579 -0.00778056 0.000813559 0.000215444 0.00229373 0.000148201 0.000629766 -0.000206148
internal_weight=17775.4 17552.7 1012.31 339.127 165.803 673.187 151.123 222.695 26.624 16540.4 502.822 16037.6 6793.47 9244.09
internal_count=274036 247111 47077 13894 7609 33183 8149 26925 3015 200034 4460 195574 59309 136265
is_linear=0
shrinkage=0.03


Tree=125
num_leaves=15
num_cat=0
split_feature=11 11 8 11 4 9 8 3 4 11 4 8 8 9
split_gain=14.5458 5.98432 3.78852 5.83433 5.41266 4.5849 4.83729 4.38013 3.96643 4.39975 3.80928 4.47272 4.27481 4.16534
threshold=-4.6033974546458625 -2.5791816380419927 0.31774527464915747 -3.5481186001187672 0.63068181818181823 1.9863936706090892 0.33115956764440213 0.047945671803998974 0.74166666666666681 -3.5913736409554571 0.82843137254901966 0.23968436736427981 0.27173962588923756 2.1516810782533455
decision_type=2 2 2 2 2 2 2 2 2 2 2 2 2 2
left_child=-1 2 3 10 5 -4 -7 -6 -9 -10 12 -12 -2 -13
right_child=1 -3 4 -5 7 6 -8 8 9 -11 11 13 -14 -15
leaf_value=-0.0084150008662180909 -0.0010348430617025941 0.00031948466763788468 -0.0011704120715208084 -0.0011909191923025397 0.0020334244030147356 0.0036091572308356895 -0.010578581710461516 -0.0081912810319449258 -0.0076959586594045996 0.0042702512667266487 -0.0091463416131736409 -0.0037159661405940154 -0.015421895268414513 0.0059764222866097562
leaf_weight=168.96003871923313 29.060994422528893 14528.881092797965 819.83011723682284 844.72533371113241 858.25847155880183 19.898739696480334 79.139023337513208 63.477836488746107 24.824709584005177 75.988639555871487 65.797110077459365 97.341677214950323 50.982746403664351 46.920447943732142
leaf_count=20120 2009 157034 14911 27846 28240 498 1780 926 567 1090 5710 6922 3080 3303
internal_value=-2.28781e-05 6.4758e-05 -0.00113401 -0.00249901 -0.000323076 -0.00197779 -0.0076282 0.00117096 -0.00312776 0.000708511 -0.00606211 -0.00349416 -0.0111862 -0.000297592
internal_weight=17774.1 17605.1 3076.25 1134.83 1941.42 918.868 99.0378 1022.55 164.291 100.813 290.103 210.059 80.0437 144.262
internal_count=274036 253916 96882 48870 48012 17189 2278 30823 2583 1657 21024 15935 5089 10225
is_linear=0
shrinkage=0.03


Tree=126
num_leaves=15
num_cat=0
split_feature=7 7 11 9 3 3 11 3 7 9 3 9 11 9
split_gain=14.4588 6.21134 2.96293 2.56084 4.33602 4.80629 3.70762 3.41237 3.06155 2.94958 2.76538 3.43689 2.61365 5.34258
threshold=0.0033520721995408289 0.011917045274892232 -4.4832857056822357 2.1110497419605414 0.14908409465980663 0.14780606825710482 -0.30673026742247539 0.027086528283571127 0.15242160459103429 2.3053633128505018 0.15515732118856626 2.1734494846250758 -1.7223412468009467 1.2869005265451376
decision_type=2 2 2 2 2 2 2 2 2 2 2 2 2 2
left_child=2 -2 -1 7 5 6 -5 -3 -7 -10 11 -6 13 -9
right_child=1 3 -4 4 10 8 -8 12 9 -11 -12 -13 -14 -15
leaf_value=-0.01058925157683357 -0.0020007901096217653 0.0061619516192214247 0.000790835179010985 -0.00064862872576680077 -0.00090186721692034301 -0.0093433438032556378 0.0032469019832808352 0.0059404635998026901 -0.0039908259028915453 0.0036217511850146164 0.00068382909773741284 0.0074347107066623282 0.00078497708436057383 -0.00035964121477806492
leaf_weight=124.18076482834294 1212.0769202550873 79.201611522585154 21.826708426699042 3973.3561780620366 62.25492437928915 67.000491179525852 217.92878618836403 109.90758982300758 187.0519058033824 46.507547184824944 728.59769152104855 118.75192204117775 6808.4344078786671 4016.5821890570223
leaf_count=17117 58600 2014 2429 60818 562 739 2121 965 1757 456 6801 1135 59153 59369
internal_value=-2.35102e-05 5.81818e-05 -0.00897285 0.000211898 -0.00032257 -0.000705685 -0.000435221 0.000474089 -0.00427731 -0.00234788 0.0015501 0.00471786 0.000424508 -0.000170932
internal_weight=17773.7 17627.7 146.007 16415.6 5401.45 4491.84 4191.28 11014.1 300.56 233.559 909.605 181.007 10934.9 4126.49
internal_count=274036 254490 19546 195890 74389 65891 62939 121501 2952 2213 8498 1697 119487 60334
is_linear=0
shrinkage=0.03


Tree=127
num_leaves=15
num_cat=0
split_feature=6 11 9 6 9 3 9 7 7 9 8 4 6 8
split_gain=14.0575 4.91597 4.36046 4.01191 3.22283 3.26334 2.95206 2.91616 2.74209 4.31363 3.20397 2.73982 3.65616 4.36774
threshold=5.2804079136148419 -2.5791816380419927 2.1952755545294784 3.1245627302238765 1.642850023690644 0.071918507705998475 1.2869005265451376 0.019603257802119092 0.0025521733920247842 2.2061130252631136 0.55573667729892617 0.93095238095238109 4.6303503656575673 0.41703437195795318
decision_type=2 2 2 2 2 2 2 2 2 2 2 2 2 2
left_child=1 2 3 -1 5 -3 -5 -4 -2 10 -10 12 -8 -14
right_child=8 4 7 6 -6 -7 11 -9 9 -11 -12 -13 13 -15
leaf_value=-0.0064490668222959699 -0.012001056299382161 0.0055224240245332554 -0.0046599542170703062 0.0052707481438055235 0.0001528298263848335 0.0011044078270947019 -0.00033204476413248735 0.0060117091553490249 -0.0076201477729052718 0.0056006494986902645 0.0059332190611086286 0.0029850319794937565 -0.0058688762690978693 0.0015696759250721118
leaf_weight=86.452106900513172 67.628016074653715 157.34024840220809 344.37581097055227 66.215660089626908 13068.108218271285 1308.9454117044806 2022.0260332562029 12.035742364823816 122.84307147841901 21.058044238947332 6.6478369515389195 169.46472473815084 225.83076413255185 93.162868671119213
leaf_count=942 10870 1487 14685 995 145478 10069 47875 291 13246 2162 647 7681 12988 4620
internal_value=-2.28222e-05 7.43173e-05 -0.00102411 -0.000595777 0.000303339 0.00162961 -0.000363201 -0.00407134 -0.00734043 -0.00434914 -0.00638063 -0.000542223 -0.000814938 -0.0037235
internal_weight=17772.1 17554 3019.56 2663.15 14534.4 1466.29 2576.7 356.412 218.177 150.549 129.491 2510.48 2341.02 318.994
internal_count=274036 247111 90077 75101 157034 11556 74159 14976 26925 16055 13893 73164 65483 17608
is_linear=0
shrinkage=0.03


Tree=128
num_leaves=15
num_cat=0
split_feature=7 7 11 8 9 9 9 3 3 11 3 7 8 8
split_gain=13.1964 5.55951 2.80595 3.5054 2.44172 4.3399 2.36808 4.07666 4.58541 3.48527 3.24475 2.95601 4.45673 4.14661
threshold=0.0033520721995408289 0.011917045274892232 -4.4832857056822357 0.24068541547754876 1.5291899590487417 1.4297488781424199 2.1110497419605414 0.14908409465980663 0.14780606825710482 -0.30673026742247539 0.027086528283571127 0.15242160459103429 0.23243981394621868 0.26271571672200988
decision_type=2 2 2 2 2 2 2 2 2 2 2 2 2 2
left_child=2 4 -1 -4 5 -2 10 8 9 -8 -3 -10 -13 -14
right_child=1 6 3 -5 -6 -7 7 -9 11 -11 -12 12 13 -15
leaf_value=-0.010237202335233123 -0.0033911897512996208 0.0059859895820325989 -0.0060878832103509941 0.0097351608681922244 -0.0022873606881163092 0.0080695799588474341 -0.00062894504431538513 0.0015006980138058388 -0.0091737030888519935 0.0031436852001951155 0.00040393952801834337 0.0020779006164908828 -0.010686706052262171 -0.00030980977545691805
leaf_weight=121.75588892260566 47.15418881829828 79.629658985882998 14.940368682146074 6.8448134399950495 1116.170998012647 44.399172430858016 3971.0531895495951 910.71772758662701 66.510519608855247 218.49698653817177 10940.081809502095 107.12479957193136 59.47137288749218 66.555200129747391
leaf_count=17117 1565 2014 1709 720 55488 1547 60818 8498 739 2121 119487 1026 567 620
internal_value=-2.22461e-05 5.52047e-05 -0.00863882 0.000826129 -0.00189646 0.00252033 0.000200357 -0.000313735 -0.000685598 -0.000421678 0.000452358 -0.00417944 -0.00228633 -0.00582245
internal_weight=17770.9 17627.4 143.541 21.7852 1207.72 91.5534 16419.6 5399.93 4489.21 4189.55 11019.7 299.662 233.151 126.027
internal_count=274036 254490 19546 2429 58600 3112 195890 74389 65891 62939 121501 2952 2213 1187
is_linear=0
shrinkage=0.03


Tree=129
num_leaves=15
num_cat=0
split_feature=7 7 3 3 7 5 4 11 8 8 4 3 4 3
split_gain=12.5734 5.24275 2.89862 5.64044 4.35266 5.1954 3.03445 2.72762 3.42109 2.62172 3.80961 7.06813 3.08295 2.55496
threshold=0.0033520721995408289 0.01240987691140401 0.031576604791400252 0.047433798983812843 0.0074454096478330711 13.500000000000002 0.82843137254901966 -4.4832857056822357 0.24068541547754876 0.46707909178713253 0.87083333333333346 0.02624916865529792 0.73030303030303034 0.036808124386421101
decision_type=2 2 2 2 2 2 2 2 2 2 2 2 2 2
left_child=7 2 9 4 6 -6 -4 -1 -9 12 11 -11 -2 -7
right_child=1 -3 3 -5 5 13 -8 8 -10 10 -12 -13 -14 -15
leaf_value=-0.010054984184396399 -0.0064997475826957581 0.00019881065409582918 0.0037648589715960951 -0.0090069991635236112 0.0074408341471798858 0.0017405927407164725 -0.0072323170775231904 -0.0060149109950220943 0.009614311819823286 -0.010548258369591322 0.010079360038937975 0.0056043648636943874 -0.0021049318215053871 -0.0087593575427950213
leaf_weight=120.53403346752748 175.67705289181322 16346.940739344805 23.558479687198997 31.521810949780047 139.1639562677592 46.669195953756571 48.2079191589728 14.851309015415611 6.9104746002703896 28.546942650340497 20.600962310098112 41.140507089905441 707.67214964982122 17.884367510676384
leaf_count=17117 7512 193706 1082 828 3920 1380 2668 1709 720 1346 1230 1486 38836 496
internal_value=-2.19153e-05 5.33896e-05 -0.00178367 0.000731071 0.0022529 0.0044185 -0.00359554 -0.00846616 0.000846019 -0.00257567 0.00203367 -0.00170878 -0.00307289 -0.00227149
internal_weight=17769.9 17627.6 1280.64 307.006 275.484 203.718 71.7664 142.296 21.7618 973.638 90.2884 69.6874 883.349 64.5536
internal_count=274036 254490 60784 10374 9546 5796 3750 19546 2429 50410 4062 2832 46348 1876
is_linear=0
shrinkage=0.03


Tree=130
num_leaves=15
num_cat=0
split_feature=6 6 9 9 3 9 7 9 10 3 9 3 3 3
split_gain=12.208 4.392 3.37359 2.92748 2.84757 2.669 2.64423 4.08358 3.23066 2.44253 3.06517 3.83689 3.29854 5.00424
threshold=5.2804079136148419 2.9575076874722881 1.5291899590487417 1.5511502758327356 0.019407291091431734 2.4865450930316295 0.0025521733920247842 2.2061130252631136 0.21357223796617167 0.30380098546291129 2.096535701219373 0.29816818931961325 0.14908409465980663 0.074487952779820607
decision_type=2 2 2 2 2 2 2 2 2 2 2 2 2 2
left_child=1 9 -3 -4 -5 -6 -2 8 -8 10 11 -1 13 -12
right_child=6 2 3 4 5 -7 7 -9 -10 -11 12 -13 -14 -15
leaf_value=0.00076291562090894814 -0.011519188974354461 0.0020260100472579454 -0.0072904645060230082 -0.0062838083121443756 -0.00063476228090819176 -0.0082193608000634272 -0.0095410644853139558 0.005625711740289154 -0.00017325946956756304 -0.00099772654343956201 0.00035987891938140803 0.0054242722122189455 0.0015273682774267889 -0.0019888308523846958
leaf_weight=7101.6620796769857 65.516345337964594 368.79522961936891 48.944605066441 69.277701596729457 4489.5120540941134 27.279911790974438 73.442806816194206 21.032996471039951 53.882474414538592 1065.0182042494416 2074.5361057408154 148.10139805823565 834.9088132083416 1327.3105698302388
leaf_count=63546 10870 6102 973 3965 113693 646 8079 2162 5814 9524 26169 1354 7771 13368
internal_value=-2.18463e-05 6.7843e-05 -0.000682434 -0.000903778 -0.000812071 -0.000707625 -0.00690572 -0.00399773 -0.0060128 0.000367407 0.000495117 0.000869143 -0.00014571 -0.000561233
internal_weight=17769.2 17555.3 5003.81 4635.01 4586.07 4516.79 213.875 148.358 127.325 12551.5 11486.5 7249.76 4236.76 3401.85
internal_count=274036 247111 125379 119277 118304 114339 26925 16055 13893 121732 112208 64900 47308 39537
is_linear=0
shrinkage=0.03


Tree=131
num_leaves=15
num_cat=0
split_feature=6 7 3 8 10 7 5 3 7 5 8 4 8 8
split_gain=11.6598 4.17083 3.45963 4.36148 6.63252 3.56139 3.53763 2.60367 2.57674 3.39107 3.3319 2.5641 3.36212 3.6586
threshold=5.2804079136148419 0.02438220837967572 0.029110936637147599 0.20340925370019705 0.13279817713044006 0.025308527785297543 15.500000000000002 0.019407291091431734 0.0025521733920247842 17.500000000000004 0.55573667729892617 0.72474747474747481 0.31774527464915747 0.39565187351359038
decision_type=2 2 2 2 2 2 2 2 2 2 2 2 2 2
left_child=1 7 3 -3 -5 6 -4 -1 -2 10 -10 -7 -13 -14
right_child=8 2 5 4 -6 11 -8 -9 9 -11 -12 12 13 -15
leaf_value=-0.0061880036526666942 -0.011344039089833384 -0.010882076565023593 0.00043939300836866736 0.0080490952225344015 -0.0084876891678848584 0.00021534339667966305 0.010615059934086873 -0.00081162566042292724 -0.0068509439099188737 0.0055847975392694735 0.0067992373970138494 0.0063455259574825111 -0.005832181727895105 0.0041300626960726512
leaf_weight=68.957250625826418 64.77497969288379 41.314990520477295 65.935897469520569 33.220102801918983 24.95039501413703 14213.626967716962 44.937960624694824 2834.1620308309793 124.73724417388439 16.900772329885513 6.1427834918722501 125.4247972369194 48.490411590784788 54.774435311555862
leaf_count=3970 10870 895 1079 669 513 147604 815 88525 13625 1831 599 1803 624 614
internal_value=-2.20065e-05 6.53949e-05 0.000271415 -0.00492449 0.000670238 0.000311968 0.00533715 -0.000970482 -0.00676928 -0.00390352 -0.00557703 0.000267892 0.00331961 -0.00069433
internal_weight=17768.4 17555.8 14652.7 99.4855 58.1705 14553.2 110.874 2903.12 212.556 147.781 130.88 14442.3 228.69 103.265
internal_count=274036 247111 154616 2077 1182 152539 1894 92495 26925 16055 14224 150645 3041 1238
is_linear=0
shrinkage=0.03


Tree=132
num_leaves=15
num_cat=0
split_feature=7 7 8 11 11 9 8 8 10 7 11 11 5 9
split_gain=10.9664 5.88625 3.01229 3.28305 6.22292 3.9049 5.40801 3.60787 3.83649 4.29649 2.98795 2.67165 2.54462 2.30936
threshold=0.0025521733920247842 0.01009766125418938 0.31774527464915747 -3.5481186001187672 -3.3895860005876952 2.1516810782533455 0.23968436736427981 0.29263341644418089 0.17312989652425761 0.0058871222594964329 -3.847980912097928 -3.6316067503048512 16.500000000000004 1.5291899590487417
decision_type=2 2 2 2 2 2 2 2 2 2 2 2 2 2
left_child=-1 2 3 5 12 7 -7 8 -2 -10 13 -12 -5 -4
right_child=1 -3 10 4 -6 6 -8 -9 9 -11 11 -13 -14 -15
leaf_value=-0.011170346977259285 -0.0074245796878506191 0.00016390677742852329 0.0027100231899964667 0.0068821410133155375 -0.005099346487739409 -0.0070542780448050891 0.0048548220662682409 -0.013099486284197166 0.0095008598557963439 -0.0062791852399037701 0.005966803567179527 -0.0037488299319940258 -0.0043963785765478011 -0.0027226660652578472
leaf_weight=64.052985644899309 73.909807307645679 16687.933930123225 74.485044624190778 73.080654629506171 113.06505500804633 52.109899820759892 55.678894659038633 71.587231289595366 21.251792821567506 13.730188347399233 82.103301681578159 23.05328225530684 11.662562104873357 349.75117318192497
leaf_count=10870 5634 204559 3102 3376 5038 4349 3921 4916 1845 706 2912 826 596 21386
internal_value=-2.15876e-05 2.81724e-05 -0.00217237 -0.00384115 -0.000771038 -0.00580551 -0.001061 -0.00834026 -0.00400428 0.0032816 -0.00057651 0.00363477 0.00490224 -0.00170885
internal_weight=17767.5 17703.4 1015.47 486.076 197.808 288.268 107.789 180.479 108.892 34.982 529.393 105.157 84.7432 424.236
internal_count=274036 263166 58607 30381 9010 21371 8270 13101 8185 2551 28226 3738 3972 24488
is_linear=0
shrinkage=0.03


Tree=133
num_leaves=15
num_cat=0
split_feature=6 6 4 4 6 9 9 7 10 4 9 4 11 7
split_gain=10.6842 4.46625 2.9126 3.53433 3.22175 2.99507 3.34671 2.62357 2.75306 2.33673 2.23729 5.16976 2.52318 5.65378
threshold=5.480430546593821 4.2801320875317508 0.76696832579185525 0.67708333333333337 4.3950660578969041 1.887963475117773 1.8005263131333182 0.0067696114439976269 0.27598887841710457 0.70294117647058829 1.4297488781424199 0.20714285714285716 -0.86940428163143579 0.1583463465006564
decision_type=2 2 2 2 2 2 2 2 2 2 2 2 2 2
left_child=1 10 3 4 -3 6 9 -6 -9 -5 11 -1 13 -12
right_child=-2 2 -4 5 7 -7 -8 8 -10 -11 12 -13 -14 -15
leaf_value=-0.0033590998214921715 -0.007995531442983388 -0.0059885849104105073 -0.00071866679191985561 0.0018659044265854413 -0.0046288404690009383 -0.0092436465167201505 0.0054671694426655822 0.0004421329453914945 0.011208381233154822 -0.0087231193287184653 -0.00028376743239280806 0.0036775274883688695 0.00058642466666471139 0.0051181523894332139
leaf_weight=109.0300103649497 134.96135071059689 41.87614725343883 733.58988813962787 21.993365369737148 20.025866319425404 118.38832284603268 25.899330713786185 49.647972079925239 24.346067482605577 38.330155529081821 9811.1298220530152 395.92946138978004 6079.3386024571955 162.5446710512042
leaf_count=1016 19206 1327 40254 847 1186 5741 1219 1926 685 1611 139524 3444 54884 1166
internal_value=-2.17588e-05 4.60193e-05 -0.00181499 -0.00404695 -0.000219675 -0.00640027 -0.00170491 0.00282022 0.00527663 -0.0052597 0.000168275 0.00210512 0.000105442 -0.000188177
internal_weight=17767 17632.1 1074.1 340.507 135.896 204.611 86.2229 94.0199 73.994 60.3235 16558 504.959 16053 9973.67
internal_count=274036 254830 54796 14542 5124 9418 3677 3797 2611 2458 200034 4460 195574 140690
is_linear=0
shrinkage=0.03


Tree=134
num_leaves=15
num_cat=0
split_feature=6 6 9 3 9 9 9 9 11 10 8 3 9 3
split_gain=10.3149 4.93843 2.70808 4.97201 2.83451 3.36077 2.79151 5.02683 3.80076 2.22036 5.66998 2.84021 2.10161 5.00991
threshold=5.650908969611069 4.2801320875317508 1.5291899590487417 0.0489356033026579 1.4297488781424199 1.2869005265451376 1.6936169399515857 1.7669551885720913 -3.8925623830426956 0.25289135602172036 0.45751879896779929 0.028598990283830898 1.4297488781424199 0.32619615719896494
decision_type=2 2 2 2 2 2 2 2 2 2 2 2 2 2
left_child=1 12 3 4 5 -3 8 9 -4 -8 -11 -12 13 -1
right_child=-2 2 6 -5 -6 -7 7 -9 -10 10 11 -13 -14 -15
leaf_value=0.0030311337966478342 -0.0097715444048330595 0.0080548086826840344 -0.0091893287500955899 -0.0082346002818885246 0.010593942069756951 -0.0060071341309613484 0.0094795971729236383 -0.0023903752074382213 0.0023322298822562372 -0.010110315034855755 0.010924639080127904 -0.0035495324709196086 0.00010241958833848542 -0.0061487663721401919
leaf_weight=459.49084655568004 82.120943844784051 10.726240557618437 86.923916039988399 14.459877074696122 37.282058089971542 22.789085801690817 32.913685824722052 846.10569730773568 27.526148956269026 14.569111273624001 21.269007805734876 9.5808619083836657 16053.925829157233 46.22104375064373
leaf_count=3950 13466 437 4423 408 1476 901 1542 48442 719 706 1150 332 195574 510
internal_value=-2.14563e-05 3.20649e-05 -0.00187867 0.00290751 0.006225 -0.000407792 -0.00230724 -0.00169691 -0.00646915 0.00497387 0.000165879 0.00673885 0.000163357 0.00203915
internal_weight=17765.9 17683.8 1124.15 85.2573 70.7974 33.5153 1038.89 924.438 114.45 78.3327 45.419 30.8499 16559.6 505.712
internal_count=274036 260570 60536 3222 2814 1338 57314 52172 5142 3730 2188 1482 200034 4460
is_linear=0
shrinkage=0.03


Tree=135
num_leaves=15
num_cat=0
split_feature=6 6 4 4 10 10 6 10 9 3 10 8 3 3
split_gain=9.88042 4.65176 2.75858 3.61642 3.95728 3.11926 2.77587 2.63682 1.98302 2.63399 2.69566 3.24184 2.2225 3.5357
threshold=5.650908969611069 4.2801320875317508 0.76696832579185525 0.70294117647058829 0.19181112624163446 0.15978463845106011 4.3950660578969041 0.43194275929263715 2.275344184745427 0.29561213651420964 0.12550938237196266 0.18486769293965513 0.30380098546291129 0.31031464237713252
decision_type=2 2 2 2 2 2 2 2 2 2 2 2 2 2
left_child=1 8 3 4 5 -3 -6 -4 12 -10 11 -11 -1 -14
right_child=-2 2 7 -5 6 -7 -8 -9 9 10 -12 -13 13 -15
leaf_value=0.00037962534418717694 -0.0096028498736996284 0.0018089664968498564 -0.0010854434327928601 -0.0074033638411463935 -0.004369322508360779 -0.011182102473368974 0.0039043344167743236 0.0093043814507736272 -0.0010973776977321605 -0.0012994358465924993 -0.0029016132287648655 0.0082047743381248352 -0.0045049916009088529 -0.00017611251206508678
leaf_weight=13610.068577283993 81.332224248442799 19.464107248000801 773.04323656857014 143.61368427518755 38.327824248000979 34.698944950476289 105.21748262085021 7.7094078641384831 1740.4079279694706 44.653768785297871 44.754453092813492 75.2028973326087 197.69611090421677 848.89620217680931
leaf_count=162487 13466 899 45356 6955 1137 1607 4237 345 26619 432 428 719 1819 7530
internal_value=-2.11201e-05 3.105e-05 -0.0018252 -0.00401689 -0.00120838 -0.00713378 0.00149082 -0.000809396 0.000158351 -0.000748509 0.00272363 0.0049132 0.000276866 -0.00104592
internal_weight=17765.1 17683.8 1122.07 341.322 197.708 54.1631 143.545 780.753 16561.7 1905.02 164.611 119.857 14656.7 1046.59
internal_count=274036 260570 60536 14835 7880 2506 5374 45701 200034 28198 1579 1151 171836 9349
is_linear=0
shrinkage=0.03


Tree=136
num_leaves=15
num_cat=0
split_feature=7 6 8 8 11 4 9 7 8 11 8 4 11 11
split_gain=9.52188 4.77775 4.2202 4.60215 4.13949 3.70159 3.50911 3.25346 2.80228 2.29833 2.58606 2.23441 2.91104 2.72857
threshold=0.0025521733920247842 4.4349746333048614 0.31774527464915747 0.29263341644418089 -3.8925623830426956 0.92582417582417598 2.1516810782533455 0.0088623409348470451 0.39096017660132915 -4.1737567642749651 0.46486872725451794 0.93541666666666679 -2.7187029352165912 -2.5791816380419927
decision_type=2 2 2 2 2 2 2 2 2 2 2 2 2 2
left_child=-1 11 3 -3 9 7 -7 -5 -6 -4 -11 13 -13 -2
right_child=1 2 4 5 8 6 -8 -9 -10 10 -12 12 -14 -15
leaf_value=-0.010571279264677543 -0.00087163432973077365 -0.0023457172925887169 0.00024674200203086088 -0.015101635320731289 0.0079668634613436207 -0.0059087839626334885 0.0092077982829977065 0.0022524761279957522 -0.0026449183809429027 -0.0064449775582306754 0.0026904262094290844 0.0076816211079472254 -0.0037951376902747224 0.00026319588724286493
leaf_weight=61.658967593219131 2179.5132266823202 345.07034488767385 252.17933278065175 55.500961340032518 65.728850467130542 21.936498382128779 7.098236584570258 7.146404279395937 22.536350965499878 103.90738498792052 27.194184040650725 57.530636208131909 16.994820240885019 14540.458751102909
leaf_count=10870 49321 22523 17904 3567 2581 1737 490 286 723 4578 802 1491 372 156791
internal_value=-2.1022e-05 2.46432e-05 -0.0020765 -0.00414872 -8.84512e-05 -0.00965082 -0.000335501 -0.0130693 0.00526678 -0.00147361 -0.00446836 0.000140031 0.00486709 0.000114618
internal_weight=17764.5 17702.8 908.299 436.752 471.546 91.6821 29.0347 62.6474 88.2652 383.281 131.102 16794.5 74.5255 16720
internal_count=274036 263166 55191 28603 26588 6080 2227 3853 3304 23284 5380 207975 1863 206112
is_linear=0
shrinkage=0.03


Tree=137
num_leaves=15
num_cat=0
split_feature=7 7 9 3 9 9 4 9 9 7 5 10 4 7
split_gain=9.14609 4.52568 2.52209 3.93256 2.63184 2.24051 2.10566 2.61108 4.07362 2.56128 4.26467 4.22933 3.77245 2.97515
threshold=0.0025521733920247842 0.01009766125418938 1.5291899590487417 0.049658635186547062 1.4297488781424199 1.2869005265451376 0.75735294117647067 1.7052298814355191 1.7486080662999435 0.0043933961673124156 17.500000000000004 0.14316070147916102 0.82843137254901966 0.0088623409348470451
decision_type=2 2 2 2 2 2 2 2 2 2 2 2 2 2
left_child=-1 2 3 4 5 -2 -4 -8 -9 10 -10 -11 13 -13
right_child=1 -3 6 -5 -6 -7 7 8 9 11 -12 12 -14 -15
leaf_value=-0.010404531724225256 0.0062945133654960647 0.00014217031535241473 -0.0046978257796576502 -0.0077343286910767101 0.010079886648645106 -0.005382195208043874 -0.0064532816819802075 0.0085376477311392713 -0.0066308208176934494 -0.0047006886862308609 0.0057519462063795436 -0.0057659868623741615 0.0035643304762940646 0.0045130468285037246
leaf_weight=61.017905766610056 10.343457039911302 16696.341191360727 241.09200404305011 11.331755278166382 35.050646517425776 20.758801222778857 68.159631592687219 25.019091838039458 124.60727477725595 119.80996608640999 18.408203311730176 74.722636056132615 234.36958362627774 22.683769783005118
leaf_count=10870 446 204559 11433 345 1474 899 3800 1458 13035 6699 1902 4023 12242 851
internal_value=-2.08624e-05 2.37065e-05 -0.00191494 0.00289681 0.00581087 -0.000714414 -0.00235598 -0.00145233 -0.000762684 -0.00135446 -0.00464226 -0.000197466 0.00156171 -0.00308942
internal_weight=17763.7 17702.7 1006.36 77.4847 66.1529 31.1023 928.872 687.78 619.621 594.601 143.015 451.586 331.776 97.4064
internal_count=274036 263166 58607 3164 2819 1345 55443 44010 40210 38752 14937 23815 17116 4874
is_linear=0
shrinkage=0.03


Tree=138
num_leaves=15
num_cat=0
split_feature=7 6 8 8 4 9 7 9 9 9 9 3 4 4
split_gain=8.78488 4.27932 3.98398 4.50149 3.60195 3.40919 3.17018 2.74344 4.1708 3.98169 4.92837 4.15864 3.34379 2.52106
threshold=0.0025521733920247842 4.4349746333048614 0.31774527464915747 0.29263341644418089 0.92582417582417598 2.1516810782533455 0.0088623409348470451 1.9428236118074744 1.8753086706891862 1.7052298814355191 1.5710959258255943 0.047945671803998974 0.75735294117647067 0.80625000000000013
decision_type=2 2 2 2 2 2 2 2 2 2 2 2 2 2
left_child=-1 -2 3 -3 6 -6 -5 8 9 10 11 -4 -9 -12
right_child=1 2 7 4 5 -7 -8 12 -10 -11 13 -13 -14 -15
leaf_value=-0.010239392372927087 0.00013189943492210196 -0.0022121253949095574 0.0047553080398235721 -0.014891704119745703 -0.0058152441252504019 0.0090795468735264326 0.0022306860678960633 -0.0046629492986039189 -0.007828730502012304 0.0036543856729928199 -0.00099591604087176096 -0.0088699198572467063 0.0063005395632660076 -0.011764355618271879
leaf_weight=60.393394097685814 16797.827712116763 343.39967560674995 75.458036361262202 54.58550400333479 21.797851759940389 7.1687569781206539 7.1606437470763913 21.14280778542161 56.540399081539363 143.52988847251981 34.695189101155847 11.37709600292146 86.99007885530591 41.051023022737354
leaf_count=10870 207975 22523 3528 3567 1737 490 286 1038 3461 8359 1603 374 5705 2520
internal_value=-2.05932e-05 2.29078e-05 -0.00196949 -0.00399086 -0.00945505 -0.000288997 -0.0128581 -3.99025e-05 -0.00130661 0.000207486 -0.00288715 0.00192658 0.00384999 -0.00781186
internal_weight=17763.1 17702.7 904.897 434.112 90.7128 28.9666 61.7461 470.785 362.652 306.111 162.581 86.8351 108.133 75.7462
internal_count=274036 263166 55191 28603 6080 2227 3853 26588 19845 16384 8025 3902 6743 4123
is_linear=0
shrinkage=0.03


Tree=139
num_leaves=15
num_cat=0
split_feature=11 6 8 11 6 8 3 3 8 11 8 11 3 10
split_gain=8.53796 3.52734 3.50079 3.60528 4.38121 4.48408 4.23443 6.46009 4.18334 2.6211 2.50609 2.481 2.42726 5.56136
threshold=-4.6033974546458625 2.8535883538621087 0.21987382141423609 -2.1488951646143799 3.1925297413228297 0.30323591770867536 0.051591492188112535 0.04406032201926819 0.24805965151960249 -1.7223412468009467 0.20402376598122593 -1.9522423914320821 0.059590362223856476 0.24654055576928524
decision_type=2 2 2 2 2 2 2 2 2 2 2 2 2 2
left_child=-1 12 10 -4 5 6 7 9 -9 -5 -3 -10 13 -2
right_child=1 2 3 4 -6 -7 -8 8 11 -11 -12 -13 -14 -15
leaf_value=-0.006698976324219035 0.00089006104251732737 -0.0012032003479935504 -0.00065311747431527709 -0.003062424212577033 0.0067820981785728192 0.0043814969673177618 -0.0083739629578816251 -0.002646671049620446 0.0016021340527695297 0.0042258773885762288 -0.0050547884499636863 0.012673588018181471 0.00013306550904924853 0.0079426688397295359
leaf_weight=155.65753658069298 2049.7985987104475 445.26994524523616 4102.1969524645247 288.46293541789055 107.36863791197538 184.32544675469398 45.666293606162071 30.498023353517056 32.770937390625477 38.596483636647463 227.11870665103197 46.819868244230747 9917.1162520647049 91.296871237456799
leaf_count=20120 25374 13363 106900 4688 1893 2477 589 435 470 606 6851 639 88711 920
internal_value=-2.10486e-05 4.36396e-05 -0.000581347 -0.000297854 0.00156046 0.000589444 -0.000946659 8.12933e-05 0.00591257 -0.00205473 -0.0025861 0.00909195 0.000331618 0.00124395
internal_weight=17763 17607.3 5549.09 4876.71 774.509 667.14 482.815 437.148 110.089 327.059 672.389 79.5908 12058.2 2141.1
internal_count=274036 253916 138911 118697 11797 9904 7427 6838 1544 5294 20214 1109 115005 26294
is_linear=0
shrinkage=0.03


Tree=140
num_leaves=15
num_cat=0
split_feature=7 11 6 9 9 11 7 10 10 4 4 7 10 6
split_gain=8.22359 3.92358 3.43933 4.83854 2.85412 3.22851 2.75704 2.66263 3.77842 3.308 2.87595 3.26596 2.97051 5.17861
threshold=0.0025521733920247842 -2.5791816380419927 3.1245627302238765 1.2869005265451376 1.6820718360009785 -2.3113065391434691 0.46570839807042735 0.21560530584071833 0.25578459032525896 0.44097222222222227 0.41421568627450983 0.02724131283028423 0.27224449296239461 3.4323716941944231
decision_type=2 2 2 2 2 2 2 2 2 2 2 2 2 2
left_child=-1 2 -2 -4 5 -3 -6 -5 9 -9 11 -10 13 -12
right_child=1 4 3 7 6 -7 -8 8 10 -11 12 -13 -14 -15
leaf_value=-0.0099727748464397119 -0.0063850292083028658 0.004830594629924175 0.006379633708337753 -0.0017839613528121488 0.00010094632716732519 0.00087144563729368906 -0.005957448344271382 -0.0049618244331087937 0.0087937892480005816 0.0026100246738449233 0.0047235278133212696 -0.0018728392231542098 -0.00074286656097452184 -0.0072310001932671345
leaf_weight=59.40626739570871 86.231547199189663 195.74534910917282 68.526293428149074 1585.2834669942968 12663.613381216303 1648.0904427617788 52.968031212687492 43.737525438889861 37.450970819219947 512.07123106019571 29.589030340313911 42.438950426876545 586.92337710550055 149.83071490563452
leaf_count=10870 942 1832 1150 65995 141818 12841 543 757 550 16223 432 539 14823 4721
internal_value=-2.01749e-05 2.1639e-05 -0.000937217 -0.000753051 0.000229308 0.00132735 6.87223e-05 -0.000947723 6.68317e-06 0.00189945 -0.00124792 0.00372715 -0.00182816 -0.00504719
internal_weight=17761.9 17702.5 3142.08 3055.85 14560.4 1843.84 12716.6 2987.33 1402.04 555.809 846.233 79.8899 766.343 179.42
internal_count=274036 263166 106132 105190 157034 14673 142361 104040 38045 16980 21065 1089 19976 5153
is_linear=0
shrinkage=0.03


Tree=141
num_leaves=15
num_cat=0
split_feature=7 6 8 8 4 7 3 4 10 6 6 4 7 12
split_gain=7.89785 3.78533 3.73695 4.3843 3.54036 3.09954 2.51008 2.15426 4.83117 3.2962 2.32804 3.03335 2.54242 2.98736
threshold=0.0025521733920247842 4.4349746333048614 0.31774527464915747 0.29263341644418089 0.92582417582417598 0.0088623409348470451 0.047945671803998974 0.93541666666666679 0.26868935724717152 4.2801320875317508 2.6844345112494912 0.63068181818181823 0.052062870122883138 1.8688348091416842
decision_type=2 2 2 2 2 2 2 2 2 2 2 2 2 2
left_child=-1 7 3 -3 5 -5 -4 10 9 -9 11 -2 -12 -14
right_child=1 2 6 4 -6 -7 -8 8 -10 -11 12 -13 13 -15
leaf_value=-0.0098119716889688256 0.00029809347415683389 -0.0020720754350429357 0.00052365431654857123 -0.01467966341090547 -0.00019022916002395707 0.0022303931613937441 -0.0087793833475108551 -0.0043953984492744805 0.01418207201318967 0.0078794113666625712 -0.00026409222672203113 0.0052637076990364054 -0.0009563487533152666 -0.0080950741660859686
leaf_weight=58.823183692526072 11059.069641429931 341.66810330981389 457.3726486666128 53.684154784306884 28.824829207267612 7.1608011815696946 12.629181549884377 43.35937737673521 16.690008893609047 14.731336910277603 5340.2483191415668 96.91157840937376 163.33235032856464 66.526269067078829
leaf_count=10870 102881 22523 26163 3567 2227 286 425 1062 273 528 99492 912 1869 958
internal_value=-1.98694e-05 2.09487e-05 -0.00185676 -0.00382269 -0.0092402 -0.012642 9.88202e-06 0.000123251 0.00475807 -0.000304379 9.82845e-05 0.00034824 -0.000401924 -0.00339179
internal_weight=17761 17702.2 901.34 431.338 89.6698 60.845 470.002 16800.9 74.7807 58.0907 16726.1 11156 5570.11 229.859
internal_count=274036 263166 55191 28603 6080 3853 26588 207975 1863 1590 206112 103793 102319 2827
is_linear=0
shrinkage=0.03


Tree=142
num_leaves=15
num_cat=0
split_feature=11 6 8 11 6 8 3 3 8 9 9 9 11 11
split_gain=7.69076 3.04056 3.30443 3.34937 4.11955 4.21477 4.0828 6.12607 3.9725 2.92639 2.98054 2.88627 2.49681 2.49119
threshold=-4.6033974546458625 2.8535883538621087 0.21987382141423609 -2.1488951646143799 3.1925297413228297 0.30323591770867536 0.051591492188112535 0.04406032201926819 0.24805965151960249 2.230512928841653 2.2976202650879833 1.6105421080976301 -1.7223412468009467 -3.1193699593804536
decision_type=2 2 2 2 2 2 2 2 2 2 2 2 2 2
left_child=11 -2 9 -4 5 6 7 12 -9 -3 13 -1 -5 -11
right_child=1 2 3 4 -6 -7 -8 8 -10 10 -12 -13 -14 -15
leaf_value=0.00070214976148426042 0.00030835734628693553 -0.0056999324098256617 -0.00060742510754829544 -0.0029783866476930914 0.0065741179905416782 0.0042497781797533269 -0.0082255574173751757 -0.0025941950969238887 0.0088403021774026806 -0.005001761103471879 -0.0026994931821946217 -0.0084943234190721969 0.0041275236158112866 0.0039183662566142155
leaf_weight=37.266204058658332 12065.105999208987 172.44423374766484 4096.2494703619741 287.65601945668459 107.99319626390934 184.97868711873889 45.34383787214756 30.425210006535053 80.125104606151581 21.787992825265974 353.20070193149149 116.25547827174887 38.731905777007341 122.76702898181975
leaf_count=3518 115005 5402 106900 4688 1893 2477 589 435 1109 1570 10318 16602 606 2924
internal_value=-1.97775e-05 4.12373e-05 -0.000539585 -0.000264352 0.00152549 0.000581815 -0.000910783 9.61323e-05 0.00575939 -0.0024906 -0.00124453 -0.00639815 -0.00199083 0.00223006
internal_weight=17760.3 17606.8 5541.7 4871.5 775.254 667.261 482.282 436.938 110.55 670.2 497.756 153.522 326.388 144.555
internal_count=274036 253916 138911 118697 11797 9904 7427 6838 1544 20214 14812 20120 5294 4494
is_linear=0
shrinkage=0.03


Tree=143
num_leaves=15
num_cat=0
split_feature=7 7 8 11 11 4 8 8 9 5 0 9 9 4
split_gain=7.35844 3.44544 2.27372 3.00039 5.93156 3.66769 4.42872 3.6604 4.24911 2.90335 3.5005 2.95611 3.34614 3.64458
threshold=0.0025521733920247842 0.01009766125418938 0.31774527464915747 -3.5481186001187672 -3.3895860005876952 0.82843137254901966 0.27173962588923756 0.23968436736427981 2.1516810782533455 9.5000000000000018 9.5000000000000018 1.7052298814355191 1.6105421080976301 0.91287878787878796
decision_type=2 2 2 2 2 2 2 2 2 2 2 2 2 2
left_child=-1 2 3 5 -5 6 -2 -7 -9 -4 -11 12 13 -12
right_child=1 -3 9 4 -6 7 -8 8 -10 10 11 -13 -14 -15
leaf_value=-0.0095350453847086406 -0.00012745048843226632 0.00012265930363272501 -0.0068956821643470605 0.0052799444488851356 -0.0045510403452652236 -0.0080286944055409093 -0.014589810895674784 -0.0033214037546602936 0.0064547617579649701 0.0056031077669173755 -0.0045073642198743451 0.00064602661241912405 -0.010035745242527995 0.0090661784332888521
leaf_weight=57.839931366965175 27.762464537285268 16703.439194817096 39.07197478832677 83.712428373284638 110.45152262412012 59.096142670605332 47.686648940201849 98.038333274889737 46.945875784382224 80.339040732011199 33.419600396882743 316.2382532004267 42.170609635766596 13.217047926038502
leaf_count=10870 2006 204559 1467 3972 5038 5157 3177 7623 3408 2736 1745 18794 2550 934
internal_value=-1.9409e-05 1.973e-05 -0.00167904 -0.00315181 -0.000237798 -0.00506072 -0.0101719 -0.00260405 0.000152515 -0.000298176 0.000423694 -0.000767024 -0.00516509 0.000609638
internal_weight=17759.4 17701.6 998.15 473.693 194.164 279.529 75.4491 204.08 144.984 524.457 485.385 405.046 88.8073 46.6366
internal_count=274036 263166 58607 30381 9010 21371 5183 16188 11031 28226 26759 24023 5229 2679
is_linear=0
shrinkage=0.03


Tree=144
num_leaves=15
num_cat=0
split_feature=11 6 8 11 6 8 4 4 4 6 4 4 8 8
split_gain=7.09363 2.81167 3.09762 3.14696 3.87908 3.97017 3.41971 3.47262 4.39132 8.3746 3.2605 4.51138 4.26851 4.49724
threshold=-4.6033974546458625 2.8535883538621087 0.21987382141423609 -2.1488951646143799 3.1925297413228297 0.30323591770867536 0.72474747474747481 0.44949494949494956 0.51470588235294124 3.0228579809699494 0.31009615384615391 0.46862745098039221 0.33327454813561458 0.35795470260283774
decision_type=2 2 2 2 2 2 2 2 2 2 2 2 2 2
left_child=-1 -2 -3 10 5 6 7 -5 -9 -10 -4 -12 -13 -14
right_child=1 2 3 4 -6 -7 -8 8 9 -11 11 12 13 -15
leaf_value=-0.0061742331006086953 0.00029534547258152439 -0.0024119256499059143 0.0066413915954268146 0.0018770201331403129 0.0063642793387996693 0.0041143123419501507 0.0069019117117040431 -0.0076098079389787824 0.0059308603150331693 -0.0061424264432841718 -0.0028680489310520204 -0.0013212233495114058 0.0045599304783815022 0.00018886639995144421
leaf_weight=151.96587154222652 12069.00654726848 668.39145545521751 40.537896495312452 155.14902701973915 108.62935290113091 185.65479916706681 31.578931864351034 118.03343571349978 84.601058591157198 92.588597234338522 688.68481362890452 1630.623061730992 231.9179491372779 1501.8580221477896
leaf_count=20120 115005 20214 417 2315 1893 2477 443 1863 1264 1542 9887 55075 6546 34975
internal_value=-1.97288e-05 3.86001e-05 -0.000520188 -0.000253937 0.00147962 0.000562432 -0.000888693 -0.00163981 -0.0034894 -0.000364926 -0.000586858 -0.000683375 -0.000225432 0.000807658
internal_weight=17759.2 17607.3 5538.25 4869.86 776.235 667.606 481.951 450.372 295.223 177.19 4093.62 4053.08 3364.4 1733.78
internal_count=274036 253916 138911 118697 11797 9904 7427 6984 4669 2806 106900 106483 96596 41521
is_linear=0
shrinkage=0.03


Tree=145
num_leaves=15
num_cat=0
split_feature=6 11 6 10 4 4 10 10 10 4 10 6 4 6
split_gain=6.81091 2.99154 3.36863 4.18406 2.64803 5.0206 3.13121 1.95732 3.3079 3.47836 3.04423 5.14776 3.238 3.09495
threshold=5.650908969611069 -2.5791816380419927 3.1245627302238765 0.43194275929263715 0.83974358974358987 0.77350427350427364 0.13495601071841071 0.21560530584071833 0.25578459032525896 0.41421568627450983 0.27224449296239461 3.4323716941944231 0.91287878787878796 4.4349746333048614
decision_type=2 2 2 2 2 2 2 2 2 2 2 2 2 2
left_child=1 2 -1 7 5 -3 -7 -4 -9 -10 11 -11 -12 -14
right_child=-2 4 3 -5 -6 6 -8 8 9 10 12 -13 13 -15
leaf_value=-0.0062218742664340741 -0.008233929419328519 0.0001813303842898369 -0.0015387196672991055 0.0061085736162020407 -0.0047533922718734087 -0.00072950447489145153 0.0088737925730478784 0.0017780118556307194 0.0044243774094564073 0.0046500967716621208 -0.0014357420053844724 -0.007284571836441921 0.012537344599512569 -0.00041785057639270146
leaf_weight=85.708533190190792 75.36852728901431 14364.241050319746 1565.690530159045 65.800523399375379 81.382925847545266 41.469311149790883 82.071974311023951 553.24807728547603 75.765210872516036 29.671020355075598 540.22840858343989 147.72474888246506 15.874133931472896 33.881831893697381
leaf_count=942 13466 153196 64352 1183 1566 1025 1247 16549 1044 432 12158 4590 267 2019
internal_value=-1.89124e-05 2.30512e-05 -0.000818737 -0.000635876 0.000203608 0.000236341 0.00592027 -0.000815722 2.66787e-06 -0.00117298 -0.00179985 -0.00508148 -0.000711606 0.00566209
internal_weight=17758.1 17682.8 3113.59 3027.88 14569.2 14487.8 123.541 2962.08 1396.39 843.145 767.38 177.396 589.984 49.756
internal_count=274036 260570 103536 102594 157034 155468 2272 101411 37059 20510 19466 5022 14444 2286
is_linear=0
shrinkage=0.03


Tree=146
num_leaves=15
num_cat=0
split_feature=7 7 9 3 9 6 8 9 10 3 12 11 10 10
split_gain=6.64461 3.02797 2.17951 3.64213 2.53842 2.43263 2.4184 2.03932 3.47776 5.53303 4.16161 2.69272 2.17561 6.23428
threshold=0.0025521733920247842 0.01009766125418938 1.5291899590487417 0.049658635186547062 1.4297488781424199 4.6303503656575673 0.55573667729892617 1.6820718360009785 0.21560530584071833 0.031055015018744535 2.3502401828962087 -3.847980912097928 0.19737023816377317 0.19181112624163446
decision_type=2 2 2 2 2 2 2 2 2 2 2 2 2 2
left_child=-1 2 3 4 5 -2 -6 11 12 10 -10 -4 13 -9
right_child=1 -3 7 -5 6 -7 -8 8 9 -11 -12 -13 -14 -15
leaf_value=-0.009145228338260052 -0.0075242455447452053 0.00011499605515189113 -0.0078265969646897308 -0.0074503213064545009 0.01389251808239389 0.0045959936863667348 -0.00039584257986731588 -0.0026640476770295172 -0.010300695317055859 0.010096157928462468 0.0011694829843083966 0.0041013658883887862 -0.0066637756634954004 0.0090437763225659166
leaf_weight=56.499021547846496 11.018161192536356 16706.093482824042 78.365619788412005 11.030808849260209 21.428888998460025 20.123673748690635 13.926435188390313 495.29861146397889 19.209750679321587 39.427111952099949 157.00590928923339 10.990170035511253 86.900095108430833 29.895416851621121
leaf_count=10870 265 204559 4243 345 899 1080 575 31757 782 1514 9627 293 5341 1886
internal_value=-1.81739e-05 1.86775e-05 -0.0015768 0.00287872 0.00564805 -0.000744202 0.00982297 -0.00199373 -0.00146451 0.00172682 -0.000790867 -0.00598088 -0.00260324 -0.00176499
internal_weight=17757.2 17700.7 994.621 77.528 66.4972 31.1418 35.3553 917.093 827.737 215.643 176.216 89.3558 612.094 525.194
internal_count=274036 263166 58607 3164 2819 1345 1474 55443 50907 11923 10409 4536 38984 33643
is_linear=0
shrinkage=0.03


Tree=147
num_leaves=15
num_cat=0
split_feature=7 6 8 8 11 4 9 7 8 10 11 8 10 9
split_gain=6.37992 2.86074 3.29065 4.30273 3.70872 3.43329 3.24574 2.98329 2.66424 2.4284 2.37092 2.54542 2.18482 2.74382
threshold=0.0025521733920247842 4.4349746333048614 0.31774527464915747 0.29263341644418089 -3.8925623830426956 0.92582417582417598 2.1516810782533455 0.0088623409348470451 0.39096017660132915 0.17827455168055786 -4.1737567642749651 0.46486872725451794 0.23888845658877947 1.8536659611573338
decision_type=2 2 2 2 2 2 2 2 2 2 2 2 2 2
left_child=-1 -2 3 -3 10 7 9 -5 -6 -7 -4 12 13 -12
right_child=1 2 4 5 8 6 -8 -9 -10 -11 11 -13 -14 -15
leaf_value=-0.0089934340034008176 0.00010666597506499017 -0.0017568844369135884 0.00053819125693598728 -0.014323616066834443 0.0077941840428296339 -0.011070029943624051 0.0090151873201091606 0.0022308743985671852 -0.0025660346635841508 0.0029141248818515555 0.0060466670547013402 0.0028108026822907498 -0.010547665742926432 -0.0051499950213957637
leaf_weight=55.990009524859488 16806.712467161939 337.82454179087654 249.68549525365233 52.21857037814334 66.079219929873943 10.125929096248006 7.2042376114986828 7.1603637281805268 22.436172667890787 11.269730249885468 14.670901895500718 27.048312548547983 41.668885384686291 46.590831467881799
leaf_count=10870 207975 22523 17904 3567 2581 844 490 286 723 893 677 802 1524 2377
internal_value=-1.78816e-05 1.81002e-05 -0.0016212 -0.00348152 0.000126284 -0.0088833 -3.24806e-05 -0.01228 0.00517685 -0.00553889 -0.00120321 -0.00425798 -0.00623678 -0.0018067
internal_weight=17756.7 17700.7 893.983 425.803 468.18 87.9788 28.5999 59.3789 88.5154 21.3957 379.664 129.979 102.931 61.2617
internal_count=274036 263166 55191 28603 26588 6080 2227 3853 3304 1737 23284 5380 4578 3054
is_linear=0
shrinkage=0.03


Tree=148
num_leaves=15
num_cat=0
split_feature=11 9 7 3 9 4 8 4 8 4 7 4 11 4
split_gain=6.18903 2.63392 2.38211 4.032 3.91245 3.72945 2.91584 3.2335 3.87558 4.46016 4.02679 4.22477 3.42742 3.10801
threshold=-4.6033974546458625 1.6105421080976301 0.06830590478145572 0.059590362223856476 2.335772029238512 0.34313725490196084 0.23968436736427981 0.32291666666666669 0.24559162111585364 0.43303571428571436 0.061297778017475525 0.41421568627450983 -2.278695173590688 0.87867647058823539
decision_type=2 2 2 2 2 2 2 2 2 2 2 2 2 2
left_child=1 -1 6 4 -4 -6 13 12 9 -9 -10 -12 -8 -2
right_child=2 -3 3 -5 5 -7 7 8 10 -11 11 -13 -14 -15
leaf_value=0.00090382149625481162 -0.0010850008927652602 -0.0078600802043023946 0.0035315834125578824 0.00017273666941561839 -0.0057043915237304206 0.0035131000154718329 0.0018378697104510689 -0.0052944975295894387 -0.00018716121588886807 0.0064712125979680696 -0.00044319721757138337 0.0067111847522612804 -0.003490638981361678 -0.0057498248287931666
leaf_weight=36.929461775813252 1375.4187389039434 112.56294580735266 584.08619417995214 9169.79598223418 79.429428972303867 54.778291493654251 133.36394308134913 23.68375862762332 5207.830480132252 141.2011067350395 135.27843879163265 145.1710998415947 428.25783091783524 128.59897094685584
leaf_count=3518 29949 16602 6337 81242 1008 711 1346 314 113619 3687 1485 1482 4734 8002
internal_value=-1.79503e-05 -0.00581012 3.61323e-05 0.000344211 0.00248495 -0.00196722 -0.00035843 -7.02683e-05 0.000147636 0.00448064 5.60094e-06 0.00341288 -0.00221043 -0.0015367
internal_weight=17756.4 149.492 17606.9 9888.09 718.294 134.208 7718.8 6214.79 5653.16 164.885 5488.28 280.45 561.622 1504.02
internal_count=274036 20120 253916 89298 8056 1719 164618 126667 120587 4001 116586 2967 6080 37951
is_linear=0
shrinkage=0.03


Tree=149
num_leaves=15
num_cat=0
split_feature=11 9 6 11 3 4 3 10 6 9 0 4 9 8
split_gain=5.8935 2.52726 2.32299 2.9233 3.63122 2.83077 2.30765 7.89227 4.70507 8.15159 4.60485 4.59091 3.80207 7.68922
threshold=-4.6033974546458625 1.6105421080976301 2.8535883538621087 -1.6552357246810379 0.041096290117713409 0.31009615384615391 0.065239231439793002 0.24654055576928524 2.2137389487888997 1.8244384458691447 4.5000000000000009 0.30384615384615393 2.1213895579778863 0.39403512385873468
decision_type=2 2 2 2 2 2 2 2 2 2 2 2 2 2
left_child=1 -1 6 5 -5 -4 7 -2 10 -10 -8 12 13 -11
right_child=2 -3 3 4 -6 -7 8 -9 9 11 -12 -13 -14 -15
leaf_value=0.00088397751607538586 0.00060459931067755534 -0.0077052425829229514 0.0060794745747825545 -0.0071058056144171679 0.0028304375509814444 -0.00042730589944678637 0.00037958655147573515 0.0071384488047464599 0.00035116905193256916 0.0036198781626452081 -0.0055381177317511843 -0.0094971570877530123 -0.0074433786793777568 -0.0065770313157227957
leaf_weight=36.961953756865114 2616.210286192596 111.69489060528576 45.904009334743023 104.8012106642127 36.333911791443825 5342.8694250835106 8058.7727488130331 163.03088597208261 675.49779413640499 145.77667070925236 105.14381331205368 120.92173559963703 93.032263457775116 98.732966616749763
leaf_count=3518 31427 16602 480 1906 547 135978 70441 1589 5733 1510 970 1233 1087 1015
internal_value=-1.76123e-05 -0.00568434 3.503e-05 -0.000473438 -0.00452164 -0.000355156 0.000268147 0.00102414 4.08873e-05 -0.00175684 0.000293355 -0.00477551 -0.0027519 -0.000639796
internal_weight=17755.7 148.657 17607 5529.91 141.135 5388.77 12077.1 2779.24 9297.88 1133.96 8163.92 458.464 337.542 244.51
internal_count=274036 20120 253916 138911 2453 136458 115005 33016 81989 10578 71411 4845 3612 2525
is_linear=0
shrinkage=0.03


Tree=150
num_leaves=15
num_cat=0
split_feature=7 11 6 9 9 4 8 4 11 11 8 11 4 8
split_gain=5.76394 2.55726 3.28864 4.30804 2.59787 2.78433 3.40792 3.25689 3.07941 8.90102 6.86138 4.78097 3.80975 3.49174
threshold=0.0025521733920247842 -2.5791816380419927 3.1245627302238765 1.2869005265451376 1.642850023690644 0.41421568627450983 0.4122567235412089 0.56696428571428581 -1.1302608166928625 -0.86940428163143579 0.5268858976673908 -0.20294084399669046 0.22649572649572652 0.43751634515403098
decision_type=2 2 2 2 2 2 2 2 2 2 2 2 2 2
left_child=-1 2 -2 -4 5 8 7 -7 13 -10 11 12 -11 -3
right_child=1 4 3 -5 -6 6 -8 -9 9 10 -12 -13 -14 -15
leaf_value=-0.0086230427129265347 -0.006108583663104755 -0.007259599339374632 0.0061262501180059936 -0.00076695035214721836 4.8283337535177764e-05 0.0035886794577329175 0.0053920479977653231 -0.0051574961791916139 0.0093518374321579934 -0.0056272374809082319 -0.006629185247748917 0.0050188454436862406 0.0026954941316064563 -0.00011802729531519476
leaf_weight=54.777545509394258 85.348200038075447 55.992026939988136 69.003786920104176 2969.6894295215607 13101.589153636247 67.34527051448822 258.77797463536263 56.849350929260254 105.41830278933048 85.480540260672569 89.777868583798409 199.89162360131741 84.587982028722763 470.56306429952383
leaf_count=10870 942 440 1150 104040 145478 522 2024 495 699 588 1000 1743 557 3488
internal_value=-1.7687e-05 1.6223e-05 -0.000760572 -0.000581093 0.000183319 0.00137046 0.00352078 -0.000539187 0.00057863 0.00209092 0.000183105 0.00203013 -0.00160475 -0.00105748
internal_weight=17755.1 17700.3 3124.04 3038.69 14576.3 1474.68 382.973 124.195 1091.71 565.156 459.738 369.96 170.069 526.555
internal_count=274036 263166 106132 105190 157034 11556 3041 1017 8515 4587 3888 2888 1145 3928
is_linear=0
shrinkage=0.03


Tree=151
num_leaves=15
num_cat=0
split_feature=11 9 6 6 6 8 8 4 6 8 8 9 4 11
split_gain=5.45128 2.39121 2.23614 2.49612 2.11256 3.02766 4.16047 3.57042 3.06259 5.28794 6.54462 4.47579 2.92719 3.2527
threshold=-4.6033974546458625 1.6105421080976301 5.1460398887267935 5.5915465080447468 2.6844345112494912 0.23968436736427981 0.24698214739507679 0.93095238095238109 4.6742296130452035 0.25608342065234407 0.41703437195795318 1.7669551885720913 0.87867647058823539 -2.8618833197882751
decision_type=2 2 2 2 2 2 2 2 2 2 2 2 2 2
left_child=1 2 -1 -4 -2 12 -7 8 -8 -10 -11 -12 13 -6
right_child=4 -3 3 -5 5 6 7 -9 9 10 11 -13 -14 -15
leaf_value=-0.0061783082331078581 0.00028226299572075669 -0.0074730161934352859 0.0095988526695092516 -0.0039904082063766597 0.0031830787044259028 0.0041455441901262075 -0.00023109450913162097 0.0035212041535661312 0.0090737426682735677 -0.0073944287166242675 -0.0026699345206209644 0.010955057935874099 -0.0057879314318730049 -0.0017680176128111852
leaf_weight=11.149843793362377 11173.943350102752 110.41235341504216 16.657435749657456 9.1534277689643186 121.76684394851327 186.56200491543859 4551.0828958656639 201.38566433638334 14.00599175877869 183.91022388311103 43.040178714320064 21.306897855363786 127.64654651610181 982.24125855602324
leaf_count=591 103796 16602 1403 1524 6225 4921 84160 10441 983 12185 1914 1134 8001 20156
internal_value=-1.73901e-05 -0.00548907 0.000883961 0.00508426 3.30423e-05 -0.0003995 -8.10016e-05 -0.000250135 -0.000418373 -0.00347992 -0.00466482 0.00305973 -0.00172737 -0.00118659
internal_weight=17754.3 147.373 36.9607 25.8109 17606.9 6432.95 5201.29 5014.73 4813.35 262.263 248.257 64.3471 1231.65 1104.01
internal_count=274036 20120 3518 2927 253916 150120 115738 110817 100376 16216 15233 3048 34382 26381
is_linear=0
shrinkage=0.03


Tree=152
num_leaves=15
num_cat=0
split_feature=7 6 4 4 6 9 6 3 9 9 9 9 11 0
split_gain=5.35295 2.33646 2.72711 3.64316 2.79667 2.89297 1.93569 3.38064 2.06605 2.00432 6.01118 3.93006 2.49265 2.11628
threshold=0.0025521733920247842 4.2801320875317508 0.76696832579185525 0.70294117647058829 4.3950660578969041 1.5291899590487417 4.4349746333048614 0.033732823398682069 1.8950302924650388 1.7052298814355191 1.5710959258255943 1.809077832229 -4.6033974546458625 7.5000000000000009
decision_type=2 2 2 2 2 2 2 2 2 2 2 2 2 2
left_child=-1 -2 3 4 -3 -6 7 8 -4 10 13 12 -11 -8
right_child=1 2 6 -5 5 -7 9 -9 -10 11 -12 -13 -14 -15
leaf_value=-0.0083600014308991 0.0001057191317522299 -0.0056343097951891451 -0.0069785068822551012 -0.0069301735683930995 0.0092417312031185007 -0.00054333573801612536 -0.0060567001117827332 0.0098778439489088394 0.0020683931038187084 -0.002699296394865745 -0.010922032086014895 -0.0011254006069537324 0.009020722420886718 0.0046565052763845932
leaf_weight=53.941136684268713 16580.695756196976 55.334008635953069 15.539154971018432 140.55309445830062 19.598459179047495 120.32710938295349 8.4401897774077934 28.421983825042844 73.908981438726187 14.515272563789038 47.777703920379281 500.73934236401692 45.638766962569207 47.932037691120058
leaf_count=10870 200034 1827 466 7039 632 5450 300 713 2953 1590 2957 34508 2233 2464
internal_value=-1.67661e-05 1.57184e-05 -0.00130194 -0.00350065 -0.000713699 0.00158929 -0.000310771 0.00300818 -0.000279746 -0.000952388 -0.00448667 -0.000196353 0.00621836 0.00211669
internal_weight=17753.4 17699.4 1118.73 335.813 195.26 139.926 782.913 117.87 89.4481 665.043 104.15 560.893 60.154 56.3722
internal_count=274036 263166 63132 14948 7909 6082 48184 4132 3419 44052 5721 38331 3823 2764
is_linear=0
shrinkage=0.03


Tree=153
num_leaves=15
num_cat=0
split_feature=7 11 6 9 3 4 4 9 9 3 3 11 3 6
split_gain=5.13841 2.24766 3.16957 4.02688 2.47636 2.43002 4.84248 3.23716 2.84162 4.65697 2.21601 3.48759 3.3624 5.68443
threshold=0.0025521733920247842 -2.5791816380419927 3.1245627302238765 1.2869005265451376 0.063575780536609436 0.83974358974358987 0.77350427350427364 2.314311775978211 1.642850023690644 0.071918507705998475 0.30380098546291129 -0.86940428163143579 0.32619615719896494 1.0471650770867933
decision_type=2 2 2 2 2 2 2 2 2 2 2 2 2 2
left_child=-1 2 -2 4 -4 6 8 -8 9 -3 11 -10 13 -12
right_child=1 5 3 -5 -6 -7 7 -9 10 -11 12 -13 -14 -15
leaf_value=-0.0082175761053079315 -0.0059748860016757407 0.0061403829003198506 0.0098573975065162096 -0.00071840479005482708 -0.00055009701120735963 -0.0045903016751887267 0.0080845512948904148 -0.0023955472066157345 -0.0003078925690012324 0.00078695907246424733 -0.0055026947268620183 0.00073048840746984308 0.00085276759533734652 0.00080833695655609821
leaf_weight=53.496512876357883 84.928751450031996 150.65234941244125 38.344207099173218 2965.0211576260626 31.042268769815564 80.841395933181047 96.813180159777403 27.201648579910398 7202.1621217895299 1310.8838651329279 301.58571239560843 4864.5606052204967 335.04064735025167 210.38822609931231
leaf_count=10870 942 1400 851 104040 299 1566 1571 701 90016 10024 2713 44375 2763 1905
internal_value=-1.66488e-05 1.50759e-05 -0.000713841 -0.000537926 0.00593113 0.000171597 0.000202863 0.00577538 0.00014882 0.00139555 6.26282e-06 0.000111106 -0.00146329 -0.00296008
internal_weight=17753 17699.5 3119.34 3034.41 69.3865 14580.1 14499.3 124.015 14375.3 1461.54 12913.7 12066.7 847.015 511.974
internal_count=274036 263166 106132 105190 1150 157034 155468 2272 153196 11424 141772 134391 7381 4618
is_linear=0
shrinkage=0.03


Tree=154
num_leaves=15
num_cat=0
split_feature=7 7 8 5 1 9 9 4 4 9 9 6 4 4
split_gain=4.9327 2.16441 1.94139 2.99462 3.01993 2.76931 3.03195 3.4785 3.01197 2.59813 7.82895 2.53001 2.50499 2.35976
threshold=0.0025521733920247842 0.01009766125418938 0.31774527464915747 9.5000000000000018 2.249904835165133 1.7052298814355191 1.6105421080976301 0.91287878787878796 0.75735294117647067 1.809077832229 1.9371150399690593 5.2804079136148419 0.71825396825396837 0.63068181818181823
decision_type=2 2 2 2 2 2 2 2 2 2 2 2 2 2
left_child=-1 2 13 -4 -5 6 7 12 -7 11 -11 -10 -6 -2
right_child=1 -3 3 4 5 8 -8 -9 9 10 -12 -13 -14 -15
leaf_value=-0.0080769358926644774 0.0056010367888859889 9.5879627025769259e-05 -0.0067867991421476526 0.0054533207026644104 0.0041338939788767032 -0.00331208600434405 -0.0094900314367760818 0.0088964587468179108 0.01078743267271076 -0.0058741466340799034 0.0060344008318649099 -0.0022477743485150407 -0.0085728828413472076 -0.0031777722894126043
leaf_weight=53.062999297864735 15.867935753427444 16712.513958308846 38.834808419924229 80.712577552068979 11.078497652430086 92.644619113765657 40.730221825186163 13.3361808671616 38.004691255278885 75.208483994472772 95.876171966083348 11.911590980831532 22.083537004422396 450.25491325045004
leaf_count=10870 755 204559 1467 2736 473 4443 2550 934 1850 4953 6154 1394 1272 29626
internal_value=-1.62023e-05 1.47833e-05 -0.00133989 -6.79336e-05 0.000662509 -0.000463983 -0.00476283 0.000682696 0.000894394 0.0027562 0.000747904 0.0078762 -0.0043625 -0.00271361
internal_weight=17752.1 17699.1 986.544 520.421 481.587 400.874 87.2284 46.4982 313.646 221.001 171.085 49.9163 33.162 466.123
internal_count=274036 263166 58607 28226 26759 24023 5229 2679 18794 14351 11107 3244 1745 30381
is_linear=0
shrinkage=0.03


Tree=155
num_leaves=15
num_cat=0
split_feature=7 6 10 4 8 3 5 11 11 7 5 3 2 10
split_gain=4.73487 2.08184 4.64617 3.93436 3.76141 2.82293 4.4238 4.75764 2.991 2.90637 4.24743 4.97975 5.58068 3.27622
threshold=0.0025521733920247842 3.2248559203275584 0.43194275929263715 0.71008403361344552 0.28377186195950077 0.043021378193473951 15.500000000000002 -2.5791816380419927 -2.278695173590688 0.028245789555862797 16.500000000000004 0.037243976389910304 0.10555555555555557 0.22713497488886461
decision_type=2 2 2 2 2 2 2 2 2 2 2 2 2 2
left_child=-1 3 5 -2 -5 9 7 -7 -9 13 11 12 -11 -3
right_child=1 2 -4 4 -6 6 -8 8 -10 10 -12 -13 -14 -15
leaf_value=-0.0079380825982130095 0.00012762603245132547 -0.001203874781574851 0.0066885102216662998 0.009137506686994477 0.00066922994495035161 -0.0018523588648845272 0.0043833513764798401 -0.010822163762360766 0.00017740334584974771 -0.0013589198060713584 -0.0055959265245737787 -0.001514097613929302 0.010537599926819146 0.0011091172515665419
leaf_weight=52.640293848700821 13566.662034992129 2297.904671666678 62.511672585271299 70.506555207073689 111.20234771445394 427.94292714865878 60.234000716358423 88.742405377328396 27.714151609688997 46.176839586347342 36.291283782571554 88.894386645406485 103.59296327456832 710.62881979066879
leaf_count=10870 136622 84021 1181 988 1151 7579 905 1399 438 920 661 1434 1811 24056
internal_value=-1.59072e-05 1.43568e-05 -0.000591288 0.000188845 0.0044013 -0.000733584 -0.00259162 -0.00346019 -0.00848295 -0.00038121 0.0024908 0.00397866 0.00707988 -0.000654744
internal_weight=17751.6 17699 3950.63 13748.4 181.709 3888.12 604.633 544.399 116.457 3283.49 274.955 238.664 149.77 3008.53
internal_count=274036 263166 124405 138761 2139 123224 10321 9416 1837 112903 4826 4165 2731 108077
is_linear=0
shrinkage=0.03


Tree=156
num_leaves=15
num_cat=0
split_feature=11 4 4 9 11 9 6 3 10 9 9 8 4 8
split_gain=4.60119 2.14076 1.96862 1.96802 2.33101 4.57693 2.73328 2.6055 2.96893 3.6321 2.48431 2.32953 5.96321 4.51539
threshold=-4.6033974546458625 0.93541666666666679 0.88562091503267981 1.8462830653215196 -3.1193699593804536 1.8536659611573338 3.9899091162083553 0.30380098546291129 0.17079476091449794 1.9810261925759773 2.0484530748301237 0.34194808769816071 0.82843137254901966 0.23968436736427981
decision_type=2 2 2 2 2 2 2 2 2 2 2 2 2 2
left_child=1 2 -1 -2 5 -5 -7 -6 10 -10 -9 12 -8 -14
right_child=3 -3 -4 4 7 6 11 8 9 -11 -12 -13 13 -15
leaf_value=-0.0038940570322011717 0.00051666393508625983 -0.0081580117575848869 0.0049602111173335075 0.0098682773692630541 4.2275565193480529e-05 -0.0077674285132350064 -0.0058443391539446795 0.0040196177600160532 -0.0020253486505450217 -0.0099888119223116613 -0.0017049569897319163 0.00094526732193439122 -0.0044046911442489492 0.0026852925814339745
leaf_weight=49.863273171242326 5244.8280110685155 74.885530033614486 20.015987980179489 15.471793109085409 10923.241326357238 54.440943792462349 250.9209732785821 84.601488269865513 207.10831955820322 59.108675144612789 201.64785435050726 239.94794478826225 109.60303574800491 215.29754378739744
leaf_count=5600 61916 11977 2543 595 140885 1289 12458 732 1763 535 1852 9887 8356 13648
internal_value=-1.53975e-05 -0.00508361 -0.000929492 3.05672e-05 -0.000176056 -0.00164568 -0.00201414 -6.06316e-05 -0.00204262 -0.00423198 0.000102854 -0.00149688 -0.00251269 0.000204702
internal_weight=17751 144.765 69.8793 17606.2 12361.4 885.682 870.21 11475.7 552.466 266.217 286.249 815.769 575.822 324.901
internal_count=274036 20120 8143 253916 192000 46233 45638 145767 4882 2298 2584 44349 34462 22004
is_linear=0
shrinkage=0.03


Tree=157
num_leaves=15
num_cat=0
split_feature=7 7 9 8 10 4 4 7 10 12 10 5 10 6
split_gain=4.40126 2.02064 4.9686 3.74528 5.54491 3.57555 3.16499 3.09748 3.36507 2.90461 6.23618 9.55457 3.7172 2.64348
threshold=0.0025521733920247842 0.1070556628253632 1.2869005265451376 0.5268858976673908 0.31670439277212503 0.18465909090909094 0.37980769230769235 0.23310950594357985 0.36486195457532639 1.2424533248940004 0.16287231580964504 12.500000000000002 0.15597578303162216 1.7316163862908043
decision_type=2 2 2 2 2 2 2 2 2 2 2 2 2 2
left_child=-1 2 6 4 9 -4 -2 8 -5 13 12 -12 -11 -3
right_child=1 3 5 7 -6 -7 -8 -9 -10 10 11 -13 -14 -15
leaf_value=-0.0076950369293882024 -0.0015880211282666235 0.00048432674379640894 -0.0064085233385461999 -0.0040734609387436168 0.0075216474584736525 -0.00027850561864564536 0.0079891810927384468 -0.0067892510037703717 0.0040949730633709257 0.00082714475223311101 0.00079006329377680228 0.0099684747526527992 -0.006130962087598048 -0.0011514207473791408
leaf_weight=51.912794446572661 37.839485540986061 5004.5604501217604 71.402273081243038 81.475073181092739 85.670293055474758 10241.991195585579 90.491880202200264 100.59733659029007 70.765520393848419 368.93031342327595 247.53784205019474 162.18444868922234 69.352403685450554 1065.9058060348034
leaf_count=10870 296 42823 682 562 653 197882 1293 1123 463 3734 1908 1412 638 9697
internal_value=-1.54867e-05 1.35356e-05 -0.000253565 0.000397584 0.000529669 -0.000330191 0.00529461 -0.00308619 -0.000249819 0.000427003 0.00205571 0.00464699 -0.000440333 0.000194978
internal_weight=17750.6 17698.7 10441.7 7256.98 7004.14 10313.4 128.331 252.838 152.241 6918.47 848.005 409.722 438.283 6070.47
internal_count=274036 263166 200153 63013 60865 198564 1589 2148 1025 60212 7692 3320 4372 52520
is_linear=0
shrinkage=0.03


Tree=158
num_leaves=15
num_cat=0
split_feature=11 9 7 7 9 3 7 3 11 4 8 8 8 7
split_gain=4.27732 2.0623 2.2427 2.41844 1.84474 2.22092 3.12046 8.54943 6.54873 7.68496 5.44185 5.4656 4.64231 4.3776
threshold=-4.6033974546458625 1.6105421080976301 0.0046158498685396959 0.0023457417029032943 1.8462830653215196 0.30380098546291129 0.086390984872955698 0.07701055138646222 -1.166244227235256 0.17914438502673799 0.36221517699566258 0.31774527464915747 0.31889292310885048 0.12250214135311432
decision_type=2 2 2 2 2 2 2 2 2 2 2 2 2 2
left_child=1 2 3 -1 -2 6 7 -6 9 -8 11 -11 -10 -14
right_child=4 -3 -4 -5 5 -7 8 -9 12 10 -12 -13 13 -15
leaf_value=-0.0053327491907277551 0.00049955510768913934 -0.0068077958112023416 -0.0061462104740247353 0.0086275884227387592 -0.00039745369635622445 -0.0020052920357555393 -0.0052345422701832525 -0.0093161105215397704 0.00055805457803188646 0.0081307779473463807 0.0091154818803912841 -0.0020023705893045794 -0.0073070259501792729 -0.00099707240547704376
leaf_weight=4.4321850794367519 5246.9000446931459 106.87289775861427 11.113835125230251 21.305888114497066 6235.2068633041345 551.91047840565443 57.570299990475178 83.311029471457005 4177.3477408513427 59.795061357319355 178.95278051495552 121.36712165921926 99.305383615195751 794.54334656894207
leaf_count=900 61916 16602 588 2030 135170 4882 538 865 39494 582 1575 1147 900 6847
internal_value=-1.5114e-05 -0.00491783 0.000947008 0.00514519 2.90606e-05 -0.000171042 -8.28686e-05 -0.000536833 0.000439751 0.00398254 0.00560643 0.0017082 0.000137068 -0.00180713
internal_weight=17749.9 143.725 36.8519 25.7381 17606.2 12359.3 11807.4 6318.52 5488.88 417.685 360.115 181.162 5071.2 893.849
internal_count=274036 20120 3518 2930 253916 192000 187118 136035 51083 3842 3304 1729 47241 7747
is_linear=0
shrinkage=0.03


Tree=159
num_leaves=15
num_cat=0
split_feature=7 6 6 10 11 10 9 3 3 3 7 3 11 8
split_gain=4.08944 1.8779 5.41524 4.55359 4.18729 7.08763 3.91718 3.89459 3.2011 2.95368 2.73252 5.21538 4.82248 5.5139
threshold=0.0025521733920247842 1.6193392260821904 1.4928409688502451 0.13163665217152129 -0.50310357767208003 0.25578459032525896 1.2869005265451376 0.14908409465980663 0.099317270373094124 0.10343821412571083 0.18500241897974226 0.15881580932638908 -0.8324463741746323 0.5268858976673908
decision_type=2 2 2 2 2 2 2 2 2 2 2 2 2 2
left_child=-1 2 9 7 5 -5 -3 -4 -6 -2 11 -11 -12 -14
right_child=1 6 3 4 8 -7 -8 -9 -10 10 12 -13 13 -15
leaf_value=-0.0074567619537109203 0.0051588697761088499 0.0044999124428119078 -0.0063565022430537195 -0.00037880684809122711 0.00082285276375100927 0.0084509258683722523 -0.00022789883522017916 0.0027883606831687977 0.0084808609089539033 0.00019898083261200619 0.0076252359374849466 -0.0093267451156998603 0.00017147067009093821 -0.0065463313152443079
leaf_weight=51.214469173457474 84.093635395169258 144.68562465673313 71.746948927640915 333.48350155353546 69.030712224543095 92.915647357702255 12951.279807924293 68.698643781244755 191.30653680115938 138.56981889903545 60.29616441577673 66.968383133411407 3326.5261628255248 98.705704249441624
leaf_count=10870 697 1690 688 2673 600 629 222199 643 1670 1177 405 552 28429 1114
internal_value=-1.51638e-05 1.26666e-05 0.000532946 0.00270815 0.00370336 0.00176706 -0.000170577 -0.00204589 0.00660572 4.75019e-05 -8.93592e-05 -0.00332795 0.00011506 -4.98168e-05
internal_weight=17749.5 17698.3 4602.34 827.182 686.736 426.399 13096 140.446 260.337 3775.16 3691.07 205.538 3485.53 3425.23
internal_count=274036 263166 39277 6903 5572 3302 223889 1331 2270 32374 31677 1729 29948 29543
is_linear=0
shrinkage=0.03


Tree=160
num_leaves=15
num_cat=0
split_feature=11 9 6 7 6 11 3 7 3 6 5 8 9 11
split_gain=3.98459 1.92912 2.20919 2.33882 1.7779 3.35335 2.24805 1.87808 1.87236 1.93639 1.85306 2.71743 1.66873 2.46853
threshold=-4.6033974546458625 1.6105421080976301 5.1460398887267935 0.0023457417029032943 5.1460398887267935 -4.2686068519998246 0.016922001813176112 0.0050895745722729308 0.02624916865529792 5.650908969611069 16.500000000000004 0.22719547138716709 2.1621903311161921 -2.4448304484744443
decision_type=2 2 2 2 2 2 2 2 2 2 2 2 2 2
left_child=1 2 -1 -4 7 8 -7 10 9 -6 11 -2 -9 -14
right_child=4 -3 3 -5 5 6 -8 12 -10 -11 -12 -13 13 -15
leaf_value=-0.0061323969440925004 -0.0044506617926665442 -0.006604154747037772 -0.0052608879757074269 0.0084748285213661623 0.0053241894113402848 0.0041770214112923495 -0.0093619506031687328 0.00020693015150988713 -0.0057301195622555118 -0.0053144485086380356 -0.0039746089343261556 0.0098494659932180199 -0.0024106262842661366 -0.00020768098042259027
leaf_weight=11.100759594701229 6.0420905156061044 105.82970157498494 4.3764110915362862 21.446878349408507 54.995133918244392 4.2713561886921516 55.334203650709242 13041.730471262708 13.241694167722015 6.8227923754602662 6.7950938744470468 37.29761946760118 504.73564172536135 3874.7020996380597
leaf_count=591 471 16602 900 2027 5473 420 5213 167854 1241 1134 515 2706 18833 50056
internal_value=-1.4538e-05 -0.00476118 0.000902928 0.00506926 2.79693e-05 -0.00322791 -0.00774699 5.58123e-05 0.00105334 0.00334155 0.0051405 0.00722411 3.67699e-05 -0.000468935
internal_weight=17748.7 142.754 36.924 25.8233 17606 134.665 59.6056 17471.3 75.0596 61.8179 50.1348 43.3397 17421.2 4379.44
internal_count=274036 20120 3518 2927 253916 13481 5633 240435 7848 6607 3692 3177 236743 68889
is_linear=0
shrinkage=0.03


Tree=161
num_leaves=15
num_cat=0
split_feature=11 11 10 11 5 11 4 8 11 4 10 4 0 7
split_gain=3.82031 4.28634 5.19761 3.4717 3.20268 2.38529 2.67958 4.48736 2.4801 3.24979 2.31992 2.94041 3.59016 3.00777
threshold=-4.0754590133786008 -4.1737567642749651 0.30854390169055218 -4.6033974546458625 13.500000000000002 -3.9812129897888835 0.70294117647058829 0.33115956764440213 -3.9359096621349452 0.92582417582417598 0.16979703937445659 0.87083333333333346 11.500000000000002 0.0043933961673124156
decision_type=2 2 2 2 2 2 2 2 2 2 2 2 2 2
left_child=1 3 -3 -1 -5 6 -2 -8 9 -7 -6 12 -12 -13
right_child=5 2 -4 4 10 8 7 -9 -10 -11 11 13 -14 -15
leaf_value=-0.0046637630576989771 0.011531153591144904 -0.012125557446283138 0.004105379375907923 -0.0038576648797961433 -0.0024762327090603444 -0.009817322435615717 0.0080307371593624395 -0.0052803107692887662 5.0780029805899981e-05 0.004746904662412019 0.0072527733235319023 8.1345268799310733e-05 -0.0038637833043301244 0.015014733075931199
leaf_weight=142.15747669152915 19.165553503669798 58.664741436950862 15.18053476884961 66.876039796508849 36.946799876634032 32.592320613563061 26.521976648364216 35.783205963671207 17186.329492789228 9.0226540155708772 31.837895113509148 17.723056004848331 44.934463779442012 24.691329888999462
leaf_count=20120 665 3757 377 3800 4296 1435 2071 1339 227754 574 1544 1753 3043 1508
internal_value=-1.4662e-05 -0.00273121 -0.00865914 -0.00123809 0.00110191 5.6542e-05 0.00476071 0.000844717 3.0174e-05 -0.00623856 0.00337815 0.00526689 0.00117825 0.0104262
internal_weight=17748.4 439.012 73.8453 365.167 223.01 17309.4 81.4707 62.3052 17227.9 41.615 156.134 119.187 76.7724 42.4144
internal_count=274036 40198 4134 36064 15944 233838 4075 3410 229763 2009 12144 7848 4587 3261
is_linear=0
shrinkage=0.03


Tree=162
num_leaves=15
num_cat=0
split_feature=7 11 6 9 3 4 4 9 9 3 8 8 3 7
split_gain=3.69699 1.76435 3.17585 3.29522 2.35507 2.27489 4.58071 3.01022 2.52434 4.44554 2.20219 1.98853 3.1812 4.56628
threshold=0.0025521733920247842 -2.5791816380419927 3.1245627302238765 1.2869005265451376 0.063575780536609436 0.83974358974358987 0.77350427350427364 2.314311775978211 1.642850023690644 0.071918507705998475 0.51851564389571481 0.43751634515403098 0.058914293729835886 0.047159492893226879
decision_type=2 2 2 2 2 2 2 2 2 2 2 2 2 2
left_child=-1 2 -2 4 -4 6 8 -8 9 10 -3 -10 13 -13
right_child=1 5 3 -5 -6 -7 7 -9 11 -11 -12 12 -14 -15
leaf_value=-0.007138824276596273 -0.005905691621282713 0.0080728068918647124 0.0091515035432931848 -0.00062364032340561811 -0.00082211936793691808 -0.0044664593972181298 0.0077987601519340331 -0.0023133225609983116 9.6898320330556507e-05 0.0007079755765379605 0.0002832134971200626 -0.0014752655960762241 -0.002041737780862243 0.0095186695867750144
leaf_weight=50.304891671054065 84.70171108096838 105.00447431951761 39.188471481204033 2955.8717261478305 31.352544070221484 80.434394616633654 97.543792374432087 27.086957667022943 12008.373245062307 1312.9955093413591 46.419532157480717 77.663567282259464 789.74160036444664 41.217712379992008
leaf_count=10870 942 990 851 104040 299 1566 1571 701 133306 10024 410 941 7090 435
internal_value=-1.40255e-05 1.2255e-05 -0.000634578 -0.000458654 0.0053518 0.000150727 0.000180916 0.00558861 0.000128278 0.0013021 0.00592563 -6.15622e-06 -0.00134758 0.00297588
internal_weight=17747.9 17697.6 3111.11 3026.41 70.541 14586.5 14506 124.631 14381.4 1464.42 151.424 12917 908.623 118.881
internal_count=274036 263166 106132 105190 1150 157034 155468 2272 153196 11424 1400 141772 8466 1376
is_linear=0
shrinkage=0.03


Tree=163
num_leaves=15
num_cat=0
split_feature=7 7 9 8 10 3 8 9 9 4 4 11 11 7
split_gain=3.5483 1.73933 4.43605 4.25476 6.06005 3.09056 3.74076 6.98805 3.21945 2.98611 2.89446 3.79101 2.82859 2.22311
threshold=0.0025521733920247842 0.11064625738982067 1.2869005265451376 0.5268858976673908 0.31670439277212503 0.30380098546291129 0.39709935813823943 1.7052298814355191 1.5511502758327356 0.37980769230769235 0.18465909090909094 -0.58778666490211895 -1.345304327613009 0.23310950594357985
decision_type=2 2 2 2 2 2 2 2 2 2 2 2 2 2
left_child=-1 2 9 4 5 8 7 -7 -3 -2 -4 -12 -10 -5
right_child=1 3 10 13 -6 6 -8 -9 12 -11 11 -13 -14 -15
leaf_value=-0.0070125033407708696 -0.0016173100116719107 0.0048076406234129222 -0.005285375071866054 -0.00080907485243379685 0.0078888564844796349 0.00680970540884826 -0.0047102706253544339 -0.0012846002655120768 -0.0052976760902899546 0.007576220745311983 -0.00020078700713373546 -0.0068724624536330757 0.00063028825199752084 -0.0065328486046093755
leaf_weight=49.95035852631554 38.708589926362038 150.26449394971132 88.82542572915554 141.28601779043674 84.050983220338821 96.168630383908749 193.25635789334774 688.59612940996885 58.540966063737869 92.097886953502893 10396.33849384822 62.242565490305424 5507.2661790773273 99.640930712223053
leaf_count=10870 301 980 852 947 638 713 1889 5938 459 1296 199213 736 48081 1123
internal_value=-1.33529e-05 1.2324e-05 -0.000228699 0.000378702 0.000520995 0.000411054 -0.00113568 -0.000183572 0.000677981 0.00496915 -0.000300127 -0.000250278 0.000553867 -0.00342042
internal_weight=17747.2 17697.3 10678.2 7019.07 6778.14 6694.09 978.021 784.765 5716.07 130.806 10547.4 10458.6 5565.81 240.927
internal_count=274036 263166 202398 60768 58698 58060 8540 6651 49520 1597 200801 199949 48540 2070
is_linear=0
shrinkage=0.03


Tree=164
num_leaves=15
num_cat=0
split_feature=11 11 3 11 5 11 4 8 11 4 4 4 8 9
split_gain=3.48228 4.19153 4.61327 3.20789 3.10703 2.31155 2.55146 4.30998 2.37056 3.92203 1.98864 1.8963 1.8545 1.76697
threshold=-4.0754590133786008 -4.1737567642749651 0.036048451417264725 -4.6033974546458625 13.500000000000002 -3.9812129897888835 0.70294117647058829 0.33115956764440213 -3.9359096621349452 0.93095238095238109 0.93541666666666679 0.88562091503267981 0.43357559953448505 2.1516810782533455
decision_type=2 2 2 2 2 2 2 2 2 2 2 2 2 2
left_child=1 3 -3 10 -5 6 -2 -8 9 -7 11 -1 -13 -10
right_child=5 2 -4 4 -6 8 7 -9 13 -11 -12 12 -14 -15
leaf_value=-0.0035086311493667255 0.01126036588908967 -0.011486081269879815 0.0043835118764057358 -0.0037929468444447161 0.0033392065010033143 -0.010020159463292847 0.0078569127225685161 -0.0051837047059327349 0.00023404190734048716 0.0058985826081558775 -0.0074651104320007655 0.010165619592552216 -0.0023728279128594088 -0.00044956164031941973
leaf_weight=48.936751239467412 19.376918401569128 60.721639290917665 12.47544631641358 66.679168906062841 156.31968822469935 33.07848650123924 26.708513535559177 35.598359393887222 12531.914532696828 8.2633873503655177 72.163966708350927 8.8545034802518803 10.920122858602552 4654.6327923387289
leaf_count=5600 665 3744 390 3800 12144 1482 2071 1339 153611 527 11977 1397 1146 74143
internal_value=-1.32799e-05 -0.00261257 -0.00849581 -0.00113959 0.00110197 5.45579e-05 0.00468031 0.00084615 2.85731e-05 -0.00611504 -0.00445245 -0.000517715 0.00520471 4.8671e-05
internal_weight=17746.6 437.071 73.1971 363.874 222.999 17309.6 81.6838 62.3069 17227.9 41.3419 140.875 68.7114 19.7746 17186.5
internal_count=274036 40198 4134 36064 15944 233838 4075 3410 229763 2009 20120 8143 2543 227754
is_linear=0
shrinkage=0.03


Tree=165
num_leaves=15
num_cat=0
split_feature=11 11 10 11 5 11 4 10 3 11 4 10 11 9
split_gain=3.31265 4.02092 4.96864 3.04034 2.94683 2.23175 2.44078 4.12465 2.36344 2.26626 3.81921 2.19929 2.82704 3.02981
threshold=-4.0754590133786008 -4.1737567642749651 0.30854390169055218 -4.6033974546458625 13.500000000000002 -3.9812129897888835 0.70294117647058829 0.24142560701894236 0.021700070390207951 -3.9359096621349452 0.93095238095238109 0.16979703937445659 -4.3195713098835729 1.642850023690644
decision_type=2 2 2 2 2 2 2 2 2 2 2 2 2 2
left_child=1 3 -3 -1 -5 6 -2 8 -8 10 -7 -6 -13 -14
right_child=5 2 -4 4 11 9 7 -9 -10 -11 -12 12 13 -15
leaf_value=-0.0043462337230941077 0.011003774092415028 -0.011788022265422646 0.0040738702520493634 -0.0037111447444486728 -0.0024575782812317711 -0.0098782408923027924 -0.0018965191224482516 -0.00726381508575831 0.010020869237812952 4.7202596571404818e-05 0.0058237812875615762 0.00075728401533483171 -0.0030773613543012791 0.012275170284579735
leaf_weight=140.24256984842941 19.580553940497339 57.377696200273931 15.204391522333024 66.438781268894672 36.911976282950491 32.767349260859191 17.800738979130983 20.876587668433785 23.661747731268406 17187.085280200932 8.3103858288377506 70.628926299978048 8.0653346078470332 41.219152916222811
leaf_count=20120 665 3757 377 3800 4296 1482 1294 635 1481 227754 527 5076 247 2525
internal_value=-1.29323e-05 -0.00255095 -0.00833665 -0.00111112 0.0010667 5.31607e-05 0.0045928 0.000835492 0.00575988 2.75982e-05 -0.00599352 0.0032381 0.00506966 0.00963093
internal_weight=17746.2 436.089 72.5821 363.507 223.264 17310.1 81.9196 62.3391 41.4625 17228.2 41.0777 156.825 119.913 49.2845
internal_count=274036 40198 4134 36064 15944 233838 4075 3410 2775 229763 2009 12144 7848 2772
is_linear=0
shrinkage=0.03


Tree=166
num_leaves=15
num_cat=0
split_feature=7 6 4 6 8 9 4 10 11 3 3 3 3 7
split_gain=3.2207 1.63913 5.15568 5.06995 4.3201 3.6091 3.20472 3.04549 7.21574 3.72124 2.98874 2.78076 2.69247 2.61772
threshold=0.0025521733920247842 1.6193392260821904 0.18465909090909094 1.4928409688502451 0.45751879896779929 1.2869005265451376 0.37980769230769235 0.13163665217152129 -0.50310357767208003 0.14908409465980663 0.099317270373094124 0.10343821412571083 0.15190049273145567 0.18500241897974226
decision_type=2 2 2 2 2 2 2 2 2 2 2 2 2 2
left_child=-1 3 12 11 7 6 -4 9 -9 -5 -10 -2 -3 -13
right_child=1 2 5 4 -6 -7 -8 8 10 -11 -12 13 -14 -15
leaf_value=-0.0067224011361646232 0.0049773810221705201 -0.0039238279880170323 -0.0017793811494351331 -0.0062276402364220725 0.0090052510555084925 -8.0125154004428116e-05 0.0073183168521511761 -8.9135602594054048e-05 0.00078115437372645066 0.0027160642659071754 0.0081680149000598508 -0.0032773459558182723 0.00039167211366280646 9.4654538888300945e-05
leaf_weight=49.150401546154171 84.477170452475548 463.10504598170519 43.767304554581642 71.408652245998383 71.202065050601959 12314.018820329104 94.675080358982086 355.98558359593153 69.11416944116354 68.841355465352535 192.62001717090607 205.24700026959181 175.26411057263613 3486.9415005967021
leaf_count=10870 697 4532 327 688 481 216221 1309 2821 600 643 1670 1729 1500 29948
internal_value=-1.25776e-05 1.17356e-05 -0.000159569 0.000497558 0.00259941 -2.32443e-05 0.00454938 0.00183458 0.00273183 -0.00199938 0.00636549 2.76356e-05 -0.00275722 -0.000105296
internal_weight=17745.8 17696.7 13090.8 4605.84 829.172 12452.5 138.442 757.97 617.72 140.25 261.734 3776.67 638.369 3692.19
internal_count=274036 263166 223889 39277 6903 217857 1636 6422 5091 1331 2270 32374 6032 31677
is_linear=0
shrinkage=0.03


Tree=167
num_leaves=15
num_cat=0
split_feature=7 6 3 9 6 7 3 8 9 6 6 8 8 7
split_gain=3.09088 1.63689 3.00183 5.93744 3.55039 2.79492 5.7021 5.6555 4.17745 3.34525 5.35864 5.94163 4.37119 2.75174
threshold=0.0025521733920247842 2.6844345112494912 0.059590362223856476 1.9916262844249777 2.6137328127880433 0.070996906961518544 0.051591492188112535 0.31612821231152272 2.0917769211997883 2.6137328127880433 2.4973207021709536 0.22666258476817219 0.21366806211709052 0.1070556628253632
decision_type=2 2 2 2 2 2 2 2 2 2 2 2 2 2
left_child=-1 2 3 4 -2 6 8 -7 -5 10 11 -10 -12 -4
right_child=1 -3 13 5 -6 7 -8 -9 9 -11 12 -13 -14 -15
leaf_value=-0.0066019811333359237 0.0076219843052831148 -0.00036591026217930089 -0.00081803336153177546 0.0067984484612591432 -0.00021794456469425379 0.0011403101983060264 -0.0048862957153675227 0.011409766241917764 -0.0032648252837272434 0.003510196385659357 0.0010329216700575266 0.0099906516657476841 -0.0083436752975673267 0.00033590006112250818
leaf_weight=48.824072412680835 180.96600946038961 6509.967951525934 2487.8431816920638 77.782720096409321 69.645455792546272 516.4531260356307 190.96965205669403 38.853089518845081 52.358744509518147 127.21146301180124 64.718176607042551 43.258707404136658 111.01608984172344 7225.3859246596694
leaf_count=10870 1869 159370 23808 904 761 5879 2280 407 665 1724 895 524 1464 62616
internal_value=-1.19387e-05 1.1819e-05 0.000231834 0.00148649 0.00555398 0.000595534 -0.000708509 0.00214003 0.00106443 -0.000260605 -0.00211965 0.0032737 -0.00508086 3.95382e-05
internal_weight=17745.3 17696.4 11186.5 1473.23 250.611 1222.62 667.316 555.306 476.346 398.563 271.352 95.6175 175.734 9713.23
internal_count=274036 263166 103796 17372 2630 14742 8456 6286 6176 5272 3548 1189 2359 86424
is_linear=0
shrinkage=0.03


Tree=168
num_leaves=15
num_cat=0
split_feature=11 8 9 9 9 3 11 9 7 11 7 10 3 6
split_gain=3.0371 3.98097 3.90947 2.72161 2.48265 2.39379 2.38018 2.6016 2.93944 2.34159 4.14903 3.87399 2.26488 2.39119
threshold=-4.0754590133786008 0.33010400053889227 1.9371150399690593 1.5710959258255943 1.6820718360009785 0.02079352616939114 -4.1737567642749651 2.2061130252631136 0.0025521733920247842 -4.1737567642749651 0.0048435661306536325 0.23392313309077198 0.047433798983812843 5.5347719124473356
decision_type=2 2 2 2 2 2 2 2 2 2 2 2 2 2
left_child=1 6 3 12 -5 -4 7 -1 -9 10 -6 -12 13 -3
right_child=-2 2 5 4 9 -7 -8 8 -10 -11 11 -13 -14 -15
leaf_value=-0.0055756900212542817 5.1995887534710872e-05 0.0057959109531210192 -0.0007414083836566732 -0.0092359954899844058 -0.0041405872628906548 0.010754165162184023 -0.013285703279858941 -0.0061755056327687172 0.010043265228875584 -0.0084643142498895454 -0.0052568009981538103 0.0099974434324798644 -0.0065782884394977991 -0.0055463659361333394
leaf_weight=83.631955743767321 17310.103810039349 70.30137106962502 24.685738507658243 44.464542949106544 64.349707220681012 24.484886870253831 23.989113152492791 3.8654928840696803 11.140922147780655 19.189146070741117 10.252189299091695 36.914742226712406 8.8918693037703616 8.2380063496530038
leaf_count=11511 233838 2988 2688 3559 8194 1939 2191 840 1202 890 638 1922 301 1335
internal_value=-1.11719e-05 -0.00244602 -0.000542698 -0.00206246 -0.00410625 0.00615864 -0.00669854 -0.0035543 0.00486683 -0.00159001 0.000456182 0.00621342 0.002034 0.00390758
internal_weight=17744.5 434.4 311.772 262.602 175.17 49.1706 122.627 98.6384 15.0064 130.706 111.517 47.1669 87.4312 78.5394
internal_count=274036 40198 24454 19827 15203 4627 15744 13553 2042 11644 10754 2560 4624 4323
is_linear=0
shrinkage=0.03


Tree=169
num_leaves=15
num_cat=0
split_feature=11 8 9 9 9 11 9 7 3 11 7 10 3 3
split_gain=2.93121 3.8113 3.7701 2.57669 2.38995 2.35168 2.49832 2.87456 2.2832 2.27279 3.94078 3.71683 2.18505 2.1683
threshold=-4.0754590133786008 0.33010400053889227 1.9371150399690593 1.5710959258255943 1.6820718360009785 -4.1737567642749651 2.2061130252631136 0.0025521733920247842 0.02079352616939114 -4.1737567642749651 0.0048435661306536325 0.23392313309077198 0.047433798983812843 0.025805877334661873
decision_type=2 2 2 2 2 2 2 2 2 2 2 2 2 2
left_child=1 5 3 12 -5 6 -1 -8 -4 10 -6 -12 13 -3
right_child=-2 2 8 4 9 -7 7 -9 -10 -11 11 -13 -14 -15
leaf_value=-0.0054595612091821377 5.043525043964486e-05 -0.004486873786277319 -0.00072790588171099387 -0.0090899248903333375 -0.0040533879117919409 -0.013146400654337635 -0.0061453418295496854 0.0098725722148573503 0.010484817754619246 -0.0083600921861668089 -0.0052036484964393887 0.0097166472117247854 -0.0065197925875780625 0.0057904545822107826
leaf_weight=83.174613060895354 17310.814716579858 11.838799832854418 24.667873919010162 44.070746255107224 64.088716433849186 23.679652912076563 3.8419139166362575 11.25120209250599 24.741861337795854 19.034864387474954 10.20020809303969 37.270076762884855 8.8378964718431217 67.03929701494053
leaf_count=11511 233838 1227 2688 3559 8194 2191 840 1202 1939 890 638 1922 301 3096
internal_value=-1.1575e-05 -0.00240541 -0.000545572 -0.00204088 -0.00403504 -0.00657998 -0.00346624 0.00476444 0.00602101 -0.00156844 0.000443901 0.00603098 0.00193937 0.00377748
internal_weight=17744.6 433.738 311.79 262.381 174.665 121.947 98.2677 15.0931 49.4097 130.594 111.559 47.4703 87.716 78.8781
internal_count=274036 40198 24454 19827 15203 15744 13553 2042 4627 11644 10754 2560 4624 4323
is_linear=0
shrinkage=0.03


Tree=170
num_leaves=15
num_cat=0
split_feature=11 11 10 11 5 11 4 10 3 11 4 10 4 3
split_gain=2.82764 3.6842 4.66138 2.60209 2.76767 2.15088 2.33752 3.98529 2.2614 2.16293 3.72035 1.99843 2.89152 3.44088
threshold=-4.0754590133786008 -4.1737567642749651 0.30854390169055218 -4.6033974546458625 13.500000000000002 -3.9812129897888835 0.70294117647058829 0.24142560701894236 0.021700070390207951 -3.9359096621349452 0.93095238095238109 0.16979703937445659 0.87083333333333346 0.02624916865529792
decision_type=2 2 2 2 2 2 2 2 2 2 2 2 2 2
left_child=1 3 -3 -1 -5 6 -2 8 -8 10 -7 -6 13 -13
right_child=5 2 -4 4 11 9 7 -9 -10 -11 -12 12 -14 -15
leaf_value=-0.0040149549188582085 0.010749613589396542 -0.011372901653462306 0.003986048264805319 -0.0036308543733083211 -0.0023444504411621928 -0.0097372349830258543 -0.0018622261776854163 -0.0071681000539168373 0.0097861826417821509 4.2907664018289851e-05 0.005753531882559693 -0.0039302128595439662 0.0099106696568364381 0.0069166883091383866
leaf_weight=138.28878502175212 19.784005092456937 55.848429940175265 15.27465192787349 66.191638293676078 36.702951289713383 32.460792908445001 17.762043077964336 20.739683089777827 23.883672581985593 17188.519453044515 8.3546580178663117 46.194733336102217 43.134696894790977 31.443689533974975
leaf_count=20120 665 3757 377 3800 4296 1482 1294 635 1481 227754 527 3090 3261 1497
internal_value=-1.19379e-05 -0.00236487 -0.00795462 -0.000993684 0.00100924 4.89215e-05 0.00449978 0.00081833 0.00564054 2.3799e-05 -0.0058723 0.00310575 0.00483809 0.000871433
internal_weight=17744.6 433.08 71.1231 361.956 223.668 17311.5 82.1694 62.3854 41.6457 17229.3 40.8155 157.476 120.773 77.6384
internal_count=274036 40198 4134 36064 15944 233838 4075 3410 2775 229763 2009 12144 7848 4587
is_linear=0
shrinkage=0.03


Tree=171
num_leaves=15
num_cat=0
split_feature=7 9 11 9 7 6 4 3 11 11 11 6 7 10
split_gain=2.72298 1.53693 2.10406 5.91565 2.60952 3.43488 4.06449 3.2976 2.6817 3.80203 2.50677 4.32277 4.23663 6.74109
threshold=0.0025521733920247842 1.8462830653215196 -3.1193699593804536 1.8536659611573338 0.013936205915647789 4.1689878061477064 0.77350427350427364 0.027618271405719211 -3.4680068003425504 -3.3895860005876952 -2.8618833197882751 3.6724951675895521 0.016234966639383036 0.17827455168055786
decision_type=2 2 2 2 2 2 2 2 2 2 2 2 2 2
left_child=-1 -2 3 -3 5 -5 8 -6 -7 -10 11 -4 13 -13
right_child=1 2 10 4 7 6 -8 -9 9 -11 -12 12 -14 -15
leaf_value=-0.0062437541525237191 0.00043658006100569198 0.011273630524069605 -0.0054265211366316801 0.0044362589954960842 0.0014405370037241666 -0.0079541996016068879 -0.00056064580422795455 -0.010513138994425809 0.0070923561888359826 -0.0045328504393982198 -0.00014229218988288071 0.003694185254572914 0.0086063598615663539 -0.0082528888028894406
leaf_weight=47.872482847888023 5315.5786713599227 16.602977250702679 41.966216646134853 68.059908747673035 25.856479626148939 125.31085838517174 531.3052560640499 49.350050147622824 21.73652112390846 67.686918000690639 11120.971963802353 182.6847807597369 89.848931115120649 39.375408371910453
leaf_count=10870 68183 722 851 1902 623 6398 34737 1219 888 2727 135484 6191 2175 1066
internal_value=-1.15231e-05 1.06101e-05 -0.000172584 -0.00155229 -0.00197477 -0.00140891 -0.00201908 -0.00684724 -0.0053554 -0.00109419 -6.17756e-05 0.00237145 0.00362149 0.00118759
internal_weight=17744.2 17696.3 12380.8 905.909 889.306 814.099 746.04 75.2065 214.734 89.4234 11474.8 353.875 311.909 222.06
internal_count=274036 263166 194983 49216 48494 46652 44750 1842 10013 3615 145767 10283 9432 7257
is_linear=0
shrinkage=0.03


Tree=172
num_leaves=15
num_cat=0
split_feature=11 8 9 9 9 11 9 7 3 11 7 10 3 11
split_gain=2.6225 3.58697 3.62047 2.41696 2.32973 2.29532 2.40652 2.79962 2.19716 2.15195 3.65491 3.54584 2.11714 2.08272
threshold=-4.0754590133786008 0.33010400053889227 1.9371150399690593 1.5710959258255943 1.6820718360009785 -4.1737567642749651 2.2061130252631136 0.0025521733920247842 0.02079352616939114 -4.1737567642749651 0.0048435661306536325 0.23392313309077198 0.047433798983812843 -3.9812129897888835
decision_type=2 2 2 2 2 2 2 2 2 2 2 2 2 2
left_child=1 5 3 12 -5 6 -1 -8 -4 10 -6 -12 -3 -2
right_child=13 2 8 4 9 -7 7 -9 -10 -11 11 -13 -14 -15
leaf_value=-0.0052766601042350822 0.0044221837726025302 0.0036968939810122061 -0.0007003816752805032 -0.0089061384155017954 -0.0038876189981324619 -0.012877265658312627 -0.0060688916000703917 0.0097555477909736354 0.010301016007247135 -0.0081209839540314147 -0.005146133308902884 0.0094013477170211083 -0.0064462582087511794 2.240273706097018e-05
leaf_weight=82.46076964167878 82.378669053781778 79.082710107322782 24.630655015353113 43.5795703609474 63.595591351855546 23.094992755446583 3.7824076917022458 11.327335340902208 24.919147532898933 18.685223517939448 10.144133890047668 37.674533495679498 8.7697716569527966 17229.759637331124
leaf_count=11511 4075 4323 2688 3559 8194 2191 840 1202 1939 890 638 1922 301 229763
internal_value=-1.13741e-05 -0.00228081 -0.00048138 -0.00195428 -0.00389555 -0.0063537 -0.00329943 0.00474428 0.00594039 -0.00146996 0.000476741 0.00582337 0.00189191 4.71489e-05
internal_weight=17743.9 431.747 311.081 261.532 173.679 120.666 97.5705 15.1097 49.5498 130.099 111.414 47.8187 87.8525 17312.1
internal_count=274036 40198 24454 19827 15203 15744 13553 2042 4627 11644 10754 2560 4624 233838
is_linear=0
shrinkage=0.03


Tree=173
num_leaves=15
num_cat=0
split_feature=7 3 7 11 8 9 4 10 3 11 8 9 4 10
split_gain=2.54472 1.5348 1.75238 6.14016 5.76259 5.41015 4.51426 3.90495 3.9523 5.25558 3.75288 3.37196 6.01886 3.34236
threshold=0.0025521733920247842 0.37680592811401564 0.1583463465006564 -0.8324463741746323 0.34286957099281451 1.7271110081475349 0.18465909090909094 0.20356743358037263 0.14411193125933389 -0.71314984786679469 0.5268858976673908 1.7669551885720913 0.069047619047619066 0.22320469459570383
decision_type=2 2 2 2 2 2 2 2 2 2 2 2 2 2
left_child=-1 2 6 -4 5 -5 -2 -6 -9 -10 11 12 -11 -13
right_child=1 -3 3 4 7 -7 -8 8 9 10 -12 13 -14 -15
leaf_value=-0.0060594812172720261 -0.0025758180737194256 -0.004888616455481035 0.0050144467206189964 0.0067030873847826614 -0.0054200244877536923 0.00070216208893908493 -2.2833332203917434e-05 0.0055698121653867472 -0.0072540514881384533 0.009743434420935889 -0.0059003537158227974 0.00099352805988888425 0.00043206824920936774 -0.0043529302859239343
leaf_weight=47.393848693463951 641.19195903837681 42.382904171943665 244.43360938131809 127.34026429057121 170.60920460522175 2856.8872897028923 12460.9537409693 69.029831238090992 100.14831914007664 58.170088715851307 87.777278013527393 189.72488317638636 438.69987710565329 209.15113444626331
leaf_count=10870 6059 372 1708 887 1497 24833 217939 489 736 549 1012 1604 3564 1917
internal_value=-1.15535e-05 9.76183e-06 2.56617e-05 0.000531757 0.000260866 0.000990472 -0.000150574 -0.00137714 -0.000716828 -0.00118786 -0.000470474 0.000150034 0.00177576 -0.00186605
internal_weight=17743.9 17696.5 17654.1 4551.97 4307.54 2984.23 13102.1 1323.31 1152.7 1083.67 983.523 895.746 496.87 398.876
internal_count=274036 263166 262794 38796 37088 25720 223998 11368 9871 9382 8646 7634 4113 3521
is_linear=0
shrinkage=0.03


Tree=174
num_leaves=15
num_cat=0
split_feature=11 11 10 11 0 7 0 4 11 4 8 11 4 5
split_gain=2.48367 3.47063 4.44964 2.35547 2.28871 3.51592 2.34937 1.99842 1.97205 2.26704 3.9988 2.05442 3.618 1.54319
threshold=-4.0754590133786008 -4.1737567642749651 0.30854390169055218 -4.4276580975486395 13.500000000000002 0.0056085051542415455 11.500000000000002 0.78174603174603186 -3.9812129897888835 0.70294117647058829 0.33115956764440213 -3.9359096621349452 0.93095238095238109 15.500000000000002
decision_type=2 2 2 2 2 2 2 2 2 2 2 2 2 2
left_child=1 3 -3 -1 6 -6 7 13 9 -2 -11 12 -10 -5
right_child=8 2 -4 4 5 -7 -8 -9 11 10 -12 -13 -14 -15
leaf_value=-0.0028759596403661798 0.010418603566524305 -0.011075152377178526 0.0039266642603425746 -0.0064704685646321232 0.00077837997072196 0.015781915935837144 -0.005376484494012396 0.0068068709005446055 -0.0095843540799570425 0.0074102119908930819 -0.0051142930755359904 3.9928197005951294e-05 0.005684308139813978 0.0033161989915175259
leaf_weight=209.1185244070366 20.052523950114846 54.790438700933009 15.32288548722863 16.186093596741557 41.062411759980023 7.8064047768712035 41.382581167854369 30.792287250515074 32.132438123226166 27.195289864670485 35.4746551848948 17189.42883896688 8.3984313420951349 14.351877696812155
leaf_count=26133 665 3757 377 635 3859 340 2886 1567 1482 2071 1339 227754 527 644
internal_value=-1.14203e-05 -0.00222234 -0.00768237 -0.00089667 0.001847 0.00631868 -0.000814608 0.00271518 4.54731e-05 0.00429515 0.000702123 2.13518e-05 -0.00573969 -0.00229373
internal_weight=17743.5 430.814 70.1133 360.7 151.582 48.8688 102.713 61.3303 17312.7 82.7225 62.6699 17230 40.5309 30.538
internal_count=274036 40198 4134 36064 9931 4199 5732 2846 233838 4075 3410 229763 2009 1279
is_linear=0
shrinkage=0.03


Tree=175
num_leaves=15
num_cat=0
split_feature=3 6 11 12 6 11 7 7 9 11 7 6 9 7
split_gain=2.46283 2.05402 1.92704 1.86098 2.08338 3.16106 1.93552 3.26696 3.58741 2.73842 2.48395 3.06997 2.03939 1.86661
threshold=0.019407291091431734 5.2804079136148419 -4.8793697306597066 2.602003343538398 4.6742296130452035 -4.3724395080059386 0.011448176262935103 0.010534141652292868 2.2001832529860863 -2.8618833197882751 0.0056085051542415455 4.7591779066044522 2.1516810782533455 0.0046158498685396959
decision_type=2 2 2 2 2 2 2 2 2 2 2 2 2 2
left_child=-1 3 -3 4 -2 13 7 8 10 -8 12 -12 -5 -6
right_child=1 2 -4 6 5 -7 9 -9 -10 -11 11 -13 -14 -15
leaf_value=-0.004070440699266719 5.8223483650991396e-05 0.0012381579335570992 -0.0058818466571685137 -0.0034003000940756316 0.0079192899610041126 -0.0041203947222805811 -0.0092905464190317852 0.014337570804296512 -0.0027449799269043452 0.0030992151149856688 0.0012641717497352636 0.014678667200246036 0.0076539978599154497 -0.0008795243942375441
leaf_weight=118.47958913818002 16992.582978446037 45.209688400384039 84.86476085614413 35.179727369919419 21.159470924176276 222.33587900456041 13.317539529874919 9.8588475938886386 66.185363315977156 24.973895087838173 30.316458711400628 24.287627965211868 6.439835804514586 47.789487363770604
leaf_count=12439 214974 7785 10671 2560 1597 12996 432 396 3828 760 1276 1282 480 2560
internal_value=-1.07494e-05 1.99798e-05 -0.00353501 4.94176e-05 1.40735e-05 -0.0024382 0.00275678 0.00406378 0.00228061 -0.00261201 0.00564136 0.00910834 -0.000115255 0.00275325
internal_weight=17743 17624.5 130.074 17494.4 17283.9 291.285 210.559 172.268 162.409 38.2914 96.2236 54.6041 41.6196 68.949
internal_count=274036 261597 18456 243141 232127 17153 11014 9822 9426 1192 5598 2558 3040 4157
is_linear=0
shrinkage=0.03


Tree=176
num_leaves=15
num_cat=0
split_feature=6 3 9 4 11 6 10 3 6 3 6 11 4 3
split_gain=2.38249 1.47278 1.68634 2.9297 3.82641 4.51929 3.32437 2.5395 4.4127 2.38176 3.43762 4.67287 4.12169 3.90561
threshold=5.788889249571695 0.37680592811401564 1.3772626059130288 0.22649572649572652 -2.5791816380419927 3.1925297413228297 0.43194275929263715 0.34745145726321047 0.71754226264466137 0.30380098546291129 1.6193392260821904 -0.98407565891916737 0.18465909090909094 0.15190049273145567
decision_type=2 2 2 2 2 2 2 2 2 2 2 2 2 2
left_child=1 2 3 -1 5 -5 -7 9 -9 10 11 -4 13 -12
right_child=-2 -3 7 4 -6 6 -8 8 -10 -11 12 -13 -14 -15
leaf_value=-0.0029069605995230498 -0.0061653201993703936 -0.0047948596290053576 0.0073277395379780378 -0.0079045632646356778 0.0068176372097351647 -0.001858213711185064 0.0071354855757853469 -0.0026348740433326527 0.0068177610880965399 -0.0016080934057647604 -0.0039571781970637165 0.0006680159233373753 -7.9971664232732467e-05 0.0013108285532003694
leaf_weight=73.976965814828873 41.413402537815273 42.236816555261612 82.778317794203758 32.644555814564228 132.39815299957991 63.443492311518639 59.876132209785283 59.5876090452075 107.45760343968868 830.3619476556778 455.34813477098942 3417.192811101675 12178.735249968711 164.87932296097279
leaf_count=653 9613 372 562 292 887 1121 1093 583 796 7480 4490 28883 215789 1422
internal_value=-9.94038e-06 9.66882e-06 2.52202e-05 0.00200922 0.0033518 6.9625e-05 0.0028088 -1.80473e-05 0.00350659 -5.54576e-05 2.50485e-05 0.000856125 -0.000202952 -0.00255886
internal_weight=17742.3 17700.9 17658.7 362.339 288.362 155.964 123.32 17296.3 167.045 17129.3 16298.9 3499.97 12799 620.227
internal_count=274036 264423 264051 4046 3393 2506 2214 260005 1379 258626 251146 29445 221701 5912
is_linear=0
shrinkage=0.03


Tree=177
num_leaves=15
num_cat=0
split_feature=3 6 10 12 6 11 8 7 6 8 8 10 10 6
split_gain=2.31321 1.92482 2.34551 1.81937 1.95994 3.01384 3.44876 2.47248 3.91066 1.90471 2.72772 3.44941 5.08513 3.12555
threshold=0.019407291091431734 5.2804079136148419 0.21357223796617167 2.602003343538398 4.6742296130452035 -4.3724395080059386 0.46486872725451794 0.0046158498685396959 4.8019696776346406 0.28255164837512453 0.32730644829256944 0.25289135602172036 0.22713497488886461 4.9708543639281633
decision_type=2 2 2 2 2 2 2 2 2 2 2 2 2 2
left_child=-1 3 -3 4 -2 6 -6 -8 -9 -7 13 12 -12 -11
right_child=1 2 -4 -5 5 9 7 8 -10 10 11 -13 -14 -15
leaf_value=-0.0039528862700414771 5.6252920472699692e-05 -0.0065295629524975175 0.0010522236056418317 0.0027240778277040785 0.009138356096476773 1.8139143864987659e-05 0.0063575292586869215 0.0057467059769101313 -0.010230329391226306 -0.015414597160336116 -0.0041996419874460802 -0.0086661005565100962 0.0095944448034830498 0.00014458159687819115
leaf_weight=117.89348082058132 16993.095245262608 72.47488731937483 57.026395124848932 210.77416728250682 25.341228732839227 72.737683085724711 8.00357394851744 9.0477772597223503 26.709586071781814 27.192338558845222 46.768567522987723 34.333531565032899 24.750646064989269 15.654382112435995
leaf_count=12439 214974 10226 8230 11014 1822 4689 565 261 1509 1616 2695 1451 1249 1296
internal_value=-9.71061e-06 2.0006e-05 -0.00342824 4.84464e-05 1.34833e-05 -0.00236799 0.00269186 -0.00242102 -0.00568405 -0.00401758 -0.00581245 -0.00252828 0.00140985 -0.0111665
internal_weight=17741.8 17623.9 129.501 17494.4 17283.6 290.539 69.1022 43.7609 35.7574 221.437 148.699 105.853 71.5192 42.8467
internal_count=274036 261597 18456 243141 232127 17153 4157 2335 1770 12996 8307 5395 3944 2912
is_linear=0
shrinkage=0.03


Tree=178
num_leaves=15
num_cat=0
split_feature=6 3 9 4 11 6 10 3 6 3 9 10 10 6
split_gain=2.24123 1.4125 1.58826 2.77434 3.60445 4.34387 3.14718 2.39655 4.17072 2.25046 3.33555 5.64734 3.38284 3.22839
threshold=5.788889249571695 0.37680592811401564 1.3772626059130288 0.22649572649572652 -2.5791816380419927 3.1925297413228297 0.43194275929263715 0.34745145726321047 0.71754226264466137 0.30380098546291129 1.7052298814355191 0.22097931566515078 0.26868935724717152 1.6193392260821904
decision_type=2 2 2 2 2 2 2 2 2 2 2 2 2 2
left_child=1 2 3 -1 5 -5 -7 9 -9 13 12 -12 -11 -4
right_child=-2 -3 7 4 -6 6 -8 8 -10 10 11 -13 -14 -15
leaf_value=-0.0028407214449214244 -0.0060003720223141309 -0.0047019842239242699 0.00082925360804601725 -0.0077745595794924622 0.0066062793652415597 -0.0018094084633441766 0.0069353184348831809 -0.0025771915095804949 0.0066093627087560275 0.0080967596629599459 -0.0011163799956286043 -0.0081068530152040956 -0.00089615905296329596 -0.00019685711896520589
leaf_weight=73.826859220862389 41.029834541026503 42.092584282159805 3502.1446671783924 32.455491542816162 132.97213257104158 63.330478745512664 60.216467395890504 59.470172852277756 107.95816710591316 44.531438201665878 575.60292012244463 113.8412716165185 95.42987647652626 12796.767196520697
leaf_count=653 9613 372 29445 292 887 1121 1093 583 796 371 5056 1068 985 221701
internal_value=-9.79799e-06 9.1569e-06 2.4368e-05 0.0019486 0.00325198 6.41674e-05 0.00274216 -1.7649e-05 0.00340271 -5.40309e-05 -0.00156416 -0.00241869 0.0024719 2.41829e-05
internal_weight=17741.7 17700.6 17658.5 362.801 288.975 156.002 123.547 17295.7 167.428 17128.3 829.406 689.444 139.961 16298.9
internal_count=274036 264423 264051 4046 3393 2506 2214 260005 1379 258626 7480 6124 1356 251146
is_linear=0
shrinkage=0.03


Tree=179
num_leaves=15
num_cat=0
split_feature=3 6 10 3 8 11 6 8 12 6 11 8 6 6
split_gain=2.16859 1.8031 2.25317 1.75985 2.97921 1.98767 2.48749 1.73183 1.72278 1.86237 2.91437 3.28712 2.38609 3.7986
threshold=0.019407291091431734 5.2804079136148419 0.21357223796617167 0.024191545538525212 0.5268858976673908 -5.1765761872210314 5.4273699703215916 0.20340925370019705 2.602003343538398 4.6742296130452035 -4.3724395080059386 0.46486872725451794 5.1460398887267935 4.8019696776346406
decision_type=2 2 2 2 2 2 2 2 2 2 2 2 2 2
left_child=7 8 -3 5 -5 -4 -7 -1 9 -2 11 -11 13 -13
right_child=1 2 3 4 -6 6 -8 -9 -10 10 -12 12 -14 -15
leaf_value=0.002462393853275271 5.4074977005550394e-05 -0.0063803285252294339 -0.003200104487613137 -0.0083069372565089308 0.006568783235451796 -0.0025421913194334424 0.012819232858729929 -0.0054641093127977148 0.0026471470638960567 0.0089206067428269798 -0.0039386981083582287 0.0056514821443520045 0.0062400609873505767 -0.010094731860979299
leaf_weight=22.51778456941247 16993.66144371964 71.932397608179599 10.680291839875279 19.354940081015233 5.4634466823190442 7.865418802015486 13.653398424852638 94.798088362906128 211.28469570260495 25.561862523667514 220.75438100006431 9.1078450586646778 8.0763227781280857 26.440648500807583
leaf_count=1683 214974 10226 2180 2618 614 880 1938 10756 11014 1822 12996 261 566 1508
internal_value=-9.70068e-06 1.90102e-05 -0.00332487 0.00105589 -0.00379132 0.00480955 0.00846649 -0.00383601 4.64842e-05 1.24244e-05 -0.00231133 0.00265775 -0.00235548 -0.00558053
internal_weight=17741.2 17623.8 128.95 57.0175 24.8184 32.1991 21.5188 117.316 17494.9 17283.6 289.941 69.1867 43.6248 35.5485
internal_count=274036 261597 18456 8230 3232 4998 2818 12439 243141 232127 17153 4157 2335 1769
is_linear=0
shrinkage=0.03


Tree=180
num_leaves=15
num_cat=0
split_feature=6 9 4 3 11 8 9 4 6 4 3 11 8 9
split_gain=2.08723 1.38156 3.01868 4.5881 3.19473 5.08953 7.75935 6.20075 7.62993 5.88148 5.19219 4.19432 5.06099 3.61665
threshold=5.788889249571695 2.0077715796173679 0.07417582417582419 0.30380098546291129 -1.7223412468009467 0.40985279163372873 1.5511502758327356 0.32291666666666669 2.411429443309669 0.29705882352941182 0.099317270373094124 -1.0556572610219046 0.36221517699566258 1.2869005265451376
decision_type=2 2 2 2 2 2 2 2 2 2 2 2 2 2
left_child=1 2 3 -1 13 7 9 10 -9 -7 11 12 -6 -4
right_child=-2 -3 4 -5 5 6 -8 8 -10 -11 -12 -13 -14 -15
leaf_value=-0.00044653691339472968 -0.0058127781429933431 -0.00026439098332026943 0.0043811950896378701 -0.007468268925277001 -0.00054622758788732621 0.00042971963480006371 -0.0019793868870565923 -0.001768841662166809 0.0044644637214127838 0.0078704980300900972 0.001706589320985206 0.0087001840600088674 0.0073299842960283376 -0.00038756874126117611
leaf_weight=372.8369167894125 40.599849041551352 8570.1709209107794 133.52365813637152 93.836024582386017 171.87314127385616 309.94488045573235 1004.8121949285269 766.70958728343248 213.45274150371552 124.49035926163197 1695.1329692527652 181.12895922362804 110.75811851769686 3951.4656639532186
leaf_count=3422 9613 139736 1618 877 1640 2497 8182 6347 2265 801 13333 1495 989 81221
internal_value=-9.28864e-06 8.93377e-06 0.000265513 -0.00204703 0.000393407 0.000936292 -0.000537123 0.00161119 -0.000364565 0.00275344 0.00250453 0.00527631 0.00275418 -0.000216236
internal_weight=17740.7 17700.1 9129.97 466.673 8663.29 4578.3 1439.25 3139.06 980.162 434.435 2158.89 463.76 282.631 4084.99
internal_count=274036 264423 124687 4299 120388 37549 11480 26069 8612 3298 17457 4124 2629 82839
is_linear=0
shrinkage=0.03


Tree=181
num_leaves=15
num_cat=0
split_feature=3 8 7 10 12 11 8 8 4 7 10 7 8 9
split_gain=2.02904 1.65533 1.56347 2.98265 2.65905 2.95329 3.76673 2.98535 2.40556 3.26931 2.09654 2.23429 1.82692 3.74788
threshold=0.019407291091431734 0.20340925370019705 0.0053354059941901977 0.21357223796617167 2.602003343538398 -3.6316067503048512 0.26480591205103771 0.27434112213093659 0.92582417582417598 0.0046158498685396959 0.22525760322425215 0.0050895745722729308 0.19310294634574562 2.3714193507923191
decision_type=2 2 2 2 2 2 2 2 2 2 2 2 2 2
left_child=1 -1 3 8 -4 6 -6 12 -2 -10 -5 -12 -7 -14
right_child=2 -3 4 10 5 7 -8 -9 9 -11 11 -13 13 -15
leaf_value=0.0024238736969251439 -0.0082762443222388921 -0.0053202099727482676 1.691873159873404e-05 0.0082870080949940146 -0.0043110623579095475 -0.0029230671548452726 0.011259355175743793 -0.0073545623065707413 -0.0042461549130535228 0.0068745882406642048 0.0013383390715176742 -0.0088503445628708294 0.00031597896606652806 0.014016210786916557
leaf_weight=22.560789801180363 70.919067814014852 94.175243602134287 17193.670336363837 15.42772172577679 9.3355021495372039 24.13877871260047 48.189945452846587 18.690061775967479 61.250481741968542 19.755915988236666 88.424973803106695 8.9169392390176636 51.099700178019702 13.334031005389987
leaf_count=1683 7127 10756 225357 1702 564 1004 2318 683 8020 1445 9924 598 2383 472
internal_value=-8.63217e-06 -0.00371799 1.90796e-05 -0.00220607 5.48858e-05 0.00368438 0.00836349 0.00045673 -0.00476815 -0.000883678 0.00140017 -0.000652076 0.00293144 0.00526252
internal_weight=17739.9 116.736 17623.2 264.695 17358.5 164.788 57.5254 107.263 151.925 81.0064 112.77 97.3419 88.5725 64.4337
internal_count=274036 12439 261597 28816 232781 7424 2882 4542 16592 9465 12224 10522 3859 2855
is_linear=0
shrinkage=0.03


Tree=182
num_leaves=15
num_cat=0
split_feature=11 4 7 7 9 9 9 9 3 10 9 11 11 4
split_gain=1.96576 1.76276 2.00519 1.62703 1.53997 1.53479 1.44301 1.41181 1.95501 2.79067 3.52501 2.38891 7.45655 3.6209
threshold=-4.6033974546458625 0.93541666666666679 0.0046158498685396959 0.0035458638588441982 1.9428236118074744 1.7271110081475349 1.5710959258255943 1.8462830653215196 0.30380098546291129 0.17079476091449794 1.9810261925759773 -1.4495947251494041 -1.3796041756115249 0.19375000000000003
decision_type=2 2 2 2 2 2 2 2 2 2 2 2 2 2
left_child=1 2 3 4 -1 -5 -3 -2 11 -10 -11 13 -13 -9
right_child=7 6 -4 5 -6 -7 -8 8 9 10 -12 12 -14 -15
leaf_value=-0.004359094783009004 0.00043202418075546104 0.0019198777233655963 -0.0070204009943289989 0.0107656756263731 0.0054787496384681045 -0.0016262359497747196 -0.0079057259947720396 -0.0080161883025358267 0.0001974573200123544 -0.0018469945944604707 -0.0097031593477764633 0.0050841472930007276 9.3131793926600189e-05 -0.00046910667393795059
leaf_weight=28.052234353031963 5253.6786858770065 10.255483624525366 10.835735650733112 12.842379562556745 6.948346323799341 8.1716865496709925 57.843085589818656 42.941158257424831 285.52940739691257 206.07494802027941 58.410692445933819 266.32826915383339 6371.5805018879473 5120.1411276562139
leaf_count=4349 61916 1147 644 1089 1231 830 10830 430 2584 1763 535 3159 62143 121386
internal_value=-8.30864e-06 -0.00342868 0.000162038 0.00274084 -0.00134837 0.00727658 -0.00634656 2.08069e-05 -0.000154422 -0.00187835 -0.00400965 -7.17915e-05 0.000304394 -0.000554915
internal_weight=17739.6 134.949 66.8504 56.0146 35.0006 21.0141 68.0986 17604.7 12351 550.015 264.486 11801 6637.91 5163.08
internal_count=274036 20120 8143 7499 5580 1919 11977 253916 192000 4882 2298 187118 65302 121816
is_linear=0
shrinkage=0.03


Tree=183
num_leaves=15
num_cat=0
split_feature=6 3 7 4 8 10 3 10 4 11 3 3 3 8
split_gain=1.88832 1.37339 1.43598 3.50743 3.03766 4.20078 2.84779 4.99067 5.80182 5.15538 4.82216 4.66041 4.61133 4.52377
threshold=5.788889249571695 0.37680592811401564 0.1070556628253632 0.18465909090909094 0.5268858976673908 0.31670439277212503 0.10343821412571083 0.18411893396096093 0.41421568627450983 -0.86940428163143579 0.073616688305191719 0.10595963422768236 0.079469725670761784 0.19901073751732082
decision_type=2 2 2 2 2 2 2 2 2 2 2 2 2 2
left_child=1 2 3 -1 5 6 7 8 10 12 13 -8 -9 -4
right_child=-2 -3 4 -5 -6 -7 11 9 -10 -11 -12 -13 -14 -15
leaf_value=-0.0061063852499295794 -0.0055573897225118926 -0.0046406837956666155 -0.0015512430411693402 -0.00015000808230641253 -0.0028350515900446758 0.0066614852841025245 -0.0050599312858958835 0.0079443510598133302 -0.0079895866313069858 0.0079196383049326066 0.00019101730679961707 0.00016471578310132479 0.00015214248164257827 0.010198616466072626
leaf_weight=74.762352883815765 40.024860780220479 41.995695404708385 39.246462352573872 10353.948988503776 245.39786531031132 82.183373354375362 143.67375553399324 70.778863988816738 56.420817501842976 164.43546711653471 1169.9410884529352 4845.0477685406804 339.45711904764175 72.069943323731422
leaf_count=718 9613 372 423 200692 2071 604 1221 591 499 1262 11257 41302 2697 714
internal_value=-8.50699e-06 8.73631e-06 2.37239e-05 -0.000201418 0.000348278 0.00046598 0.000377911 0.00135731 0.000339744 0.00365704 0.00079474 -4.69995e-07 0.00172936 0.00636373
internal_weight=17739.4 17699.4 17657.4 10428.7 7228.65 6983.25 6901.07 1912.35 1337.68 574.671 1281.26 4988.72 410.236 111.316
internal_count=274036 264423 264051 201410 62641 60570 59966 17443 12893 4550 12394 42523 3288 1137
is_linear=0
shrinkage=0.03


Tree=184
num_leaves=15
num_cat=0
split_feature=3 6 10 3 10 11 6 12 7 7 9 10 7 6
split_gain=1.84875 1.53053 2.10885 1.72686 2.14135 1.87492 2.43166 1.58018 1.85743 3.26702 3.34779 3.13978 2.25038 2.93565
threshold=0.019407291091431734 5.2804079136148419 0.21357223796617167 0.024191545538525212 0.33678488549221003 -5.1765761872210314 5.4273699703215916 2.602003343538398 0.011448176262935103 0.010534141652292868 2.2001832529860863 0.12260418901207577 0.0056085051542415455 4.7591779066044522
decision_type=2 2 2 2 2 2 2 2 2 2 2 2 2 2
left_child=-1 7 -3 5 -5 -4 -7 -2 9 10 12 -10 -9 -14
right_child=1 2 3 4 -6 6 -8 8 11 -11 -12 -13 13 -15
leaf_value=-0.0035595193744004066 1.0603678648255883e-05 -0.0060646755022358816 -0.003043833231967572 -0.0074245649751858772 0.0053245900974956345 -0.0025285392346764465 0.012640715596442583 -0.00017390632007046534 0.0040214209681404406 0.014020566372326938 -0.0027833324020743906 -0.0090472962003028522 0.0010316824060130087 0.01393709130280215
leaf_weight=115.96352928131819 17283.329319243319 70.806289727333933 10.532939471770076 19.342878513503823 5.3350259321741751 7.8542427988722947 13.77202305337414 41.727040606550872 21.358917649835348 10.031398968771098 66.294921120628715 17.082640819251537 30.639223469421268 24.932179022580385
leaf_count=12439 232127 10226 2180 2641 591 880 1938 3040 651 396 3828 541 1276 1282
internal_value=-8.29364e-06 1.80815e-05 -0.0030769 0.00113434 -0.0036974 0.00483878 0.00835223 4.32784e-05 0.00252964 0.00380884 0.00205768 -0.0026954 0.00528733 0.00855337
internal_weight=17739 17623 127.643 56.8371 24.6779 32.1592 21.6263 17495.4 212.066 173.625 163.593 38.4416 97.2984 55.5714
internal_count=274036 261597 18456 8230 3232 4998 2818 243141 11014 9822 9426 1192 5598 2558
is_linear=0
shrinkage=0.03


Tree=185
num_leaves=15
num_cat=0
split_feature=11 5 11 3 5 6 10 7 3 8 3 10 5 10
split_gain=1.77128 1.7324 1.65489 1.32339 1.32347 2.79695 2.05364 1.22247 4.36699 4.30811 2.92366 8.18011 6.43623 4.01996
threshold=-4.6033974546458625 15.500000000000002 -4.8020008729355483 0.37680592811401564 7.5000000000000009 2.7179950858365554 0.28942880160359347 0.1070556628253632 0.074487952779820607 0.27173962588923756 0.086862864315802618 0.16287231580964504 12.500000000000002 0.15597578303162216
decision_type=2 2 2 2 2 2 2 2 2 2 2 2 2 2
left_child=1 2 -1 4 5 6 -2 8 -6 -10 11 13 -13 -9
right_child=3 -3 -4 -5 7 -7 -8 10 9 -11 -12 12 -14 -15
leaf_value=0.0038349864904003573 0.0010269191869889357 -0.0060459330380958527 -0.0042350131307590825 -0.0045497220987045072 3.1050909998230289e-05 -0.0025059003265883203 0.0072795177742073025 0.00064306424721008058 -0.0067656531496861514 -0.0012053103420932565 8.7958585555628955e-05 0.0010036597278218853 0.0093093445708024893 -0.0066339783853049785
leaf_weight=37.910989046562463 108.97099374234676 70.747769978363067 25.380232072900981 41.855225414037704 8887.1603299695998 73.575522870756686 77.293830953538418 380.49592915177345 127.03424790501595 1183.7417097240686 6325.500291146338 161.21892453730106 169.94827926158905 67.750230424106121
leaf_count=5784 748 11709 2627 372 177918 880 485 3846 1361 10322 54604 1293 1459 628
internal_value=-7.64402e-06 -0.0032644 0.00040748 1.99105e-05 3.46741e-05 0.00210013 0.0039707 1.86447e-06 -0.000208499 -0.00181464 0.00030361 0.00201907 0.00548466 -0.00063602
internal_weight=17738.6 134.039 63.2912 17604.5 17562.7 259.84 186.265 17302.8 10197.9 1310.78 7104.91 779.413 331.167 448.246
internal_count=274036 20120 8411 253916 253544 2113 1233 251431 189601 11683 61830 7226 2752 4474
is_linear=0
shrinkage=0.03


Tree=186
num_leaves=15
num_cat=0
split_feature=6 3 9 7 7 11 8 3 8 9 3 9 10 10
split_gain=1.73006 1.26265 1.46868 1.98047 5.64345 4.67953 2.65891 3.51222 6.83289 4.57211 4.04852 4.05269 3.13814 5.09766
threshold=5.788889249571695 0.37680592811401564 1.8462830653215196 0.14680196563243927 0.17137257699823594 -1.0957304363097344 0.5268858976673908 0.17924119394828045 0.31612821231152272 1.7052298814355191 0.30380098546291129 1.8005263131333182 0.21172273687738577 0.24142560701894236
decision_type=2 2 2 2 2 2 2 2 2 2 2 2 2 2
left_child=1 2 3 -1 5 -5 7 12 -9 -10 -11 -12 -6 -14
right_child=-2 -3 -4 4 6 -7 -8 8 9 10 11 -13 13 -15
leaf_value=5.197474396508113e-05 -0.0053421021632596736 -0.0044602142963582067 -0.00015560254868533932 -0.0008711873763400913 -0.0049209547127417128 0.0077197421401943222 -0.0034065201440439405 0.0091795365087111811 0.0034362658510944505 0.0025612247160229492 -0.0077198776061073414 0.0020945188765549433 0.0040415521094072232 -0.0021111032975987174
leaf_weight=3652.1663597389124 39.549255328718573 41.71744929254055 12377.238209525589 76.599465034902096 112.10762222111225 180.5672088637948 125.49371807277203 97.644557483494282 306.79260038584471 101.25329235196114 105.78600101172924 47.342205829918385 187.97430804371834 286.14626555889845
leaf_count=55407 9613 372 195808 521 825 1286 1260 723 2556 925 934 415 1381 2010
internal_value=-7.65805e-06 8.77571e-06 2.31112e-05 0.000441311 0.00130643 0.00525387 0.000516881 0.000948182 0.00242745 0.0010442 -0.00187142 -0.00476943 -0.00073335 0.000377372
internal_weight=17738.4 17698.8 17657.1 5279.87 1627.71 257.167 1370.54 1245.05 658.819 561.174 254.381 153.128 586.228 474.121
internal_count=274036 264423 264051 68243 12836 1807 11029 9769 5553 4830 2274 1349 4216 3391
is_linear=0
shrinkage=0.03


Tree=187
num_leaves=15
num_cat=0
split_feature=3 8 8 9 6 4 6 10 3 8 8 6 4 9
split_gain=1.69665 1.54763 1.65269 2.16631 3.00679 1.41636 1.40147 2.04309 1.69017 2.84009 1.93758 1.68065 1.57015 3.45487
threshold=0.019407291091431734 0.20340925370019705 0.22666258476817219 1.925001347811172 5.3281188283429985 0.97222222222222232 5.2804079136148419 0.21357223796617167 0.024191545538525212 0.5268858976673908 0.46707909178713253 5.4273699703215916 0.77350427350427364 2.2001832529860863
decision_type=2 2 2 2 2 2 2 2 2 2 2 2 2 2
left_child=1 -1 -3 -4 -5 -6 12 -8 10 -10 11 -9 -2 -14
right_child=6 2 3 4 5 -7 7 8 9 -11 -12 -13 13 -15
leaf_value=0.0024714847839871624 -3.4751593044704666e-05 -0.011158729486706098 -0.009094321224870177 -0.0042792260326048465 0.011533265794376624 0.00030663981403165137 -0.0059073318887479034 -0.0022049739139042971 -0.0080911506340824689 0.0064241287209429775 -0.003130482382782063 0.011348467470553937 0.0019230775165691731 -0.0020117892546382158
leaf_weight=22.507190603297204 16324.094081735238 14.908009567297993 13.543395400512962 36.737703420221806 8.0699188653379696 19.517862059175968 70.255769112613052 5.4546710015274611 19.023367294576023 5.5431305980309835 10.589085957966743 16.122090567369014 929.68461120594293 241.89521672949195
leaf_count=1683 200818 1369 2357 2386 1214 3430 10226 624 2618 614 1600 2774 32559 9764
internal_value=-7.44995e-06 -0.00341838 -0.00499235 -0.00220014 0.000696608 0.00649614 1.77519e-05 -0.00295075 0.00118027 -0.00362217 0.00483358 0.008423 4.18073e-05 0.00109549
internal_weight=17737.9 115.284 92.7769 77.8689 64.3255 27.5878 17622.7 126.988 56.7323 24.5665 32.1658 21.5768 17495.7 1171.58
internal_count=274036 12439 10756 9387 7030 4644 261597 18456 8230 3232 4998 3398 243141 42323
is_linear=0
shrinkage=0.03


Tree=188
num_leaves=15
num_cat=0
split_feature=6 3 9 4 7 3 9 11 3 8 7 7 3 8
split_gain=1.64112 1.21 1.37988 2.47069 3.45918 2.7324 2.19203 2.89628 2.09693 6.29323 2.30267 3.76766 4.2508 5.89412
threshold=5.788889249571695 0.37680592811401564 1.3772626059130288 0.22649572649572652 0.059336613533021415 0.063575780536609436 1.2869005265451376 -3.5481186001187672 0.34745145726321047 0.39403512385873468 0.30328073515712589 0.23310950594357985 0.30380098546291129 0.24879898967076058
decision_type=2 2 2 2 2 2 2 2 2 2 2 2 2 2
left_child=1 2 3 -1 5 6 -5 -8 10 -10 11 -4 13 -13
right_child=-2 -3 8 4 -6 -7 7 -9 9 -11 -12 12 -14 -15
leaf_value=-0.0027148875374207642 -0.0052162148501533777 -0.004371662352753684 -8.2272219820617561e-05 0.0079719249667983428 0.0070574699779172058 -0.0027395781243555769 -0.0062430218556673127 0.0055192618468477171 0.0070048649283164276 -0.0042562674414775006 -0.0014347669621332943 0.0087902306621812903 -0.0014939169747544834 0.0016915841592279183
leaf_weight=73.536235749721527 39.274904410820454 41.581582635641098 15121.616833495442 41.383759311400354 103.19907513260841 100.15047577209771 23.93811251828447 21.651907175779343 111.62561783194542 56.66818793118 1002.8889210596681 114.25183718651533 252.68629565834999 633.56224147975445
leaf_count=653 9613 372 241157 872 662 893 735 231 820 559 9113 1022 2207 5127
internal_value=-7.54077e-06 8.42499e-06 2.24417e-05 0.00181345 0.00303747 0.000461218 0.00400777 -0.000673378 -1.6781e-05 0.00317499 -5.08988e-05 3.64394e-05 0.00180537 0.00292765
internal_weight=17738 17698.7 17657.2 363.86 290.323 187.124 86.9738 45.59 17293.3 168.294 17125 16122.1 1000.5 747.814
internal_count=274036 264423 264051 4046 3393 2731 1838 966 260005 1379 258626 249513 8356 6149
is_linear=0
shrinkage=0.03


Tree=189
num_leaves=15
num_cat=0
split_feature=11 5 11 9 11 4 9 6 4 4 8 10 9 4
split_gain=1.59015 1.65096 1.60629 1.24675 2.57701 3.57769 4.01125 4.29812 3.537 2.88514 3.09573 3.18372 3.06029 2.45175
threshold=-4.6033974546458625 15.500000000000002 -4.8020008729355483 2.0281850018255283 -0.30673026742247539 0.12916666666666668 2.1570552039793141 1.5789255615152133 0.12916666666666668 0.07417582417582419 0.22719547138716709 0.13591509317125558 2.314311775978211 0.07417582417582419
decision_type=2 2 2 2 2 2 2 2 2 2 2 2 2 2
left_child=1 2 -1 13 5 6 7 -5 9 -6 11 12 -11 -2
right_child=3 -3 -4 4 8 -7 -8 -9 -10 10 -12 -13 -14 -15
leaf_value=0.0038295482276735292 -0.0017425771484497682 -0.0058351671555136302 -0.0041316796807617361 -0.0041639987593516323 0.00099189230033479661 -0.000381954687938708 -0.0071440681488333276 0.0062873993150857508 0.0030993183967668847 -0.0057398274330007137 -0.004588608794457447 0.0054293083773512473 0.0021780992232152802 0.00036449975185003005
leaf_weight=37.917710242792964 510.98067888617516 70.011070083361119 25.22197673888877 69.389651253819466 821.56215121597052 6107.3207404976711 136.44875217974186 46.043572336435318 425.41478929668665 73.978784628212452 199.00771259516478 63.577758923172951 74.985765904188156 9075.6599185401574
leaf_count=5784 4704 11709 2627 616 7551 112767 1427 445 3899 704 1808 576 756 118663
internal_value=-7.09436e-06 -0.00310216 0.000466685 1.89362e-05 -0.000256866 -0.000531518 -0.00393265 0.000248456 0.000791541 -3.23049e-05 -0.00203985 0.000491768 -0.00191947 0.000249643
internal_weight=17737.5 133.151 63.1397 17604.4 8017.73 6359.2 251.882 115.433 1658.53 1233.11 411.55 212.542 148.965 9586.64
internal_count=274036 20120 8411 253916 130549 115255 2488 1061 15294 11395 3844 2036 1460 123367
is_linear=0
shrinkage=0.03


Tree=190
num_leaves=15
num_cat=0
split_feature=3 6 11 9 4 6 10 6 12 7 8 7 8 6
split_gain=1.57232 1.577 4.66186 2.11899 1.56467 1.28459 1.97418 1.66252 1.56558 1.78089 3.44174 3.17624 4.26598 3.37149
threshold=0.019407291091431734 5.3281188283429985 -4.4832857056822357 2.4462945366407971 0.97222222222222232 5.2804079136148419 0.21357223796617167 5.377359547207436 2.602003343538398 0.011448176262935103 0.24068541547754876 0.010534141652292868 0.24021986153610536 4.9708543639281633
decision_type=2 2 2 2 2 2 2 2 2 2 2 2 2 2
left_child=1 3 4 -1 -3 8 -7 -8 -2 11 -11 12 -10 -14
right_child=5 2 -4 -5 -6 6 7 -9 9 10 -12 -13 13 -15
leaf_value=-0.0078484429903606222 7.4666367703477104e-06 0.0027142954255266905 0.00994195255657606 0.0032180890922438609 -0.0081107785643112027 -0.0057529452224174332 -0.005282036488411663 0.0037856380909439616 -0.0043163235297995189 0.0036584253079892794 -0.010203882684373514 0.013805650321775807 0.0084784493041477078 -0.0015367027402882027
leaf_weight=56.824107794556767 17284.047878164798 8.7902816312853265 14.943554819095878 10.948823382146655 23.204164441442117 69.722361310385168 11.565207697451113 45.085562359541655 51.653729502111673 25.212581377476454 13.086643874645231 10.149643799290059 71.813488229177892 40.253553593531251
leaf_count=3780 232127 1537 1763 527 4832 10226 1247 6983 3102 787 405 396 3375 2949
internal_value=-7.19479e-06 -0.00329807 0.0008461 -0.00580144 -0.00521959 1.70132e-05 -0.00283123 0.00121623 3.99933e-05 0.00251427 -0.00261689 0.0037626 0.00203354 0.00512435
internal_weight=17737.3 114.711 46.938 67.7729 31.9944 17622.6 126.373 56.6508 17496.2 212.17 38.2992 173.87 163.721 112.067
internal_count=274036 12439 8132 4307 6369 261597 18456 8230 243141 11014 1192 9822 9426 6324
is_linear=0
shrinkage=0.03


Tree=191
num_leaves=15
num_cat=0
split_feature=6 3 9 7 7 7 8 8 3 8 10 4 9 4
split_gain=1.51061 1.16425 1.303 1.90495 5.28908 3.4382 2.60581 2.47607 3.37824 6.29924 4.6139 4.33139 3.80262 3.11466
threshold=5.788889249571695 0.37680592811401564 1.8462830653215196 0.14680196563243927 0.17137257699823594 0.1583463465006564 0.43751634515403098 0.5268858976673908 0.17924119394828045 0.34286957099281451 0.30854390169055218 0.069047619047619066 1.7669551885720913 0.080128205128205135
decision_type=2 2 2 2 2 2 2 2 2 2 2 2 2 2
left_child=1 2 3 -1 5 6 -5 8 -6 -10 11 12 -11 -13
right_child=-2 -3 -4 4 7 -7 -8 -9 9 10 -12 13 -14 -15
leaf_value=3.4076166046716243e-05 -0.0050234655841505781 -0.0042927656257900773 -0.00014634150406983131 0.0048615374315766928 -0.00073529100176807571 0.0083257692643905323 -0.0028312594813456296 -0.0032943441065837516 0.0071725794971729765 0.0092467807906172223 0.0079610654653466291 -0.0078246545076137881 -0.00099024748294433414 -0.00072571720212258046
leaf_weight=3653.8655394506641 38.860069325193763 41.460895895957947 12373.851958199404 70.682520225644112 586.2605352550745 127.13751369714737 60.29066289961338 125.03802623599768 164.93025454878807 51.324465163052082 51.614815518260002 55.85798629373312 59.203349553048611 276.73331989347935
leaf_count=55407 9613 372 195808 505 4216 879 423 1260 1219 479 448 535 557 2315
internal_value=-6.9303e-06 8.32918e-06 2.2064e-05 0.000415806 0.00126387 0.00507774 0.00139328 0.000498648 0.000913965 0.00236346 0.000596346 -0.000494079 0.00430031 -0.00220418
internal_weight=17737.1 17698.3 17656.8 5282.94 1629.07 258.111 130.973 1370.96 1245.92 659.664 494.734 443.119 110.528 332.591
internal_count=274036 264423 264051 68243 12836 1807 928 11029 9769 5553 4334 3886 1036 2850
is_linear=0
shrinkage=0.03


Tree=192
num_leaves=15
num_cat=0
split_feature=11 11 0 3 8 8 4 0 9 8 11 6 10 10
split_gain=1.51273 3.24317 3.26845 3.59814 2.94455 3.59583 4.49399 3.45037 3.10092 2.89641 2.47374 3.97976 2.42269 2.43152
threshold=-3.5076391834373966 -3.3895860005876952 9.5000000000000018 0.02079352616939114 0.31774527464915747 0.29263341644418089 0.92582417582417598 7.5000000000000009 2.1368898992759218 0.5268858976673908 -3.233966637592411 3.6724951675895521 0.17827455168055786 0.19044847757446084
decision_type=2 2 2 2 2 2 2 2 2 2 2 2 2 2
left_child=4 2 9 -4 5 -1 -7 -6 12 -2 11 -3 -8 -14
right_child=1 10 3 -5 7 6 8 -9 -10 -11 -12 -13 13 -15
leaf_value=-0.0012638500205531273 -0.0039507913073793099 0.0056980762897105427 -0.0048344482801211102 0.0087374977932083188 -0.0056479053719474728 -0.012531180486344905 -0.010633257054381917 0.00062987221301836148 0.0091363607040990391 0.0061296128829363486 6.6067050615506648e-05 -0.0040546094089071068 0.0095820517510918704 -0.0049715302874669192
leaf_weight=218.87323363684118 61.076428011059761 30.59506107121706 10.969683290459214 96.548170177266002 73.782526110764593 53.879435466835275 9.5995467205066287 685.57137706317008 8.6572434322442842 23.820032097399235 16205.895962126553 244.23143255244941 5.4135334729216975 7.6458177289459854
leaf_count=19878 1471 350 606 3685 1519 3943 1073 37829 710 333 193485 7657 645 852
internal_value=-6.44552e-06 6.39305e-05 0.00379189 0.00693044 -0.0010954 -0.00351377 -0.00823942 -7.76969e-05 0.000811531 -0.000626752 1.69977e-05 -0.00273018 -0.00474135 0.0029587
internal_weight=17736.6 16673.1 192.414 107.518 1063.42 304.069 85.1956 759.354 31.3161 84.8965 16480.7 274.826 22.6589 13.0594
internal_count=274036 207587 6095 4291 66449 27101 7223 39348 3280 1804 201492 8007 2570 1497
is_linear=0
shrinkage=0.03


Tree=193
num_leaves=15
num_cat=0
split_feature=11 11 10 11 4 8 11 3 0 10 3 11 4 10
split_gain=1.46769 3.76183 4.2063 2.01724 2.10577 4.06819 1.92451 2.82448 2.33563 2.09582 1.93658 1.90903 3.51985 1.69138
threshold=-4.0754590133786008 -4.1737567642749651 0.30854390169055218 -3.9812129897888835 0.70294117647058829 0.33115956764440213 -4.4276580975486395 0.021700070390207951 11.500000000000002 0.16979703937445659 0.030380098546291135 -3.9359096621349452 0.93095238095238109 0.13495601071841071
decision_type=2 2 2 2 2 2 2 2 2 2 2 2 2 2
left_child=1 6 -3 4 -2 -6 -1 9 10 13 -9 12 -5 -8
right_child=3 2 -4 11 5 -7 7 8 -10 -11 -12 -13 -14 -15
leaf_value=-0.0021844173990427612 0.010222797158130258 -0.010775200250870308 0.0038126440535315182 -0.0093953934344592031 0.0075898019237586696 -0.0050679013984948991 0.0066268513684637096 0.00755066753087545 -0.0052101810168779447 0.01121608484159068 -0.0015369080468257545 3.036101786131258e-05 0.0056529220475304053 -0.0046612427394801493
leaf_weight=203.61297207465395 20.210049137473106 53.748165030498058 15.415485912933944 31.724331581033766 26.996631176676601 35.38577900826931 4.6251819813624051 23.716756472829729 43.4027119865641 25.431263148318976 37.462923136074096 17190.632486545946 8.4172532204538566 15.602248563431202
leaf_count=26133 665 3757 377 1482 2071 1339 579 1317 3132 1691 1529 227754 527 1683
internal_value=-6.47514e-06 -0.0017215 -0.00742377 3.6882e-05 0.00433785 0.000819255 -0.000350369 0.00210787 -0.000774211 0.00726836 0.00277904 1.25111e-05 -0.00556055 -0.00035743
internal_weight=17736.4 423.018 69.1637 17313.4 82.5925 62.3824 353.854 150.241 104.582 45.6587 61.1797 17230.8 40.1416 20.2274
internal_count=274036 40198 4134 233838 4075 3410 36064 9931 5978 3953 2846 229763 2009 2262
is_linear=0
shrinkage=0.03


Tree=194
num_leaves=15
num_cat=0
split_feature=6 7 4 9 7 10 8 8 4 6 0 9 4 8
split_gain=1.42197 1.10733 2.82872 3.35511 3.09114 2.65557 2.43668 3.65583 4.3084 3.53029 3.505 6.07382 2.82422 3.50752
threshold=5.788889249571695 0.06830590478145572 0.32291666666666669 1.2869005265451376 0.038641745578284099 0.36486195457532639 0.23968436736427981 0.24559162111585364 0.43303571428571436 3.2248559203275584 7.5000000000000009 1.5710959258255943 0.71008403361344552 0.32730644829256944
decision_type=2 2 2 2 2 2 2 2 2 2 2 2 2 2
left_child=1 2 4 -4 -1 6 -5 8 -8 12 -11 -12 -9 -14
right_child=-2 -3 3 5 -6 -7 7 9 -10 10 11 -13 13 -15
leaf_value=0.004099965491985701 -0.0048863336261059003 0.00021891321211237001 0.0050634277139702845 -0.0011652984015700664 -0.0029274606395887828 -0.0039373989691504517 -0.005216134629526757 0.00065903364772981548 0.0063574428637271294 -0.0026884600030775791 0.0075242914257639447 -0.00041049223783809588 0.0096684312834553407 7.5053211252381949e-05
leaf_weight=49.6375382989645 38.568801783258095 9915.1292949318886 96.786303753964603 1465.8362812818959 533.4059990644455 149.90541032189503 23.584715202450752 2260.3732718974352 141.60324662365019 580.23125717462972 75.235615136567503 2282.7241684528999 57.008934993296862 65.952592711895704
leaf_count=574 9613 89298 1346 37263 5807 2783 314 28617 3683 9804 2718 80827 711 678
internal_value=-5.94677e-06 8.81834e-06 -0.000258762 -9.38723e-05 -0.00224135 -0.000174675 -8.52438e-05 0.000205695 0.00440836 6.32139e-05 -0.000631349 -0.000111354 0.000918069 0.00509047
internal_weight=17736 17697.4 7782.29 7199.24 583.044 7102.46 6952.55 5486.71 165.188 5321.53 2938.19 2357.96 2383.33 122.962
internal_count=274036 264423 175125 168744 6381 167398 164615 127352 3997 123355 93349 83545 30006 1389
is_linear=0
shrinkage=0.03


Tree=195
num_leaves=15
num_cat=0
split_feature=3 6 11 9 4 6 11 4 7 9 9 9 9 9
split_gain=1.40965 1.58411 4.43105 2.05527 1.52529 1.13241 1.70013 1.52345 3.22078 3.21787 3.84149 3.16571 6.85216 4.56228
threshold=0.019407291091431734 5.3281188283429985 -4.4832857056822357 2.4462945366407971 0.97222222222222232 5.2804079136148419 -4.8793697306597066 0.77350427350427364 0.011448176262935103 2.2001832529860863 2.1468523193807534 1.5291899590487417 1.7052298814355191 1.7669551885720913
decision_type=2 2 2 2 2 2 2 2 2 2 2 2 2 2
left_child=1 3 4 -1 -3 7 -7 8 -2 10 11 -9 -13 -14
right_child=5 2 -4 -5 -6 6 -8 9 -10 -11 -12 12 13 -15
leaf_value=-0.0076852257271766882 -0.002748673803556919 0.0027617074562375304 0.0097960339182881738 0.0031993308101331526 -0.0078928137648781403 0.0017104318771121699 -0.0049471118180994421 0.0057561109123887037 2.8844082082693585e-05 -0.0019283660658832651 0.0074877628186718536 -0.0052622161491958858 0.0085009672835341422 0.00083025374718660771
leaf_weight=56.321581088006496 369.79889305867255 8.7561220286879706 15.051810609642414 10.962711664848028 22.832385285524651 44.317227022722363 81.208337588468567 103.38307528942823 15953.963165763766 241.17623664718121 83.836782441474497 136.83237034082413 65.912360805086792 541.02723708283156
leaf_count=3780 15573 1537 1763 527 4832 7785 10671 2289 185245 9764 3546 3824 1988 20912
internal_value=-5.47852e-06 -0.00313103 0.000995972 -0.00565186 -0.00500116 1.73743e-05 -0.00266496 3.88852e-05 -3.65436e-05 0.00107651 0.00187316 0.00119692 0.000461934 0.00184821
internal_weight=17735.4 113.925 46.6403 67.2843 31.5885 17621.5 125.526 17495.9 16323.8 1172.17 930.992 847.155 743.772 606.94
internal_count=274036 12439 8132 4307 6369 261597 18456 243141 200818 42323 32559 29013 26724 22900
is_linear=0
shrinkage=0.03


Tree=196
num_leaves=15
num_cat=0
split_feature=11 5 11 9 3 10 9 8 10 11 11 7 3 7
split_gain=1.3354 1.50785 1.52543 1.13987 1.8192 2.66774 3.38593 2.46908 2.31234 2.0498 7.1249 2.8218 5.85425 2.86496
threshold=-4.6033974546458625 15.500000000000002 -4.8020008729355483 1.8462830653215196 0.30380098546291129 0.17079476091449794 1.9810261925759773 0.31774527464915747 0.15484867465966048 -1.4495947251494041 -1.3796041756115249 0.086390984872955698 0.073616688305191719 0.061297778017475525
decision_type=2 2 2 2 2 2 2 2 2 2 2 2 2 2
left_child=1 2 -1 -2 9 8 7 -7 -6 11 -11 12 13 -5
right_child=3 -3 -4 4 5 6 -8 -9 -10 10 -12 -13 -14 -15
leaf_value=0.0037907267176977874 0.00038790227986338494 -0.0054942649115757303 -0.0039810431644775575 -0.00056934605133865022 -0.002018223338938033 -0.0046487972416730475 -0.0094934984733820883 0.0015580225625049047 0.0031718704204729171 0.0049537623868679565 8.220790321347269e-05 0.0053661437857681253 -0.0056172064552393467 0.0024047763108051151
leaf_weight=37.9761225678958 5258.543464416638 68.846066418103874 24.993281982606277 4616.0483036385849 164.75545117259026 107.34240638464689 57.904659457504749 98.334766514599323 120.57407466322184 267.19152083620429 6373.0725012272596 57.731713816523552 185.34182415157557 296.36710319668055
leaf_count=5784 61916 11709 2627 116064 1518 890 535 873 1066 3159 62143 530 1959 3263
internal_value=-5.09374e-06 -0.0028544 0.000533581 1.86543e-05 -0.000138917 -0.00180356 -0.00389217 -0.00177711 0.000223877 -5.92607e-05 0.000288953 -0.000507297 -0.000589361 -0.000383142
internal_weight=17735 131.815 62.9694 17603.2 12344.7 548.911 263.582 205.677 285.33 11795.8 6640.26 5155.49 5097.76 4912.42
internal_count=274036 20120 8411 253916 192000 4882 2298 1763 2584 187118 65302 121816 121286 119327
is_linear=0
shrinkage=0.03


Tree=197
num_leaves=15
num_cat=0
split_feature=6 3 6 6 10 11 10 3 3 6 12 10 3 5
split_gain=1.31738 1.12487 1.18405 4.01995 3.78058 4.12319 5.86421 3.51591 2.86626 2.58449 2.39284 2.86264 2.72264 2.73334
threshold=5.788889249571695 0.37680592811401564 1.6193392260821904 1.4928409688502451 0.13163665217152129 -0.50310357767208003 0.25578459032525896 0.14908409465980663 0.099317270373094124 1.5789255615152133 0.89587973461402759 0.36486195457532639 0.15190049273145567 11.500000000000002
decision_type=2 2 2 2 2 2 2 2 2 2 2 2 2 2
left_child=1 2 3 -1 7 6 9 -5 -7 -6 11 12 -4 -14
right_child=-2 -3 10 4 5 8 -8 -9 -10 -11 -12 -13 13 -15
leaf_value=1.3898910541222653e-05 -0.0047182879833513004 -0.0042227997058093139 -0.0043132030028770803 -0.0061449918674109762 -0.0025533086922524336 0.00062823348115636471 0.0073177144471067218 0.0025514477232627163 0.0078090851506272801 0.0026730567584677817 -3.531924837303534e-05 0.0039515952263322581 -0.0045409494745015117 0.0025048256780740969
leaf_weight=3741.4661531075835 38.216035582590848 41.354126378893852 324.16260252892971 71.191454283893108 214.67860835790634 69.41818393021822 95.130044057965279 69.167273186147213 194.1376309543848 120.87291438132524 12510.703264132841 52.145732223987579 59.661014832556248 132.41149613261223
leaf_count=32002 9613 372 3174 688 1703 600 629 643 1670 970 219989 367 444 1172
internal_value=-5.21801e-06 8.94731e-06 2.24357e-05 0.000436974 0.00229988 0.00319902 0.00130734 -0.00202691 0.00605339 -0.000636838 -0.000122936 -0.00200098 -0.00269686 0.000145882
internal_weight=17734.7 17696.5 17655.1 4576.06 834.596 694.237 430.682 140.359 263.556 335.552 13079.1 568.381 516.235 192.073
internal_count=274036 264423 264051 38905 6903 5572 3302 1331 2270 2673 225146 5157 4790 1616
is_linear=0
shrinkage=0.03


Tree=198
num_leaves=15
num_cat=0
split_feature=11 11 12 8 8 8 4 12 9 10 10 5 7 9
split_gain=1.27689 3.10459 3.09179 2.76616 2.7592 3.47899 4.41985 3.41003 3.00326 2.39899 2.38441 2.35642 3.18378 2.76602
threshold=-3.5076391834373966 -3.3895860005876952 2.249904835165133 0.5268858976673908 0.31774527464915747 0.29263341644418089 0.92582417582417598 2.0126758453675748 2.1368898992759218 0.17827455168055786 0.19044847757446084 15.500000000000002 0.011917045274892232 2.0019646614755104
decision_type=2 2 2 2 2 2 2 2 2 2 2 2 2 2
left_child=4 2 3 -2 5 -1 -7 -6 9 -8 -11 12 -9 -13
right_child=1 -3 -4 -5 7 6 8 11 -10 10 -12 13 -14 -15
leaf_value=-0.0011498301381269805 -0.0038649543510893424 1.3534216249447761e-05 0.0067423030554862725 0.0059793953897092928 -0.0055701581356072758 -0.012319893605979126 -0.010510107044314649 0.0010037507662656328 0.0090610756607149619 0.0095362627552833725 -0.0048963173927242037 -0.0026973071417424606 0.0084729003246137892 0.0039114506597977368
leaf_weight=217.96666992851533 60.853530595079064 16481.290667341091 108.11114481650293 23.956108469516039 73.5335408677347 53.098096516914666 9.4488836380187475 336.75182028161362 8.7011908111162466 5.4364265541080368 7.5794244853314012 241.68321257852949 46.872611880302429 59.148683752631769
leaf_count=19878 1472 201492 4290 333 1520 3943 1073 18009 710 645 852 14964 947 3908
internal_value=-5.05834e-06 5.95043e-05 0.00370245 -0.000603513 -0.00100711 -0.00335625 -0.0080274 -2.34916e-05 0.000912556 -0.00460778 0.00301012 0.00067908 0.00220085 -0.00127386
internal_weight=17734.4 16674.2 192.921 84.8096 1060.22 302.231 84.264 757.99 31.1659 22.4647 13.0159 684.456 383.624 300.832
internal_count=274036 207587 6095 1805 66449 27101 7223 39348 3280 2570 1497 37828 18956 18872
is_linear=0
shrinkage=0.03


Tree=199
num_leaves=15
num_cat=0
split_feature=3 8 8 10 7 7 8 10 7 10 8 10 3 9
split_gain=1.27047 1.37881 1.83875 2.23049 2.30775 1.99612 1.1955 1.18566 1.08652 2.62969 3.50379 3.51765 3.34434 3.72293
threshold=0.019407291091431734 0.20340925370019705 0.22666258476817219 0.23888845658877947 0.0037526283655338658 0.0018910232430047488 0.18486769293965513 0.10525731623500792 0.36099178573550711 0.21357223796617167 0.5268858976673908 0.30854390169055218 0.30380098546291129 1.8005263131333182
decision_type=2 2 2 2 2 2 2 2 2 2 2 2 2 2
left_child=1 6 -3 4 5 -4 7 -1 -2 -10 11 12 13 -11
right_child=8 2 3 -5 -6 -7 -8 -9 9 10 -12 -13 -14 -15
leaf_value=0.0033660399024278238 6.4112746553806065e-05 -0.010944777248853786 -0.0038965854989277703 -0.0094133258534842505 -0.0034447762040847691 0.0088536986139907854 0.006640348305602682 -0.007017315407654592 -0.0056851132236946404 0.0074640090313412358 -0.0053508154624456504 0.0075331793517644345 -0.0023349406798551338 -0.00071874889198019268
leaf_weight=6.4480703340377676 16950.221773468424 14.586844332749022 5.6619210185017463 9.6480745791923237 37.385240927804261 23.475633112480864 10.241267041768877 5.7747566220350564 83.763132438063622 70.836968936026096 90.545670695602894 44.187293715775013 267.09387943148613 114.37440519779921
leaf_count=364 255080 1369 1484 1602 2534 3767 826 493 768 668 1075 427 2498 1081
internal_value=-4.83319e-06 -0.00298025 -0.00450233 -0.00167087 0.00097746 0.00589386 0.00250968 -0.00270317 1.68036e-05 -0.00115389 -0.000381802 0.000654743 -0.000237473 0.00273561
internal_weight=17734.2 113.222 90.7577 76.1709 66.5228 29.1376 22.4641 12.2228 17621 670.801 587.038 496.493 452.305 185.211
internal_count=274036 12439 10756 9387 7785 5251 1683 857 261597 6517 5749 4674 4247 1749
is_linear=0
shrinkage=0.03


Tree=200
num_leaves=15
num_cat=0
split_feature=3 10 7 4 9 11 3 9 4 7 3 9 11 3
split_gain=1.24347 1.34712 2.71162 1.94685 1.60638 1.43611 1.07789 1.16023 2.2431 3.3434 2.49537 1.95782 2.81415 1.87327
threshold=0.019407291091431734 0.23888845658877947 0.0053354059941901977 0.97222222222222232 2.4462945366407971 -4.2208558637173512 0.37680592811401564 1.3772626059130288 0.22649572649572652 0.059336613533021415 0.063575780536609436 1.2869005265451376 -3.5481186001187672 0.34745145726321047
decision_type=2 2 2 2 2 2 2 2 2 2 2 2 2 2
left_child=1 2 3 5 -4 -1 7 8 -2 10 11 -10 -13 -9
right_child=6 -3 4 -5 -6 -7 -8 13 9 -11 -12 12 -14 -15
leaf_value=0.011050685771790685 -0.0026479246543977728 -0.0093369408434488856 -0.0087135722283674059 -0.0015362587136109843 0.0021336810903515887 -0.0010035475782325847 -0.004131292020246655 -3.9101816348563859e-05 0.0074005074538289412 0.0067712541065703792 -0.0027411118056396137 -0.0062062915153113631 0.0053828859322722217 0.0030048196255478333
leaf_weight=12.690477740019562 73.358431912958622 9.5592539252247644 30.650543575175107 40.504020615713671 9.9663702864199859 9.7150411200709623 41.213352024555206 17045.969763730187 42.180179150775075 103.80008873343468 100.1395546272397 23.909284899011254 21.766282241791487 168.92216612398624
leaf_count=1763 653 1602 1683 6068 439 884 372 255640 963 662 893 804 231 1379
internal_value=-5.07896e-06 -0.00295029 -0.00125357 0.00251481 -0.00619432 0.0075175 1.63153e-05 2.95524e-05 0.0016689 0.00283056 0.000315171 0.0036905 -0.000718142 -6.64322e-06
internal_weight=17734.3 113.086 103.526 62.9095 40.6169 22.4055 17621.3 17580 365.154 291.795 187.995 87.8557 45.6756 17214.9
internal_count=274036 12439 10837 8715 2122 2647 261597 261225 4206 3553 2891 1998 1035 257019
is_linear=0
shrinkage=0.03


Tree=201
num_leaves=15
num_cat=0
split_feature=6 9 4 3 8 9 11 11 8 4 4 3 10 4
split_gain=1.24289 1.06184 2.69456 4.08901 2.90005 7.59113 2.62877 3.59186 4.87829 6.46645 5.68928 5.46596 3.96253 3.80172
threshold=5.788889249571695 2.0077715796173679 0.07417582417582419 0.30380098546291129 0.4850205704729757 1.8005263131333182 -2.0843333985671015 -2.0174676254996027 0.40985279163372873 0.32291666666666669 0.42261904761904767 0.06076019709258227 0.21921974254136883 0.23303167420814483
decision_type=2 2 2 2 2 2 2 2 2 2 2 2 2 2
left_child=1 2 3 4 5 -1 -4 12 9 13 -10 -11 -8 -9
right_child=-2 -3 6 -5 -6 -7 7 8 10 11 -12 -13 -14 -15
leaf_value=0.0091419705438258447 -0.0045940006279056953 -0.00023106721872272494 -0.00033325155663603193 -0.0071075504862093226 -0.0057049463598335595 -0.0016267295387757783 -0.0013903821576639161 0.0013559419239367074 -0.0011863924899920136 0.0025805713934321231 0.0045933105679859167 -0.001657166118266271 0.0078688898284642646 0.0040162374614256691
leaf_weight=60.820558175444603 37.958093591732904 8561.1808270099573 3167.8980317516252 92.623659424483776 61.196634650230408 250.81335310637951 56.188049826771021 1519.2841503173113 1649.8300179168582 371.66751637682319 154.05961288511753 926.31968061625957 110.88531809300184 713.37911681830883
leaf_count=545 9613 139736 73467 877 649 2228 742 12107 13503 4299 1152 7991 1042 6085
internal_value=-4.95352e-06 8.77238e-06 0.000233558 -0.00195418 -0.000448533 0.000798273 0.000354187 0.000749852 0.000606603 0.00125327 -0.000658973 -0.000428108 0.00489692 0.00222709
internal_weight=17734.1 17696.1 9134.97 465.454 372.831 311.634 8669.51 5501.61 5334.54 3530.65 1803.89 1297.99 167.073 2232.66
internal_count=274036 264423 124687 4299 3422 2773 120388 46921 45137 30482 14655 12290 1784 18192
is_linear=0
shrinkage=0.03


Tree=202
num_leaves=15
num_cat=0
split_feature=11 11 10 11 5 10 11 9 11 3 0 7 9 7
split_gain=1.20135 3.70596 4.04249 2.01024 1.88352 2.59812 1.7908 1.91931 1.73781 2.70779 2.20987 2.08734 1.95973 1.74398
threshold=-4.0754590133786008 -4.1737567642749651 0.30854390169055218 -3.9812129897888835 16.500000000000004 0.24142560701894236 -3.9359096621349452 2.0917769211997883 -4.4276580975486395 0.021700070390207951 11.500000000000002 0.0056085051542415455 1.4693127104713464 0.0046158498685396959
decision_type=2 2 2 2 2 2 2 2 2 2 2 2 2 2
left_child=1 8 -3 4 5 -2 7 -5 -1 11 12 13 -11 -10
right_child=3 2 -4 6 -6 -7 -8 -9 9 10 -12 -13 -14 -15
leaf_value=-0.0019620320413492182 0.0099043203392872852 -0.010564450324693855 0.0037373852053732663 -0.0080850567135238843 -0.0043880725095188618 -0.00043334073391460118 2.7339218458732438e-05 0.0034792351048390769 0.0052474232338301247 -0.0039470243403761625 -0.0050518959059588486 0.01450049169382972 0.0055471442171165213 -0.0048706364699465723
leaf_weight=201.90177198708989 40.098827539011836 53.039012285415083 15.476761661469935 31.616300486493856 8.2287925011478347 34.289899477735162 17190.599723347463 8.1947639761492592 28.16611516661942 16.409798257984221 43.045465337112546 7.7815440986305466 44.878639227245003 9.8778372751548869
leaf_count=26133 2575 3757 377 1368 507 993 227754 641 2998 429 3132 321 2417 634
internal_value=-4.68858e-06 -0.00156077 -0.00724284 3.44309e-05 0.00432737 0.00586603 1.01008e-05 -0.00540393 -0.000204173 0.00212294 -0.000712785 0.00716284 0.00272886 0.0019859
internal_weight=17733.6 420.577 68.5158 17313 82.6175 74.3887 17230.4 39.8111 352.061 150.159 104.334 45.8255 61.2884 38.044
internal_count=274036 40198 4134 233838 4075 3568 229763 2009 36064 9931 5978 3953 2846 3632
is_linear=0
shrinkage=0.03


Tree=203
num_leaves=15
num_cat=0
split_feature=6 3 7 11 8 10 4 10 3 11 8 10 8 3
split_gain=1.17418 1.03199 1.11064 5.16646 4.89618 3.95812 3.83299 3.57684 3.44745 5.14282 2.93728 2.59099 2.72032 2.52873
threshold=5.788889249571695 0.37680592811401564 0.1583463465006564 -0.8324463741746323 0.34286957099281451 0.21357223796617167 0.18465909090909094 0.20356743358037263 0.14411193125933389 -0.71314984786679469 0.5268858976673908 0.26868935724717152 0.49642971791382967 0.15190049273145567
decision_type=2 2 2 2 2 2 2 2 2 2 2 2 2 2
left_child=1 2 6 11 5 -5 13 -6 -9 -10 -11 -4 -13 -1
right_child=-2 -3 3 4 7 -7 -8 8 9 10 -12 12 -14 -15
leaf_value=-0.0034990683974628163 -0.0044752316219963551 -0.0040539078326042709 0.00066966873430775273 0.0005583153166395376 -0.0052188600449139724 0.0050151366472765066 -1.3858195972911241e-06 0.0051403587833001715 -0.007156396784161672 0.00010604595637695694 -0.005293656770370081 0.010348207222067951 0.0019239052295672819 0.00065709729715457844
leaf_weight=460.99914307892323 37.713965423638001 41.092518404126167 101.84560038894415 2817.0110830143094 169.53477690368891 177.07905067503452 12454.906193483854 69.739620231091976 99.841520071029663 896.41225685179234 85.802630446851254 76.114138260483742 68.964131280779839 176.34654602408409
leaf_count=4552 9613 372 760 24445 1497 1275 219196 489 736 7634 1012 506 442 1507
internal_value=-4.4834e-06 8.8271e-06 2.17168e-05 0.000424008 0.000175081 0.00084559 -0.000118797 -0.00133671 -0.000705541 -0.00114745 -0.000438183 0.00451526 0.00689917 -0.00236044
internal_weight=17733.4 17695.7 17654.6 4562.34 4315.42 2994.09 13092.3 1321.33 1151.8 1082.06 982.215 246.924 145.078 637.346
internal_count=274036 264423 264051 38796 37088 25720 225255 11368 9871 9382 8646 1708 948 6059
is_linear=0
shrinkage=0.03


Tree=204
num_leaves=15
num_cat=0
split_feature=3 6 11 9 7 3 9 3 8 8 7 7 3 8
split_gain=1.15498 1.5573 4.09026 1.9133 1.04659 0.993025 1.13243 1.72659 5.71544 2.2412 2.06295 3.35726 3.8581 5.58014
threshold=0.019407291091431734 5.3281188283429985 -4.4832857056822357 2.4462945366407971 0.0033520721995408289 0.37680592811401564 1.3772626059130288 0.34745145726321047 0.39403512385873468 0.3154142874010652 0.30328073515712589 0.23310950594357985 0.30380098546291129 0.24879898967076058
decision_type=2 2 2 2 2 2 2 2 2 2 2 2 2 2
left_child=1 3 4 -1 -3 6 -2 10 9 -9 11 -8 13 -13
right_child=5 2 -4 -5 -6 -7 7 8 -10 -11 -12 12 -14 -15
leaf_value=-0.0073658730259987008 0.0016481828397166779 -0.0063857246885932759 0.0095592903948469154 0.0031162972267587525 0.0032978964399186148 -0.0039735491007846747 -6.8010410455314398e-05 0.0015156149675959055 -0.0042012401243079426 0.010024341863980209 -0.0013494961324308969 0.0084591110601076464 -0.001434816367442484 0.0015768899141914987
leaf_weight=55.359683194663376 365.22640883922577 28.008215113775808 15.229013075586407 11.02494780346751 2.9951759018003932 40.971055157482624 15041.755321111763 55.548510283231735 56.550818115472794 57.306329824030399 1000.5228644609451 115.12647307664156 252.27268110960722 635.21799098700285
leaf_count=3780 4206 6023 1763 527 346 372 238171 407 559 413 9113 1022 2207 5127
internal_value=-4.50358e-06 -0.00284824 0.00120321 -0.00537152 -0.00467992 1.60786e-05 2.87565e-05 -7.00698e-06 0.00288031 0.00650541 -3.82107e-05 4.47448e-05 0.00171242 0.00277793
internal_weight=17733.1 112.617 46.2324 66.3846 31.0034 17620.5 17579.5 17214.3 169.406 112.855 17044.9 16044.4 1002.62 750.344
internal_count=274036 12439 8132 4307 6369 261597 261225 257019 1379 820 255640 246527 8356 6149
is_linear=0
shrinkage=0.03


Tree=205
num_leaves=15
num_cat=0
split_feature=11 6 4 4 9 9 5 8 3 11 4 8 8 8
split_gain=1.14167 3.06009 2.17139 4.31228 2.70762 2.01564 3.71964 2.57305 4.77888 3.48323 3.12332 2.49599 2.92381 2.22561
threshold=-2.5791816380419927 3.1245627302238765 0.83974358974358987 0.77350427350427364 2.314311775978211 2.1901161392935395 15.500000000000002 0.24559162111585364 0.027618271405719211 -2.7542341378487536 0.90454545454545465 0.23354826738118997 0.30660343897995629 0.31774527464915747
decision_type=2 2 2 2 2 2 2 2 2 2 2 2 2 2
left_child=1 -1 3 -2 -5 7 -7 8 -3 10 -10 -8 -13 -9
right_child=2 5 -4 4 -6 6 11 13 9 -11 -12 12 -14 -15
leaf_value=-0.0057115929953208411 8.6011218318761249e-05 -0.0017702994001663418 -0.0044078244669387796 0.0074444551574732046 -0.0021695791006536643 -0.0074999369353279353 -0.0032312846409797242 -0.0018541342272003442 0.0159107523580608 -0.00079295018110555216 -0.00051459279158684124 0.0036806778305484207 -0.0062704633703567188 0.00021742119661690397
leaf_weight=84.111744374036789 14392.001559192315 68.511424902826548 80.235099632292986 98.450833003968 26.888958478346467 80.839262070134282 151.47773092868738 599.20692624780349 32.707776986528188 23.069319294765592 12.157450803322716 130.46490092831664 18.341082709142938 1934.1733520957641
leaf_count=942 153196 4759 1566 1571 701 3884 8462 28175 1231 618 609 6038 696 61588
internal_value=-4.02024e-06 -0.000522032 0.000107653 0.000137133 0.00537052 -0.000351717 -0.00234871 -5.5112e-05 0.00374433 0.00862011 0.0124461 -0.000671115 0.00199227 -0.000280582
internal_weight=17732.6 3135.06 14597.6 14517.3 125.34 3050.95 381.123 2669.83 136.446 67.9345 44.8652 300.284 148.806 2533.38
internal_count=274036 117002 157034 155468 2272 116060 19080 96980 7217 2458 1840 15196 6734 89763
is_linear=0
shrinkage=0.03


Tree=206
num_leaves=15
num_cat=0
split_feature=11 5 11 9 11 3 9 3 7 3 8 8 10 3
split_gain=1.09339 1.37631 1.49395 1.03068 2.25694 3.58692 3.78517 4.70838 3.65757 6.63807 5.31487 5.55939 3.30911 3.07255
threshold=-4.6033974546458625 15.500000000000002 -4.8020008729355483 2.0281850018255283 -0.30673026742247539 0.074487952779820607 2.0484530748301237 0.15515732118856626 0.06579667573706377 0.049658635186547062 0.20340925370019705 0.23243981394621868 0.16883184509694052 0.31031464237713252
decision_type=2 2 2 2 2 2 2 2 2 2 2 2 2 2
left_child=1 2 -1 -2 5 8 12 -8 9 -5 -10 -12 -7 -6
right_child=3 -3 -4 4 13 6 7 -9 10 -11 11 -13 -14 -15
leaf_value=0.0038266878106872062 0.00022695302843971776 -0.005144348753902764 -0.0038783773726741785 -0.00018194051292664461 0.0011365215183508062 0.008100142783635125 -0.0026005705426540848 0.006048369980100653 -0.0021452941471228112 -0.0045720782811746186 0.0053882730048943487 0.00075484550270903236 -0.00073878451097943404 -0.003399036532008173
leaf_weight=37.918907098472118 9590.3224148834124 67.682742677628994 24.839525129878893 3102.1872006151825 1527.587092295289 47.06137016415596 1317.0796581059694 45.261218056082726 320.70805639028549 329.57320255413651 322.32365517318249 774.11563279479742 93.06151070445776 132.74083986133337
leaf_count=5784 123367 11709 2627 80503 14081 411 13181 410 3805 4225 3596 8282 842 1213
internal_value=-4.09665e-06 -0.00259457 0.000617186 1.72931e-05 -0.000233633 -0.000491066 -0.001764 -0.00225048 -9.24151e-05 -0.000621615 0.00118218 0.00217129 0.00272604 0.000746724
internal_weight=17732.5 130.441 62.7584 17602 8011.7 6351.37 1502.46 1362.34 4848.91 3431.76 1417.15 1096.44 140.123 1660.33
internal_count=274036 20120 8411 253916 130549 115255 14844 13591 100411 84728 15683 11878 1253 15294
is_linear=0
shrinkage=0.03


Tree=207
num_leaves=15
num_cat=0
split_feature=11 3 9 4 4 9 9 3 8 11 11 11 9 8
split_gain=1.07891 2.56269 2.59483 2.06979 4.06585 2.55626 1.86499 4.42081 2.05606 1.85681 1.79435 5.57336 5.20509 4.09305
threshold=-2.5791816380419927 0.075950246365727836 1.2869005265451376 0.83974358974358987 0.77350427350427364 2.314311775978211 1.642850023690644 0.071918507705998475 0.51851564389571481 -5.1765761872210314 -1.1302608166928625 -0.8324463741746323 1.3772626059130288 0.5268858976673908
decision_type=2 2 2 2 2 2 2 2 2 2 2 2 2 2
left_child=1 2 -1 4 6 -6 7 8 -2 -4 12 -12 -9 -13
right_child=3 -3 9 -5 5 -7 -8 10 -10 -11 11 13 -14 -15
leaf_value=0.0050398849037072736 0.0077499820386296879 -0.0066509970702890693 -0.0069358634339883067 -0.0043110989523567301 0.0072088816686376898 -0.0021272908184726447 -3.2072363941951256e-05 0.0043760665265517246 0.00024392710234017497 -0.00043472644454323694 0.0065856582608457377 0.0014021979123234316 -0.0018026492668516789 -0.0053972351228836037
leaf_weight=62.469665864482522 105.81609250605106 45.005783833563328 25.163749705301598 79.929515078663826 99.075757551938295 26.830926790833473 12922.510467173532 140.37947016209364 46.477630563080311 3000.9847503432538 141.103924036026 380.69418802857399 570.92798854410648 84.769641317427158
leaf_count=1185 990 389 5805 1566 1571 701 141772 941 410 109623 912 2930 4248 993
internal_value=-3.92843e-06 -0.000507637 -0.000386407 0.000104605 0.000133339 0.00520467 8.36026e-05 0.00109042 0.00568652 -0.00052273 0.000501275 0.00168028 -0.000518061 3.40532e-05
internal_weight=17732.1 3133.62 3088.62 14598.5 14518.6 125.907 14392.7 1470.17 152.294 3026.15 1317.88 606.568 711.307 465.464
internal_count=274036 117002 116613 157034 155468 2272 153196 11424 1400 115428 10024 4835 5189 3923
is_linear=0
shrinkage=0.03


Tree=208
num_leaves=15
num_cat=0
split_feature=11 11 3 11 4 8 11 4 11 3 1 10 9 10
split_gain=1.0417 3.62658 3.93879 1.9235 2.08197 3.93888 1.70653 3.40772 1.57671 2.62972 2.09421 2.05465 1.90028 1.649
threshold=-4.0754590133786008 -4.1737567642749651 0.036048451417264725 -3.9812129897888835 0.70294117647058829 0.33115956764440213 -3.9359096621349452 0.93095238095238109 -4.4276580975486395 0.021700070390207951 2.4414009612931857 0.16979703937445659 1.4693127104713464 0.13495601071841071
decision_type=2 2 2 2 2 2 2 2 2 2 2 2 2 2
left_child=1 8 -3 4 -2 -6 7 -5 -1 11 12 13 -11 -10
right_child=3 2 -4 6 5 -7 -8 -9 9 10 -12 -13 -14 -15
leaf_value=-0.0018019244944763948 0.010062659383048652 -0.010078495911954035 0.0044843364566519188 -0.0091234655923829993 0.0073927185938041677 -0.0050452987330109923 2.5615702754012587e-05 0.0056626062446897508 0.0064682447105908316 -0.0039295236062825943 -0.0049436577277288925 0.010943990484477892 0.0054065433650896128 -0.0046652093129805772
leaf_weight=200.68698350922205 20.341480697505176 55.612067500129342 12.382422291673718 31.159447638783604 27.212635592091829 35.342235865071416 17190.172750783619 8.410996953956781 4.709229908417913 16.390072868205607 42.804076478350908 25.69165600463748 45.107001742813736 15.606907422188668
leaf_count=26133 665 3744 390 1482 2071 1339 227754 527 579 429 3132 1691 2417 1683
internal_value=-3.70653e-06 -0.00145542 -0.00709531 3.26565e-05 0.00422594 0.000748818 8.82331e-06 -0.00528797 -0.00011685 0.00209236 -0.000705278 0.0070487 0.0026357 -0.000433329
internal_weight=17731.6 418.99 67.9945 17312.6 82.8964 62.5549 17229.7 39.5704 350.996 150.309 104.301 46.0078 61.4971 20.3161
internal_count=274036 40198 4134 233838 4075 3410 229763 2009 36064 9931 5978 3953 2846 2262
is_linear=0
shrinkage=0.03


Tree=209
num_leaves=15
num_cat=0
split_feature=3 10 7 4 9 11 11 4 7 4 10 9 9 9
split_gain=1.01623 1.36287 2.68324 1.846 1.53487 1.36291 1.00994 0.967561 3.26852 2.80641 3.86469 2.72325 4.31726 5.00478
threshold=0.019407291091431734 0.23888845658877947 0.0053354059941901977 0.97222222222222232 2.4462945366407971 -4.2208558637173512 -3.9812129897888835 0.77350427350427364 0.011448176262935103 0.70294117647058829 0.19181112624163446 1.5291899590487417 1.7052298814355191 1.7669551885720913
decision_type=2 2 2 2 2 2 2 2 2 2 2 2 2 2
left_child=1 2 3 5 -4 -1 -7 8 9 10 -2 -9 -13 -14
right_child=7 -3 4 -5 -6 6 -8 11 -10 -11 -12 12 13 -15
leaf_value=0.010983470644853081 -0.0061465734225205574 -0.0091122312556906511 -0.0084599607455342306 -0.0013110267658977054 0.0021240883697119252 -0.0054427687085996787 0.004176722146777832 0.0049476052252340258 1.9755403845961683e-05 -0.0055549960152545819 0.0020655547322455006 -0.0041669419870206349 0.0078461330719243379 0.00041058036154444056
leaf_weight=12.734789890702816 58.736982143484056 9.2998480268288386 30.141296396031976 40.073122905567288 9.973571475595234 4.4866104815155268 5.1357749346643669 113.68147827126086 15956.008523711935 161.79097153875045 157.02547734230757 150.11345573607832 74.358860663371161 947.77694833185524
leaf_count=1763 2790 1602 1683 6068 439 436 448 3522 185245 8178 5852 6090 3219 46701
internal_value=-3.33626e-06 -0.00267895 -0.00100715 0.00271809 -0.00596658 0.00756654 -0.000891854 1.59123e-05 -4.67601e-05 -0.00275115 -0.000424253 0.000803322 0.000343989 0.00105716
internal_weight=17731.3 111.845 102.545 62.4303 40.1149 22.3572 9.62239 17619.5 16333.6 377.553 215.762 1285.93 1172.25 1022.14
internal_count=274036 12439 10837 8715 2122 2647 884 261597 202065 16820 8642 59532 56010 49920
is_linear=0
shrinkage=0.03


Tree=210
num_leaves=15
num_cat=0
split_feature=7 8 8 3 9 4 7 3 10 4 3 7 7 3
split_gain=1.00298 1.0251 2.16521 0.953974 1.07526 2.44869 2.41735 3.45177 2.98654 2.67903 2.37173 2.02137 3.79183 4.05654
threshold=0.0025521733920247842 0.41703437195795318 0.36221517699566258 0.37680592811401564 1.5710959258255943 0.91287878787878796 0.017481177374288403 0.043021378193473951 0.39119038556042368 0.74166666666666681 0.34745145726321047 0.30328073515712589 0.23310950594357985 0.30380098546291129
decision_type=2 2 2 2 2 2 2 2 2 2 2 2 2 2
left_child=1 2 -1 4 5 6 7 -2 -9 -8 11 12 -6 -14
right_child=3 -3 -4 -5 10 -7 9 8 -10 -11 -12 -13 13 -15
leaf_value=-0.004310975477544189 0.0012297948767870479 -0.0083327214930275471 0.0075024676792925394 -0.003904782471361589 -0.00012144924820235724 0.0069718665152064098 0.0006706140372206268 -0.009953728989139491 0.0018283592705622275 0.0066934417766582972 0.003846214074369728 -0.0014375951318261226 0.0029771970931639232 -0.0013853646459436575
leaf_weight=24.593622496351603 91.721223216503859 11.244100887328385 6.5775951445102683 40.863631263375282 14240.55629300978 40.904105533845723 1150.0758256427944 53.840883937198669 21.229870995506644 55.977212995290756 124.57993672043085 916.80477543920279 700.39051312953234 251.93501460552216
leaf_count=6374 3016 2827 1669 372 229281 1534 9509 1198 376 607 950 8309 5807 2207
internal_value=-3.44743e-06 -0.00396213 -0.000190637 9.39385e-06 2.17654e-05 0.000810791 0.000553852 -0.00268294 -0.00687218 0.00102895 -4.76313e-05 -8.12933e-05 1.88913e-06 0.00181951
internal_weight=17731.3 42.4153 31.1712 17688.9 17648 1413.75 1372.85 166.792 75.0708 1206.05 16234.3 16109.7 15192.9 952.326
internal_count=274036 10870 8043 263166 262794 16240 14706 4590 1574 10116 246554 245604 237295 8014
is_linear=0
shrinkage=0.03


Tree=211
num_leaves=15
num_cat=0
split_feature=11 11 3 11 4 8 11 4 11 3 7 0 3 7
split_gain=0.990533 3.46576 3.7983 1.85852 1.96872 3.7816 1.62582 3.31139 1.49936 2.53286 2.07255 1.97391 1.87657 1.69936
threshold=-4.0754590133786008 -4.1737567642749651 0.036048451417264725 -3.9812129897888835 0.70294117647058829 0.33115956764440213 -3.9359096621349452 0.93095238095238109 -4.4276580975486395 0.021700070390207951 0.0056085051542415455 11.500000000000002 0.030380098546291135 0.0046158498685396959
decision_type=2 2 2 2 2 2 2 2 2 2 2 2 2 2
left_child=1 8 -3 4 -2 -6 7 -5 -1 10 13 12 -11 -10
right_child=3 2 -4 6 5 -7 -8 -9 9 11 -12 -13 -14 -15
leaf_value=-0.0017601314549849445 0.0098027270755123175 -0.0099088793618322714 0.0043892806864888794 -0.0089832037009789818 0.0072362797591669749 -0.0049481644597032196 2.5037529475112643e-05 0.0055861984322989298 0.0050529638179010331 0.0072124353940461712 0.014146725883025462 -0.0048376502756248317 -0.0016681651138630692 -0.004902054664378268
leaf_weight=200.36879633367062 20.558631489984691 55.048524294048548 12.451820628251879 30.874035936314613 27.385906943120062 35.15931757632643 17190.069928943645 8.4593808623030764 28.401225421112031 24.055823321919888 7.9573331139981738 42.569908425677568 37.689095481764525 9.9076992738991958
leaf_count=26133 665 3744 390 1482 2071 1339 227754 527 2998 1317 321 3132 1529 634
internal_value=-3.30227e-06 -0.00141981 -0.0069528 3.21348e-05 0.0041496 0.000754653 8.68255e-06 -0.00517264 -0.000114251 0.00203687 0.00688759 -0.000709967 0.00252516 0.00182345
internal_weight=17731 418.45 67.5003 17312.5 83.1039 62.5452 17229.4 39.3334 350.95 150.581 46.2663 104.315 61.7449 38.3089
internal_count=274036 40198 4134 233838 4075 3410 229763 2009 36064 9931 3953 5978 2846 3632
is_linear=0
shrinkage=0.03


Tree=212
num_leaves=15
num_cat=0
split_feature=6 9 11 4 4 9 6 4 8 8 9 8 8 4
split_gain=0.970649 0.909731 2.07714 3.26831 3.2066 3.83088 4.20246 2.48955 3.00005 2.80078 2.21099 2.09454 5.10095 4.44203
threshold=5.788889249571695 2.0281850018255283 -0.30673026742247539 0.12916666666666668 0.12916666666666668 2.1570552039793141 1.5789255615152133 0.07417582417582419 0.22719547138716709 0.20845629550644371 2.3458851644740553 0.23449248023271535 0.24879898967076058 0.057189542483660136
decision_type=2 2 2 2 2 2 2 2 2 2 2 2 2 2
left_child=1 -1 4 7 5 6 -3 11 9 10 -9 -4 -13 -14
right_child=-2 2 3 -5 -6 -7 -8 8 -10 -11 -12 12 13 -15
leaf_value=0.00020483022911518375 -0.0040974367112847944 -0.0040212607415023773 -0.00093595508942010308 0.0029263090660035865 -0.00033274899072222253 -0.0068631957468798304 0.0063257101819054438 -0.0050324245558084849 -0.0044622991043895728 0.0043727724760174811 0.0022898789191408342 0.0079619281078813012 0.0077856213681384307 -0.00077595254627577613
leaf_weight=9678.507454772247 36.951933744130656 69.058606170117855 334.36132959276438 427.17314004153013 6103.3041170185897 135.0747305303812 45.990075580775738 76.953556567430496 198.24542446434498 84.575251907110214 50.717558898031712 90.56459005177021 49.19895812869072 349.91494578868151
leaf_count=133017 9613 616 3122 3899 113624 1427 445 732 1808 783 521 807 445 3177
internal_value=-2.80096e-06 9.21387e-06 -0.00022694 0.000713131 -0.000473911 -0.00370472 0.000367431 -7.86101e-05 -0.00194694 0.000541949 -0.0021887 0.000870261 0.00209474 0.000523219
internal_weight=17730.6 17693.6 8015.13 1661.7 6353.43 250.123 115.049 1234.53 410.492 212.246 127.671 824.04 489.678 399.114
internal_count=274036 264423 131406 15294 116112 2488 1061 11395 3844 2036 1253 7551 4429 3622
is_linear=0
shrinkage=0.03


Tree=213
num_leaves=15
num_cat=0
split_feature=11 6 9 5 10 10 0 8 10 10 8 11 12 7
split_gain=0.956975 2.94083 1.90173 3.59964 2.78257 4.97428 3.75614 3.14478 7.58451 2.76338 2.51796 4.28365 5.7769 4.8733
threshold=-2.5791816380419927 3.1245627302238765 2.1901161392935395 15.500000000000002 0.15882589768713726 0.15687830075648471 10.500000000000002 0.31774527464915747 0.16979703937445659 0.12550938237196266 0.27173962588923756 -3.5076391834373966 2.3502401828962087 0.01240987691140401
decision_type=2 2 2 2 2 2 2 2 2 2 2 2 2 2
left_child=1 -1 4 9 5 6 -3 10 -9 -4 -6 -12 13 -13
right_child=-2 2 3 -5 7 -7 -8 8 -10 -11 11 12 -14 -15
leaf_value=-0.0055752487827629166 9.9562784936113984e-05 0.0064426666083123923 0.0014007579086466034 -0.00060723795705569723 0.0012724870756593146 0.011973628895622758 -0.0018996752458704381 0.014595745954427761 -7.8502450617075475e-06 -0.010074173059449845 -0.0079638540230806566 0.0047308116692052551 0.0052044029058230896 -0.0060561731093207848
leaf_weight=83.698512818664312 14599.825799919665 57.353415871737525 20.85491261491552 299.62583153438754 121.68648488470353 30.798845648299903 134.26292078429833 17.551089076092467 1915.3285548649728 59.351982913212851 117.38946734345518 35.856213944032788 74.062166653573513 162.63191610760987
leaf_count=942 157034 1758 1121 15196 6049 1461 8005 700 60878 2763 10361 1249 2460 4059
internal_value=-2.60188e-06 -0.000477281 -0.000310605 -0.00225377 -2.27939e-05 0.00307889 0.000883753 -0.00032206 0.000236131 -0.00733992 -0.00237751 -0.0035215 -0.00129251 -0.00391206
internal_weight=17730.3 3130.45 3046.75 379.833 2666.92 222.415 191.616 2444.51 1932.88 80.2069 511.626 389.94 272.55 198.488
internal_count=274036 117002 116060 19080 96980 11224 9763 85756 61578 3884 24178 18129 7768 5308
is_linear=0
shrinkage=0.03


Tree=214
num_leaves=15
num_cat=0
split_feature=3 6 9 4 9 4 7 4 9 5 4 9 9 9
split_gain=0.932353 1.58587 3.59394 2.33375 1.83296 0.997708 3.07529 2.61424 2.5602 3.70952 2.65459 2.47416 4.14995 4.70962
threshold=0.019407291091431734 5.3281188283429985 1.925001347811172 0.97222222222222232 2.4462945366407971 0.77350427350427364 0.011448176262935103 0.70294117647058829 1.9604483002220447 16.500000000000004 0.53589743589743599 1.5291899590487417 1.7052298814355191 1.7669551885720913
decision_type=2 2 2 2 2 2 2 2 2 2 2 2 2 2
left_child=1 4 -3 -4 -1 6 7 8 10 -10 -2 -7 -13 -14
right_child=5 2 3 -5 -6 11 -8 -9 9 -11 -12 12 13 -15
leaf_value=-0.0071166371568374097 -0.006545848704280711 -0.0082346981740968658 0.012166015090185233 -0.00043223738330778447 0.0031160016918916479 0.0047562796276739896 1.6997612941909725e-05 -0.0053930130442147658 -0.0090196349466235143 0.0041984058309724355 0.003121333099892792 -0.0040568289714008055 0.0076421032176904168 0.00044402663157074875
leaf_weight=54.626688423100859 16.198910920880735 9.7410004443954659 10.553044683299957 25.408494283212349 11.025221395306287 114.28534027421847 15956.702419256791 160.69024026719853 42.182419889140874 17.970787110738456 139.45009947521612 149.47467344906181 74.807039354229346 946.74087950075045
leaf_count=3780 495 2161 1519 4452 527 3522 185245 8178 1935 864 5348 6090 3219 46701
internal_value=-2.20922e-06 -0.00257003 0.00147734 0.00575753 -0.00513829 1.61926e-05 -4.74359e-05 -0.00267431 -0.000430988 -0.00502094 0.00162829 0.00081598 0.000376138 0.0010741
internal_weight=17729.9 111.354 45.7025 35.9615 65.6519 17618.5 16333.2 376.492 215.802 60.1532 155.649 1285.31 1171.02 1021.55
internal_count=274036 12439 8132 5971 4307 261597 202065 16820 8642 2799 5843 59532 56010 49920
is_linear=0
shrinkage=0.03


Tree=215
num_leaves=15
num_cat=0
split_feature=6 3 9 4 11 7 11 11 7 10 4 11 7 9
split_gain=0.917263 0.918053 1.02103 2.57146 3.10375 3.56329 7.29345 3.43582 2.88922 3.12951 3.31577 2.62559 4.09656 3.8918
threshold=5.788889249571695 0.37680592811401564 1.5710959258255943 0.91287878787878796 -2.5791816380419927 0.21198085108051742 -1.0957304363097344 -2.3113065391434691 0.031433887593717888 0.43194275929263715 0.40588235294117653 -1.7223412468009467 0.1185369858508937 1.3772626059130288
decision_type=2 2 2 2 2 2 2 2 2 2 2 2 2 2
left_child=1 2 3 4 8 6 7 -6 9 10 -1 13 -13 -9
right_child=-2 -3 -4 -5 5 -7 -8 11 -10 -11 -12 12 -14 -15
leaf_value=0.0071464524245954146 -0.0039908703471975551 -0.0038340902328079093 -4.6167204464451426e-05 0.0070657989931544492 0.0056517387367834458 -0.0014920111402900941 0.010099435892323046 0.0038900775330009555 -0.0059855151443497278 0.0052058027874076675 -0.0026636744240491595 0.0063287292189852492 -0.0011040394862505446 -0.0041174689514784672
leaf_weight=20.463709712028503 36.740905465558171 40.757369294762611 16237.022106894525 41.538196064066142 114.68960447609425 254.81081974506378 85.076923459768295 62.100085593760014 87.160606794059277 61.198573642875999 258.72254286566749 106.1338042318821 140.36806240677834 183.02428884059191
leaf_count=261 9613 372 247698 1598 965 2212 534 419 892 1034 5380 724 910 1424
internal_value=-2.29822e-06 9.35786e-06 2.14797e-05 0.000789911 0.000525877 0.00147813 0.00258121 0.00130792 -0.00156024 -0.000222275 -0.00161689 0.00015723 0.00227566 -0.00198149
internal_weight=17729.8 17693.1 17652.3 1415.29 1373.75 946.204 691.393 606.316 427.545 340.385 279.186 491.626 246.502 245.124
internal_count=274036 264423 264051 16353 14755 7188 4976 4442 7567 6675 5641 3477 1634 1843
is_linear=0
shrinkage=0.03


Tree=216
num_leaves=15
num_cat=0
split_feature=11 4 6 7 9 9 8 8 8 4 8 8 8 11
split_gain=0.900789 1.5003 2.30341 1.47577 1.52974 1.35824 1.1864 1.54771 0.961607 0.915056 4.16169 3.3144 3.56418 2.75138
threshold=-4.6033974546458625 0.93541666666666679 5.1460398887267935 0.0035458638588441982 1.9428236118074744 1.7271110081475349 0.41376443347400643 0.43357559953448505 0.24559162111585364 0.93095238095238109 0.24068541547754876 0.20340925370019705 0.18486769293965513 -3.3507028667034824
decision_type=2 2 2 2 2 2 2 2 2 2 2 2 2 2
left_child=1 2 -1 4 -4 -5 8 -8 -3 -2 11 12 -11 -13
right_child=9 6 3 5 -6 -7 7 -9 -10 10 -12 13 -14 -15
leaf_value=-0.0069684094954248496 -1.1283255062122495e-05 0.0019771179417847791 -0.0038306581767872344 0.011046877188182157 0.0059983664968575332 -0.001187133309855444 0.007044966227957793 -0.0034583583809287871 -0.0090463883581611958 -0.0049382794267807499 0.0039013190958749181 -0.010949878075473452 0.0090601722219275441 0.0019166328321606053
leaf_weight=10.783322372473775 17305.02542596194 2.8154844474047414 27.193300847662613 12.652432201895865 6.6342952940613023 7.8254323373548678 3.6065113330259946 24.298086805967614 33.422685639932752 18.090100361732766 205.8319319835864 36.243017587810755 19.29222995787859 15.563442714512346
leaf_count=658 236502 768 4349 1078 1231 827 634 3548 7027 1221 10814 3363 1415 601
internal_value=-1.68691e-06 -0.00236288 0.000834696 0.00355699 -0.000652452 0.00784648 -0.00515084 -0.00011245 -0.00786186 1.76479e-05 0.0016331 -0.00340959 0.00281174 -0.00752212
internal_weight=17729.3 129.232 65.0888 54.3055 33.8276 20.4779 64.1428 27.9046 36.2382 17600 295.021 89.1888 37.3823 51.8065
internal_count=274036 20120 8143 7485 5580 1905 11977 4182 7795 253916 17414 6600 2636 3964
is_linear=0
shrinkage=0.03


Tree=217
num_leaves=15
num_cat=0
split_feature=7 3 9 4 4 10 4 3 9 8 8 10 9 6
split_gain=0.879784 3.87619 3.41931 3.58488 2.964 10.066 2.76143 2.72377 2.72049 2.60379 2.44888 3.066 2.43476 2.43277
threshold=0.06830590478145572 0.059590362223856476 2.335772029238512 0.34313725490196084 0.44949494949494956 0.26201105581262435 0.23303167420814483 0.054366026199827479 1.2869005265451376 0.27840200752804939 0.29341796459229158 0.14973845481185566 1.7757804432266548 2.3369748506914587
decision_type=2 2 2 2 2 2 2 2 2 2 2 2 2 2
left_child=6 2 7 -4 -3 9 -1 13 -8 -6 11 -9 -11 -2
right_child=1 4 3 -5 5 -7 8 10 -10 12 -12 -13 -14 -15
leaf_value=-0.006309804530031997 -0.0023473441216565554 0.00012305340167195931 -0.0055690935624546339 0.0034708320662279533 -0.0092101767765623548 0.0068551148043709247 0.0042495649735632152 0.0052342010975393498 -0.00025745121000918161 -0.0054648890077901901 0.0083762944202527209 -0.0014772829666693708 0.0013601884883149347 0.0034104082944036787
leaf_weight=51.885984607040882 112.45776320248842 8874.9632854089141 79.011972680687904 54.852351039648056 88.286917753517628 64.331925682723522 107.48733635433018 155.51016863435507 7648.134521598462 101.59712819755077 110.11339998990297 87.118129014968872 70.566393159329891 122.93267969787121
leaf_count=500 1252 78503 1008 711 832 436 1526 1698 182712 795 1108 884 676 1395
internal_value=-1.63491e-06 0.000185714 0.00227914 -0.0018884 1.79793e-05 -0.00273194 -0.000239617 0.00325108 -0.000186905 -0.00534432 0.0048665 0.00287867 -0.00278261 0.00068381
internal_weight=17729.2 9921.74 721.996 133.864 9199.75 324.782 7807.51 588.132 7755.62 260.45 352.742 242.628 172.164 235.39
internal_count=274036 89298 8056 1719 81242 2739 184738 6337 184238 2303 3690 2582 1471 2647
is_linear=0
shrinkage=0.03


Tree=218
num_leaves=15
num_cat=0
split_feature=9 4 6 6 9 5 4 9 9 8 9 7 6 10
split_gain=0.838712 1.52013 6.44625 5.93135 2.51088 4.50337 4.36714 4.22829 8.10398 6.18516 3.95399 3.42479 2.266 1.94503
threshold=2.1516810782533455 0.12916666666666668 1.6193392260821904 1.6955735229043272 2.3053633128505018 16.500000000000004 0.060661764705882359 2.230512928841653 2.1952755545294784 0.24879898967076058 2.1678930878040941 0.18500241897974226 1.3479888099339705 0.12676667049855733
decision_type=2 2 2 2 2 2 2 2 2 2 2 2 2 2
left_child=-1 3 -3 4 5 7 -6 8 10 -10 -2 -8 -13 -9
right_child=1 2 -4 -5 6 -7 11 13 9 -11 -12 12 -14 -15
leaf_value=0.00012226527714125321 0.0011930140001394076 0.0050467774985438986 -0.00037680708751305404 -0.0091037607140485224 -0.0053713587174193649 0.0039361573807227615 6.0400592169950788e-05 -0.00038333150695080327 0.010005285877123953 -0.0027560794289716774 -0.0079505589280305933 0.0018300767552864711 0.011569625715292244 -0.007543742015791389
leaf_weight=13036.886301462539 61.990296497941017 193.57506381720304 3612.8065198864788 67.911911025643349 46.67417498677969 91.257484868168831 110.44237741827965 44.804630540311337 71.056333176791668 47.967741250991821 100.15062049776316 44.293980188667774 44.159022092819214 155.00508201867342
leaf_count=194110 563 1740 69698 782 442 848 1092 433 646 441 914 417 418 1492
internal_value=-1.54681e-06 -0.000344849 -8.22612e-05 -0.00145317 -0.000665317 -0.00174265 0.00180091 -0.00290657 -0.000459835 0.00512948 -0.00464975 0.00374266 0.00766493 -0.006077
internal_weight=17729 4692.1 3806.38 885.714 817.802 572.232 245.57 480.975 281.165 119.024 162.141 198.895 88.453 199.81
internal_count=274036 79926 71438 8488 7706 5337 2369 4489 2564 1087 1477 1927 835 1925
is_linear=0
shrinkage=0.03


Tree=219
num_leaves=15
num_cat=0
split_feature=3 6 3 9 6 4 10 4 9 4 10 10 9 8
split_gain=0.877376 0.922537 3.99464 4.05321 3.30832 5.03541 3.17628 2.98218 3.76719 2.46337 8.87245 2.36233 2.08208 3.36051
threshold=0.37680592811401564 2.411429443309669 0.059590362223856476 2.3575769664228465 2.3369748506914587 0.34313725490196084 0.10525731623500792 0.21825396825396828 1.2869005265451376 0.44949494949494956 0.26520268686840837 0.36486195457532639 2.230512928841653 0.24879898967076058
decision_type=2 2 2 2 2 2 2 2 2 2 2 2 2 2
left_child=1 2 3 4 5 -1 -5 -3 -9 12 -11 -10 -4 -14
right_child=-2 7 9 6 -6 -7 -8 8 11 10 -12 -13 13 -15
leaf_value=0.0045837114540988643 -0.0037624912718378454 -0.0071065326820689235 0.00033121396310121067 0.0034972916157108057 0.0071183422864119694 -0.002350549656037568 -0.0066208431638244466 0.0049661000500921242 -0.00017601822270496106 -0.0050273173922230048 0.0070444041922767256 -0.0034924426938511459 -0.00026667175884809429 -0.0043350943079298078
leaf_weight=222.96079394221306 40.650024898350239 41.31606412678957 7481.6342602297664 33.314638048410416 149.76707334816456 143.98140672594309 57.790923267602921 111.15958812832832 7714.6939371952321 244.06090868264437 55.534608542919159 183.35940248658881 1041.3864073082805 207.21296971291304
leaf_count=2350 372 380 64118 434 1638 1574 755 1550 182055 2148 369 3307 10799 2187
internal_value=-1.52096e-06 1.0303e-05 0.000208172 0.00253197 0.00355442 0.00187738 -0.00294958 -0.000226522 -0.000177812 4.7813e-05 -0.00256045 -0.000259486 0.000141559 -0.000985299
internal_weight=17728.8 17688.2 9637.64 607.815 516.709 366.942 91.1056 8050.53 8009.21 9029.83 299.596 7898.05 8730.23 1248.6
internal_count=274036 273664 86372 6751 5562 3924 1189 187292 186912 79621 2517 185362 77104 12986
is_linear=0
shrinkage=0.03


Tree=220
num_leaves=15
num_cat=0
split_feature=11 11 3 11 5 8 9 8 11 9 11 3 7 0
split_gain=0.868881 3.36931 3.64185 1.81157 1.78889 2.43278 1.72208 1.62228 1.54119 2.08793 1.38928 2.46589 2.00685 1.86054
threshold=-4.0754590133786008 -4.1737567642749651 0.036048451417264725 -3.9812129897888835 16.500000000000004 0.34393151530750243 1.8165749895899281 0.24559162111585364 -3.9359096621349452 2.096535701219373 -4.4276580975486395 0.021700070390207951 0.0056085051542415455 11.500000000000002
decision_type=2 2 2 2 2 2 2 2 2 2 2 2 2 2
left_child=1 10 -3 4 5 7 -7 -2 9 -5 -1 12 -12 -13
right_child=3 2 -4 8 -6 6 -8 -9 -10 -11 11 13 -14 -15
leaf_value=-0.0016387371273215525 -0.0011698142175512699 -0.0097270627321752508 0.0042728806562668488 -0.0078957486067400273 -0.0043628294117420583 0.0040076806601657012 -0.005239287224199243 0.013380134103069102 2.4212555996949173e-05 0.0040445916538528011 0.0018049630593731803 0.0024360098967736526 0.013917804215879718 -0.0047179179597106723
leaf_weight=199.45068169035949 5.7473056199960437 54.453132104128599 12.536513225175439 31.26187986927107 8.2058709962293488 34.878937405534089 13.686558673158286 20.732705948874354 17189.167556636501 7.8145689801312974 38.339575106743723 61.942735658958554 8.0724417492747289 42.306926176417619
leaf_count=26133 562 3744 390 1394 507 1011 624 1371 227754 615 3632 2846 321 3132
internal_value=-1.64165e-06 -0.00133044 -0.0068047 3.14984e-05 0.00409354 0.00559095 0.000780325 0.0109411 8.3256e-06 -0.00504834 -4.64808e-05 0.00201892 0.00679661 -0.000695483
internal_weight=17728.6 417.102 66.9896 17311.5 83.2514 75.0455 48.5655 26.48 17228.2 39.0764 350.112 150.662 46.412 104.25
internal_count=274036 40198 4134 233838 4075 3568 1635 1933 229763 2009 36064 9931 3953 5978
is_linear=0
shrinkage=0.03


Tree=221
num_leaves=15
num_cat=0
split_feature=3 9 10 10 8 10 9 10 9 8 3 8 8 10
split_gain=0.851212 2.74151 5.52465 5.21979 3.81094 4.1121 3.75244 2.45691 3.26884 2.28884 2.28535 4.15112 3.40301 3.38171
threshold=0.30380098546291129 1.7052298814355191 0.26520268686840837 0.22097931566515078 0.462102683714325 0.34890365439959597 1.83868509578373 0.17079476091449794 1.9810261925759773 0.31774527464915747 0.29816818931961325 0.22719547138716709 0.30323591770867536 0.22097931566515078
decision_type=2 2 2 2 2 2 2 2 2 2 2 2 2 2
left_child=10 2 -2 6 -4 -6 -3 -8 9 -9 -1 -12 -13 -14
right_child=1 3 4 -5 5 -7 7 8 -10 -11 11 12 13 -15
leaf_value=5.1766362111453355e-06 0.0065372787182199858 0.0042834125043491643 -0.0066608725093719396 -0.0071494512234640383 0.0054006190418605573 -0.0046110734868560193 0.00028644450760523845 -0.0041563067043819237 -0.0091954018254366502 0.0019558830735280342 -0.0039278831338131724 0.008643676103475743 -0.0029028561540107071 0.0060051562569656365
leaf_weight=16400.771500658244 108.03856086730957 101.62276542931795 65.300878070294857 119.2984067723155 78.680069707334042 46.85558720678091 284.85087829828262 112.18915239721537 57.172222293913364 85.239694759249687 54.46358498185873 87.358608171343803 72.606257297098637 53.913245305418968
leaf_count=262071 835 777 601 1126 828 572 2584 930 534 737 506 770 643 522
internal_value=-1.3735e-06 -0.000819909 0.00156168 -0.00176813 -0.00152628 0.00157049 -0.000626146 -0.00164188 -0.00369521 -0.00156561 5.13312e-05 0.00272264 0.00456261 0.00112724
internal_weight=17728.4 1059.25 298.875 760.373 190.837 125.536 641.075 539.452 254.601 197.429 16669.1 268.342 213.878 126.52
internal_count=274036 9524 2836 6688 2001 1400 5562 4785 2201 1667 264512 2441 1935 1165
is_linear=0
shrinkage=0.03


Tree=222
num_leaves=15
num_cat=0
split_feature=3 7 4 9 11 4 5 9 9 10 4 6 7 3
split_gain=0.85177 0.912921 3.35743 3.77642 2.95249 2.85394 3.03288 3.70377 3.28363 3.57184 2.8527 2.56281 2.97361 2.22279
threshold=0.37680592811401564 0.11064625738982067 0.20714285714285716 1.2869005265451376 -0.54602744406097525 0.26969696969696971 11.500000000000002 1.9604483002220447 1.5511502758327356 0.25578459032525896 0.29705882352941182 2.0856528016791152 0.089797493519931007 0.11782858745967177
decision_type=2 2 2 2 2 2 2 2 2 2 2 2 2 2
left_child=1 2 11 -4 13 -3 8 -8 -7 10 -10 -1 -13 -5
right_child=-2 5 3 4 -6 6 7 -9 9 -11 -12 12 -14 -15
leaf_value=-0.0057323244770391057 -0.0037100993049311044 2.5232276183200047e-05 0.004787096977844677 -6.9864012789971238e-05 -0.0070725509426460874 0.0046298516430934413 0.010528715819774229 0.0020952883532335429 0.0042836985472235614 -0.0063187500888047671 -0.00053608114168624866 -0.0034993377247966493 0.0036949529667962833 -0.0076138069345699942
leaf_weight=152.72152511775494 40.562600985169411 5984.1605315953493 127.322749491781 10166.59095038427 39.894758425652981 146.87885006517172 55.458937436342239 172.36329377442598 130.57722134888172 59.946992553770542 448.32511379569769 109.68559534847736 73.581204324960709 20.275785677134991
leaf_count=1464 372 52578 1650 207829 480 915 436 1641 1019 414 3393 1022 689 134
internal_value=-1.49386e-06 1.01474e-05 -0.000164155 -6.62395e-05 -0.000133586 0.000276202 0.00173599 0.00467182 0.000813176 -0.000150405 0.000631803 -0.00304981 -0.000549833 -9.6052e-05
internal_weight=17728.3 17687.8 10690.1 10354.1 10226.8 6997.71 1013.55 227.822 785.728 638.849 578.902 335.988 183.267 10186.9
internal_count=274036 273664 213268 210093 208443 60396 7818 2077 5741 4826 4412 3175 1711 207963
is_linear=0
shrinkage=0.03


Tree=223
num_leaves=15
num_cat=0
split_feature=11 11 12 8 12 8 8 12 11 6 9 9 9 5
split_gain=0.834189 3.05166 3.03286 2.57258 2.36114 3.55322 3.56275 2.85659 2.20573 3.60353 2.11827 2.77313 2.95922 2.02763
threshold=-3.5076391834373966 -3.3895860005876952 2.249904835165133 0.5268858976673908 2.0126758453675748 0.31774527464915747 0.29263341644418089 2.602003343538398 -3.233966637592411 3.6724951675895521 1.9371150399690593 2.0826384122702293 2.1678930878040941 15.500000000000002
decision_type=2 2 2 2 2 2 2 2 2 2 2 2 2 2
left_child=4 2 3 -2 -1 6 -6 -8 9 -3 -4 -12 -13 -7
right_child=1 8 10 -5 5 13 7 -9 -10 -11 11 12 -14 -15
leaf_value=-0.0054852746062747978 -0.003763753186414036 0.0053909766557413193 0.01233790636158253 0.0057179009666236237 -0.0008241125873422432 0.0022231710743030237 -0.011333081797017608 -0.00018935947755824929 5.1074786225534722e-05 -0.0038679226275581211 -0.0026388219804514982 0.013022230431568331 -0.00021193711771673825 -0.0010120645458163314
leaf_weight=74.346159647218883 60.591723961755633 30.89410100504756 27.411678735166788 24.185045696794987 215.4245112137869 383.29756024410017 51.163129637483507 30.883664817782119 16208.494014679454 242.51259159576148 35.336294545792043 18.840481583960354 26.758770380169153 298.05571936676279
leaf_count=1549 1472 350 753 333 19869 18956 3854 3349 193485 7657 1289 810 1438 18872
internal_value=-1.58078e-06 5.04376e-05 0.00366041 -0.000605876 -0.000814339 -0.000382125 -0.00303521 -0.00781603 4.84859e-06 -0.00259573 0.00666631 0.00311667 0.00712597 0.000816613
internal_weight=17728.2 16675 193.124 84.7768 1053.17 978.825 297.471 82.0468 16481.9 273.407 108.347 80.9355 45.5993 681.353
internal_count=274036 207587 6095 1805 66449 64900 27072 7203 201492 8007 4290 3537 2248 37828
is_linear=0
shrinkage=0.03


Tree=224
num_leaves=15
num_cat=0
split_feature=6 9 9 7 7 6 4 5 9 10 4 10 9 5
split_gain=0.819882 0.836515 3.46685 0.820624 4.75969 4.19277 4.2391 3.65319 2.8563 4.38029 3.02132 2.62749 4.23337 2.6036
threshold=5.788889249571695 2.1009462155641714 2.0387041915679345 0.26353257994069657 0.23310950594357985 1.2946333325561217 0.18465909090909094 17.500000000000004 1.7669551885720913 0.26868935724717152 0.095454545454545472 0.22525760322425215 1.8320841984596787 14.500000000000002
decision_type=2 2 2 2 2 2 2 2 2 2 2 2 2 2
left_child=3 2 -2 4 5 6 -1 8 9 -5 -11 12 -10 -13
right_child=1 -3 -4 7 -6 -7 -8 -9 11 10 -12 13 -14 -15
leaf_value=-0.004882979931729944 -0.0051088169375489798 -0.0082159826824098111 0.010551304787701292 0.0033220102805418439 0.0028365989161711408 5.5610089818505658e-05 0.0029547140491567613 0.0050233003758203467 0.0047219016605052726 0.001311745912060646 -0.0043484925649044555 -0.0098280457325883794 -0.0018780935761797911 -0.0019558827268955623
leaf_weight=271.0333266928792 25.858420255361128 6.9978462969884268 3.4855025070719412 283.77635543048382 528.40748793631792 15096.214963299688 68.403209865093231 83.212407380342484 83.546670682728291 151.20581302046776 163.90875332057476 54.354916341602802 802.39431284368038 105.08875632286072
leaf_count=2336 6806 1861 946 2221 4320 241978 481 746 652 1583 1504 525 7092 985
internal_value=-1.31412e-06 -0.0037869 -0.000308769 9.66363e-06 7.70698e-05 -2.00591e-05 -0.00324533 -0.000608551 -0.000936399 0.000704644 -0.00169627 -0.00187321 -0.00118744 -0.00525386
internal_weight=17727.9 36.3418 29.3439 17691.5 15964.1 15435.7 339.437 1727.49 1644.28 598.891 315.115 1045.38 885.941 159.444
internal_count=274036 9613 7752 264423 249115 244795 2817 15308 14562 5308 3087 9254 7744 1510
is_linear=0
shrinkage=0.03


Tree=225
num_leaves=15
num_cat=0
split_feature=3 7 4 9 12 4 11 3 8 9 8 3 8 8
split_gain=0.809985 0.86957 3.17332 2.60351 2.59261 4.44169 4.17267 2.3676 4.14325 3.87438 4.62785 7.32704 2.9334 2.34599
threshold=0.37680592811401564 0.1070556628253632 0.18465909090909094 1.2869005265451376 1.2424533248940004 0.44949494949494956 -1.0957304363097344 0.073616688305191719 0.20402376598122593 2.0826384122702293 0.29263341644418089 0.081097188180674448 0.23968436736427981 0.5268858976673908
decision_type=2 2 2 2 2 2 2 2 2 2 2 2 2 2
left_child=1 2 -1 -4 13 6 -6 8 -8 10 -9 -12 -11 -3
right_child=-2 4 3 -5 5 -7 7 9 -10 12 11 -13 -14 -15
leaf_value=-0.0058076839898671909 -0.0036224840955739893 0.00017002312943212734 0.0038774595297811263 -0.00017282616881848957 0.008646695985336246 -0.0040438479265217844 -0.0016486790649767916 0.0060055177495745415 0.0089041778179927127 0.00046366154419393739 0.0045010574231962256 -0.0088432838340674266 -0.005925051230143967 -0.0027512459493304439
leaf_weight=73.946715757250786 40.423280939459801 6143.217942558229 129.86317553604022 10242.28893824527 75.502875246107578 90.495407193899155 45.960156008601189 177.59621687233448 77.952005639672279 182.28247582912445 72.052607476711273 49.854075506329536 83.632106356322765 242.77616409212351
leaf_count=718 372 52871 1669 208636 596 712 492 1490 752 1862 597 380 824 2065
internal_value=-1.43261e-06 9.9055e-06 -0.000165145 -0.000116589 0.000262248 0.00179831 0.00255404 0.00171677 0.00523466 0.000830467 0.00309996 -0.00132714 -0.00175473 5.27783e-05
internal_weight=17727.8 17687.4 10446.1 10372.2 7241.32 855.328 764.833 689.33 123.912 565.417 299.503 121.907 265.915 6385.99
internal_count=274036 273664 211023 210305 62641 7705 6993 6397 1244 5153 2467 977 2686 54936
is_linear=0
shrinkage=0.03


Tree=226
num_leaves=15
num_cat=0
split_feature=11 7 7 9 10 11 8 7 0 9 9 11 3 9
split_gain=0.802524 1.35366 2.62374 2.15046 1.91979 1.4272 2.32942 3.01426 3.17026 1.79172 0.839697 1.87645 3.35521 3.48666
threshold=-4.6033974546458625 0.0046158498685396959 0.0033520721995408289 1.7271110081475349 0.23392313309077198 -4.8793697306597066 0.46008951601118958 0.0018910232430047488 12.500000000000002 1.3772626059130288 2.0281850018255283 -0.30673026742247539 0.074487952779820607 2.0484530748301237
decision_type=2 2 2 2 2 2 2 2 2 2 2 2 2 2
left_child=1 2 5 -4 -5 6 7 -1 -9 -8 -2 12 -12 -14
right_child=10 -3 3 4 -6 -7 9 8 -10 -11 11 -13 13 -15
leaf_value=-0.0048194016278452828 0.0002059409273419403 -0.0081164039184327581 0.0090452949186063825 0.0050930344272593735 -0.007362664310466188 -0.0078848375800412152 0.0041686737850173891 -0.0044493848211444647 0.012810374105515112 -0.0093677241302899603 -5.9538073153711121e-05 0.0006831011605050437 0.0026248223868323528 -0.0021465999492932307
leaf_weight=12.34722550283186 9593.6272424529307 13.43539702054113 20.905892942566425 6.3250606777146485 10.049335744231938 25.482892693718895 2.5412103352136937 4.9243664743844446 17.171717384131625 15.390992127358912 4843.7253161997069 1662.8822801485658 140.48323761671782 1358.3535910844803
leaf_count=3347 123367 820 1819 753 1078 4582 378 894 3640 2809 100411 15294 1253 13591
internal_value=-1.41771e-06 -0.00223524 -0.000692567 0.004762 -0.00241664 -0.00365167 -0.000295175 0.00387683 0.00872007 -0.00642444 1.67916e-05 -0.000209844 -0.000445014 -0.00167781
internal_weight=17727.6 128.574 115.139 37.2803 16.3744 77.8584 52.3755 34.4433 22.0961 17.9322 17599.1 8005.44 6342.56 1498.84
internal_count=274036 20120 19300 3650 1831 15650 11068 7881 4534 3187 253916 130549 115255 14844
is_linear=0
shrinkage=0.03


Tree=227
num_leaves=15
num_cat=0
split_feature=3 9 10 10 7 10 9 10 10 9 8 10 3 8
split_gain=0.800065 2.64148 5.01609 4.88365 3.93641 4.43266 3.42169 2.33989 2.29602 3.15463 2.19367 2.18125 2.171 3.9417
threshold=0.30380098546291129 1.7052298814355191 0.26520268686840837 0.22097931566515078 0.46570839807042735 0.34890365439959597 1.83868509578373 0.23637679345142351 0.17079476091449794 1.9810261925759773 0.31774527464915747 0.15484867465966048 0.29816818931961325 0.22719547138716709
decision_type=2 2 2 2 2 2 2 2 2 2 2 2 2 2
left_child=12 2 -2 6 -4 -6 -3 -5 11 10 -10 -8 -1 -14
right_child=1 3 4 7 5 -7 8 -9 9 -11 -12 -13 13 -15
leaf_value=4.4248863901285124e-06 0.006260209247361908 0.0040504067669487592 -0.0062578084555593542 -0.010750604420935048 0.0061991573987742318 -0.0044231974334538182 -0.0019200267295864896 -0.0021232908981642542 -0.0040433732194759316 -0.0090081068359247531 0.0019417178323265464 0.0031224967504876857 -0.0038408090436347544 0.0044375815375342319
leaf_weight=16400.395030110376 108.72108439356089 102.19293451309204 72.953634850680828 56.006304167211056 70.77784725278616 46.493183173239231 164.28826024383307 62.467968828976154 111.80720426142216 56.730658739805222 85.272753104567528 120.72009985893965 54.295430280268192 214.51660374552011
leaf_count=262071 835 777 683 500 746 572 1518 626 930 534 737 1066 506 1935
internal_value=-1.63139e-06 -0.000795513 0.00154128 -0.00172735 -0.00141622 0.0019638 -0.000624925 -0.00695151 -0.00159734 -0.00358686 -0.00149956 0.00026515 4.9447e-05 0.00265087
internal_weight=17727.6 1058.43 298.946 759.486 190.225 117.271 641.012 118.474 538.819 253.811 197.08 285.008 16669.2 268.812
internal_count=274036 9524 2836 6688 2001 1318 5562 1126 4785 2201 1667 2584 264512 2441
is_linear=0
shrinkage=0.03


Tree=228
num_leaves=15
num_cat=0
split_feature=11 11 10 11 4 10 3 11 4 11 3 7 11 5
split_gain=0.792009 3.25351 3.69554 1.73295 1.8797 3.65243 2.27058 1.47009 3.19407 1.31364 2.41188 1.95225 1.8464 1.74452
threshold=-4.0754590133786008 -4.1737567642749651 0.30854390169055218 -3.9812129897888835 0.70294117647058829 0.24142560701894236 0.021700070390207951 -3.9359096621349452 0.93095238095238109 -4.4276580975486395 0.021700070390207951 0.0056085051542415455 -4.3724395080059386 13.500000000000002
decision_type=2 2 2 2 2 2 2 2 2 2 2 2 2 2
left_child=1 9 -3 4 -2 6 -6 8 -5 -1 11 -11 -12 -14
right_child=3 2 -4 7 5 -7 -8 -9 -10 10 12 -13 13 -15
leaf_value=-0.0015661690712916914 0.0094942172849112813 -0.0099460914245060889 0.0037084631870380517 -0.0087387240578907632 -0.0020727774280319008 -0.0069898063895794992 0.0094368407400677416 2.2384110499414727e-05 0.0055544574164611404 0.0017828826369923481 0.0055011386192344034 0.013712959383642254 -0.0064824407274630272 0.001130619434244729
leaf_weight=198.90836511319503 20.817512628622353 51.034149761544541 15.494029548019169 30.38146471651271 17.99851698987186 20.478904971852899 24.219709848985076 17189.138131373096 8.4792151208966953 38.375737819820642 18.460501756053418 8.1764567606151086 37.246077008545399 48.529485221020877
leaf_count=26133 665 3757 377 1482 1294 635 1481 227754 527 3632 1165 321 1920 2893
internal_value=-2.0176e-06 -0.00127199 -0.00666881 2.95915e-05 0.00399717 0.000691414 0.005273 6.89773e-06 -0.00494167 -1.32158e-05 0.00199168 0.00670944 -0.000694283 -0.00264801
internal_weight=17727.7 416.225 66.5282 17311.5 83.5146 62.6971 42.2182 17228 38.8607 349.697 150.788 46.5522 104.236 85.7756
internal_count=274036 40198 4134 233838 4075 3410 2775 229763 2009 36064 9931 3953 5978 4813
is_linear=0
shrinkage=0.03


Tree=229
num_leaves=15
num_cat=0
split_feature=7 7 6 4 5 7 8 8 4 6 8 11 8 8
split_gain=0.783473 4.42855 3.96484 4.03244 3.45796 2.53549 5.333 5.06192 3.30769 3.12253 4.62501 4.25072 4.06025 5.95932
threshold=0.26353257994069657 0.23310950594357985 1.2946333325561217 0.18465909090909094 17.500000000000004 0.1583463465006564 0.45751879896779929 0.43562585255549074 0.18465909090909094 1.5789255615152133 0.23449248023271535 -0.40546510810816433 0.26480591205103771 0.28255164837512453
decision_type=2 2 2 2 2 2 2 2 2 2 2 2 2 2
left_child=1 2 3 -1 -2 8 7 9 -4 10 -7 -11 -12 -14
right_child=4 -3 5 -5 -6 6 -8 -9 -10 11 12 -13 13 -15
leaf_value=-0.0047719732587090599 -0.00092528605093118927 0.0027225418304747014 -0.0021961910440296286 0.0028701505278766917 0.0048636678129690405 0.0023744755588992095 0.0061508005402347455 -0.0077086526645225922 -7.2798894144584132e-08 0.0070798854020240635 -0.0042059397117794484 -0.0010474089466974189 0.0059715590964682609 -0.0010138714421866115
leaf_weight=270.15948810428381 1643.6603379547596 529.7892447039485 634.35019847005606 68.548164777457714 83.55788466334343 613.269456602633 153.0929114818573 49.439769297838211 12483.028587878449 137.27619682997465 236.94064955413342 87.902946747839451 118.01001986861229 618.40175368636847
leaf_count=2336 14562 4320 6059 481 746 5567 1013 355 228809 1110 2033 803 981 4861
internal_value=-1.60205e-06 6.41239e-05 -2.94634e-05 -0.00316922 -0.000605769 4.38857e-05 0.00103075 0.0005638 -0.000108663 0.000850979 0.000364788 0.00403997 -0.000918253 0.000202405
internal_weight=17727.4 16000.2 15470.4 338.708 1727.22 15131.7 2014.33 1861.24 13117.4 1811.8 1586.62 225.179 973.352 736.412
internal_count=274036 258728 254408 2817 15308 251591 16723 15710 234868 15355 13442 1913 7875 5842
is_linear=0
shrinkage=0.03


Tree=230
num_leaves=15
num_cat=0
split_feature=3 6 11 9 4 4 10 10 9 9 9 6 3 4
split_gain=0.78122 1.63598 3.60377 1.77367 1.36613 1.0271 3.20434 2.65704 3.23246 4.58052 5.30625 3.4967 2.55395 2.55335
threshold=0.019407291091431734 5.3281188283429985 -4.4832857056822357 2.4462945366407971 0.97222222222222232 0.74166666666666681 0.43194275929263715 0.36486195457532639 1.5291899590487417 1.7052298814355191 1.7669551885720913 3.2600159261750652 0.04406032201926819 0.69615384615384623
decision_type=2 2 2 2 2 2 2 2 2 2 2 2 2 2
left_child=1 3 4 -1 -3 13 7 8 -7 -10 -11 -12 -13 -2
right_child=5 2 -4 -5 -6 6 -8 -9 9 10 11 12 -14 -15
leaf_value=-0.0069491979059434208 1.6089427680718446e-06 0.0029919082195115341 0.0094078823557334715 0.0031009144019150136 -0.0069516746526127049 0.0059224938401672778 0.010141299901014356 -0.0060759211140280905 -0.0038775550703891697 0.007435719566460876 0.0060248218042510812 0.00024001448830358434 -0.0080914419840433065 -0.0024768000765779297
leaf_weight=54.139915286563337 15627.108221910894 8.5915529697667825 15.343134832102804 11.036369901150463 21.305610624374822 87.02315455977805 16.981318168342113 38.05475709727034 181.8317842038814 92.01517690741457 78.727161046117544 1107.5896422110964 19.120668340008706 368.29153885669075
leaf_count=3780 182847 1537 1763 527 4832 2282 602 1240 6824 3694 1056 53734 417 8901
internal_value=-1.32331e-06 -0.00236067 0.00172083 -0.00498564 -0.00404928 1.54601e-05 0.000731361 0.000538746 0.000755566 0.000395206 0.00103149 0.000457247 -5.82252e-06 -5.77231e-05
internal_weight=17727.2 110.417 45.2403 65.1763 29.8972 17616.7 1621.34 1604.36 1566.31 1479.28 1297.45 1205.44 1126.71 15995.4
internal_count=274036 12439 8132 4307 6369 261597 69849 69247 68007 65725 58901 55207 54151 191748
is_linear=0
shrinkage=0.03


Tree=231
num_leaves=15
num_cat=0
split_feature=3 6 3 9 6 7 3 5 7 8 11 11 9 9
split_gain=0.779458 0.818467 2.84125 5.08172 3.1751 2.67765 2.4029 2.37094 2.84346 3.06029 3.70603 4.22133 3.70415 7.79655
threshold=0.37680592811401564 2.6844345112494912 0.059590362223856476 1.9916262844249777 2.6137328127880433 0.052062870122883138 0.047433798983812843 7.5000000000000009 0.1070556628253632 0.19901073751732082 -0.90809052119026457 -1.1302608166928625 2.0582777734826836 2.2001832529860863
decision_type=2 2 2 2 2 2 2 2 2 2 2 2 2 2
left_child=1 2 3 4 -1 -3 -7 -4 9 -9 11 -11 -13 -14
right_child=-2 5 7 -5 -6 6 -8 8 -10 10 -12 12 13 -15
leaf_value=0.0070641267967487091 -0.0035566418047935674 -0.00013659314711869078 0.0032009759134850398 0.00055776081723131097 -0.00030924598419448729 -0.0076635481740323129 -0.0011654040637205016 -0.006394258316142259 0.00021434964811246267 -0.00049859539193581389 0.0036425729608238499 -0.0079988459876570179 0.0030467112647529623 -0.0077308088149930137
leaf_weight=183.35517694056034 40.316031455993652 6292.61613395717 186.2180997505784 1223.708366099745 69.850289009511471 64.008673377335072 165.38852696120739 75.520959205925465 7076.2994105070829 1863.4719961211085 146.24192233383656 120.40060005337 130.32996741682291 89.238222680985928
leaf_count=1869 372 167412 1214 14742 761 935 1893 899 61433 17439 1566 1133 1347 1021
internal_value=-1.02805e-06 1.00838e-05 0.000165997 0.00138471 0.00512654 -0.000256583 -0.00333765 -2.16517e-05 -8.97572e-05 -0.000972948 -0.000759247 -0.00107405 -0.00407392 -0.00154781
internal_weight=17727 17686.6 11164.6 1476.91 253.205 6522.01 229.397 9687.72 9501.5 2425.2 2349.68 2203.44 339.969 219.568
internal_count=274036 273664 103424 17372 2630 170240 2828 86052 84838 23405 22506 20940 3501 2368
is_linear=0
shrinkage=0.03


Tree=232
num_leaves=15
num_cat=0
split_feature=11 3 4 4 9 9 9 3 10 4 7 3 9 11
split_gain=0.749667 2.61301 1.99557 3.70705 2.35941 1.86774 1.58208 4.22881 1.91554 1.73091 5.32559 3.44603 3.0538 3.04631
threshold=-2.5791816380419927 0.075950246365727836 0.83974358974358987 0.77350427350427364 2.314311775978211 1.2869005265451376 1.642850023690644 0.071918507705998475 0.31670439277212503 0.13809523809523813 0.41314440273845981 0.33627821447247958 1.3772626059130288 -1.7223412468009467
decision_type=2 2 2 2 2 2 2 2 2 2 2 2 2 2
left_child=1 5 3 6 -5 -1 7 8 -2 10 -9 -12 -11 -14
right_child=2 -3 -4 4 -6 -7 -8 9 -10 12 11 -13 13 -15
leaf_value=0.0042591428628532407 0.0075069803159301812 -0.0066274406734122011 -0.0042513904938838122 0.0068564700263178515 -0.0020935849853292872 -0.00041707964331866949 -3.7165332606833413e-05 0.0075487180007486488 0.00031555375764249539 0.003281360572501532 0.0029646161648518949 -0.0050276970578098231 -0.0034480622017744201 0.00031349267172594344
leaf_weight=63.937242458574474 105.01740892976522 44.941149199381471 79.733281094580889 100.00226397067308 26.784669792279601 3015.8099210949149 12922.960783028975 98.061569727957249 48.038661807775497 178.88423182815313 89.292757973074913 76.371949464082718 267.61795257776976 609.4579246789217
leaf_count=1185 978 389 1566 1571 701 115428 141772 716 422 1226 970 826 2135 4151
internal_value=-1.47064e-06 -0.000422061 8.88711e-05 0.000117063 0.00494425 -0.000299826 6.94461e-05 0.000995878 0.00547948 0.000420136 0.00252315 -0.000831388 -0.000133074 -0.000872932
internal_weight=17726.9 3124.69 14602.2 14522.5 126.787 3079.75 14395.7 1472.74 153.056 1319.69 263.726 165.665 1055.96 877.076
internal_count=274036 117002 157034 155468 2272 116613 153196 11424 1400 10024 2512 1796 7512 6286
is_linear=0
shrinkage=0.03


Tree=233
num_leaves=15
num_cat=0
split_feature=7 7 6 5 5 9 8 3 3 8 8 10 9 3
split_gain=0.764143 4.12689 3.77536 3.27638 3.2344 2.67468 4.11582 4.57752 4.70968 3.92584 3.86277 3.62495 3.09806 2.66976
threshold=0.26353257994069657 0.23310950594357985 1.2946333325561217 17.500000000000004 10.500000000000002 1.7669551885720913 0.5268858976673908 0.18840296405700782 0.30380098546291129 0.34286957099281451 0.4850205704729757 0.26868935724717152 1.7052298814355191 0.31763161865277817
decision_type=2 2 2 2 2 2 2 2 2 2 2 2 2 2
left_child=1 2 4 5 -1 6 7 -2 -9 -10 11 12 -11 -3
right_child=3 13 -4 -5 -6 -7 -8 8 9 10 -12 -13 -14 -15
leaf_value=0.0023246015127587 -0.0033911701009879192 0.0034151604948096485 4.4801547958594976e-05 0.0047170611015997935 -0.0045331287932047779 -0.0018172271000862718 -0.0048122431527326155 0.0091950288278885017 0.0072258787090105714 0.0042636586692418972 0.0062447595603369408 -0.0066698468185310304 -0.0042322679502415726 -0.0026437252685049747
leaf_weight=69.002209410071373 109.19055596739054 466.48426635563374 15130.726786235813 83.877244807779789 268.97612322121859 1043.7973871678114 88.482826918363571 77.600450113415718 65.257184140384197 81.889340922236443 47.881356567144394 79.145788766443729 49.712666451931 64.451554723083973
leaf_count=487 766 3782 251591 746 2330 9254 1061 659 464 663 483 763 449 538
internal_value=-1.16251e-06 6.3743e-05 -2.6704e-05 -0.000597902 -0.00309376 -0.000909466 0.000677705 0.0017391 0.00320624 0.00142789 -0.000350976 -0.00216488 0.000949658 0.00262723
internal_weight=17726.5 15999.6 15468.7 1726.83 337.978 1642.96 599.16 510.677 401.487 323.886 258.629 210.748 131.602 530.936
internal_count=274036 258728 254408 15308 2817 14562 5308 4247 3481 2822 2358 1875 1112 4320
is_linear=0
shrinkage=0.03


Tree=234
num_leaves=15
num_cat=0
split_feature=3 6 3 9 4 6 4 4 9 4 9 3 4 7
split_gain=0.762313 0.787556 3.66651 3.75672 3.13282 3.11313 4.71507 2.78829 3.14728 2.27476 7.43658 2.04465 4.5232 2.01297
threshold=0.37680592811401564 2.411429443309669 0.059590362223856476 2.3575769664228465 0.34313725490196084 2.3369748506914587 0.34313725490196084 0.21825396825396828 1.2869005265451376 0.44949494949494956 1.6696024277412966 0.081097188180674448 0.44097222222222227 0.093230582942726764
decision_type=2 2 2 2 2 2 2 2 2 2 2 2 2 2
left_child=1 2 3 5 -5 6 -1 -3 -9 -4 -11 -10 -13 -12
right_child=-2 7 9 4 -6 -7 -8 8 11 10 13 12 -14 -15
leaf_value=0.0043814285546690647 -0.0035192507976868404 -0.0068840032574193312 0.00012898040639047992 -0.0065294054585383846 0.0035186330575158295 0.0068388192339912017 -0.002322199579803235 0.0045156150254536545 -0.00016960815319264696 0.0035211248266158509 -0.0089150373157507023 -0.00786648381144699 0.0023762819629060063 -0.0024571759082431008
leaf_weight=224.0841825529933 40.251963540911674 40.93737555295229 8731.8650885745883 57.537504784762859 33.309291914105415 150.79512391984463 143.84949500858784 112.44393106782809 7757.6137951407582 107.85972526669502 87.982252217829227 77.48468816280365 57.336383827030659 102.93677766621113
leaf_count=2350 372 380 77104 752 437 1638 1574 1550 184287 743 859 644 431 915
internal_value=-9.14351e-07 1.00685e-05 0.000192823 0.0024158 -0.00286871 0.00339591 0.00177224 -0.000208853 -0.000161904 3.90129e-05 -0.00247078 -0.000236984 -0.00370867 -0.00586581
internal_weight=17726.3 17686 9640.22 609.576 90.8468 518.729 367.934 8045.82 8004.88 9030.64 298.779 7892.43 134.821 190.919
internal_count=274036 273664 86372 6751 1189 5562 3924 187292 186912 79621 2517 185362 1075 1774
is_linear=0
shrinkage=0.03


Tree=235
num_leaves=15
num_cat=0
split_feature=11 4 7 7 9 9 11 9 4 9 9 9 7 12
split_gain=0.741556 1.40591 2.15984 1.29261 1.4873 1.25235 1.08332 1.12818 0.936695 2.65221 5.60854 4.37517 2.84262 2.73148
threshold=-4.6033974546458625 0.93541666666666679 0.0046158498685396959 0.0035458638588441982 1.9428236118074744 1.7271110081475349 -4.8020008729355483 1.5710959258255943 0.74166666666666681 1.5291899590487417 1.7052298814355191 1.7669551885720913 0.029256241771544338 2.1383330595080281
decision_type=2 2 2 2 2 2 2 2 2 2 2 2 2 2
left_child=1 2 3 4 -1 -5 7 -3 -2 -10 -11 -12 13 -13
right_child=8 6 -4 5 -6 -7 -8 -9 9 10 11 12 -14 -15
leaf_value=-0.0036733171666443304 -5.3528273667752888e-05 0.0046863352382959609 -0.0067099904023391714 0.010543016753269437 0.0060231707947508177 -0.0011631425812446555 -0.0088395717550441531 -0.0034657943578798797 0.0047556135866706753 -0.0046514681520512186 0.0070939927823397871 -0.006684531528599204 0.0052297485100615227 0.0003854421654797002
leaf_weight=26.944539963733405 15985.594183612149 7.4197907550260416 10.503308842889963 12.9906009035185 6.6195278358645728 7.8070975751616052 20.18881337530911 35.674169868696481 118.44488718640059 164.31321164919063 83.307905657216907 36.412170310970396 90.302914168685675 1119.7374824103899
leaf_count=4349 190981 977 644 1089 1231 830 2982 8018 2133 4117 2361 792 1240 52292
internal_value=-1.24847e-06 -0.00215177 0.000921467 0.00352817 -0.000491258 0.00750265 -0.00487481 -0.00121458 1.62306e-05 0.0007019 0.00033646 0.000997808 0.000510853 8.00149e-05
internal_weight=17726.3 128.148 64.8651 54.3618 33.5641 20.7977 63.2828 43.094 17598.1 1612.52 1494.07 1329.76 1246.45 1156.15
internal_count=274036 20120 8143 7499 5580 1919 11977 8995 253916 62935 60802 56685 54324 53084
is_linear=0
shrinkage=0.03


Tree=236
num_leaves=15
num_cat=0
split_feature=11 11 12 8 12 8 4 8 6 11 10 10 11 6
split_gain=0.74646 2.96603 2.91945 2.43374 2.40898 3.35694 3.58753 3.83361 3.24587 3.02109 4.13303 2.5878 2.05994 3.39574
threshold=-3.5076391834373966 -3.3895860005876952 2.249904835165133 0.5268858976673908 2.0126758453675748 0.31774527464915747 0.82843137254901966 0.27173962588923756 5.1460398887267935 -3.7149852916478832 0.16470689983068956 0.13495601071841071 -3.233966637592411 3.6724951675895521
decision_type=2 2 2 2 2 2 2 2 2 2 2 2 2 2
left_child=4 2 3 -2 -1 6 7 -6 9 -8 11 -11 13 -3
right_child=1 12 -4 -5 5 -7 8 -9 -10 10 -12 -13 -14 -15
leaf_value=-0.0054879660189536793 -0.0036718981666056922 0.0052199263243486735 0.006545347031596779 0.0055431056000919895 0.00067464204432488256 0.00082911776832976698 0.0062189520690710117 -0.012114944453534632 -0.0043983116834241821 -0.004846052146042063 -0.010857433981032638 0.0074629874714343273 4.7667375976830625e-05 -0.0037557721291473405
leaf_weight=74.335449525620788 60.353953821584582 31.067122653126717 108.73086277022958 24.342577502131462 29.56035416550003 681.03935658116825 65.304998803883791 47.486435587750748 101.16883440199308 12.217721227556465 15.785894493572412 24.654657997190952 16208.69966061227 241.502720230259
leaf_count=1549 1472 350 4290 333 2237 37828 4345 3490 14032 875 747 1346 193485 7657
internal_value=-1.13762e-06 4.80351e-05 0.00360437 -0.000587904 -0.000770589 -0.000334205 -0.0029202 -0.00789769 -0.000776254 0.00247588 -0.00251576 0.00316245 3.05781e-06 -0.00251382
internal_weight=17726.3 16674.7 193.427 84.6965 1051.55 977.218 296.179 77.0468 219.132 117.963 52.6583 36.8724 16481.3 272.57
internal_count=274036 207587 6095 1805 66449 64900 27072 5727 21345 7313 2968 2221 201492 8007
is_linear=0
shrinkage=0.03


Tree=237
num_leaves=15
num_cat=0
split_feature=9 11 0 5 8 7 6 10 11 11 6 8 8 8
split_gain=0.732412 1.73185 3.30987 2.17913 1.74853 3.60776 3.86706 2.4179 1.57495 4.41349 2.9235 2.8662 2.40364 2.51229
threshold=2.1423111339028202 -0.30673026742247539 2.5000000000000004 15.500000000000002 0.24879898967076058 0.23310950594357985 1.2946333325561217 0.15597578303162216 -1.7223412468009467 -1.7899832684258707 2.5376494037109896 0.29491495152228825 0.22115126323983977 0.25551264004907398
decision_type=2 2 2 2 2 2 2 2 2 2 2 2 2 2
left_child=8 2 3 -2 5 6 -3 -6 9 -1 -10 -11 -12 -14
right_child=1 4 -4 -5 7 -7 -8 -9 10 11 12 -13 13 -15
leaf_value=-8.1950633089228908e-05 0.00024838755685978092 -0.004978984045624215 -0.00038036754963705841 -0.0059814322763720373 -0.0036663156496084259 0.0065195922852921678 0.0014014680421291382 0.0028495211448357491 0.00026581595236293979 0.0016034198654636918 -0.0032577297741651396 -0.0058521605140151225 0.0076661199991588762 0.0018900975790755951
leaf_weight=5144.5033208583482 71.626349709928036 82.804183416068554 3678.9107824154198 147.65249724686146 144.00972387194633 92.117353320121765 672.90187604725361 62.574719026684761 7041.977519877255 53.512320470064878 37.29920856654644 181.75574862957001 93.16821676492691 221.46818836033344
leaf_count=122738 690 778 72169 1562 1326 823 6390 567 60230 716 499 1824 1152 2572
internal_value=-1.44522e-06 -0.000310589 -0.000602174 -0.00406088 0.000760738 0.00136235 0.000619052 -0.00163337 0.000118639 -0.000271451 0.000402442 -0.00416191 0.00301361 0.00387147
internal_weight=17726.3 4952.6 3898.19 219.279 1054.41 847.823 755.706 206.584 12773.7 5379.77 7393.91 235.268 351.936 314.636
internal_count=274036 84305 74421 2252 9884 7991 7168 1893 189731 125278 64453 2540 4223 3724
is_linear=0
shrinkage=0.03


Tree=238
num_leaves=15
num_cat=0
split_feature=3 11 11 12 3 8 12 10 10 8 4 8 6 6
split_gain=0.732835 0.734406 2.79914 2.73768 3.17586 2.33313 2.29737 3.23095 3.6117 3.28774 3.45154 3.71673 3.07015 2.93438
threshold=0.37680592811401564 -3.5076391834373966 -3.3895860005876952 2.249904835165133 0.02079352616939114 0.5268858976673908 2.0126758453675748 0.27224449296239461 0.25578459032525896 0.31774527464915747 0.82843137254901966 0.27173962588923756 5.1460398887267935 4.9708543639281633
decision_type=2 2 2 2 2 2 2 2 2 2 2 2 2 2
left_child=1 6 3 5 -5 -3 -1 8 9 10 11 -8 13 -12
right_child=-2 2 -4 4 -6 -7 7 -9 -10 -11 12 -13 -14 -15
leaf_value=-0.005371011550708597 -0.0034541225416633912 -0.003591659843367265 1.4291887287503886e-05 -0.0046907034093879533 0.0080149139836563476 0.005426383339993319 0.00066493297428350708 0.0024432282445684197 -0.0072590118185946401 0.001337272428042875 -0.0011468866402141586 -0.011944757126650192 -0.0042947465042314529 0.0077085899940241348
leaf_weight=73.973722617141902 40.155666835606098 60.148221263661981 16440.939718963578 10.82788097579032 98.557488929480314 24.452229507267475 29.574059745529667 260.90625977516174 68.148918643360958 352.46182650350966 78.048064910806715 46.926962941186503 100.71000047074631 40.241385964676738
leaf_count=1549 372 1472 201120 606 3684 333 2237 11818 3722 22288 4312 3490 14032 3001
internal_value=-1.46552e-06 9.29412e-06 5.81603e-05 0.00350827 0.00634321 -0.000560479 -0.000754087 -0.000328595 -0.00136788 -0.000598065 -0.00285955 -0.00776017 -0.000759948 0.00239417
internal_weight=17726.1 17685.9 16634.9 193.986 109.385 84.6005 1050.99 977.017 716.111 647.962 295.5 76.501 218.999 118.289
internal_count=274036 273664 207215 6095 4290 1805 66449 64900 53082 49360 27072 5727 21345 7313
is_linear=0
shrinkage=0.03


Tree=239
num_leaves=15
num_cat=0
split_feature=7 7 6 4 5 9 8 4 8 8 8 6 9 4
split_gain=0.719792 3.76517 3.50879 3.62003 3.09766 2.54957 3.91802 4.40239 3.05819 3.26837 2.45932 2.2751 4.79416 3.48323
threshold=0.26353257994069657 0.23310950594357985 1.2946333325561217 0.18465909090909094 17.500000000000004 1.7669551885720913 0.5268858976673908 0.069047619047619066 0.32922835780806908 0.4850205704729757 0.34286957099281451 1.6193392260821904 1.5511502758327356 0.18465909090909094
decision_type=2 2 2 2 2 2 2 2 2 2 2 2 2 2
left_child=1 2 3 -1 5 6 7 -2 -9 -10 -7 12 -4 -13
right_child=4 -3 11 -5 -6 10 -8 8 9 -11 -12 13 -14 -15
leaf_value=-0.0045171199376854085 0.0084278544138606075 0.0025062666956194167 0.0068725740815284023 0.00271947882380668 0.0045783633720942801 -0.00062515199500416934 -0.0047032632693149593 0.0055121931689008632 -0.0017863538062853478 0.0054803692635375933 -0.0036249879498750455 -0.0022527246658067082 0.00061107855698634716 9.3507333524134554e-06
leaf_weight=268.15283624082804 60.077241815626621 532.41504316031933 102.05867430567741 68.8021145388484 84.18045698851347 656.39305730909109 88.131071425974369 75.563815973699093 323.69841574132442 51.817177943885326 386.16647838056087 629.29592697322369 1929.5983298569918 12469.913928919006
leaf_count=2336 544 4320 631 481 746 5696 1061 531 2665 507 3558 6032 16201 228727
internal_value=-1.85288e-06 6.11261e-05 -2.53842e-05 -0.00298657 -0.000581164 -0.000884756 0.00066425 0.00169739 0.000558602 -0.000611633 -0.00177195 4.3452e-05 0.000973684 -0.000101773
internal_weight=17726.3 16000.2 15467.8 336.955 1726.03 1641.85 599.288 511.157 451.079 375.516 1042.56 15130.9 2031.66 13099.2
internal_count=274036 258728 254408 2817 15308 14562 5308 4247 3703 3172 9254 251591 16832 234759
is_linear=0
shrinkage=0.03


end of trees

feature_importances:
odds_entropy=583
odds_log_win=533
odds_win_share=503
odds_relative_to_favorite=355
odds_favorite_share=344
market_share=318
market_rank_fraction=317
odds_concentration=249
market_field_size=72
odds_log_rank=55
market_rank=26
market_logrank=4
market_inv_rank=1

parameters:
[boosting: gbdt]
[objective: binary]
[metric: binary_logloss]
[tree_learner: serial]
[device_type: cpu]
[data_sample_strategy: bagging]
[data: ]
[valid: ]
[num_iterations: 240]
[learning_rate: 0.03]
[num_leaves: 15]
[num_threads: 2]
[seed: 20260925]
[deterministic: 0]
[force_col_wise: 0]
[force_row_wise: 0]
[histogram_pool_size: -1]
[max_depth: -1]
[min_data_in_leaf: 400]
[min_sum_hessian_in_leaf: 0.001]
[bagging_fraction: 1]
[pos_bagging_fraction: 1]
[neg_bagging_fraction: 1]
[bagging_freq: 0]
[bagging_seed: 8810]
[bagging_by_query: 0]
[feature_fraction: 0.85]
[feature_fraction_bynode: 1]
[feature_fraction_seed: 17836]
[extra_trees: 0]
[extra_seed: 27358]
[early_stopping_round: 0]
[early_stopping_min_delta: 0]
[first_metric_only: 0]
[max_delta_step: 0]
[lambda_l1: 0]
[lambda_l2: 15]
[linear_lambda: 0]
[min_gain_to_split: 0]
[drop_rate: 0.1]
[max_drop: 50]
[skip_drop: 0.5]
[xgboost_dart_mode: 0]
[uniform_drop: 0]
[drop_seed: 13805]
[top_rate: 0.2]
[other_rate: 0.1]
[min_data_per_group: 100]
[max_cat_threshold: 32]
[cat_l2: 10]
[cat_smooth: 10]
[max_cat_to_onehot: 4]
[top_k: 20]
[monotone_constraints: ]
[monotone_constraints_method: basic]
[monotone_penalty: 0]
[feature_contri: ]
[forcedsplits_filename: ]
[refit_decay_rate: 0.9]
[cegb_tradeoff: 1]
[cegb_penalty_split: 0]
[cegb_penalty_feature_lazy: ]
[cegb_penalty_feature_coupled: ]
[path_smooth: 0]
[interaction_constraints: ]
[verbosity: -1]
[saved_feature_importance_type: 0]
[use_quantized_grad: 0]
[num_grad_quant_bins: 4]
[quant_train_renew_leaf: 0]
[stochastic_rounding: 1]
[linear_tree: 0]
[max_bin: 127]
[max_bin_by_feature: ]
[min_data_in_bin: 3]
[bin_construct_sample_cnt: 200000]
[data_random_seed: 5102]
[is_enable_sparse: 1]
[enable_bundle: 1]
[use_missing: 1]
[zero_as_missing: 0]
[feature_pre_filter: 1]
[pre_partition: 0]
[two_round: 0]
[header: 0]
[label_column: ]
[weight_column: ]
[group_column: ]
[ignore_column: ]
[categorical_feature: ]
[forcedbins_filename: ]
[precise_float_parser: 0]
[parser_config_file: ]
[objective_seed: 25095]
[num_class: 1]
[is_unbalance: 0]
[scale_pos_weight: 1]
[sigmoid: 1]
[boost_from_average: 1]
[reg_sqrt: 0]
[alpha: 0.9]
[fair_c: 1]
[poisson_max_delta_step: 0.7]
[tweedie_variance_power: 1.5]
[lambdarank_truncation_level: 30]
[lambdarank_norm: 1]
[label_gain: ]
[lambdarank_position_bias_regularization: 0]
[eval_at: ]
[multi_error_top_k: 1]
[auc_mu_weights: ]
[num_machines: 1]
[local_listen_port: 12400]
[time_out: 120]
[machine_list_filename: ]
[machines: ]
[gpu_platform_id: -1]
[gpu_device_id: -1]
[gpu_device_id_list: ]
[gpu_use_dp: 0]
[num_gpu: 1]

end of parameters

pandas_categorical:[]
